                                       1                                        2                                        3                                        4                                        5                                        6                                        7                                        8                                        9                                       10                                       11                                       12                                       13                                       14                                       15                                       16                                       17                                       18                                       19                                       20                                       21                                       22                                       23                                       24                                       25                                       26                                       27                                       28                                       29                                       30                                       31                                       32                                       33                                       34                                       35                                       36                                       37                                       38                                       39                                       40                                       41                                       42                                       43                                       44                                       45                                       46                                       47                                       48                                       49 
                            model_number                                num_zones                             initial_mass                                initial_z                                 star_age                                time_step                                     Teff                            photosphere_L                            photosphere_r                               center_eta                                center_h1                               center_he3                               center_he4                               center_c12                               center_n14                               center_o16                              center_ne20                                star_mass                                star_mdot                             star_mass_h1                            star_mass_he3                            star_mass_he4                            star_mass_c12                            star_mass_n14                            star_mass_o16                           star_mass_ne20                             he_core_mass                             co_core_mass                             fe_core_mass                   neutron_rich_core_mass                             dynamic_time                             kh_timescale                            nuc_timescale                           power_nuc_burn                             power_h_burn                            power_he_burn                                power_neu                                burn_min1                                burn_min2                             time_seconds                           version_number                                 compiler                                    build                         MESA_SDK_version                             math_backend                                     date                                     msun                                     rsun                                     lsun 
                                     150                                      732                  1.0000000000000000E+000                  2.0000000000000000E-002                  1.4225946501651168E+007                  9.2428426926254784E+005                  4.5605716018168614E+003                  4.5939985052304000E-001                  1.0857004764141873E+000                 -2.2504569496350544E+000                  6.9999401818875695E-001                  3.5779060541757579E-005                  2.7997020264216449E-001                  3.4468827096314635E-003                  1.0103435005377277E-003                  9.3805276452367334E-003                  2.0850244238750358E-003                  1.0000000000000000E+000                  0.0000000000000000E+000                  6.9999938749065949E-001                  3.0410135137704146E-005                  2.7997020237161824E-001                  3.4468833452783948E-003                  1.0103427590243607E-003                  9.3805276451513781E-003                  2.0850244238750358E-003                  0.0000000000000000E+000                  0.0000000000000000E+000                  0.0000000000000000E+000                  0.0000000000000000E+000                  1.1321972585913003E+004                  4.7215003941016376E+007                  2.1767529938494125E+010                  5.5394637072327824E-003                  5.5394637072327859E-003                  0.0000000000000000E+000                  2.2214937015278827E-004                  5.0000000000000000E+001                  1.0000000000000000E+003                  4.4893672932050688E+014                               "r25.12.1"                               "gfortran"                                 "13.3.0"                  "aarch64-macos-25.12.1"                                 "CRMATH"                               "20260306"                  1.9884098706980504E+033                  6.9570000000000000E+010                  3.8280000000000003E+033 

                                       1                                        2                                        3                                        4                                        5                                        6                                        7                                        8                                        9                                       10                                       11                                       12 
                                    zone                                     mass                                     logR                                     logT                                   logRho                                     logP                        x_mass_fraction_H                       y_mass_fraction_He                   z_mass_fraction_metals                                       pp                                      cno                                tri_alpha 
                                       1                  1.0000000000000000E+000                  3.5710028399849665E-002                  3.6592658233880622E+000                 -6.6088525293321023E+000                  4.8525603039759746E+000                  7.0000000000000007E-001                  2.8000000000000003E-001                  1.9999999999999907E-002                  3.6123497369601477E-026                  0.0000000000000000E+000                  0.0000000000000000E+000 
                                       2                  9.9999999999899991E-001                  3.5709380455417036E-002                  3.6598221410112570E+000                 -6.6050144793647485E+000                  4.8569643796848689E+000                  7.0000000000000007E-001                  2.8000000000000003E-001                  1.9999999999999907E-002                  3.6444304824857057E-026                  0.0000000000000000E+000                  0.0000000000000000E+000 
                                       3                  9.9999999999775002E-001                  3.5708577647025931E-002                  3.6604452404593761E+000                 -6.6008070855621108E+000                  4.8618060167759589E+000                  7.0000000000000007E-001                  2.8000000000000003E-001                  1.9999999999999907E-002                  3.6799259478891983E-026                  0.0000000000000000E+000                  0.0000000000000000E+000 
                                       4                  9.9999999999650002E-001                  3.5707782574209070E-002                  3.6613868646581702E+000                 -6.5946031814310579E+000                  4.8689687996980338E+000                  7.0000000000000007E-001                  2.8000000000000003E-001                  1.9999999999999907E-002                  3.7328967048370140E-026                  0.0000000000000000E+000                  0.0000000000000000E+000 
                                       5                  9.9999999999400002E-001                  3.5706214969564776E-002                  3.6632982295095342E+000                 -6.5825701702889594E+000                  4.8829496127058585E+000                  7.0000000000000007E-001                  2.8000000000000003E-001                  1.9999999999999907E-002                  3.8378221218323657E-026                  0.0000000000000000E+000                  0.0000000000000000E+000 
                                       6                  9.9999999998900002E-001                  3.5703165386608726E-002                  3.6678816707839386E+000                 -6.5562738174574369E+000                  4.9139217832335387E+000                  7.0000000000000007E-001                  2.8000000000000003E-001                  1.9999999999999907E-002                  4.0775029239015969E-026                  0.0000000000000000E+000                  0.0000000000000000E+000 
                                       7                  9.9999999997650002E-001                  3.5695989105438544E-002                  3.6731359125339993E+000                 -6.5307365604136436E+000                  4.9448265521517598E+000                  7.0000000000000007E-001                  2.8000000000000003E-001                  1.9999999999999907E-002                  4.3245869069837301E-026                  0.0000000000000000E+000                  0.0000000000000000E+000 
                                       8                  9.9999999997025002E-001                  3.5692605746821392E-002                  3.6767293925473674E+000                 -6.5149611771731664E+000                  4.9642724409208174E+000                  7.0000000000000007E-001                  2.8000000000000003E-001                  1.9999999999999907E-002                  4.4846472907154087E-026                  0.0000000000000000E+000                  0.0000000000000000E+000 
                                       9                  9.9999999996400013E-001                  3.5689343005680420E-002                  3.6804155920280088E+000                 -6.5001125276415488E+000                  4.9828853598518226E+000                  7.0000000000000007E-001                  2.8000000000000003E-001                  1.9999999999999907E-002                  4.6407147326058018E-026                  0.0000000000000000E+000                  0.0000000000000000E+000 
                                      10                  9.9999999995775002E-001                  3.5686189863218226E-002                  3.6841883375611939E+000                 -6.4861150298565793E+000                  5.0007337527185367E+000                  7.0000000000000007E-001                  2.8000000000000003E-001                  1.9999999999999907E-002                  4.7928073377053943E-026                  0.0000000000000000E+000                  0.0000000000000000E+000 
                                      11                  9.9999999995150002E-001                  3.5683136662154835E-002                  3.6880400494593273E+000                 -6.4728997366945524E+000                  5.0178779594063174E+000                  7.0000000000000007E-001                  2.8000000000000003E-001                  1.9999999999999907E-002                  4.9409738245846910E-026                  0.0000000000000000E+000                  0.0000000000000000E+000 
                                      12                  9.9999999994525002E-001                  3.5680174907127930E-002                  3.6919615488077384E+000                 -6.4604031099374701E+000                  5.0343714468349097E+000                  7.0000000000000007E-001                  2.8000000000000003E-001                  1.9999999999999907E-002                  5.0852952637833060E-026                  0.0000000000000000E+000                  0.0000000000000000E+000 
                                      13                  9.9999999993899991E-001                  3.5677297102762781E-002                  3.6959419645150438E+000                 -6.4485659791730994E+000                  5.0502618146941307E+000                  7.0000000000000007E-001                  2.8000000000000003E-001                  1.9999999999999907E-002                  5.2258870967468899E-026                  0.0000000000000000E+000                  0.0000000000000000E+000 
                                      14                  9.9999999993275002E-001                  3.5674496621616078E-002                  3.6999687400680310E+000                 -6.4373327276545602E+000                  5.0655916236877143E+000                  7.0000000000000007E-001                  2.8000000000000003E-001                  1.9999999999999907E-002                  5.3629004331199838E-026                  0.0000000000000000E+000                  0.0000000000000000E+000 
                                      15                  9.9999999992650002E-001                  3.5671767595471492E-002                  3.7040280132151371E+000                 -6.4266509400302505E+000                  5.0803990825956804E+000                  7.0000000000000007E-001                  2.8000000000000003E-001                  1.9999999999999907E-002                  5.4965191022724511E-026                  0.0000000000000000E+000                  0.0000000000000000E+000 
                                      16                  9.9999999992025002E-001                  3.5669104823380607E-002                  3.7081061598340055E+000                 -6.4164722281479216E+000                  5.0947186220846428E+000                  7.0000000000000007E-001                  2.8000000000000003E-001                  1.9999999999999907E-002                  5.6269421683505590E-026                  0.0000000000000000E+000                  0.0000000000000000E+000 
                                      17                  9.9999999991399990E-001                  3.5666503686660855E-002                  3.7142190070300312E+000                 -6.4020398672586998E+000                  5.1153502717628303E+000                  7.0000000000000007E-001                  2.8000000000000003E-001                  1.9999999999999907E-002                  5.8171925303291098E-026                  0.0000000000000000E+000                  0.0000000000000000E+000 
                                      18                  9.9999999990150001E-001                  3.5661471320128237E-002                  3.7223652488750645E+000                 -6.3842199503263792E+000                  5.1414189084093254E+000                  7.0000000000000007E-001                  2.8000000000000003E-001                  1.9999999999999907E-002                  6.0609988636326220E-026                  0.0000000000000000E+000                  0.0000000000000000E+000 
                                      19                  9.9999999988900001E-001                  3.5656641097565521E-002                  3.7289458664351862E+000                 -6.3707870724560456E+000                  5.1615056642538493E+000                  7.0000000000000007E-001                  2.7999999999999997E-001                  2.0000000000000018E-002                  6.2515168337238144E-026                  0.0000000000000000E+000                  0.0000000000000000E+000 
                                      20                  9.9999999988118748E-001                  3.5653714076030997E-002                  3.7339724809291859E+000                 -6.3610211634813556E+000                  5.1763489721493201E+000                  7.0000000000000007E-001                  2.7999999999999997E-001                  2.0000000000000018E-002                  6.3937764355178468E-026                  0.0000000000000000E+000                  0.0000000000000000E+000 
                                      21                  9.9999999987337496E-001                  3.5650852082208064E-002                  3.7389787526192722E+000                 -6.3517209936781862E+000                  5.1907020592308886E+000                  6.9999999542238278E-001                  2.8000000457761737E-001                  1.9999999999999796E-002                  6.5322607916047693E-026                  0.0000000000000000E+000                  0.0000000000000000E+000 
                                      22                  9.9999999986556243E-001                  3.5648050669997808E-002                  3.7439766734537478E+000                 -6.3428678449849025E+000                  5.2045962774751064E+000                  6.9999999507395272E-001                  2.8000000492604737E-001                  1.9999999999999907E-002                  6.6668754583468827E-026                  0.0000000000000000E+000                  0.0000000000000000E+000 
                                      23                  9.9999999985774990E-001                  3.5645305734215087E-002                  3.7514744092874359E+000                 -6.3303824368108250E+000                  5.2246386009459984E+000                  6.9999999442220762E-001                  2.8000000557779253E-001                  1.9999999999999796E-002                  6.8614492721479804E-026                  0.0000000000000000E+000                  0.0000000000000000E+000 
                                      24                  9.9999999984212495E-001                  3.5639971293478317E-002                  3.7617191724582772E+000                 -6.3153378512888523E+000                  5.2500005617678420E+000                  6.9999999442220762E-001                  2.8000000557779253E-001                  1.9999999999999796E-002                  7.1034669833747129E-026                  0.0000000000000000E+000                  0.0000000000000000E+000 
                                      25                  9.9999999982650001E-001                  3.5634818294688342E-002                  3.7723394949806659E+000                 -6.3020629756940023E+000                  5.2739639048579665E+000                  6.9999999442220762E-001                  2.8000000557779253E-001                  1.9999999999999796E-002                  7.3240979034745803E-026                  0.0000000000000000E+000                  0.0000000000000000E+000 
                                      26                  9.9999999981087506E-001                  3.5629820247047327E-002                  3.7805818452729829E+000                 -6.2932115343878410E+000                  5.2911075071671156E+000                  6.9999999442220762E-001                  2.8000000557779253E-001                  1.9999999999999796E-002                  7.4750067911253278E-026                  0.0000000000000000E+000                  0.0000000000000000E+000 
                                      27                  9.9999999980306253E-001                  3.5627371577812032E-002                  3.7861072081151552E+000                 -6.2877049551905788E+000                  5.3021720380212125E+000                  6.9999999442220762E-001                  2.8000000557779253E-001                  1.9999999999999796E-002                  7.5704542617487427E-026                  0.0000000000000000E+000                  0.0000000000000000E+000 
                                      28                  9.9999999979525001E-001                  3.5624953719514962E-002                  3.7944060929792021E+000                 -6.2799668500935111E+000                  5.3182579480230503E+000                  6.9999999442220762E-001                  2.8000000557779253E-001                  1.9999999999999796E-002                  7.7066454936304288E-026                  0.0000000000000000E+000                  0.0000000000000000E+000 
                                      29                  9.9999999977962506E-001                  3.5620203283330015E-002                  3.8026839260512491E+000                 -6.2727829303283604E+000                  5.3337699348660141E+000                  6.9999999442220762E-001                  2.8000000557779253E-001                  1.9999999999999796E-002                  7.8352759892780394E-026                  0.0000000000000000E+000                  0.0000000000000000E+000 
                                      30                  9.9999999977181253E-001                  3.5617866974756898E-002                  3.8081178295115303E+000                 -6.2682093460197104E+000                  5.3438119740402357E+000                  6.9999999442220762E-001                  2.8000000557779253E-001                  1.9999999999999796E-002                  7.9182842081082106E-026                  0.0000000000000000E+000                  0.0000000000000000E+000 
                                      31                  9.9999999976400000E-001                  3.5615555103790858E-002                  3.8134625480113651E+000                 -6.2637746015454789E+000                  5.3536272593570500E+000                  6.9999999442220762E-001                  2.8000000557779253E-001                  1.9999999999999796E-002                  7.9996125241929512E-026                  0.0000000000000000E+000                  0.0000000000000000E+000 
                                      32                  9.9999999975618747E-001                  3.5613266683725830E-002                  3.8186985102904432E+000                 -6.2594493869973835E+000                  5.3632258079720954E+000                  6.9999999442220762E-001                  2.8000000557779253E-001                  1.9999999999999796E-002                  8.0797370262221481E-026                  0.0000000000000000E+000                  0.0000000000000000E+000 
                                      33                  9.9999999974837495E-001                  3.5611000905685600E-002                  3.8238123340969992E+000                 -6.2552112025212550E+000                  5.3726169875602263E+000                  6.9999999442220762E-001                  2.8000000557779253E-001                  1.9999999999999796E-002                  8.1590279930212101E-026                  0.0000000000000000E+000                  0.0000000000000000E+000 
                                      34                  9.9999999974056231E-001                  3.5608757096385966E-002                  3.8287959686391644E+000                 -6.2510435012906074E+000                  5.3818095712698275E+000                  6.9999999442220762E-001                  2.8000000557779253E-001                  1.9999999999999796E-002                  8.2377593614073056E-026                  0.0000000000000000E+000                  0.0000000000000000E+000 
                                      35                  9.9999999973274989E-001                  3.5606534682502432E-002                  3.8360497629688739E+000                 -6.2449296453927339E+000                  5.3952438727904752E+000                  6.9999999442220762E-001                  2.8000000557779253E-001                  1.9999999999999796E-002                  8.3546324794544533E-026                  0.0000000000000000E+000                  0.0000000000000000E+000 
                                      36                  9.9999999971712494E-001                  3.5602151889202446E-002                  3.8452064740163827E+000                 -6.2368939614629246E+000                  5.4125339840202278E+000                  6.9999999442220762E-001                  2.8000000557779253E-001                  1.9999999999999796E-002                  8.5107700065670248E-026                  0.0000000000000000E+000                  0.0000000000000000E+000 
                                      37                  9.9999999970150000E-001                  3.5597849315354299E-002                  3.8538331226773432E+000                 -6.2290013708951415E+000                  5.4291626632059122E+000                  6.9999999442220762E-001                  2.8000000557779253E-001                  1.9999999999999796E-002                  8.6669684164892514E-026                  0.0000000000000000E+000                  0.0000000000000000E+000 
                                      38                  9.9999999968587505E-001                  3.5593624103064790E-002                  3.8619515961878572E+000                 -6.2212257887007105E+000                  5.4451786695268813E+000                  6.9999999442220762E-001                  2.8000000557779253E-001                  1.9999999999999796E-002                  8.8236552349526352E-026                  0.0000000000000000E+000                  0.0000000000000000E+000 
                                      39                  9.9999999967025011E-001                  3.5589473745485309E-002                  3.8695877019915561E+000                 -6.2135497493179646E+000                  5.4606255612326304E+000                  6.9999999442220762E-001                  2.8000000557779253E-001                  1.9999999999999796E-002                  8.9811154936672883E-026                  0.0000000000000000E+000                  0.0000000000000000E+000 
                                      40                  9.9999999965462527E-001                  3.5585395984014133E-002                  3.8767688700273091E+000                 -6.2059617225623365E+000                  5.4755424099991146E+000                  6.9999999442220762E-001                  2.8000000557779253E-001                  1.9999999999999796E-002                  9.1395329559901892E-026                  0.0000000000000000E+000                  0.0000000000000000E+000 
                                      41                  9.9999999963900021E-001                  3.5581388738797709E-002                  3.8868600656820598E+000                 -6.1948437197678992E+000                  5.4969996812244153E+000                  6.9999999442220762E-001                  2.8000000557779253E-001                  1.9999999999999796E-002                  9.3767090421722191E-026                  0.0000000000000000E+000                  0.0000000000000000E+000 
                                      42                  9.9999999960775021E-001                  3.5573576497639182E-002                  3.8958685990120934E+000                 -6.1836717378267920E+000                  5.5174479721371767E+000                  6.9999999442220762E-001                  2.8000000557779253E-001                  1.9999999999999796E-002                  9.6212390575590713E-026                  0.0000000000000000E+000                  0.0000000000000000E+000 
                                      43                  9.9999999959212527E-001                  3.5569769425621983E-002                  3.9015110193561133E+000                 -6.1763915148057160E+000                  5.5305645981252276E+000                  6.9999999442220762E-001                  2.8000000557779253E-001                  1.9999999999999796E-002                  9.7840098514582033E-026                  0.0000000000000000E+000                  0.0000000000000000E+000 
                                      44                  9.9999999957650032E-001                  3.5566025543243451E-002                  3.9068359772043499E+000                 -6.1691875533429315E+000                  5.5432970927916161E+000                  6.9999999442220762E-001                  2.8000000557779253E-001                  1.9999999999999796E-002                  9.9477871138118915E-026                  0.0000000000000000E+000                  0.0000000000000000E+000 
                                      45                  9.9999999956087549E-001                  3.5562343156707969E-002                  3.9118675936103839E+000                 -6.1620613369320996E+000                  5.5556673218940196E+000                  6.9999999442220762E-001                  2.8000000557779253E-001                  1.9999999999999796E-002                  1.0112495092102885E-025                  0.0000000000000000E+000                  0.0000000000000000E+000 
                                      46                  9.9999999954525043E-001                  3.5558720608990638E-002                  3.9189888172805070E+000                 -6.1516007309051473E+000                  5.5735866850338320E+000                  6.9999999442220762E-001                  2.8000000557779253E-001                  1.9999999999999796E-002                  1.0359225092122328E-025                  0.0000000000000000E+000                  0.0000000000000000E+000 
                                      47                  9.9999999951400043E-001                  3.5551647675933828E-002                  3.9275467192562368E+000                 -6.1378270688860548E+000                  5.5963854578042120E+000                  6.9999999442220762E-001                  2.8000000557779253E-001                  1.9999999999999796E-002                  1.0693307755409283E-025                  0.0000000000000000E+000                  0.0000000000000000E+000 
                                      48                  9.9999999948275042E-001                  3.5544795211757962E-002                  3.9352827166273276E+000                 -6.1243878633431237E+000                  5.6180481774673234E+000                  6.9999999442220762E-001                  2.8000000557779253E-001                  1.9999999999999796E-002                  1.1029664580222011E-025                  0.0000000000000000E+000                  0.0000000000000000E+000 
                                      49                  9.9999999945150053E-001                  3.5538151239462065E-002                  3.9423142344973643E+000                 -6.1112870892362130E+000                  5.6386827316715094E+000                  6.9999999442220762E-001                  2.8000000557779253E-001                  1.9999999999999796E-002                  1.1367736534140724E-025                  0.0000000000000000E+000                  0.0000000000000000E+000 
                                      50                  9.9999999942025042E-001                  3.5531704402681351E-002                  3.9487392809366559E+000                 -6.0985248417233562E+000                  5.6583823321529314E+000                  6.9999999442220762E-001                  2.8000000557779253E-001                  1.9999999999999796E-002                  1.1707038401880803E-025                  0.0000000000000000E+000                  0.0000000000000000E+000 
                                      51                  9.9999999938900042E-001                  3.5525443982419413E-002                  3.9546395821182756E+000                 -6.0860981288461389E+000                  5.6772280616337323E+000                  6.9999999442220762E-001                  2.8000000557779253E-001                  1.9999999999999796E-002                  1.2047152833052662E-025                  0.0000000000000000E+000                  0.0000000000000000E+000 
                                      52                  9.9999999935775041E-001                  3.5519359897149272E-002                  3.9600834094689668E+000                 -6.0740010729650686E+000                  5.6952908911054401E+000                  6.9999999442220762E-001                  2.8000000557779253E-001                  1.9999999999999796E-002                  1.2387737764249775E-025                  0.0000000000000000E+000                  0.0000000000000000E+000 
                                      53                  9.9999999932650041E-001                  3.5513442697288872E-002                  3.9638723073045457E+000                 -6.0651069052674211E+000                  5.7083621844810661E+000                  6.9999999442220762E-001                  2.8000000557779253E-001                  1.9999999999999796E-002                  1.2644277079781141E-025                  0.0000000000000000E+000                  0.0000000000000000E+000 
                                      54                  9.9999999931087558E-001                  3.5510543983752224E-002                  3.9663040445632642E+000                 -6.0592988251553539E+000                  5.7168630331714096E+000                  6.9999999442220762E-001                  2.8000000557779253E-001                  1.9999999999999796E-002                  1.2814664563993299E-025                  0.0000000000000000E+000                  0.0000000000000000E+000 
                                      55                  9.9999999929525052E-001                  3.5507683721481782E-002                  3.9698194438445049E+000                 -6.0507610067900677E+000                  5.7293105542200271E+000                  6.9999999442220762E-001                  2.8000000557779253E-001                  1.9999999999999796E-002                  1.3069311399653615E-025                  0.0000000000000000E+000                  0.0000000000000000E+000 
                                      56                  9.9999999926400052E-001                  3.5502074394732401E-002                  3.9763779658063871E+000                 -6.0342352131078192E+000                  5.7531850642563152E+000                  6.9999999442220762E-001                  2.8000000557779253E-001                  1.9999999999999796E-002                  1.3576677761773605E-025                  0.0000000000000000E+000                  0.0000000000000000E+000 
                                      57                  9.9999999920150040E-001                  3.5491274001817001E-002                  3.9821824798810113E+000                 -6.0181613367451163E+000                  5.7758174208851694E+000                  6.9999999442220762E-001                  2.8000000557779253E-001                  1.9999999999999796E-002                  1.4089067850762744E-025                  0.0000000000000000E+000                  0.0000000000000000E+000 
                                      58                  9.9999999917025051E-001                  3.5486069733367542E-002                  3.9858226471379901E+000                 -6.0078459856400919E+000                  5.7902765677307082E+000                  6.9999999442220762E-001                  2.8000000557779253E-001                  1.9999999999999796E-002                  1.4428038801991285E-025                  0.0000000000000000E+000                  0.0000000000000000E+000 
                                      59                  9.9999999913900051E-001                  3.5480987439548722E-002                  3.9909745193505399E+000                 -5.9929274787152007E+000                  5.8111018310493154E+000                  6.9999999442220762E-001                  2.8000000557779253E-001                  1.9999999999999796E-002                  1.4932757949650465E-025                  0.0000000000000000E+000                  0.0000000000000000E+000 
                                      60                  9.9999999907650050E-001                  3.5471165582384986E-002                  3.9971707842408262E+000                 -5.9737899461591173E+000                  5.8374033232548417E+000                  6.9999999442220762E-001                  2.8000000557779253E-001                  1.9999999999999796E-002                  1.5606163522497051E-025                  0.0000000000000000E+000                  0.0000000000000000E+000 
                                      61                  9.9999999901400038E-001                  3.5461766511760563E-002                  4.0013970396527654E+000                 -5.9599813126658159E+000                  5.8561357899946662E+000                  6.9999999442220762E-001                  2.8000000557779253E-001                  1.9999999999999796E-002                  1.6110850141428788E-025                  0.0000000000000000E+000                  0.0000000000000000E+000 
                                      62                  9.9999999898275060E-001                  3.5457213830861790E-002                  4.0040850959906020E+000                 -5.9510769105055532E+000                  5.8681902615702191E+000                  6.9999999442220762E-001                  2.8000000557779253E-001                  1.9999999999999796E-002                  1.6444920971229993E-025                  0.0000000000000000E+000                  0.0000000000000000E+000 
                                      63                  9.9999999895150049E-001                  3.5452753404962352E-002                  4.0079392731779420E+000                 -5.9381414856163417E+000                  5.8856676281095215E+000                  6.9999999442220762E-001                  2.8000000557779253E-001                  1.9999999999999796E-002                  1.6942611466952901E-025                  0.0000000000000000E+000                  0.0000000000000000E+000 
                                      64                  9.9999999888900049E-001                  3.5444093949569412E-002                  4.0132665459474417E+000                 -5.9194970972669170E+000                  5.9106336699490498E+000                  6.9999999442220762E-001                  2.8000000557779253E-001                  1.9999999999999796E-002                  1.7686586283904795E-025                  0.0000000000000000E+000                  0.0000000000000000E+000 
                                      65                  9.9999999881087553E-001                  3.5433723806489230E-002                  4.0173107932154544E+000                 -5.9045634287538693E+000                  5.9303973312015019E+000                  6.9999999442220762E-001                  2.8000000557779253E-001                  1.9999999999999796E-002                  1.8305998572044233E-025                  0.0000000000000000E+000                  0.0000000000000000E+000 
                                      66                  9.9999999877181300E-001                  3.5428713732327109E-002                  4.0198848167754493E+000                 -5.8949613442706230E+000                  5.9430910682825777E+000                  6.9999999442220762E-001                  2.8000000557779253E-001                  1.9999999999999796E-002                  1.8715686872356490E-025                  0.0000000000000000E+000                  0.0000000000000000E+000 
                                      67                  9.9999999873275047E-001                  3.5423813045657296E-002                  4.0235780155726415E+000                 -5.8810495311374700E+000                  5.9614628252135091E+000                  6.9999999442220762E-001                  2.8000000557779253E-001                  1.9999999999999796E-002                  1.9325585116486969E-025                  0.0000000000000000E+000                  0.0000000000000000E+000 
                                      68                  9.9999999865462563E-001                  3.5414320193677663E-002                  4.0269920247815643E+000                 -5.8675617587062785E+000                  5.9790903602491277E+000                  6.9999999442220762E-001                  2.8000000557779253E-001                  1.9999999999999796E-002                  1.9935873204482351E-025                  0.0000000000000000E+000                  0.0000000000000000E+000 
                                      69                  9.9999999861556310E-001                  3.5409718686723858E-002                  4.0291792179014632E+000                 -5.8588598247916046E+000                  5.9904571799550412E+000                  6.9999999442220762E-001                  2.8000000557779253E-001                  1.9999999999999796E-002                  2.0339810001000047E-025                  0.0000000000000000E+000                  0.0000000000000000E+000 
                                      70                  9.9999999857650057E-001                  3.5405208320393969E-002                  4.0323365406350264E+000                 -5.8462125329737438E+000                  6.0069690091115318E+000                  6.9999999442220762E-001                  2.8000000557779253E-001                  1.9999999999999796E-002                  2.0941531844882810E-025                  0.0000000000000000E+000                  0.0000000000000000E+000 
                                      71                  9.9999999849837551E-001                  3.5396446094823876E-002                  4.0362638255413454E+000                 -5.8299571947181832E+000                  6.0280530829695964E+000                  6.9999999442220762E-001                  2.8000000557779253E-001                  1.9999999999999796E-002                  2.1741145419545358E-025                  0.0000000000000000E+000                  0.0000000000000000E+000 
                                      72                  9.9999999842025056E-001                  3.5388005269840928E-002                  4.0390232224762910E+000                 -5.8181955135202159E+000                  6.0432216244027330E+000                  6.9999999442220762E-001                  2.8000000557779253E-001                  1.9999999999999796E-002                  2.2338695228357798E-025                  0.0000000000000000E+000                  0.0000000000000000E+000 
                                      73                  9.9999999838118803E-001                  3.5383897443816328E-002                  4.0408036065622461E+000                 -5.8105758967220211E+000                  6.0530477983433082E+000                  6.9999999442220762E-001                  2.8000000557779253E-001                  1.9999999999999796E-002                  2.2734551660767201E-025                  0.0000000000000000E+000                  0.0000000000000000E+000 
                                      74                  9.9999999834212550E-001                  3.5379860946749123E-002                  4.0433908009237065E+000                 -5.7994590811022411E+000                  6.0673828995448895E+000                  6.9999999442220762E-001                  2.8000000557779253E-001                  1.9999999999999796E-002                  2.3324720230751850E-025                  0.0000000000000000E+000                  0.0000000000000000E+000 
                                      75                  9.9999999826400054E-001                  3.5371991654399283E-002                  4.0466463115443547E+000                 -5.7851151609597533E+000                  6.0857900706552508E+000                  6.9999999442220762E-001                  2.8000000557779253E-001                  1.9999999999999796E-002                  2.4108916221826089E-025                  0.0000000000000000E+000                  0.0000000000000000E+000 
                                      76                  9.9999999818587570E-001                  3.5364377617362074E-002                  4.0497252074888435E+000                 -5.7713144484305676E+000                  6.1034499035403273E+000                  6.9999999442220762E-001                  2.8000000557779253E-001                  1.9999999999999796E-002                  2.4888305989821788E-025                  0.0000000000000000E+000                  0.0000000000000000E+000 
                                      77                  9.9999999810775064E-001                  3.5357001348166724E-002                  4.0526453176893744E+000                 -5.7580181017937422E+000                  6.1204207323605475E+000                  6.9999999442220762E-001                  2.8000000557779253E-001                  1.9999999999999796E-002                  2.5663049159699064E-025                  0.0000000000000000E+000                  0.0000000000000000E+000 
                                      78                  9.9999999802962569E-001                  3.5349847129551547E-002                  4.0554219448062385E+000                 -5.7451912171608734E+000                  6.1367543166955478E+000                  6.9999999442220762E-001                  2.8000000557779253E-001                  1.9999999999999796E-002                  2.6433298866554908E-025                  0.0000000000000000E+000                  0.0000000000000000E+000 
                                      79                  9.9999999795150074E-001                  3.5342900782571719E-002                  4.0580683154316048E+000                 -5.7328023278573816E+000                  6.1524967938919701E+000                  6.9999999442220762E-001                  2.8000000557779253E-001                  1.9999999999999796E-002                  2.7199201451928009E-025                  0.0000000000000000E+000                  0.0000000000000000E+000 
                                      80                  9.9999999787337579E-001                  3.5336149471321784E-002                  4.0605959352633514E+000                 -5.7208229778865043E+000                  6.1676894649793423E+000                  6.9999999442220762E-001                  2.8000000557779253E-001                  1.9999999999999796E-002                  2.7960896413335110E-025                  0.0000000000000000E+000                  0.0000000000000000E+000 
                                      81                  9.9999999779525073E-001                  3.5329581537635213E-002                  4.0630148719677894E+000                 -5.7092273356349192E+000                  6.1823694478817366E+000                  6.9999999442220762E-001                  2.8000000557779253E-001                  1.9999999999999796E-002                  2.8718517959323967E-025                  0.0000000000000000E+000                  0.0000000000000000E+000 
                                      82                  9.9999999771712589E-001                  3.5323186360742560E-002                  4.0664889188214843E+000                 -5.6925469286193620E+000                  6.2035001954500091E+000                  6.9999999442220762E-001                  2.8000000557779253E-001                  1.9999999999999796E-002                  2.9844532766610904E-025                  0.0000000000000000E+000                  0.0000000000000000E+000 
                                      83                  9.9999999756087588E-001                  3.5310877150012361E-002                  4.0697059543198062E+000                 -5.6765215947173431E+000                  6.2236525784440841E+000                  6.9999999442220762E-001                  2.8000000557779253E-001                  1.9999999999999796E-002                  3.0967917129846252E-025                  0.0000000000000000E+000                  0.0000000000000000E+000 
                                      84                  9.9999999748275092E-001                  3.5304945135028562E-002                  4.0717691584294098E+000                 -5.6662450863889413E+000                  6.2365867469356235E+000                  6.9999999442220762E-001                  2.8000000557779253E-001                  1.9999999999999796E-002                  3.1710474838948892E-025                  0.0000000000000000E+000                  0.0000000000000000E+000 
                                      85                  9.9999999740462586E-001                  3.5299151604242490E-002                  4.0737590829666166E+000                 -5.6562532267431544E+000                  6.2491474846925454E+000                  6.9999999442220762E-001                  2.8000000557779253E-001                  1.9999999999999796E-002                  3.2449545004437126E-025                  0.0000000000000000E+000                  0.0000000000000000E+000 
                                      86                  9.9999999732650102E-001                  3.5293489620177282E-002                  4.0766383632667811E+000                 -5.6417979297326477E+000                  6.2673335628735369E+000                  6.9999999442220762E-001                  2.8000000557779253E-001                  1.9999999999999796E-002                  3.3549376685756450E-025                  0.0000000000000000E+000                  0.0000000000000000E+000 
                                      87                  9.9999999717025101E-001                  3.5282535732956859E-002                  4.0802346605532689E+000                 -5.6233448662418333E+000                  6.2904567351275382E+000                  6.9999999442220762E-001                  2.8000000557779253E-001                  1.9999999999999796E-002                  3.5007753640657857E-025                  0.0000000000000000E+000                  0.0000000000000000E+000 
                                      88                  9.9999999701400100E-001                  3.5272036746367863E-002                  4.0827713992234562E+000                 -5.6100753420338476E+000                  6.3070269797337133E+000                  6.9999999442220762E-001                  2.8000000557779253E-001                  1.9999999999999796E-002                  3.6095522693648526E-025                  0.0000000000000000E+000                  0.0000000000000000E+000 
                                      89                  9.9999999693587593E-001                  3.5266944947415342E-002                  4.0852290346637519E+000                 -5.5973258667827350E+000                  6.3229888987628637E+000                  6.9999999442220762E-001                  2.8000000557779253E-001                  1.9999999999999796E-002                  3.7172510278830774E-025                  0.0000000000000000E+000                  0.0000000000000000E+000 
                                      90                  9.9999999677962603E-001                  3.5257055449579806E-002                  4.0883272245900031E+000                 -5.5809708461471859E+000                  6.3433997670185445E+000                  6.9999999442220762E-001                  2.8000000557779253E-001                  1.9999999999999796E-002                  3.8601287863047478E-025                  0.0000000000000000E+000                  0.0000000000000000E+000 
                                      91                  9.9999999662337602E-001                  3.5247530814613556E-002                  4.0905307334257239E+000                 -5.5691558163196211E+000                  6.3581033388714543E+000                  6.9999999442220762E-001                  2.8000000557779253E-001                  1.9999999999999796E-002                  3.9667523705839932E-025                  0.0000000000000000E+000                  0.0000000000000000E+000 
                                      92                  9.9999999654525107E-001                  3.5242896083387654E-002                  4.0926743069463427E+000                 -5.5577542887241238E+000                  6.3723259594887010E+000                  6.9999999442220762E-001                  2.8000000557779253E-001                  1.9999999999999796E-002                  4.0724379683982037E-025                  0.0000000000000000E+000                  0.0000000000000000E+000 
                                      93                  9.9999999638900117E-001                  3.5233866379294848E-002                  4.0953955649575429E+000                 -5.5430711827659120E+000                  6.3905941884218631E+000                  6.9999999442220762E-001                  2.8000000557779253E-001                  1.9999999999999796E-002                  4.2127038318306002E-025                  0.0000000000000000E+000                  0.0000000000000000E+000 
                                      94                  9.9999999623275104E-001                  3.5225136322838940E-002                  4.0979905868162643E+000                 -5.5289654431609980E+000                  6.4081262801264378E+000                  6.9999999442220762E-001                  2.8000000557779253E-001                  1.9999999999999796E-002                  4.3520057721749857E-025                  0.0000000000000000E+000                  0.0000000000000000E+000 
                                      95                  9.9999999607650103E-001                  3.5216684758829109E-002                  4.1004706056937579E+000                 -5.5153936668984258E+000                  6.4249792806370492E+000                  6.9999999442220762E-001                  2.8000000557779253E-001                  1.9999999999999796E-002                  4.4903843802435326E-025                  0.0000000000000000E+000                  0.0000000000000000E+000 
                                      96                  9.9999999592025102E-001                  3.5208492752595452E-002                  4.1028454263294902E+000                 -5.5023171271859388E+000                  6.4412038512019905E+000                  6.9999999442220762E-001                  2.8000000557779253E-001                  1.9999999999999796E-002                  4.6278774692175579E-025                  0.0000000000000000E+000                  0.0000000000000000E+000 
                                      97                  9.9999999576400112E-001                  3.5200543286768166E-002                  4.1051236566929923E+000                 -5.4897010862161153E+000                  6.4568451869458743E+000                  6.9999999442220762E-001                  2.8000000557779253E-001                  1.9999999999999796E-002                  4.7645208017960503E-025                  0.0000000000000000E+000                  0.0000000000000000E+000 
                                      98                  9.9999999560775099E-001                  3.5192821009103113E-002                  4.1073128944875661E+000                 -5.4775143341011079E+000                  6.4719437760257064E+000                  6.9999999442220762E-001                  2.8000000557779253E-001                  1.9999999999999796E-002                  4.9003475198813369E-025                  0.0000000000000000E+000                  0.0000000000000000E+000 
                                      99                  9.9999999545150098E-001                  3.5185312019412045E-002                  4.1094198785236280E+000                 -5.4657287356741495E+000                  6.4865360314023981E+000                  6.9999999442220762E-001                  2.8000000557779253E-001                  1.9999999999999796E-002                  5.0353883159633659E-025                  0.0000000000000000E+000                  0.0000000000000000E+000 
                                     100                  9.9999999529525097E-001                  3.5178003689640268E-002                  4.1114506128619377E+000                 -5.4543188383748609E+000                  6.5006548200471777E+000                  6.9999999442220762E-001                  2.8000000557779253E-001                  1.9999999999999796E-002                  5.1696716964622483E-025                  0.0000000000000000E+000                  0.0000000000000000E+000 
                                     101                  9.9999999513900095E-001                  3.5170884511181270E-002                  4.1143870755446992E+000                 -5.4378944958463977E+000                  6.5210092956121199E+000                  6.9999999442220762E-001                  2.8000000557779253E-001                  1.9999999999999796E-002                  5.3692879861796689E-025                  0.0000000000000000E+000                  0.0000000000000000E+000 
                                     102                  9.9999999482650093E-001                  3.5157173585468819E-002                  4.1180512106120188E+000                 -5.4170619071242543E+000                  6.5467477937807086E+000                  6.9999999442220762E-001                  2.8000000557779253E-001                  1.9999999999999796E-002                  5.6336175893414322E-025                  0.0000000000000000E+000                  0.0000000000000000E+000 
                                     103                  9.9999999451400090E-001                  3.5144103622401134E-002                  4.1206339323571353E+000                 -5.4021691075136635E+000                  6.5650997664730015E+000                  6.9999999442220762E-001                  2.8000000557779253E-001                  1.9999999999999796E-002                  5.8305287322287963E-025                  0.0000000000000000E+000                  0.0000000000000000E+000 
                                     104                  9.9999999435775078E-001                  3.5137788516429076E-002                  4.1223031022768684E+000                 -5.3925929514819595E+000                  6.5769179462308278E+000                  6.9999999442220762E-001                  2.8000000557779253E-001                  1.9999999999999796E-002                  5.9607678166427974E-025                  0.0000000000000000E+000                  0.0000000000000000E+000 
                                     105                  9.9999999420150087E-001                  3.5131610867471665E-002                  4.1247326139679030E+000                 -5.3787187744224898E+000                  6.5940642112788694E+000                  6.9999999442220762E-001                  2.8000000557779253E-001                  1.9999999999999796E-002                  6.1546444825193689E-025                  0.0000000000000000E+000                  0.0000000000000000E+000 
                                     106                  9.9999999388900085E-001                  3.5119643289593119E-002                  4.1277988836897652E+000                 -5.3609889272552742E+000                  6.6159234852597981E+000                  6.9999999442220762E-001                  2.8000000557779253E-001                  1.9999999999999796E-002                  6.4116146157405448E-025                  0.0000000000000000E+000                  0.0000000000000000E+000 
                                     107                  9.9999999357650082E-001                  3.5108153512554204E-002                  4.1307074543177134E+000                 -5.3440982590299768E+000                  6.6367371944055851E+000                  6.9999999442220762E-001                  2.8000000557779253E-001                  1.9999999999999796E-002                  6.6664048571312265E-025                  0.0000000000000000E+000                  0.0000000000000000E+000 
                                     108                  9.9999999326400080E-001                  3.5097101159584226E-002                  4.1341628334585483E+000                 -5.3240817010730108E+000                  6.6614279591358709E+000                  6.9999999442220762E-001                  2.8000000557779253E-001                  1.9999999999999796E-002                  6.9815027043241862E-025                  0.0000000000000000E+000                  0.0000000000000000E+000 
                                     109                  9.9999999279525076E-001                  3.5081267920288352E-002                  4.1380298205501393E+000                 -5.3014226650894036E+000                  6.6893194572969747E+000                  6.9999999442220762E-001                  2.8000000557779253E-001                  1.9999999999999796E-002                  7.3562267638191607E-025                  0.0000000000000000E+000                  0.0000000000000000E+000 
                                     110                  9.9999999232650072E-001                  3.5066237987644543E-002                  4.1410493445352481E+000                 -5.2835582803198333E+000                  6.7112706328968699E+000                  6.9999999442220762E-001                  2.8000000557779253E-001                  1.9999999999999796E-002                  7.6658009387242636E-025                  0.0000000000000000E+000                  0.0000000000000000E+000 
                                     111                  9.9999999201400069E-001                  3.5056621015438175E-002                  4.1433652400771868E+000                 -5.2699033579517351E+000                  6.7280676172995522E+000                  6.9999999442220762E-001                  2.8000000557779253E-001                  1.9999999999999796E-002                  7.9111945133850521E-025                  0.0000000000000000E+000                  0.0000000000000000E+000 
                                     112                  9.9999999170150067E-001                  3.5047301102744753E-002                  4.1455908727373476E+000                 -5.2567528403863957E+000                  6.7442404342861373E+000                  6.9999999442220762E-001                  2.8000000557779253E-001                  1.9999999999999796E-002                  8.1549541760539199E-025                  0.0000000000000000E+000                  0.0000000000000000E+000 
                                     113                  9.9999999138900064E-001                  3.5038258595402674E-002                  4.1477331425030597E+000                 -5.2440709081844901E+000                  6.7598338229929009E+000                  6.9999999442220762E-001                  2.8000000557779253E-001                  1.9999999999999796E-002                  8.3971474901101495E-025                  0.0000000000000000E+000                  0.0000000000000000E+000 
                                     114                  9.9999999107650062E-001                  3.5029475781598471E-002                  4.1508270126466780E+000                 -5.2258992633385448E+000                  6.7822236390867232E+000                  6.9999999442220762E-001                  2.8000000557779253E-001                  1.9999999999999796E-002                  8.7567857827977333E-025                  0.0000000000000000E+000                  0.0000000000000000E+000 
                                     115                  9.9999999045150045E-001                  3.5012628475306735E-002                  4.1546798751563561E+000                 -5.2029784063278743E+000                  6.8103912438188905E+000                  6.9999999442220762E-001                  2.8000000557779253E-001                  1.9999999999999796E-002                  9.2324911634489587E-025                  0.0000000000000000E+000                  0.0000000000000000E+000 
                                     116                  9.9999998982650040E-001                  3.4996645454673743E-002                  4.1573911826881504E+000                 -5.1866757203482550E+000                  6.8303822019146487E+000                  6.9999999442220762E-001                  2.8000000557779253E-001                  1.9999999999999796E-002                  9.5865062325484975E-025                  0.0000000000000000E+000                  0.0000000000000000E+000 
                                     117                  9.9999998951400049E-001                  3.4988947741942437E-002                  4.1591420854783259E+000                 -5.1762295797654421E+000                  6.8432168182339561E+000                  6.9999999442220762E-001                  2.8000000557779253E-001                  1.9999999999999796E-002                  9.8204575217698353E-025                  0.0000000000000000E+000                  0.0000000000000000E+000 
                                     118                  9.9999998920150057E-001                  3.4981432579395302E-002                  4.1614265711732168E+000                 -5.1626634778604759E+000                  6.8599053813256141E+000                  6.9999999442220762E-001                  2.8000000557779253E-001                  1.9999999999999796E-002                  1.0132836282269370E-024                  0.0000000000000000E+000                  0.0000000000000000E+000 
                                     119                  9.9999998867326667E-001                  3.4969119173385479E-002                  4.1644705661603645E+000                 -5.1445148290358498E+000                  6.8822148063053969E+000                  6.9999999442220762E-001                  2.8000000557779253E-001                  1.9999999999999796E-002                  1.0566347650601362E-024                  0.0000000000000000E+000                  0.0000000000000000E+000 
                                     120                  9.9999998802606527E-001                  3.4954648690974977E-002                  4.1681669057746440E+000                 -5.1224941578851180E+000                  6.9092946752985824E+000                  6.9999999442220762E-001                  2.8000000557779253E-001                  1.9999999999999796E-002                  1.1117360657128792E-024                  0.0000000000000000E+000                  0.0000000000000000E+000 
                                     121                  9.9999998716312999E-001                  3.4936306538728319E-002                  4.1711261155115062E+000                 -5.1045898332256918E+000                  6.9312371756504225E+000                  6.9999999442220762E-001                  2.8000000557779253E-001                  1.9999999999999796E-002                  1.1586511448601017E-024                  0.0000000000000000E+000                  0.0000000000000000E+000 
                                     122                  9.9999998673166235E-001                  3.4927505038808329E-002                  4.1730324274873674E+000                 -5.0931621516385190E+000                  6.9452739625268096E+000                  6.9999999442220762E-001                  2.8000000557779253E-001                  1.9999999999999796E-002                  1.1896265959571932E-024                  0.0000000000000000E+000                  0.0000000000000000E+000 
                                     123                  9.9999998630019471E-001                  3.4918931599650982E-002                  4.1757987904131548E+000                 -5.0767175945364889E+000                  6.9655150534815489E+000                  6.9999999442220762E-001                  2.8000000557779253E-001                  1.9999999999999796E-002                  1.2356614513622724E-024                  0.0000000000000000E+000                  0.0000000000000000E+000 
                                     124                  9.9999998543725954E-001                  3.4902420418756290E-002                  4.1784068572108284E+000                 -5.0609399300658442E+000                  6.9848575087103697E+000                  6.9999999442220762E-001                  2.8000000557779253E-001                  1.9999999999999796E-002                  1.2815053468129834E-024                  0.0000000000000000E+000                  0.0000000000000000E+000 
                                     125                  9.9999998500579179E-001                  3.4894458693537377E-002                  4.1800940636034234E+000                 -5.0508188214625722E+000                  6.9972907793678427E+000                  6.9999999442220762E-001                  2.8000000557779253E-001                  1.9999999999999796E-002                  1.3118062314230814E-024                  0.0000000000000000E+000                  0.0000000000000000E+000 
                                     126                  9.9999998457432415E-001                  3.4886679945812467E-002                  4.1825521600791031E+000                 -5.0361873525566914E+000                  7.0152989972119357E+000                  6.9999999442220762E-001                  2.8000000557779253E-001                  1.9999999999999796E-002                  1.3568831137632646E-024                  0.0000000000000000E+000                  0.0000000000000000E+000 
                                     127                  9.9999998371138876E-001                  3.4871636669013488E-002                  4.1856602563599434E+000                 -5.0175413413360577E+000                  7.0382072606950876E+000                  6.9999999442220762E-001                  2.8000000557779253E-001                  1.9999999999999796E-002                  1.4165830819901454E-024                  0.0000000000000000E+000                  0.0000000000000000E+000 
                                     128                  9.9999998284845359E-001                  3.4857224125909102E-002                  4.1878771945957114E+000                 -5.0041529923392680E+000                  7.0546309074968931E+000                  6.9999999442220762E-001                  2.8000000557779253E-001                  1.9999999999999796E-002                  1.4610651709562574E-024                  0.0000000000000000E+000                  0.0000000000000000E+000 
                                     129                  9.9999998241698607E-001                  3.4850236102107808E-002                  4.1893181280483507E+000                 -4.9955155362615864E+000                  7.0652454737472041E+000                  6.9999999442220762E-001                  2.8000000557779253E-001                  1.9999999999999796E-002                  1.4905022706899709E-024                  0.0000000000000000E+000                  0.0000000000000000E+000 
                                     130                  9.9999998198551832E-001                  3.4843385359077550E-002                  4.1914267728625143E+000                 -4.9829629562393984E+000                  7.0806971533524612E+000                  6.9999999442220762E-001                  2.8000000557779253E-001                  1.9999999999999796E-002                  1.5343444596214658E-024                  0.0000000000000000E+000                  0.0000000000000000E+000 
                                     131                  9.9999998112258304E-001                  3.4830073296902651E-002                  4.1941139442577127E+000                 -4.9668663155552499E+000                  7.1004820925818652E+000                  6.9999999442220762E-001                  2.8000000557779253E-001                  1.9999999999999796E-002                  1.5924601468387724E-024                  0.0000000000000000E+000                  0.0000000000000000E+000 
                                     132                  9.9999998025964776E-001                  3.4817244441564012E-002                  4.1966857506899231E+000                 -4.9514720371521106E+000                  7.1194070231418163E+000                  6.9999999442220762E-001                  2.8000000557779253E-001                  1.9999999999999796E-002                  1.6501013197605255E-024                  0.0000000000000000E+000                  0.0000000000000000E+000 
                                     133                  9.9999997939671259E-001                  3.4804861282610115E-002                  4.1985367583948179E+000                 -4.9403363586892652E+000                  7.1330799839709487E+000                  6.9999999442220762E-001                  2.8000000557779253E-001                  1.9999999999999796E-002                  1.6930951210882081E-024                  0.0000000000000000E+000                  0.0000000000000000E+000 
                                     134                  9.9999997896524484E-001                  3.4798826058507440E-002                  4.2003480769351045E+000                 -4.9295714510159048E+000                  7.1463363089967649E+000                  6.9999999442220762E-001                  2.8000000557779253E-001                  1.9999999999999796E-002                  1.7357236734570836E-024                  0.0000000000000000E+000                  0.0000000000000000E+000 
                                     135                  9.9999997810230956E-001                  3.4787050399925599E-002                  4.2026717855321118E+000                 -4.9156926863466470E+000                  7.1634063553730618E+000                  6.9999999442220762E-001                  2.8000000557779253E-001                  1.9999999999999796E-002                  1.7922732303014304E-024                  0.0000000000000000E+000                  0.0000000000000000E+000 
                                     136                  9.9999997723937428E-001                  3.4775644193854760E-002                  4.2054672174095300E+000                 -4.8991006713230814E+000                  7.1838437026571569E+000                  6.9999999442220762E-001                  2.8000000557779253E-001                  1.9999999999999796E-002                  1.8623049546184050E-024                  0.0000000000000000E+000                  0.0000000000000000E+000 
                                     137                  9.9999997594497136E-001                  3.4759174623447915E-002                  4.2081195666025923E+000                 -4.8832168954568314E+000                  7.2033652600066524E+000                  6.9999999442220762E-001                  2.8000000557779253E-001                  1.9999999999999796E-002                  1.9319139289721357E-024                  0.0000000000000000E+000                  0.0000000000000000E+000 
                                     138                  9.9999997508203609E-001                  3.4748588235129899E-002                  4.2110069598044522E+000                 -4.8661691472722666E+000                  7.2243882696228736E+000                  6.9999999442220762E-001                  2.8000000557779253E-001                  1.9999999999999796E-002                  2.0095262642163276E-024                  0.0000000000000000E+000                  0.0000000000000000E+000 
                                     139                  9.9999997351089365E-001                  3.4730053726073469E-002                  4.2136470806517874E+000                 -4.8503544015499171E+000                  7.2438203821726788E+000                  6.9999999442220762E-001                  2.8000000557779253E-001                  1.9999999999999796E-002                  2.0843152028812256E-024                  0.0000000000000000E+000                  0.0000000000000000E+000 
                                     140                  9.9999997272532248E-001                  3.4721117018388703E-002                  4.2153564232472114E+000                 -4.8402133363684676E+000                  7.2563093126043219E+000                  6.9999999442220762E-001                  2.8000000557779253E-001                  1.9999999999999796E-002                  2.1337337372708865E-024                  0.0000000000000000E+000                  0.0000000000000000E+000 
                                     141                  9.9999997193975132E-001                  3.4712386038477420E-002                  4.2174343436174997E+000                 -4.8279469903565717E+000                  7.2714329726984550E+000                  6.9999999442220762E-001                  2.8000000557779253E-001                  1.9999999999999796E-002                  2.1950801155438295E-024                  0.0000000000000000E+000                  0.0000000000000000E+000 
                                     142                  9.9999997076139446E-001                  3.4699653350474646E-002                  4.2198320804558911E+000                 -4.8137584845155015E+000                  7.2889144898265528E+000                  6.9999999442220762E-001                  2.8000000557779253E-001                  1.9999999999999796E-002                  2.2682468173629871E-024                  0.0000000000000000E+000                  0.0000000000000000E+000 
                                     143                  9.9999996958303761E-001                  3.4687328854216007E-002                  4.2225239213860348E+000                 -4.7979132693698077E+000                  7.3084603234918308E+000                  6.9999999442220762E-001                  2.8000000557779253E-001                  1.9999999999999796E-002                  2.3528483494842709E-024                  0.0000000000000000E+000                  0.0000000000000000E+000 
                                     144                  9.9999996801189517E-001                  3.4671483390486396E-002                  4.2254563919939390E+000                 -4.7806253712549056E+000                  7.3297746930951480E+000                  6.9999999442220762E-001                  2.8000000557779253E-001                  1.9999999999999796E-002                  2.4487630291204759E-024                  0.0000000000000000E+000                  0.0000000000000000E+000 
                                     145                  9.9999996644075273E-001                  3.4656254661187678E-002                  4.2282572060325059E+000                 -4.7641505702769065E+000                  7.3500945326528191E+000                  6.9999999442220762E-001                  2.8000000557779253E-001                  1.9999999999999796E-002                  2.5438096830237882E-024                  0.0000000000000000E+000                  0.0000000000000000E+000 
                                     146                  9.9999996486961029E-001                  3.4641591294199518E-002                  4.2309381377854169E+000                 -4.7484162714506715E+000                  7.3695085516814043E+000                  6.9999999442220762E-001                  2.8000000557779253E-001                  1.9999999999999796E-002                  2.6380330622053627E-024                  0.0000000000000000E+000                  0.0000000000000000E+000 
                                     147                  9.9999996329846785E-001                  3.4627448259243292E-002                  4.2328680485370835E+000                 -4.7370466218728637E+000                  7.3835217413970060E+000                  6.9999999442220762E-001                  2.8000000557779253E-001                  1.9999999999999796E-002                  2.7082881638553624E-024                  0.0000000000000000E+000                  0.0000000000000000E+000 
                                     148                  9.9999996251289669E-001                  3.4620558968421464E-002                  4.2347566287285332E+000                 -4.7260666120940416E+000                  7.3970977195929057E+000                  6.9999999442220762E-001                  2.8000000557779253E-001                  1.9999999999999796E-002                  2.7779145057716767E-024                  0.0000000000000000E+000                  0.0000000000000000E+000 
                                     149                  9.9999996094175425E-001                  3.4607123432600424E-002                  4.2371799811151680E+000                 -4.7119234041034694E+000                  7.4145652010173091E+000                  6.9999999442220762E-001                  2.8000000557779253E-001                  1.9999999999999796E-002                  2.8702488776599161E-024                  0.0000000000000000E+000                  0.0000000000000000E+000 
                                     150                  9.9999995937061181E-001                  3.4594117202116963E-002                  4.2395142025891914E+000                 -4.6983306554131854E+000                  7.4313591873046985E+000                  6.9999999442220762E-001                  2.8000000557779253E-001                  1.9999999999999796E-002                  2.9618864516014388E-024                  0.0000000000000000E+000                  0.0000000000000000E+000 
                                     151                  9.9999995779946937E-001                  3.4581510626985654E-002                  4.2423269943681765E+000                 -4.6820725529112375E+000                  7.4514799788604957E+000                  6.9999999442220762E-001                  2.8000000557779253E-001                  1.9999999999999796E-002                  3.0753513579692483E-024                  0.0000000000000000E+000                  0.0000000000000000E+000 
                                     152                  9.9999995544275577E-001                  3.4563293641673071E-002                  4.2460674926316582E+000                 -4.6605128278263548E+000                  7.4781737040868057E+000                  6.9999999442220762E-001                  2.8000000557779253E-001                  1.9999999999999796E-002                  3.2325621810103147E-024                  0.0000000000000000E+000                  0.0000000000000000E+000 
                                     153                  9.9999995230047090E-001                  3.4540177384397713E-002                  4.2495789865371787E+000                 -4.6401629703742175E+000                  7.5033264879717718E+000                  6.9999999442220762E-001                  2.8000000557779253E-001                  1.9999999999999796E-002                  3.3883327320201043E-024                  0.0000000000000000E+000                  0.0000000000000000E+000 
                                     154                  9.9999994994375729E-001                  3.4523631559702408E-002                  4.2529475510695676E+000                 -4.6208856214396308E+000                  7.5272223319152562E+000                  6.9999999442220762E-001                  2.8000000557779253E-001                  1.9999999999999796E-002                  3.5428265972029578E-024                  0.0000000000000000E+000                  0.0000000000000000E+000 
                                     155                  9.9999994677369153E-001                  3.4502338930753856E-002                  4.2556876178535941E+000                 -4.6050646045830010E+000                  7.5467830474682724E+000                  6.9999999442220762E-001                  2.8000000557779253E-001                  1.9999999999999796E-002                  3.6748812375053084E-024                  0.0000000000000000E+000                  0.0000000000000000E+000 
                                     156                  9.9999994518865865E-001                  3.4492072355082649E-002                  4.2583477260642724E+000                 -4.5899933527220744E+000                  7.5655023171446780E+000                  6.9999999442220762E-001                  2.8000000557779253E-001                  1.9999999999999796E-002                  3.8052634197652988E-024                  0.0000000000000000E+000                  0.0000000000000000E+000 
                                     157                  9.9999994201859299E-001                  3.4472237478233372E-002                  4.2617159301030485E+000                 -4.5708274196969052E+000                  7.5892729866954145E+000                  6.9999999442220762E-001                  2.8000000557779253E-001                  1.9999999999999796E-002                  3.9777878183028861E-024                  0.0000000000000000E+000                  0.0000000000000000E+000 
                                     158                  9.9999993884852711E-001                  3.4453256359785321E-002                  4.2649205895489910E+000                 -4.5526653512771267E+000                  7.6118136724740779E+000                  6.9999999442220762E-001                  2.8000000557779253E-001                  1.9999999999999796E-002                  4.1485056763868644E-024                  0.0000000000000000E+000                  0.0000000000000000E+000 
                                     159                  9.9999993567846135E-001                  3.4435050318984625E-002                  4.2672153865526745E+000                 -4.5396201345440677E+000                  7.6279858475213995E+000                  6.9999999442220762E-001                  2.8000000557779253E-001                  1.9999999999999796E-002                  4.2756409601069573E-024                  0.0000000000000000E+000                  0.0000000000000000E+000 
                                     160                  9.9999993409342847E-001                  3.4426215841663596E-002                  4.2694548155901222E+000                 -4.5270909195736291E+000                  7.6435786101508008E+000                  6.9999999442220762E-001                  2.8000000557779253E-001                  1.9999999999999796E-002                  4.4014230313754460E-024                  0.0000000000000000E+000                  0.0000000000000000E+000 
                                     161                  9.9999993092336281E-001                  3.4409047804507736E-002                  4.2723154576083351E+000                 -4.5110346796596108E+000                  7.6635376516211497E+000                  6.9999999442220762E-001                  2.8000000557779253E-001                  1.9999999999999796E-002                  4.5680510938405696E-024                  0.0000000000000000E+000                  0.0000000000000000E+000 
                                     162                  9.9999992775329694E-001                  3.4392500967956631E-002                  4.2757486153734252E+000                 -4.4919560214191101E+000                  7.6873062338213556E+000                  6.9999999442220762E-001                  2.8000000557779253E-001                  1.9999999999999796E-002                  4.7742866804987413E-024                  0.0000000000000000E+000                  0.0000000000000000E+000 
                                     163                  9.9999992298418594E-001                  3.4368674150537688E-002                  4.2796504281089183E+000                 -4.4702531277016941E+000                  7.7143243765169744E+000                  6.9999999442220762E-001                  2.8000000557779253E-001                  1.9999999999999796E-002                  5.0202628833528324E-024                  0.0000000000000000E+000                  0.0000000000000000E+000 
                                     164                  9.9999991818705025E-001                  3.4345871902836486E-002                  4.2827364917756929E+000                 -4.4530829042726188E+000                  7.7356878234456188E+000                  6.9999999442220762E-001                  2.8000000557779253E-001                  1.9999999999999796E-002                  5.2238381877125664E-024                  0.0000000000000000E+000                  0.0000000000000000E+000 
                                     165                  9.9999991498895979E-001                  3.4331257795208805E-002                  4.2851178063345792E+000                 -4.4399551880096961E+000                  7.7520549546819009E+000                  6.9999999442220762E-001                  2.8000000557779253E-001                  1.9999999999999796E-002                  5.3850504039111344E-024                  0.0000000000000000E+000                  0.0000000000000000E+000 
                                     166                  9.9999991179086933E-001                  3.4317077418215887E-002                  4.2874194377535924E+000                 -4.4273097633950904E+000                  7.7678296221288923E+000                  6.9999999442220762E-001                  2.8000000557779253E-001                  1.9999999999999796E-002                  5.5450553787247624E-024                  0.0000000000000000E+000                  0.0000000000000000E+000 
                                     167                  9.9999990859277887E-001                  3.4303302650470345E-002                  4.2902019215664025E+000                 -4.4121486871489344E+000                  7.7867771970233353E+000                  6.9999999442220762E-001                  2.8000000557779253E-001                  1.9999999999999796E-002                  5.7431881039951007E-024                  0.0000000000000000E+000                  0.0000000000000000E+000 
                                     168                  9.9999990379564319E-001                  3.4283347037922809E-002                  4.2928599921477293E+000                 -4.3975935690890049E+000                  7.8049358302717060E+000                  6.9999999442220762E-001                  2.8000000557779253E-001                  1.9999999999999796E-002                  5.9400783540617342E-024                  0.0000000000000000E+000                  0.0000000000000000E+000 
                                     169                  9.9999990059755273E-001                  3.4270480315859213E-002                  4.2949291852713785E+000                 -4.3863546236779252E+000                  7.8189825881009485E+000                  6.9999999442220762E-001                  2.8000000557779253E-001                  1.9999999999999796E-002                  6.0967295492173807E-024                  0.0000000000000000E+000                  0.0000000000000000E+000 
                                     170                  9.9999989737819728E-001                  3.4257857815486174E-002                  4.2969521469300025E+000                 -4.3754012373680586E+000                  7.8326795526500774E+000                  6.9999999442220762E-001                  2.8000000557779253E-001                  1.9999999999999796E-002                  6.2533862195700463E-024                  0.0000000000000000E+000                  0.0000000000000000E+000 
                                     171                  9.9999989413757684E-001                  3.4245467317532835E-002                  4.2994166333088311E+000                 -4.3621556029729396E+000                  7.8492700359606697E+000                  6.9999999442220762E-001                  2.8000000557779253E-001                  1.9999999999999796E-002                  6.4482293513679881E-024                  0.0000000000000000E+000                  0.0000000000000000E+000 
                                     172                  9.9999988927664607E-001                  3.4227437969821334E-002                  4.3027283197375432E+000                 -4.3444317796118428E+000                  7.8714844969254667E+000                  6.9999999442220762E-001                  2.8000000557779253E-001                  1.9999999999999796E-002                  6.7185050465428652E-024                  0.0000000000000000E+000                  0.0000000000000000E+000 
                                     173                  9.9999988279540530E-001                  3.4204356864999119E-002                  4.3054276728578085E+000                 -4.3298948189447177E+000                  7.8896647362285224E+000                  6.9999999442220762E-001                  2.8000000557779253E-001                  1.9999999999999796E-002                  6.9486443237071361E-024                  0.0000000000000000E+000                  0.0000000000000000E+000 
                                     174                  9.9999987955478487E-001                  3.4193194891118606E-002                  4.3076185879648463E+000                 -4.3182698055457784E+000                  7.9042558552837505E+000                  6.9999999442220762E-001                  2.8000000557779253E-001                  1.9999999999999796E-002                  7.1383609711965777E-024                  0.0000000000000000E+000                  0.0000000000000000E+000 
                                     175                  9.9999987469385421E-001                  3.4176892607523941E-002                  4.3101560662752503E+000                 -4.3048101271727832E+000                  7.9211442495598696E+000                  6.9999999442220762E-001                  2.8000000557779253E-001                  1.9999999999999796E-002                  7.3645187454940125E-024                  0.0000000000000000E+000                  0.0000000000000000E+000 
                                     176                  9.9999986983292355E-001                  3.4161086063370448E-002                  4.3130145701257447E+000                 -4.2897637873396599E+000                  7.9400542795591100E+000                  6.9999999442220762E-001                  2.8000000557779253E-001                  1.9999999999999796E-002                  7.6258559480833057E-024                  0.0000000000000000E+000                  0.0000000000000000E+000 
                                     177                  9.9999986335168267E-001                  3.4140725791370383E-002                  4.3161421484067217E+000                 -4.2733298353608369E+000                  7.9607070161141475E+000                  6.9999999442220762E-001                  2.8000000557779253E-001                  1.9999999999999796E-002                  7.9219363096690857E-024                  0.0000000000000000E+000                  0.0000000000000000E+000 
                                     178                  9.9999985687044179E-001                  3.4121118862448077E-002                  4.3191413220681367E+000                 -4.2576531279794514E+000                  7.9804255230163683E+000                  6.9999999442220762E-001                  2.8000000557779253E-001                  1.9999999999999796E-002                  8.2151160564184544E-024                  0.0000000000000000E+000                  0.0000000000000000E+000 
                                     179                  9.9999985038920092E-001                  3.4102204546075640E-002                  4.3220356610037864E+000                 -4.2426030839300735E+000                  7.9993726448291236E+000                  6.9999999442220762E-001                  2.8000000557779253E-001                  1.9999999999999796E-002                  8.5068135894670756E-024                  0.0000000000000000E+000                  0.0000000000000000E+000 
                                     180                  9.9999984385042107E-001                  3.4083769883856918E-002                  4.3248451197940945E+000                 -4.2280673525174173E+000                  8.0176877656442773E+000                  6.9999999442220762E-001                  2.8000000557779253E-001                  1.9999999999999796E-002                  8.7984047817544742E-024                  0.0000000000000000E+000                  0.0000000000000000E+000 
                                     181                  9.9999983725410235E-001                  3.4065782872412367E-002                  4.3275637730855872E+000                 -4.2140690679371904E+000                  8.0353399583374596E+000                  6.9999999442220762E-001                  2.8000000557779253E-001                  1.9999999999999796E-002                  9.0886906763957309E-024                  0.0000000000000000E+000                  0.0000000000000000E+000 
                                     182                  9.9999983065778342E-001                  3.4048364248799430E-002                  4.3301870721565594E+000                 -4.2006264903840798E+000                  8.0523052706895477E+000                  6.9999999442220762E-001                  2.8000000557779253E-001                  1.9999999999999796E-002                  9.3764949424255551E-024                  0.0000000000000000E+000                  0.0000000000000000E+000 
                                     183                  9.9999982406146459E-001                  3.4031474518297106E-002                  4.3333533632749086E+000                 -4.1845631291759817E+000                  8.0726234912084252E+000                  6.9999999442220762E-001                  2.8000000557779253E-001                  1.9999999999999796E-002                  9.7324290853529586E-024                  0.0000000000000000E+000                  0.0000000000000000E+000 
                                     184                  9.9999981416698636E-001                  3.4007056378302834E-002                  4.3369738557559225E+000                 -4.1662196050579112E+000                  8.0958185737712736E+000                  6.9999999442220762E-001                  2.8000000557779253E-001                  1.9999999999999796E-002                  1.0155501421512066E-023                  0.0000000000000000E+000                  0.0000000000000000E+000 
                                     185                  9.9999980427250812E-001                  3.3983644255114201E-002                  4.3398561520185348E+000                 -4.1516425148101437E+000                  8.1142481364024679E+000                  6.9999999442220762E-001                  2.8000000557779253E-001                  1.9999999999999796E-002                  1.0504829480651295E-023                  0.0000000000000000E+000                  0.0000000000000000E+000 
                                     186                  9.9999979767618941E-001                  3.3968549356093052E-002                  4.3421082465389897E+000                 -4.1403587221481191E+000                  8.1285441254886823E+000                  6.9999999442220762E-001                  2.8000000557779253E-001                  1.9999999999999796E-002                  1.0783496518978426E-023                  0.0000000000000000E+000                  0.0000000000000000E+000 
                                     187                  9.9999979099152414E-001                  3.3953643070763817E-002                  4.3448812344416750E+000                 -4.1265874522317292E+000                  8.1460262705851267E+000                  6.9999999442220762E-001                  2.8000000557779253E-001                  1.9999999999999796E-002                  1.1133668542216608E-023                  0.0000000000000000E+000                  0.0000000000000000E+000 
                                     188                  9.9999978083200747E-001                  3.3931692447874667E-002                  4.3486225752913903E+000                 -4.1081141154304763E+000                  8.1694999401379231E+000                  6.9999999442220762E-001                  2.8000000557779253E-001                  1.9999999999999796E-002                  1.1621396182351165E-023                  0.0000000000000000E+000                  0.0000000000000000E+000 
                                     189                  9.9999976728598494E-001                  3.3903638934819187E-002                  4.3516685703418840E+000                 -4.0930022944403399E+000                  8.1886621719551744E+000                  6.9999999442220762E-001                  2.8000000557779253E-001                  1.9999999999999796E-002                  1.2036282269073972E-023                  0.0000000000000000E+000                  0.0000000000000000E+000 
                                     190                  9.9999976051297379E-001                  3.3890089916122669E-002                  4.3536459302440651E+000                 -4.0833140278872682E+000                  8.2009843500046760E+000                  6.9999999442220762E-001                  2.8000000557779253E-001                  1.9999999999999796E-002                  1.2310057352139648E-023                  0.0000000000000000E+000                  0.0000000000000000E+000 
                                     191                  9.9999975373996286E-001                  3.3876838576765801E-002                  4.3565364207832573E+000                 -4.0693162355091275E+000                  8.2188380320956718E+000                  6.9999999442220762E-001                  2.8000000557779253E-001                  1.9999999999999796E-002                  1.2716692320147111E-023                  0.0000000000000000E+000                  0.0000000000000000E+000 
                                     192                  9.9999974019394033E-001                  3.3851173039836611E-002                  4.3592992583422685E+000                 -4.0558284093916503E+000                  8.2359906207537623E+000                  6.9999999442220762E-001                  2.8000000557779253E-001                  1.9999999999999796E-002                  1.3121266589771015E-023                  0.0000000000000000E+000                  0.0000000000000000E+000 
                                     193                  9.9999973342092918E-001                  3.3838731054242725E-002                  4.3619943895408877E+000                 -4.0429130315128781E+000                  8.2524932792571697E+000                  6.9999999442220762E-001                  2.8000000557779253E-001                  1.9999999999999796E-002                  1.3520777784631404E-023                  0.0000000000000000E+000                  0.0000000000000000E+000 
                                     194                  9.9999971987490677E-001                  3.3814573152452419E-002                  4.3654378537083227E+000                 -4.0264052580188121E+000                  8.2735690551004009E+000                  6.9999999442220762E-001                  2.8000000557779253E-001                  1.9999999999999796E-002                  1.4049246825890385E-023                  0.0000000000000000E+000                  0.0000000000000000E+000 
                                     195                  9.9999970632888446E-001                  3.3791312463927109E-002                  4.3695630972393342E+000                 -4.0068921779828583E+000                  8.2985573875986987E+000                  6.9999999442220762E-001                  2.8000000557779253E-001                  1.9999999999999796E-002                  1.4700742136263156E-023                  0.0000000000000000E+000                  0.0000000000000000E+000 
                                     196                  9.9999968600985079E-001                  3.3757947882388561E-002                  4.3742975068173457E+000                 -3.9845772747952179E+000                  8.3271340235352902E+000                  6.9999999442220762E-001                  2.8000000557779253E-001                  1.9999999999999796E-002                  1.5483059126417022E-023                  0.0000000000000000E+000                  0.0000000000000000E+000 
                                     197                  9.9999966514824390E-001                  3.3725400628024094E-002                  4.3780794137609123E+000                 -3.9668103678677835E+000                  8.3498854864965626E+000                  6.9999999442220762E-001                  2.8000000557779253E-001                  1.9999999999999796E-002                  1.6135728908010398E-023                  0.0000000000000000E+000                  0.0000000000000000E+000 
                                     198                  9.9999965124050583E-001                  3.3704568374038103E-002                  4.3824673683240123E+000                 -3.9466810094755034E+000                  8.3758183653245037E+000                  6.9999999442220762E-001                  2.8000000557779253E-001                  1.9999999999999796E-002                  1.6908641563006899E-023                  0.0000000000000000E+000                  0.0000000000000000E+000 
                                     199                  9.9999962323882696E-001                  3.3664516227090643E-002                  4.3866193779741609E+000                 -3.9274369939950580E+000                  8.4005098308890318E+000                  6.9999999442220762E-001                  2.8000000557779253E-001                  1.9999999999999796E-002                  1.7682314071969777E-023                  0.0000000000000000E+000                  0.0000000000000000E+000 
                                     200                  9.9999960895868278E-001                  3.3644971946251531E-002                  4.3893303413771223E+000                 -3.9150795856736287E+000                  8.4164305254432783E+000                  6.9999999442220762E-001                  2.8000000557779253E-001                  1.9999999999999796E-002                  1.8197774347041926E-023                  0.0000000000000000E+000                  0.0000000000000000E+000 
                                     201                  9.9999959467853894E-001                  3.3625973411810402E-002                  4.3926124873822525E+000                 -3.9002779670859788E+000                  8.4355474685797507E+000                  6.9999999442220762E-001                  2.8000000557779253E-001                  1.9999999999999796E-002                  1.8835100231789639E-023                  0.0000000000000000E+000                  0.0000000000000000E+000 
                                     202                  9.9999957325832300E-001                  3.3598426078778311E-002                  4.3963816452085425E+000                 -3.8833322928505845E+000                  8.4574349978121202E+000                  6.9999999442220762E-001                  2.8000000557779253E-001                  1.9999999999999796E-002                  1.9592329348679788E-023                  0.0000000000000000E+000                  0.0000000000000000E+000 
                                     203                  9.9999955183810707E-001                  3.3571927965434456E-002                  4.3993941085568391E+000                 -3.8698347887395075E+000                  8.4748721644647986E+000                  6.9999999442220762E-001                  2.8000000557779253E-001                  1.9999999999999796E-002                  2.0217304709108025E-023                  0.0000000000000000E+000                  0.0000000000000000E+000 
                                     204                  9.9999953755796311E-001                  3.3554800558008524E-002                  4.4023218470999748E+000                 -3.8569024310360245E+000                  8.4916387544399488E+000                  6.9999999442220762E-001                  2.8000000557779253E-001                  1.9999999999999796E-002                  2.0834898898449525E-023                  0.0000000000000000E+000                  0.0000000000000000E+000 
                                     205                  9.9999951613774729E-001                  3.3529859571207528E-002                  4.4050336599731983E+000                 -3.8448989320740723E+000                  8.5071804823331405E+000                  6.9999999442220762E-001                  2.8000000557779253E-001                  1.9999999999999796E-002                  2.1425090207205502E-023                  0.0000000000000000E+000                  0.0000000000000000E+000 
                                     206                  9.9999950321974473E-001                  3.3515226313699714E-002                  4.4080195964500408E+000                 -3.8319047251438927E+000                  8.5240799057448431E+000                  6.9999999442220762E-001                  2.8000000557779253E-001                  1.9999999999999796E-002                  2.2082949487078753E-023                  0.0000000000000000E+000                  0.0000000000000000E+000 
                                     207                  9.9999947738373962E-001                  3.3486818267516524E-002                  4.4108841516928941E+000                 -3.8193614539822689E+000                  8.5403504663698353E+000                  6.9999999442220762E-001                  2.8000000557779253E-001                  1.9999999999999796E-002                  2.2737232427425863E-023                  0.0000000000000000E+000                  0.0000000000000000E+000 
                                     208                  9.9999946446573706E-001                  3.3473016604685622E-002                  4.4136829614203057E+000                 -3.8073285343436729E+000                  8.5560353674154541E+000                  6.9999999442220762E-001                  2.8000000557779253E-001                  1.9999999999999796E-002                  2.3383201320839857E-023                  0.0000000000000000E+000                  0.0000000000000000E+000 
                                     209                  9.9999943862973206E-001                  3.3446163811262933E-002                  4.4172702149608840E+000                 -3.7919207543114886E+000                  8.5761093444643421E+000                  6.9999999442220762E-001                  2.8000000557779253E-001                  1.9999999999999796E-002                  2.4237354068123334E-023                  0.0000000000000000E+000                  0.0000000000000000E+000 
                                     210                  9.9999941279372706E-001                  3.3420242268101683E-002                  4.4215164311982331E+000                 -3.7739281647059646E+000                  8.5996256627348355E+000                  6.9999999442220762E-001                  2.8000000557779253E-001                  1.9999999999999796E-002                  2.5274587981736961E-023                  0.0000000000000000E+000                  0.0000000000000000E+000 
                                     211                  9.9999937499457359E-001                  3.3383849218630739E-002                  4.4260800676161818E+000                 -3.7546537287373201E+000                  8.6248148988966751E+000                  6.9999999442220762E-001                  2.8000000557779253E-001                  1.9999999999999796E-002                  2.6435288013763447E-023                  0.0000000000000000E+000                  0.0000000000000000E+000 
                                     212                  9.9999934072317687E-001                  3.3352277684268225E-002                  4.4309524725080012E+000                 -3.7344080200692780E+000                  8.6513760351243754E+000                  6.9999999442220762E-001                  2.8000000557779253E-001                  1.9999999999999796E-002                  2.7712251231973560E-023                  0.0000000000000000E+000                  0.0000000000000000E+000 
                                     213                  9.9999929435555845E-001                  3.3311498222293005E-002                  4.4349267436145015E+000                 -3.7178505312955719E+000                  8.6730566839894099E+000                  6.9999999442220762E-001                  2.8000000557779253E-001                  1.9999999999999796E-002                  2.8802571455847712E-023                  0.0000000000000000E+000                  0.0000000000000000E+000 
                                     214                  9.9999927117174936E-001                  3.3291867122803694E-002                  4.4376293851211948E+000                 -3.7067746345717567E+000                  8.6876219873963247E+000                  6.9999999442220762E-001                  2.8000000557779253E-001                  1.9999999999999796E-002                  2.9555908253808242E-023                  0.0000000000000000E+000                  0.0000000000000000E+000 
                                     215                  9.9999924565061682E-001                  3.3270798074159592E-002                  4.4412529756535966E+000                 -3.6920930288038769E+000                  8.7069828208186326E+000                  6.9999999442220762E-001                  2.8000000557779253E-001                  1.9999999999999796E-002                  3.0585126590700902E-023                  0.0000000000000000E+000                  0.0000000000000000E+000 
                                     216                  9.9999920386293317E-001                  3.3237440587907910E-002                  4.4462668926217841E+000                 -3.6719480680738905E+000                  8.7335897500975932E+000                  6.9999999442220762E-001                  2.8000000557779253E-001                  1.9999999999999796E-002                  3.2056275210916428E-023                  0.0000000000000000E+000                  0.0000000000000000E+000 
                                     217                  9.9999914814602153E-001                  3.3194968771510007E-002                  4.4503736392405502E+000                 -3.6554184148229831E+000                  8.7553846119061394E+000                  6.9999999442220762E-001                  2.8000000557779253E-001                  1.9999999999999796E-002                  3.3316434402441183E-023                  0.0000000000000000E+000                  0.0000000000000000E+000 
                                     218                  9.9999911945308173E-001                  3.3173908959330152E-002                  4.4530837479029994E+000                 -3.6446780792580129E+000                  8.7696036262368384E+000                  6.9999999442220762E-001                  2.8000000557779253E-001                  1.9999999999999796E-002                  3.4161832987806350E-023                  0.0000000000000000E+000                  0.0000000000000000E+000 
                                     219                  9.9999909076014182E-001                  3.3153360627506324E-002                  4.4563775795203453E+000                 -3.6317599338297422E+000                  8.7867499185677111E+000                  6.9999999442220762E-001                  2.8000000557779253E-001                  1.9999999999999796E-002                  3.5207297849676639E-023                  0.0000000000000000E+000                  0.0000000000000000E+000 
                                     220                  9.9999904772073200E-001                  3.3123436231550757E-002                  4.4600317389233766E+000                 -3.6174705514919907E+000                  8.8057176217699400E+000                  6.9999999442220762E-001                  2.8000000557779253E-001                  1.9999999999999796E-002                  3.6401285257494502E-023                  0.0000000000000000E+000                  0.0000000000000000E+000 
                                     221                  9.9999900806058006E-001                  3.3096748663817566E-002                  4.4638822501150672E+000                 -3.6025900739841674E+000                  8.8255262624628230E+000                  6.9999999442220762E-001                  2.8000000557779253E-001                  1.9999999999999796E-002                  3.7688002560930709E-023                  0.0000000000000000E+000                  0.0000000000000000E+000 
                                     222                  9.9999895743321610E-001                  3.3063821912758744E-002                  4.4683974332855865E+000                 -3.5852897153297927E+000                  8.8485958262536766E+000                  6.9999999442220762E-001                  2.8000000557779253E-001                  1.9999999999999796E-002                  3.9241636076201063E-023                  0.0000000000000000E+000                  0.0000000000000000E+000 
                                     223                  9.9999889761883909E-001                  3.3026430294006370E-002                  4.4720804049948937E+000                 -3.5711970480519102E+000                  8.8673772496539769E+000                  6.9999999442220762E-001                  2.8000000557779253E-001                  1.9999999999999796E-002                  4.0554740860715354E-023                  0.0000000000000000E+000                  0.0000000000000000E+000 
                                     224                  9.9999886311814412E-001                  3.3005547371707911E-002                  4.4757379189151543E+000                 -3.5574715102657408E+000                  8.8857683775447942E+000                  6.9999999442220762E-001                  2.8000000557779253E-001                  1.9999999999999796E-002                  4.1876150306847192E-023                  0.0000000000000000E+000                  0.0000000000000000E+000 
                                     225                  9.9999880124429674E-001                  3.2969253710860152E-002                  4.4791134280840668E+000                 -3.5447477157805669E+000                  8.9027779695317211E+000                  6.9999999442220762E-001                  2.8000000557779253E-001                  1.9999999999999796E-002                  4.3139809768667248E-023                  0.0000000000000000E+000                  0.0000000000000000E+000 
                                     226                  9.9999877030737305E-001                  3.2951627544409022E-002                  4.4821157181440654E+000                 -3.5336293649077115E+000                  8.9177155821953722E+000                  6.9999999442220762E-001                  2.8000000557779253E-001                  1.9999999999999796E-002                  4.4275421489104079E-023                  0.0000000000000000E+000                  0.0000000000000000E+000 
                                     227                  9.9999871670036544E-001                  3.2921852319041107E-002                  4.4855086042196035E+000                 -3.5210748880168738E+000                  8.9345740208327502E+000                  6.9999999442220762E-001                  2.8000000557779253E-001                  1.9999999999999796E-002                  4.5593946190675285E-023                  0.0000000000000000E+000                  0.0000000000000000E+000 
                                     228                  9.9999867136019749E-001                  3.2897381781576460E-002                  4.4890020389804333E+000                 -3.5082971306692565E+000                  8.9517830975604387E+000                  6.9999999442220762E-001                  2.8000000557779253E-001                  1.9999999999999796E-002                  4.6976535428867459E-023                  0.0000000000000000E+000                  0.0000000000000000E+000 
                                     229                  9.9999861167827353E-001                  3.2866098732822084E-002                  4.4921048724556298E+000                 -3.4969538607130897E+000                  8.9670506083105899E+000                  6.9999999442220762E-001                  2.8000000557779253E-001                  1.9999999999999796E-002                  4.8239252523080614E-023                  0.0000000000000000E+000                  0.0000000000000000E+000 
                                     230                  9.9999857466643349E-001                  3.2847195375545431E-002                  4.4956432991211974E+000                 -3.4842441867710727E+000                  8.9842432148758160E+000                  6.9999999442220762E-001                  2.8000000557779253E-001                  1.9999999999999796E-002                  4.9694734966367782E-023                  0.0000000000000000E+000                  0.0000000000000000E+000 
                                     231                  9.9999849866423018E-001                  3.2809490311114291E-002                  4.4990678964583708E+000                 -3.4718771065953069E+000                  9.0009287491974952E+000                  6.9999999442220762E-001                  2.8000000557779253E-001                  1.9999999999999796E-002                  5.1153440620716023E-023                  0.0000000000000000E+000                  0.0000000000000000E+000 
                                     232                  9.9999846066312859E-001                  3.2791163510283571E-002                  4.5013000532695768E+000                 -3.4639142674672088E+000                  9.0117084104731795E+000                  6.9999999442220762E-001                  2.8000000557779253E-001                  1.9999999999999796E-002                  5.2115412972773980E-023                  0.0000000000000000E+000                  0.0000000000000000E+000 
                                     233                  9.9999842266202699E-001                  3.2773167414112042E-002                  4.5046483701971862E+000                 -3.4521122068898253E+000                  9.0277386610091668E+000                  6.9999999442220762E-001                  2.8000000557779253E-001                  1.9999999999999796E-002                  5.3574821164845017E-023                  0.0000000000000000E+000                  0.0000000000000000E+000 
                                     234                  9.9999834411431121E-001                  3.2736960215687352E-002                  4.5087468560335289E+000                 -3.4376695695283090E+000                  9.0473397644430289E+000                  6.9999999442220762E-001                  2.8000000557779253E-001                  1.9999999999999796E-002                  5.5416905635717721E-023                  0.0000000000000000E+000                  0.0000000000000000E+000 
                                     235                  9.9999827422878595E-001                  3.2705792353003769E-002                  4.5124719703743139E+000                 -3.4246665250763773E+000                  9.0650267580840680E+000                  6.9999999442220762E-001                  2.8000000557779253E-001                  1.9999999999999796E-002                  5.7129918809974280E-023                  0.0000000000000000E+000                  0.0000000000000000E+000 
                                     236                  9.9999820434326048E-001                  3.2675537425850658E-002                  4.5164001798298905E+000                 -3.4110862408627609E+000                  9.0835421764156550E+000                  6.9999999442220762E-001                  2.8000000557779253E-001                  1.9999999999999796E-002                  5.8975978295783406E-023                  0.0000000000000000E+000                  0.0000000000000000E+000 
                                     237                  9.9999812172527813E-001                  3.2640863695246769E-002                  4.5204983629245961E+000                 -3.3970111046702618E+000                  9.1027566919059488E+000                  6.9999999442220762E-001                  2.8000000557779253E-001                  1.9999999999999796E-002                  6.0952786934112495E-023                  0.0000000000000000E+000                  0.0000000000000000E+000 
                                     238                  9.9999803910729579E-001                  3.2607287783942042E-002                  4.5239967209242087E+000                 -3.3850623755648606E+000                  9.1190843762560707E+000                  6.9999999442220762E-001                  2.8000000557779253E-001                  1.9999999999999796E-002                  6.2683281862419044E-023                  0.0000000000000000E+000                  0.0000000000000000E+000 
                                     239                  9.9999797549856195E-001                  3.2582133651639110E-002                  4.5277314951481529E+000                 -3.3724800713953478E+000                  9.1363434508397621E+000                  6.9999999442220762E-001                  2.8000000557779253E-001                  1.9999999999999796E-002                  6.4559102972262015E-023                  0.0000000000000000E+000                  0.0000000000000000E+000 
                                     240                  9.9999787848144961E-001                  3.2544855679634638E-002                  4.5325893450580201E+000                 -3.3562335567447747E+000                  9.1586621099947614E+000                  6.9999999442220762E-001                  2.8000000557779253E-001                  1.9999999999999796E-002                  6.7065170030386933E-023                  0.0000000000000000E+000                  0.0000000000000000E+000 
                                     241                  9.9999775816588410E-001                  3.2500310371240099E-002                  4.5386649977611411E+000                 -3.3361782983179338E+000                  9.1863018401859406E+000                  6.9999999442220762E-001                  2.8000000557779253E-001                  1.9999999999999796E-002                  7.0294463179948094E-023                  0.0000000000000000E+000                  0.0000000000000000E+000 
                                     242                  9.9999759349953554E-001                  3.2442075392707763E-002                  4.5437353808518361E+000                 -3.3194228861136752E+000                  9.2093560454760510E+000                  6.9999999442220762E-001                  2.8000000557779253E-001                  1.9999999999999796E-002                  7.3112360317651157E-023                  0.0000000000000000E+000                  0.0000000000000000E+000 
                                     243                  9.9999750632545303E-001                  3.2412403660580590E-002                  4.5472723306898999E+000                 -3.3079359791681382E+000                  9.2252403250384081E+000                  6.9999999442220762E-001                  2.8000000557779253E-001                  1.9999999999999796E-002                  7.5109772041822896E-023                  0.0000000000000000E+000                  0.0000000000000000E+000 
                                     244                  9.9999741208727766E-001                  3.2381158205638798E-002                  4.5508493906859346E+000                 -3.2963949796386247E+000                  9.2412229579746796E+000                  6.9999999442220762E-001                  2.8000000557779253E-001                  1.9999999999999796E-002                  7.7172030486597771E-023                  0.0000000000000000E+000                  0.0000000000000000E+000 
                                     245                  9.9999731702299699E-001                  3.2350458849566624E-002                  4.5543803004239694E+000                 -3.2850860165850633E+000                  9.2569115495513046E+000                  6.9999999442220762E-001                  2.8000000557779253E-001                  1.9999999999999796E-002                  7.9248231254991579E-023                  0.0000000000000000E+000                  0.0000000000000000E+000 
                                     246                  9.9999721942182684E-001                  3.2319743880356945E-002                  4.5576695316505917E+000                 -3.2746117996566597E+000                  9.2714602140142954E+000                  6.9999999442220762E-001                  2.8000000557779253E-001                  1.9999999999999796E-002                  8.1221421028852143E-023                  0.0000000000000000E+000                  0.0000000000000000E+000 
                                     247                  9.9999713208101104E-001                  3.2292907470640418E-002                  4.5611390357061721E+000                 -3.2636715306397743E+000                  9.2866968088980446E+000                  6.9999999442220762E-001                  2.8000000557779253E-001                  1.9999999999999796E-002                  8.3335361595404930E-023                  0.0000000000000000E+000                  0.0000000000000000E+000 
                                     248                  9.9999701902649629E-001                  3.2259027276895648E-002                  4.5647594705987400E+000                 -3.2523026683533440E+000                  9.3025408168580412E+000                  6.9999999442220762E-001                  2.8000000557779253E-001                  1.9999999999999796E-002                  8.5590967131018309E-023                  0.0000000000000000E+000                  0.0000000000000000E+000 
                                     249                  9.9999691617170072E-001                  3.2228993529120037E-002                  4.5690039481249327E+000                 -3.2391456808593002E+000                  9.3209442215314251E+000                  6.9999999442220762E-001                  2.8000000557779253E-001                  1.9999999999999796E-002                  8.8278369224141313E-023                  0.0000000000000000E+000                  0.0000000000000000E+000 
                                     250                  9.9999675822113243E-001                  3.2184236487254880E-002                  4.5739958860698042E+000                 -3.2237528000314821E+000                  9.3424931666070652E+000                  6.9999999442220762E-001                  2.8000000557779253E-001                  1.9999999999999796E-002                  9.1530781463379453E-023                  0.0000000000000000E+000                  0.0000000000000000E+000 
                                     251                  9.9999659653721518E-001                  3.2140003363693770E-002                  4.5782829384416397E+000                 -3.2106198792486444E+000                  9.3609024839783679E+000                  6.9999999442220762E-001                  2.8000000557779253E-001                  1.9999999999999796E-002                  9.4401147385185762E-023                  0.0000000000000000E+000                  0.0000000000000000E+000 
                                     252                  9.9999647242553558E-001                  3.2107051779690698E-002                  4.5825562325872706E+000                 -3.1977163782948503E+000                  9.3790661178895309E+000                  6.9999999442220762E-001                  2.8000000557779253E-001                  1.9999999999999796E-002                  9.7309873855004929E-023                  0.0000000000000000E+000                  0.0000000000000000E+000 
                                     253                  9.9999630251885596E-001                  3.2063250608461144E-002                  4.5867598763595963E+000                 -3.1850615769226036E+000                  9.3968828610392698E+000                  6.9999999442220762E-001                  2.8000000557779253E-001                  1.9999999999999796E-002                  1.0025042597949802E-022                  0.0000000000000000E+000                  0.0000000000000000E+000 
                                     254                  9.9999617194669910E-001                  3.2030547743258163E-002                  4.5913256100738735E+000                 -3.1715361145566390E+000                  9.4160171275601598E+000                  6.9999999442220762E-001                  2.8000000557779253E-001                  1.9999999999999796E-002                  1.0349257633425546E-022                  0.0000000000000000E+000                  0.0000000000000000E+000 
                                     255                  9.9999596589351247E-001                  3.1980508214489681E-002                  4.5956010422833700E+000                 -3.1588643439128279E+000                  9.4339236416206802E+000                  6.9999999442220762E-001                  2.8000000557779253E-001                  1.9999999999999796E-002                  1.0662611868994681E-022                  0.0000000000000000E+000                  0.0000000000000000E+000 
                                     256                  9.9999584335090730E-001                  3.1951596913015877E-002                  4.5987070559545051E+000                 -3.1497732450249432E+000                  9.4468178942699126E+000                  6.9999999442220762E-001                  2.8000000557779253E-001                  1.9999999999999796E-002                  1.0893308923787356E-022                  0.0000000000000000E+000                  0.0000000000000000E+000 
                                     257                  9.9999572080830201E-001                  3.1923278925404051E-002                  4.6033534912602274E+000                 -3.1363758311922476E+000                  9.4659069078907656E+000                  6.9999999442220762E-001                  2.8000000557779253E-001                  1.9999999999999796E-002                  1.1242506333046577E-022                  0.0000000000000000E+000                  0.0000000000000000E+000 
                                     258                  9.9999546699231112E-001                  3.1866390403233302E-002                  4.6079020982623540E+000                 -3.1232069633333990E+000                  9.4846241969178031E+000                  6.9999999442220762E-001                  2.8000000557779253E-001                  1.9999999999999796E-002                  1.1596767657986295E-022                  0.0000000000000000E+000                  0.0000000000000000E+000 
                                     259                  9.9999533556450215E-001                  3.1837804475866330E-002                  4.6124857985520720E+000                 -3.1102326137543543E+000                  9.5031983523285710E+000                  6.9999999442220762E-001                  2.8000000557779253E-001                  1.9999999999999796E-002                  1.1956826639572036E-022                  0.0000000000000000E+000                  0.0000000000000000E+000 
                                     260                  9.9999506802922955E-001                  3.1781310864976368E-002                  4.6169281463040992E+000                 -3.0976125642255958E+000                  9.5212244273535340E+000                  6.9999999442220762E-001                  2.8000000557779253E-001                  1.9999999999999796E-002                  1.2317890129362621E-022                  0.0000000000000000E+000                  0.0000000000000000E+000 
                                     261                  9.9999493192176592E-001                  3.1753384988787589E-002                  4.6199039668767616E+000                 -3.0892787283198291E+000                  9.5331812438608168E+000                  6.9999999442220762E-001                  2.8000000557779253E-001                  1.9999999999999796E-002                  1.2562344679652293E-022                  0.0000000000000000E+000                  0.0000000000000000E+000 
                                     262                  9.9999479096920085E-001                  3.1725009165731718E-002                  4.6243884799525139E+000                 -3.0768938545123672E+000                  9.5510277244685327E+000                  6.9999999442220762E-001                  2.8000000557779253E-001                  1.9999999999999796E-002                  1.2934715593933614E-022                  0.0000000000000000E+000                  0.0000000000000000E+000 
                                     263                  9.9999450404772228E-001                  3.1668855196060920E-002                  4.6287429872351442E+000                 -3.0648303301953175E+000                  9.5683754938548820E+000                  6.9999999442220762E-001                  2.8000000557779253E-001                  1.9999999999999796E-002                  1.3308150540958080E-022                  0.0000000000000000E+000                  0.0000000000000000E+000 
                                     264                  9.9999435807880854E-001                  3.1641061892086660E-002                  4.6331406363287275E+000                 -3.0529065236744981E+000                  9.5856431043600416E+000                  6.9999999442220762E-001                  2.8000000557779253E-001                  1.9999999999999796E-002                  1.3687971873334879E-022                  0.0000000000000000E+000                  0.0000000000000000E+000 
                                     265                  9.9999405575378586E-001                  3.1585040253209122E-002                  4.6374662727559759E+000                 -3.0411444903318863E+000                  9.6026429521081358E+000                  6.9999999442220762E-001                  2.8000000557779253E-001                  1.9999999999999796E-002                  1.4073378826205639E-022                  0.0000000000000000E+000                  0.0000000000000000E+000 
                                     266                  9.9999389921421744E-001                  3.1556799894490672E-002                  4.6403503567831139E+000                 -3.0334060117787192E+000                  9.6138741890241839E+000                  6.9999999442220762E-001                  2.8000000557779253E-001                  1.9999999999999796E-002                  1.4332912000290614E-022                  0.0000000000000000E+000                  0.0000000000000000E+000 
                                     267                  9.9999374267464902E-001                  3.1529052915109101E-002                  4.6446799063113620E+000                 -3.0219458223473148E+000                  9.6305783114474561E+000                  6.9999999442220762E-001                  2.8000000557779253E-001                  1.9999999999999796E-002                  1.4726183067209896E-022                  0.0000000000000000E+000                  0.0000000000000000E+000 
                                     268                  9.9999341846162926E-001                  3.1473065883728675E-002                  4.6503902413806326E+000                 -3.0069016080739686E+000                  9.6525213041379239E+000                  6.9999999442220762E-001                  2.8000000557779253E-001                  1.9999999999999796E-002                  1.5259062871511619E-022                  0.0000000000000000E+000                  0.0000000000000000E+000 
                                     269                  9.9999308272166076E-001                  3.1417040629177002E-002                  4.6560663293408133E+000                 -2.9921255557569579E+000                  9.6741439589293012E+000                  6.9999999442220762E-001                  2.8000000557779253E-001                  1.9999999999999796E-002                  1.5801432305037638E-022                  0.0000000000000000E+000                  0.0000000000000000E+000 
                                     270                  9.9999273504792108E-001                  3.1360942960367399E-002                  4.6617119252749033E+000                 -2.9776030478004962E+000                  9.6954660141202869E+000                  6.9999999442220762E-001                  2.8000000557779253E-001                  1.9999999999999796E-002                  1.6353501107394479E-022                  0.0000000000000000E+000                  0.0000000000000000E+000 
                                     271                  9.9999237501935445E-001                  3.1304740435162348E-002                  4.6673304795018149E+000                 -2.9633205273362986E+000                  9.7165056000286523E+000                  6.9999999442220762E-001                  2.8000000557779253E-001                  1.9999999999999796E-002                  1.6915484263141360E-022                  0.0000000000000000E+000                  0.0000000000000000E+000 
                                     272                  9.9999200220017836E-001                  3.1248402178936159E-002                  4.6729251565082022E+000                 -2.9492651301354496E+000                  9.7372794069250048E+000                  6.9999999442220762E-001                  2.8000000557779253E-001                  1.9999999999999796E-002                  1.7487613199967851E-022                  0.0000000000000000E+000                  0.0000000000000000E+000 
                                     273                  9.9999161613937426E-001                  3.1191898759039813E-002                  4.6784988511844254E+000                 -2.9354247554701169E+000                  9.7578028315778162E+000                  6.9999999442220762E-001                  2.8000000557779253E-001                  1.9999999999999796E-002                  1.8070130947761024E-022                  0.0000000000000000E+000                  0.0000000000000000E+000 
                                     274                  9.9999121637015986E-001                  3.1135202057211861E-002                  4.6840542092309061E+000                 -2.9217880373423961E+000                  9.7780901055976202E+000                  6.9999999442220762E-001                  2.8000000557779253E-001                  1.9999999999999796E-002                  1.8663290894376805E-022                  0.0000000000000000E+000                  0.0000000000000000E+000 
                                     275                  9.9999080240944394E-001                  3.1078285151648316E-002                  4.6895936435919348E+000                 -2.9083443609103630E+000                  9.7981544082314951E+000                  6.9999999442220762E-001                  2.8000000557779253E-001                  1.9999999999999796E-002                  1.9267353492346895E-022                  0.0000000000000000E+000                  0.0000000000000000E+000 
                                     276                  9.9999037375726296E-001                  3.1021122201744196E-002                  4.6951193490169745E+000                 -2.8950838337123606E+000                  9.8180079658187065E+000                  6.9999999442220762E-001                  2.8000000557779253E-001                  1.9999999999999796E-002                  1.9882584721023017E-022                  0.0000000000000000E+000                  0.0000000000000000E+000 
                                     277                  9.9998992989619651E-001                  3.0963688340468934E-002                  4.7006333186154157E+000                 -2.8819972301008780E+000                  9.8376621397589439E+000                  6.9999999442220762E-001                  2.8000000557779253E-001                  1.9999999999999796E-002                  2.0509255868061300E-022                  0.0000000000000000E+000                  0.0000000000000000E+000 
                                     278                  9.9998947029076590E-001                  3.0905959577092502E-002                  4.7061373611055055E+000                 -2.8690760696387763E+000                  9.8571275045512330E+000                  6.9999999442220762E-001                  2.8000000557779253E-001                  1.9999999999999796E-002                  2.1147636860699418E-022                  0.0000000000000000E+000                  0.0000000000000000E+000 
                                     279                  9.9998899438680977E-001                  3.0847912691822212E-002                  4.7116331182279509E+000                 -2.8563127403873052E+000                  9.8764139172231502E+000                  6.9999999442220762E-001                  2.8000000557779253E-001                  1.9999999999999796E-002                  2.1797986314633557E-022                  0.0000000000000000E+000                  0.0000000000000000E+000 
                                     280                  9.9998850161083941E-001                  3.0789525115221789E-002                  4.7171220790685968E+000                 -2.8437001331112306E+000                  9.8955305792713659E+000                  6.9999999442220762E-001                  2.8000000557779253E-001                  1.9999999999999796E-002                  2.2460566220013394E-022                  0.0000000000000000E+000                  0.0000000000000000E+000 
                                     281                  9.9998799136937255E-001                  3.0730774857201354E-002                  4.7226055894569985E+000                 -2.8312314977486102E+000                  9.9144860920578335E+000                  6.9999999442220762E-001                  2.8000000557779253E-001                  1.9999999999999796E-002                  2.3135647640424457E-022                  0.0000000000000000E+000                  0.0000000000000000E+000 
                                     282                  9.9998746304824293E-001                  3.0671640456571087E-002                  4.7280848579298755E+000                 -2.8189001735355581E+000                  9.9332885064727137E+000                  6.9999999442220762E-001                  2.8000000557779253E-001                  1.9999999999999796E-002                  2.3823524812120126E-022                  0.0000000000000000E+000                  0.0000000000000000E+000 
                                     283                  9.9998691601188971E-001                  3.0612100968771178E-002                  4.7335609590926797E+000                 -2.8066995402457695E+000                  9.9519453675570606E+000                  6.9999999442220762E-001                  2.8000000557779253E-001                  1.9999999999999796E-002                  2.4524518969093633E-022                  0.0000000000000000E+000                  0.0000000000000000E+000 
                                     284                  9.9998634960261834E-001                  3.0552135962577158E-002                  4.7390348371779565E+000                 -2.7946232251132463E+000                  9.9704637546866799E+000                  6.9999999442220762E-001                  2.8000000557779253E-001                  1.9999999999999796E-002                  2.5238967337517780E-022                  0.0000000000000000E+000                  0.0000000000000000E+000 
                                     285                  9.9998576313984011E-001                  3.0491725490330572E-002                  4.7445073113749334E+000                 -2.7826651443147941E+000                  9.9888503178466195E+000                  6.9999999442220762E-001                  2.8000000557779253E-001                  1.9999999999999796E-002                  2.5967220212149721E-022                  0.0000000000000000E+000                  0.0000000000000000E+000 
                                     286                  9.9998515591928383E-001                  3.0430850053495287E-002                  4.7499790872103667E+000                 -2.7708197427629448E+000                  1.0007111310449041E+001                  6.9999999442220762E-001                  2.8000000557779253E-001                  1.9999999999999796E-002                  2.6709624916233340E-022                  0.0000000000000000E+000                  0.0000000000000000E+000 
                                     287                  9.9998452721218112E-001                  3.0369490534993455E-002                  4.7554507698750390E+000                 -2.7590818867514058E+000                  1.0025252619084664E+001                  6.9999999442220762E-001                  2.8000000557779253E-001                  1.9999999999999796E-002                  2.7466529748523694E-022                  0.0000000000000000E+000                  0.0000000000000000E+000 
                                     288                  9.9998387626442353E-001                  3.0307628145895122E-002                  4.7609228713027063E+000                 -2.7474467361769936E+000                  1.0043279790542352E+001                  6.9999999442220762E-001                  2.8000000557779253E-001                  1.9999999999999796E-002                  2.8238290280812298E-022                  0.0000000000000000E+000                  0.0000000000000000E+000 
                                     289                  9.9998320229569215E-001                  3.0245244389833122E-002                  4.7663958161516184E+000                 -2.7359097298751314E+000                  1.0061198056391829E+001                  6.9999999442220762E-001                  2.8000000557779253E-001                  1.9999999999999796E-002                  2.9025269114362252E-022                  0.0000000000000000E+000                  0.0000000000000000E+000 
                                     290                  9.9998250449855652E-001                  3.0182321029386266E-002                  4.7718699520334837E+000                 -2.7244665648033246E+000                  1.0079012355389342E+001                  6.9999999442220762E-001                  2.8000000557779253E-001                  1.9999999999999796E-002                  2.9827836133918364E-022                  0.0000000000000000E+000                  0.0000000000000000E+000 
                                     291                  9.9998178203754429E-001                  3.0118840055260859E-002                  4.7773455573941597E+000                 -2.7131131142411977E+000                  1.0096727353934101E+001                  6.9999999442220762E-001                  2.8000000557779253E-001                  1.9999999999999796E-002                  3.0646373358781275E-022                  0.0000000000000000E+000                  0.0000000000000000E+000 
                                     292                  9.9998103404817884E-001                  3.0054783667258739E-002                  4.7828228435861071E+000                 -2.7018454022090945E+000                  1.0114347464774669E+001                  6.9999999442220762E-001                  2.8000000557779253E-001                  1.9999999999999796E-002                  3.1481276462678617E-022                  0.0000000000000000E+000                  0.0000000000000000E+000 
                                     293                  9.9998025963598325E-001                  2.9990134259171727E-002                  4.7883019557145605E+000                 -2.6906594048869512E+000                  1.0131876864141882E+001                  6.9999999442220762E-001                  2.8000000557779253E-001                  1.9999999999999796E-002                  3.2332969906869754E-022                  0.0000000000000000E+000                  0.0000000000000000E+000 
                                     294                  9.9997945787545339E-001                  2.9924874433682341E-002                  4.7937829731811492E+000                 -2.6795510578162607E+000                  1.0149319507460191E+001                  6.9999999442220762E-001                  2.8000000557779253E-001                  1.9999999999999796E-002                  3.3201908226650981E-022                  0.0000000000000000E+000                  0.0000000000000000E+000 
                                     295                  9.9997862780899405E-001                  2.9858987017759964E-002                  4.7992659107805533E+000                 -2.6685164376934991E+000                  1.0166679143776612E+001                  6.9999999442220762E-001                  2.8000000557779253E-001                  1.9999999999999796E-002                  3.4088563095532768E-022                  0.0000000000000000E+000                  0.0000000000000000E+000 
                                     296                  9.9997776844582009E-001                  2.9792455051675725E-002                  4.8047507210289488E+000                 -2.6575517983839787E+000                  1.0183959329034682E+001                  6.9999999442220762E-001                  2.8000000557779253E-001                  1.9999999999999796E-002                  3.4993420274882341E-022                  0.0000000000000000E+000                  0.0000000000000000E+000 
                                     297                  9.9997687876081998E-001                  2.9725261772624058E-002                  4.8102373011041006E+000                 -2.6466537479345607E+000                  1.0201163438303885E+001                  6.9999999442220762E-001                  2.8000000557779253E-001                  1.9999999999999796E-002                  3.5916963939695663E-022                  0.0000000000000000E+000                  0.0000000000000000E+000 
                                     298                  9.9997595769338299E-001                  2.9657390570449801E-002                  4.8157255006945556E+000                 -2.6358191070596897E+000                  1.0218294677067179E+001                  6.9999999442220762E-001                  2.8000000557779253E-001                  1.9999999999999796E-002                  3.6859686593934537E-022                  0.0000000000000000E+000                  0.0000000000000000E+000 
                                     299                  9.9997500414618445E-001                  2.9588824963965303E-002                  4.8212151249363764E+000                 -2.6250448144863801E+000                  1.0235356091654298E+001                  6.9999999442220762E-001                  2.8000000557779253E-001                  1.9999999999999796E-002                  3.7822096537549023E-022                  0.0000000000000000E+000                  0.0000000000000000E+000 
                                     300                  9.9997401698393140E-001                  2.9519548591567996E-002                  4.8267059366773779E+000                 -2.6143279517953131E+000                  1.0252350578896117E+001                  6.9999999442220762E-001                  2.8000000557779253E-001                  1.9999999999999796E-002                  3.8804715491752094E-022                  0.0000000000000000E+000                  0.0000000000000000E+000 
                                     301                  9.9997299503206527E-001                  2.9449545197745938E-002                  4.8321976613537583E+000                 -2.6036657885284789E+000                  1.0269280895066721E+001                  6.9999999442220762E-001                  2.8000000557779253E-001                  1.9999999999999796E-002                  3.9808073896552890E-022                  0.0000000000000000E+000                  0.0000000000000000E+000 
                                     302                  9.9997193707542165E-001                  2.9378798611884537E-002                  4.8376899910721800E+000                 -2.5930557172795270E+000                  1.0286149664176092E+001                  6.9999999442220762E-001                  2.8000000557779253E-001                  1.9999999999999796E-002                  4.0832716241787914E-022                  0.0000000000000000E+000                  0.0000000000000000E+000 
                                     303                  9.9997084185684393E-001                  2.9307292736892834E-002                  4.8431825861994877E+000                 -2.5824952252685551E+000                  1.0302959385668457E+001                  6.9999999442220762E-001                  2.8000000557779253E-001                  1.9999999999999796E-002                  4.1879203634517807E-022                  0.0000000000000000E+000                  0.0000000000000000E+000 
                                     304                  9.9996970807575203E-001                  2.9235011542235328E-002                  4.8486750785163526E+000                 -2.5719816584678412E+000                  1.0319712441576277E+001                  6.9999999442220762E-001                  2.8000000557779253E-001                  1.9999999999999796E-002                  4.2948138127995275E-022                  0.0000000000000000E+000                  0.0000000000000000E+000 
                                     305                  9.9996853438666111E-001                  2.9161939096498713E-002                  4.8541670758235469E+000                 -2.5615122729706088E+000                  1.0336411103169512E+001                  6.9999999442220762E-001                  2.8000000557779253E-001                  1.9999999999999796E-002                  4.4040160449768536E-022                  0.0000000000000000E+000                  0.0000000000000000E+000 
                                     306                  9.9996731939765271E-001                  2.9088059593221843E-002                  4.8596581647221297E+000                 -2.5510844340011194E+000                  1.0353057537142808E+001                  6.9999999442220762E-001                  2.8000000557779253E-001                  1.9999999999999796E-002                  4.5155931074790939E-022                  0.0000000000000000E+000                  0.0000000000000000E+000 
                                     307                  9.9996606166879343E-001                  2.9013357344132875E-002                  4.8651479126937609E+000                 -2.5406956450996607E+000                  1.0369653811383055E+001                  6.9999999442220762E-001                  2.8000000557779253E-001                  1.9999999999999796E-002                  4.6296126998937434E-022                  0.0000000000000000E+000                  0.0000000000000000E+000 
                                     308                  9.9996475971050125E-001                  2.8937816766999049E-002                  4.8706358741112767E+000                 -2.5303436279257605E+000                  1.0386201900351839E+001                  6.9999999442220762E-001                  2.8000000557779253E-001                  1.9999999999999796E-002                  4.7461432213792427E-022                  0.0000000000000000E+000                  0.0000000000000000E+000 
                                     309                  9.9996341198185701E-001                  2.8861422358855401E-002                  4.8761215965175211E+000                 -2.5200262136418452E+000                  1.0402703690115535E+001                  6.9999999442220762E-001                  2.8000000557779253E-001                  1.9999999999999796E-002                  4.8652548754399310E-022                  0.0000000000000000E+000                  0.0000000000000000E+000 
                                     310                  9.9996201688885988E-001                  2.8784158687061960E-002                  4.8816046226599061E+000                 -2.5097412999657007E+000                  1.0419160983048014E+001                  6.9999999442220762E-001                  2.8000000557779253E-001                  1.9999999999999796E-002                  4.9870201669779259E-022                  0.0000000000000000E+000                  0.0000000000000000E+000 
                                     311                  9.9996057278262418E-001                  2.8706010387621765E-002                  4.8870844930487767E+000                 -2.4994869457621727E+000                  1.0435575502230273E+001                  6.9999999442220762E-001                  2.8000000557779253E-001                  1.9999999999999796E-002                  5.1115127826108135E-022                  0.0000000000000000E+000                  0.0000000000000000E+000 
                                     312                  9.9995907795751715E-001                  2.8626962146182933E-002                  4.8925607517501915E+000                 -2.4892614623615605E+000                  1.0451948895574558E+001                  6.9999999442220762E-001                  2.8000000557779253E-001                  1.9999999999999796E-002                  5.2388063350842364E-022                  0.0000000000000000E+000                  0.0000000000000000E+000 
                                     313                  9.9995753064923321E-001                  2.8546998661107471E-002                  4.8980329508853542E+000                 -2.4790632764141343E+000                  1.0468282739697823E+001                  6.9999999442220762E-001                  2.8000000557779253E-001                  1.9999999999999796E-002                  5.3689758750104685E-022                  0.0000000000000000E+000                  0.0000000000000000E+000 
                                     314                  9.9995592903280439E-001                  2.8466104629871501E-002                  4.9035006521507478E+000                 -2.4688908881681577E+000                  1.0484578543558289E+001                  6.9999999442220762E-001                  2.8000000557779253E-001                  1.9999999999999796E-002                  5.5020983852055169E-022                  0.0000000000000000E+000                  0.0000000000000000E+000 
                                     315                  9.9995427122054492E-001                  2.8384264742548376E-002                  4.9089634300175513E+000                 -2.4587426544478146E+000                  1.0500837751870348E+001                  6.9999999442220762E-001                  2.8000000557779253E-001                  1.9999999999999796E-002                  5.6382557326937551E-022                  0.0000000000000000E+000                  0.0000000000000000E+000 
                                     316                  9.9995255525992743E-001                  2.8301463716271225E-002                  4.9144208760846313E+000                 -2.4486168773791488E+000                  1.0517061748308370E+001                  6.9999999442220762E-001                  2.8000000557779253E-001                  1.9999999999999796E-002                  5.7775338049403929E-022                  0.0000000000000000E+000                  0.0000000000000000E+000 
                                     317                  9.9995077913138730E-001                  2.8217686314599755E-002                  4.9198726012385166E+000                 -2.4385119705359606E+000                  1.0533251858516534E+001                  6.9999999442220762E-001                  2.8000000557779253E-001                  1.9999999999999796E-002                  5.9200203775535246E-022                  0.0000000000000000E+000                  0.0000000000000000E+000 
                                     318                  9.9994894074605589E-001                  2.8132917335565517E-002                  4.9253182380039835E+000                 -2.4284264596735037E+000                  1.0549409352942888E+001                  6.9999999442220762E-001                  2.8000000557779253E-001                  1.9999999999999796E-002                  6.0658050590347075E-022                  0.0000000000000000E+000                  0.0000000000000000E+000 
                                     319                  9.9994703794341766E-001                  2.8047141598742664E-002                  4.9307574501813773E+000                 -2.4183589629135089E+000                  1.0565535449509873E+001                  6.9999999442220762E-001                  2.8000000557779253E-001                  1.9999999999999796E-002                  6.2149795351232645E-022                  0.0000000000000000E+000                  0.0000000000000000E+000 
                                     320                  9.9994506848888942E-001                  2.7960343935412885E-002                  4.9361899427982134E+000                 -2.4083081928469050E+000                  1.0581631316132182E+001                  6.9999999442220762E-001                  2.8000000557779253E-001                  1.9999999999999796E-002                  6.3676375130395954E-022                  0.0000000000000000E+000                  0.0000000000000000E+000 
                                     321                  9.9994303007131979E-001                  2.7872509177623163E-002                  4.9416154644632178E+000                 -2.3982729612443285E+000                  1.0597698073092394E+001                  6.9999999442220762E-001                  2.8000000557779253E-001                  1.9999999999999796E-002                  6.5238746141122020E-022                  0.0000000000000000E+000                  0.0000000000000000E+000 
                                     322                  9.9994092030040616E-001                  2.7783622145504255E-002                  4.9470338103669729E+000                 -2.3882522551330783E+000                  1.0613736795284147E+001                  6.9999999442220762E-001                  2.8000000557779253E-001                  1.9999999999999796E-002                  6.6837870958361488E-022                  0.0000000000000000E+000                  0.0000000000000000E+000 
                                     323                  9.9993873670402578E-001                  2.7693667617982143E-002                  4.9524448300982282E+000                 -2.3782452932430842E+000                  1.0629748514334064E+001                  6.9999999442220762E-001                  2.8000000557779253E-001                  1.9999999999999796E-002                  6.8474707071599201E-022                  0.0000000000000000E+000                  0.0000000000000000E+000 
                                     324                  9.9993647672547903E-001                  2.7602630289791163E-002                  4.9578484333931376E+000                 -2.3682514095225247E+000                  1.0645734220612372E+001                  6.9999999442220762E-001                  2.8000000557779253E-001                  1.9999999999999796E-002                  7.0150223194745732E-022                  0.0000000000000000E+000                  0.0000000000000000E+000 
                                     325                  9.9993413772064177E-001                  2.7510494750509328E-002                  4.9632445913353331E+000                 -2.3582700310158597E+000                  1.0661694865137129E+001                  6.9999999442220762E-001                  2.8000000557779253E-001                  1.9999999999999796E-002                  7.1865401826764419E-022                  0.0000000000000000E+000                  0.0000000000000000E+000 
                                     326                  9.9993171695502381E-001                  2.7417245467072322E-002                  4.9686333403345921E+000                 -2.3483006099466102E+000                  1.0677631361378777E+001                  6.9999999442220762E-001                  2.8000000557779253E-001                  1.9999999999999796E-002                  7.3621250421729484E-022                  0.0000000000000000E+000                  0.0000000000000000E+000 
                                     327                  9.9992921160073023E-001                  2.7322866779974603E-002                  4.9740147881111652E+000                 -2.3383426722817120E+000                  1.0693544586968223E+001                  6.9999999442220762E-001                  2.8000000557779253E-001                  1.9999999999999796E-002                  7.5418792977754104E-022                  0.0000000000000000E+000                  0.0000000000000000E+000 
                                     328                  9.9992661873332267E-001                  2.7227342888596691E-002                  4.9793891158923751E+000                 -2.3283958870238077E+000                  1.0709435385316343E+001                  6.9999999442220762E-001                  2.8000000557779253E-001                  1.9999999999999796E-002                  7.7259056415325792E-022                  0.0000000000000000E+000                  0.0000000000000000E+000 
                                     329                  9.9992393532857893E-001                  2.7130657820227073E-002                  4.9847565767123188E+000                 -2.3184600186866389E+000                  1.0725304567153939E+001                  6.9999999442220762E-001                  2.8000000557779253E-001                  1.9999999999999796E-002                  7.9143077356973703E-022                  0.0000000000000000E+000                  0.0000000000000000E+000 
                                     330                  9.9992115825914263E-001                  2.7032795407931402E-002                  4.9901174873184670E+000                 -2.3085347086246037E+000                  1.0741152911995531E+001                  6.9999999442220762E-001                  2.8000000557779253E-001                  1.9999999999999796E-002                  8.1071943731353218E-022                  0.0000000000000000E+000                  0.0000000000000000E+000 
                                     331                  9.9991828429106722E-001                  2.6933739317026639E-002                  4.9954722189712397E+000                 -2.2986196197616779E+000                  1.0756981169524867E+001                  6.9999999442220762E-001                  2.8000000557779253E-001                  1.9999999999999796E-002                  8.3046769388002524E-022                  0.0000000000000000E+000                  0.0000000000000000E+000 
                                     332                  9.9991531008024281E-001                  2.6833473039888450E-002                  5.0008211948784700E+000                 -2.2887145198148793E+000                  1.0772790060911069E+001                  6.9999999442220762E-001                  2.8000000557779253E-001                  1.9999999999999796E-002                  8.5068677314206973E-022                  0.0000000000000000E+000                  0.0000000000000000E+000 
                                     333                  9.9991223216870784E-001                  2.6731979871049468E-002                  5.0061648847290225E+000                 -2.2788193477475018E+000                  1.0788580280062325E+001                  6.9999999442220762E-001                  2.8000000557779253E-001                  1.9999999999999796E-002                  8.7138783831593586E-022                  0.0000000000000000E+000                  0.0000000000000000E+000 
                                     334                  9.9990904698083938E-001                  2.6629242865088113E-002                  5.0115037856711444E+000                 -2.2689342833881305E+000                  1.0804352494823108E+001                  6.9999999442220762E-001                  2.8000000557779253E-001                  1.9999999999999796E-002                  8.9258179841768577E-022                  0.0000000000000000E+000                  0.0000000000000000E+000 
                                     335                  9.9990575081941924E-001                  2.6525244775373231E-002                  5.0168384061557294E+000                 -2.2590595439961727E+000                  1.0820107348121118E+001                  6.9999999442220762E-001                  2.8000000557779253E-001                  1.9999999999999796E-002                  9.1427970253199554E-022                  0.0000000000000000E+000                  0.0000000000000000E+000 
                                     336                  9.9990233986157084E-001                  2.6419968038473060E-002                  5.0221692633539599E+000                 -2.2491953468195081E+000                  1.0835845459060174E+001                  6.9999999442220762E-001                  2.8000000557779253E-001                  1.9999999999999796E-002                  9.3649281851540237E-022                  0.0000000000000000E+000                  0.0000000000000000E+000 
                                     337                  9.9989881015456417E-001                  2.6313394767018612E-002                  5.0274968757993959E+000                 -2.2393418549343211E+000                  1.0851567423961002E+001                  6.9999999442220762E-001                  2.8000000557779253E-001                  1.9999999999999796E-002                  9.5923276273905853E-022                  0.0000000000000000E+000                  0.0000000000000000E+000 
                                     338                  9.9989515761148340E-001                  2.6205506755877732E-002                  5.0328217475334123E+000                 -2.2294991695777409E+000                  1.0867273817350599E+001                  6.9999999442220762E-001                  2.8000000557779253E-001                  1.9999999999999796E-002                  9.8251153736001671E-022                  0.0000000000000000E+000                  0.0000000000000000E+000 
                                     339                  9.9989137800675421E-001                  2.6096285490885409E-002                  5.0381443592471786E+000                 -2.2196673914097151E+000                  1.0882965192900551E+001                  6.9999999442220762E-001                  2.8000000557779253E-001                  1.9999999999999796E-002                  1.0063414023502168E-021                  0.0000000000000000E+000                  0.0000000000000000E+000 
                                     340                  9.9988746697152620E-001                  2.5985712142838336E-002                  5.0434651691005099E+000                 -2.2098466175574463E+000                  1.0898642084319807E+001                  6.9999999442220762E-001                  2.8000000557779253E-001                  1.9999999999999796E-002                  1.0307348880100649E-021                  0.0000000000000000E+000                  0.0000000000000000E+000 
                                     341                  9.9988341998890518E-001                  2.5873767562101503E-002                  5.0487846167930979E+000                 -2.2000368710467324E+000                  1.0914305006206499E+001                  6.9999999442220762E-001                  2.8000000557779253E-001                  1.9999999999999796E-002                  1.0557049828949060E-021                  0.0000000000000000E+000                  0.0000000000000000E+000 
                                     342                  9.9987923238903187E-001                  2.5760432291536819E-002                  5.0541031288074647E+000                 -2.1902381347702904E+000                  1.0929954454859491E+001                  6.9999999442220762E-001                  2.8000000557779253E-001                  1.9999999999999796E-002                  1.0812650728888913E-021                  0.0000000000000000E+000                  0.0000000000000000E+000 
                                     343                  9.9987489934399831E-001                  2.5645686571539126E-002                  5.0594211203253110E+000                 -2.1804504072344906E+000                  1.0945590909052573E+001                  6.9999999442220762E-001                  2.8000000557779253E-001                  1.9999999999999796E-002                  1.1074288098265419E-021                  0.0000000000000000E+000                  0.0000000000000000E+000 
                                     344                  9.9987041586260272E-001                  2.5529510330687691E-002                  5.0647389953498259E+000                 -2.1706736898995618E+000                  1.0961214830775420E+001                  6.9999999442220762E-001                  2.8000000557779253E-001                  1.9999999999999796E-002                  1.1342101484890656E-021                  0.0000000000000000E+000                  0.0000000000000000E+000 
                                     345                  9.9986577678493083E-001                  2.5411883179438342E-002                  5.0700571484991768E+000                 -2.1609079187402438E+000                  1.0976826665942371E+001                  6.9999999442220762E-001                  2.8000000557779253E-001                  1.9999999999999796E-002                  1.1616235470971961E-021                  0.0000000000000000E+000                  0.0000000000000000E+000 
                                     346                  9.9986097677676555E-001                  2.5292784422461200E-002                  5.0753759673301175E+000                 -2.1511529934068889E+000                  1.0992426845068165E+001                  6.9999999442220762E-001                  2.8000000557779253E-001                  1.9999999999999796E-002                  1.1896839125537711E-021                  0.0000000000000000E+000                  0.0000000000000000E+000 
                                     347                  9.9985601032381233E-001                  2.5172193063872583E-002                  5.0806958331419088E+000                 -2.1414088014761958E+000                  1.1008015783913081E+001                  6.9999999442220762E-001                  2.8000000557779253E-001                  1.9999999999999796E-002                  1.2184065495821999E-021                  0.0000000000000000E+000                  0.0000000000000000E+000 
                                     348                  9.9985087172574083E-001                  2.5050087806197739E-002                  5.0860171209881422E+000                 -2.1316752865816895E+000                  1.1023593884099887E+001                  6.9999999442220762E-001                  2.8000000557779253E-001                  1.9999999999999796E-002                  1.2478069661425364E-021                  0.0000000000000000E+000                  0.0000000000000000E+000 
                                     349                  9.9984555509003281E-001                  2.4926447030097602E-002                  5.0913401990127918E+000                 -2.1219525654031650E+000                  1.1039161533706562E+001                  6.9999999442220762E-001                  2.8000000557779253E-001                  1.9999999999999796E-002                  1.2779004954665696E-021                  0.0000000000000000E+000                  0.0000000000000000E+000 
                                     350                  9.9984005432563250E-001                  2.4801248739241027E-002                  5.0966654277912200E+000                 -2.1122407813933854E+000                  1.1054719107839286E+001                  6.9999999442220762E-001                  2.8000000557779253E-001                  1.9999999999999796E-002                  1.3087027077038003E-021                  0.0000000000000000E+000                  0.0000000000000000E+000 
                                     351                  9.9983436313639384E-001                  2.4674470544658312E-002                  5.1019931602458115E+000                 -2.1025400687910603E+000                  1.1070266969177535E+001                  6.9999999442220762E-001                  2.8000000557779253E-001                  1.9999999999999796E-002                  1.3402295236624851E-021                  0.0000000000000000E+000                  0.0000000000000000E+000 
                                     352                  9.9982847501432015E-001                  2.4546089659090671E-002                  5.1073237426522331E+000                 -2.0928504811064714E+000                  1.1085805468492032E+001                  6.9999999442220762E-001                  2.8000000557779253E-001                  1.9999999999999796E-002                  1.3724974651483717E-021                  0.0000000000000000E+000                  0.0000000000000000E+000 
                                     353                  9.9982238323258799E-001                  2.4416082912731601E-002                  5.1126575171328774E+000                 -2.0831719818978218E+000                  1.1101334945138094E+001                  6.9999999442220762E-001                  2.8000000557779253E-001                  1.9999999999999796E-002                  1.4055237261555166E-021                  0.0000000000000000E+000                  0.0000000000000000E+000 
                                     354                  9.9981608083834606E-001                  2.4284426773127372E-002                  5.1179948233631514E+000                 -2.0735045508681322E+000                  1.1116855727526584E+001                  6.9999999442220762E-001                  2.8000000557779253E-001                  1.9999999999999796E-002                  1.4393258431286482E-021                  0.0000000000000000E+000                  0.0000000000000000E+000 
                                     355                  9.9980956064528692E-001                  2.4151097334038349E-002                  5.1233359989622604E+000                 -2.0638481897463743E+000                  1.1132368133577859E+001                  6.9999999442220762E-001                  2.8000000557779253E-001                  1.9999999999999796E-002                  1.4739216760505843E-021                  0.0000000000000000E+000                  0.0000000000000000E+000 
                                     356                  9.9980281522597736E-001                  2.4016070302037635E-002                  5.1286813812971248E+000                 -2.0542028831334802E+000                  1.1147872471159676E+001                  6.9999999442220762E-001                  2.8000000557779253E-001                  1.9999999999999796E-002                  1.5093295534392755E-021                  0.0000000000000000E+000                  0.0000000000000000E+000 
                                     357                  9.9979583690394580E-001                  2.3879320994848793E-002                  5.1340313104039623E+000                 -2.0445686018900733E+000                  1.1163369038508225E+001                  6.9999999442220762E-001                  2.8000000557779253E-001                  1.9999999999999796E-002                  1.5455682763784250E-021                  0.0000000000000000E+000                  0.0000000000000000E+000 
                                     358                  9.9978861774551675E-001                  2.3740824338789813E-002                  5.1393861305282478E+000                 -2.0349453311889771E+000                  1.1178858124633088E+001                  6.9999999442220762E-001                  2.8000000557779253E-001                  1.9999999999999796E-002                  1.5826570251953675E-021                  0.0000000000000000E+000                  0.0000000000000000E+000 
                                     359                  9.9978114955138508E-001                  2.3600554857288691E-002                  5.1447461890502790E+000                 -2.0253330825060885E+000                  1.1194340009708039E+001                  6.9999999442220762E-001                  2.8000000557779253E-001                  1.9999999999999796E-002                  1.6206153148724443E-021                  0.0000000000000000E+000                  0.0000000000000000E+000 
                                     360                  9.9977342384792112E-001                  2.3458486655008513E-002                  5.1501118265112771E+000                 -2.0157319289811113E+000                  1.1209814965448915E+001                  6.9999999442220762E-001                  2.8000000557779253E-001                  1.9999999999999796E-002                  1.6594628474173564E-021                  0.0000000000000000E+000                  0.0000000000000000E+000 
                                     361                  9.9976543187820022E-001                  2.3314593389549988E-002                  5.1554833646040787E+000                 -2.0061419334617305E+000                  1.1225283255480010E+001                  6.9999999442220762E-001                  2.8000000557779253E-001                  1.9999999999999796E-002                  1.6992197924839616E-021                  0.0000000000000000E+000                  0.0000000000000000E+000 
                                     362                  9.9975716459274777E-001                  2.3168848265775456E-002                  5.1608611028663800E+000                 -1.9965631183166701E+000                  1.1240745135681546E+001                  6.9999999442220762E-001                  2.8000000557779253E-001                  1.9999999999999796E-002                  1.7399069309097898E-021                  0.0000000000000000E+000                  0.0000000000000000E+000 
                                     363                  9.9974861263999570E-001                  2.3021224040519032E-002                  5.1662453142714710E+000                 -1.9869954658272342E+000                  1.1256200854513649E+001                  6.9999999442220762E-001                  2.8000000557779253E-001                  1.9999999999999796E-002                  1.7815456832223316E-021                  0.0000000000000000E+000                  0.0000000000000000E+000 
                                     364                  9.9973976635644324E-001                  2.2871693027917403E-002                  5.1716362301808223E+000                 -1.9774389236971992E+000                  1.1271650653322578E+001                  6.9999999442220762E-001                  2.8000000557779253E-001                  1.9999999999999796E-002                  1.8241581165020466E-021                  0.0000000000000000E+000                  0.0000000000000000E+000 
                                     365                  9.9973061575650735E-001                  2.2720227103529847E-002                  5.1770340277629519E+000                 -1.9678933950007895E+000                  1.1287094766635258E+001                  6.9999999442220762E-001                  2.8000000557779253E-001                  1.9999999999999796E-002                  1.8677670213273217E-021                  0.0000000000000000E+000                  0.0000000000000000E+000 
                                     366                  9.9972115052205368E-001                  2.2566797712637216E-002                  5.1824388282398983E+000                 -1.9583587312902675E+000                  1.1302533422442885E+001                  6.9999999442220762E-001                  2.8000000557779253E-001                  1.9999999999999796E-002                  1.9123959822547903E-021                  0.0000000000000000E+000                  0.0000000000000000E+000 
                                     367                  9.9971135999159733E-001                  2.2411375881866449E-002                  5.1878506954598480E+000                 -1.9488346737432900E+000                  1.1317966842473435E+001                  6.9999999442220762E-001                  2.8000000557779253E-001                  1.9999999999999796E-002                  1.9580697074817338E-021                  0.0000000000000000E+000                  0.0000000000000000E+000 
                                     368                  9.9970123314916393E-001                  2.2253932253252371E-002                  5.1932696335160378E+000                 -1.9393208342890966E+000                  1.1333395242450568E+001                  6.9999999442220762E-001                  2.8000000557779253E-001                  1.9999999999999796E-002                  2.0048142043148192E-021                  0.0000000000000000E+000                  0.0000000000000000E+000 
                                     369                  9.9969075861280077E-001                  2.2094437127775358E-002                  5.1986955866780162E+000                 -1.9298167519266176E+000                  1.1348818832337937E+001                  6.9999999442220762E-001                  2.8000000557779253E-001                  1.9999999999999796E-002                  2.0526565906033485E-021                  0.0000000000000000E+000                  0.0000000000000000E+000 
                                     370                  9.9967992462272759E-001                  2.1932860491067178E-002                  5.2041284424380176E+000                 -1.9203218918389422E+000                  1.1364237816572121E+001                  6.9999999442220762E-001                  2.8000000557779253E-001                  1.9999999999999796E-002                  2.1016251689544400E-021                  0.0000000000000000E+000                  0.0000000000000000E+000 
                                     371                  9.9966871902911403E-001                  2.1769172041330997E-002                  5.2095680426678683E+000                 -1.9108355897569769E+000                  1.1379652394284198E+001                  6.9999999442220762E-001                  2.8000000557779253E-001                  1.9999999999999796E-002                  2.1517497986520623E-021                  0.0000000000000000E+000                  0.0000000000000000E+000 
                                     372                  9.9965712927947659E-001                  2.1603341240490244E-002                  5.2150141977121391E+000                 -1.9013571072494857E+000                  1.1395062759506098E+001                  6.9999999442220762E-001                  2.8000000557779253E-001                  1.9999999999999796E-002                  2.2030617080552941E-021                  0.0000000000000000E+000                  0.0000000000000000E+000 
                                     373                  9.9964514240568070E-001                  2.1435337347459203E-002                  5.2204666921042859E+000                 -1.8918856783128168E+000                  1.1410469101358178E+001                  6.9999999442220762E-001                  2.8000000557779253E-001                  1.9999999999999796E-002                  2.2555933186965762E-021                  0.0000000000000000E+000                  0.0000000000000000E+000 
                                     374                  9.9963274501054911E-001                  2.1265129435495293E-002                  5.2259252997569909E+000                 -1.8824205237248539E+000                  1.1425871604215114E+001                  6.9999999442220762E-001                  2.8000000557779253E-001                  1.9999999999999796E-002                  2.3093782214386572E-021                  0.0000000000000000E+000                  0.0000000000000000E+000 
                                     375                  9.9961992325406379E-001                  2.1092686405104134E-002                  5.2313898415301736E+000                 -1.8729609008979131E+000                  1.1441270447857683E+001                  6.9999999442220762E-001                  2.8000000557779253E-001                  1.9999999999999796E-002                  2.3644509343687517E-021                  0.0000000000000000E+000                  0.0000000000000000E+000 
                                     376                  9.9960666283914268E-001                  2.0917976977653217E-002                  5.2368602372754918E+000                 -1.8635061647009716E+000                  1.1456665807620919E+001                  6.9999999442220762E-001                  2.8000000557779253E-001                  1.9999999999999796E-002                  2.4208465536821793E-021                  0.0000000000000000E+000                  0.0000000000000000E+000 
                                     377                  9.9959294899697770E-001                  2.0740969663603073E-002                  5.2423365140823739E+000                 -1.8540557779029634E+000                  1.1472057854543328E+001                  6.9999999442220762E-001                  2.8000000557779253E-001                  1.9999999999999796E-002                  2.4786006619966167E-021                  0.0000000000000000E+000                  0.0000000000000000E+000 
                                     378                  9.9957876647191579E-001                  2.0561632724176555E-002                  5.2478188368679515E+000                 -1.8446093485366879E+000                  1.1487446755518098E+001                  6.9999999442220762E-001                  2.8000000557779253E-001                  1.9999999999999796E-002                  2.5377490530105936E-021                  0.0000000000000000E+000                  0.0000000000000000E+000 
                                     379                  9.9956409950587666E-001                  2.0379934114689885E-002                  5.2533075743097779E+000                 -1.8351667284721143E+000                  1.1502832673449062E+001                  6.9999999442220762E-001                  2.8000000557779253E-001                  1.9999999999999796E-002                  2.5983270193765129E-021                  0.0000000000000000E+000                  0.0000000000000000E+000 
                                     380                  9.9954893182228777E-001                  2.0195841382265510E-002                  5.2588033307150335E+000                 -1.8257280646513367E+000                  1.1518215767417297E+001                  6.9999999442220762E-001                  2.8000000557779253E-001                  1.9999999999999796E-002                  2.6603688541602919E-021                  0.0000000000000000E+000                  0.0000000000000000E+000 
                                     381                  9.9953324660952536E-001                  2.0009321534688474E-002                  5.2643069282365129E+000                 -1.8162938186203388E+000                  1.1533596192862325E+001                  6.9999999442220762E-001                  2.8000000557779253E-001                  1.9999999999999796E-002                  2.7239075048026172E-021                  0.0000000000000000E+000                  0.0000000000000000E+000 
                                     382                  9.9951702650384300E-001                  1.9820340892160324E-002                  5.2698193212996758E+000                 -1.8068649527343938E+000                  1.1548974101779434E+001                  6.9999999442220762E-001                  2.8000000557779253E-001                  1.9999999999999796E-002                  2.7889730259603168E-021                  0.0000000000000000E+000                  0.0000000000000000E+000 
                                     383                  9.9950025357177941E-001                  1.9628864847355119E-002                  5.2753414915703356E+000                 -1.7974426126642742E+000                  1.1564349642940822E+001                  6.9999999442220762E-001                  2.8000000557779253E-001                  1.9999999999999796E-002                  2.8555944256846927E-021                  0.0000000000000000E+000                  0.0000000000000000E+000 
                                     384                  9.9948290929203298E-001                  1.9434857752011717E-002                  5.2808744163285812E+000                 -1.7880279282030691E+000                  1.1579722962111287E+001                  6.9999999442220762E-001                  2.8000000557779253E-001                  1.9999999999999796E-002                  2.9238009475059429E-021                  0.0000000000000000E+000                  0.0000000000000000E+000 
                                     385                  9.9946497453680760E-001                  1.9238282887403813E-002                  5.2864190290227864E+000                 -1.7786220742301309E+000                  1.1595094202247861E+001                  6.9999999442220762E-001                  2.8000000557779253E-001                  1.9999999999999796E-002                  2.9936216003917634E-021                  0.0000000000000000E+000                  0.0000000000000000E+000 
                                     386                  9.9944642955260343E-001                  1.9039102406153412E-002                  5.2919760755743681E+000                 -1.7692262697567656E+000                  1.1610463503698556E+001                  6.9999999442220762E-001                  2.8000000557779253E-001                  1.9999999999999796E-002                  3.0650850971551487E-021                  0.0000000000000000E+000                  0.0000000000000000E+000 
                                     387                  9.9942725394042353E-001                  1.8837277271786017E-002                  5.2975459974872061E+000                 -1.7598414143200554E+000                  1.1625831004405031E+001                  6.9999999442220762E-001                  2.8000000557779253E-001                  1.9999999999999796E-002                  3.1382226499596100E-021                  0.0000000000000000E+000                  0.0000000000000000E+000 
                                     388                  9.9940742663538396E-001                  1.8632767366776517E-002                  5.3031289275904498E+000                 -1.7504680343668466E+000                  1.1641196840085989E+001                  6.9999999442220762E-001                  2.8000000557779253E-001                  1.9999999999999796E-002                  3.5104170657491982E-021                  0.0000000000000000E+000                  0.0000000000000000E+000 
                                     389                  9.9938692588570532E-001                  1.8425531634933792E-002                  5.3087247461835503E+000                 -1.7411062096329926E+000                  1.1656561144397227E+001                  6.9999999442220762E-001                  2.8000000557779253E-001                  1.9999999999999796E-002                  4.5472537022203045E-021                  0.0000000000000000E+000                  0.0000000000000000E+000 
                                     390                  9.9936572923107114E-001                  1.8215528270287582E-002                  5.3143331685799282E+000                 -1.7317557145253595E+000                  1.1671924049062822E+001                  6.9999999442220751E-001                  2.8000000557779253E-001                  2.0000000000000018E-002                  5.8870842088805692E-021                  0.0000000000000000E+000                  0.0000000000000000E+000 
                                     391                  9.9934381348033241E-001                  1.8002714850518901E-002                  5.3199537839224593E+000                 -1.7224161981402450E+000                  1.1687285683986333E+001                  6.9999999442220751E-001                  2.8000000557779253E-001                  2.0000000000000018E-002                  7.6173482309206017E-021                  0.0000000000000000E+000                  0.0000000000000000E+000 
                                     392                  9.9932115468854144E-001                  1.7787048390689439E-002                  5.3255860675311375E+000                 -1.7130871467852171E+000                  1.1702646177353545E+001                  6.9999999442220751E-001                  2.8000000557779253E-001                  2.0000000000000018E-002                  9.8503133929645837E-021                  0.0000000000000000E+000                  0.0000000000000000E+000 
                                     393                  9.9929772813329354E-001                  1.7568485419990568E-002                  5.3312294494867869E+000                 -1.7037677883305249E+000                  1.1718005655717098E+001                  6.9999999442220751E-001                  2.8000000557779253E-001                  2.0000000000000018E-002                  1.2730011242746718E-020                  0.0000000000000000E+000                  0.0000000000000000E+000 
                                     394                  9.9927350829037909E-001                  1.7346982113116610E-002                  5.3368833855404816E+000                 -1.6944573481708636E+000                  1.1733364244043827E+001                  6.9999999442220751E-001                  2.8000000557779253E-001                  2.0000000000000018E-002                  1.6441086061430437E-020                  0.0000000000000000E+000                  0.0000000000000000E+000 
                                     395                  9.9924846880875018E-001                  1.7122494298867471E-002                  5.3425473697003101E+000                 -1.6851551209929609E+000                  1.1748722065745737E+001                  6.9999999442220751E-001                  2.8000000557779253E-001                  2.0000000000000018E-002                  2.1220052419047382E-020                  0.0000000000000000E+000                  0.0000000000000000E+000 
                                     396                  9.9922258248475715E-001                  1.6894977431822167E-002                  5.3482209351728773E+000                 -1.6758604161549688E+000                  1.1764079242713013E+001                  6.9999999442220751E-001                  2.8000000557779253E-001                  2.0000000000000018E-002                  2.7369618089038897E-020                  0.0000000000000000E+000                  0.0000000000000000E+000 
                                     397                  9.9919582123562567E-001                  1.6664386591033691E-002                  5.3539036601585615E+000                 -1.6665725422785955E+000                  1.1779435895349181E+001                  6.9999999442220751E-001                  2.8000000557779253E-001                  2.0000000000000018E-002                  3.5276899265807348E-020                  0.0000000000000000E+000                  0.0000000000000000E+000 
                                     398                  9.9916815607215226E-001                  1.6430676486928947E-002                  5.3595951715053642E+000                 -1.6572908656548977E+000                  1.1794792142607601E+001                  6.9999999442220751E-001                  2.8000000557779253E-001                  2.0000000000000018E-002                  4.5436558461832032E-020                  0.0000000000000000E+000                  0.0000000000000000E+000 
                                     399                  9.9913955707059443E-001                  1.6193801436765336E-002                  5.3652951433036025E+000                 -1.6480148206127467E+000                  1.1810148102033734E+001                  6.9999999442220751E-001                  2.8000000557779253E-001                  2.0000000000000018E-002                  5.8480173768748311E-020                  0.0000000000000000E+000                  0.0000000000000000E+000 
                                     400                  9.9910999334373463E-001                  1.5953715332618492E-002                  5.3710032893960422E+000                 -1.6387439161107604E+000                  1.1825503889814103E+001                  6.9999999442220751E-001                  2.8000000557779253E-001                  2.0000000000000018E-002                  7.5213473066018589E-020                  0.0000000000000000E+000                  0.0000000000000000E+000 
                                     401                  9.9907943301109348E-001                  1.5710371603419610E-002                  5.3767193553038064E+000                 -1.6294777001197107E+000                  1.1840859620832708E+001                  6.9999999442220751E-001                  2.8000000557779253E-001                  2.0000000000000018E-002                  9.6663508441289341E-020                  0.0000000000000000E+000                  0.0000000000000000E+000 
                                     402                  9.9904784316826900E-001                  1.5463723194627792E-002                  5.3824431161256019E+000                 -1.6202157478603192E+000                  1.1856215408728197E+001                  6.9999999442220751E-001                  2.8000000557779253E-001                  2.0000000000000018E-002                  1.2413839017805051E-019                  0.0000000000000000E+000                  0.0000000000000000E+000 
                                     403                  9.9901518985539450E-001                  1.5213722553476880E-002                  5.3881743731154019E+000                 -1.6109576710880293E+000                  1.1871571365936715E+001                  6.9999999442220751E-001                  2.8000000557779253E-001                  2.0000000000000018E-002                  1.5930283758639218E-019                  0.0000000000000000E+000                  0.0000000000000000E+000 
                                     404                  9.9898143802473749E-001                  1.4960321608353644E-002                  5.3939129466206195E+000                 -1.6017031240879223E+000                  1.1886927603718254E+001                  6.9999999442220751E-001                  2.8000000557779253E-001                  2.0000000000000018E-002                  2.0427363151543975E-019                  0.0000000000000000E+000                  0.0000000000000000E+000 
                                     405                  9.9894655150739919E-001                  1.4703471743593035E-002                  5.3996586722763871E+000                 -1.5924517899052617E+000                  1.1902284232181454E+001                  6.9999999442220751E-001                  2.8000000557779253E-001                  2.0000000000000018E-002                  2.6174014437058250E-019                  0.0000000000000000E+000                  0.0000000000000000E+000 
                                     406                  9.9891049297906087E-001                  1.4443123780927509E-002                  5.4054114005974316E+000                 -1.5832033720951590E+000                  1.1917641360313521E+001                  6.9999999442220751E-001                  2.8000000557779253E-001                  2.0000000000000018E-002                  3.3511642392922779E-019                  0.0000000000000000E+000                  0.0000000000000000E+000 
                                     407                  9.9887322392474820E-001                  1.4179227964861403E-002                  5.4111709935342054E+000                 -1.5739575785874285E+000                  1.1932999096015077E+001                  6.9999999442220751E-001                  2.8000000557779253E-001                  2.0000000000000018E-002                  4.2873287803983786E-019                  0.0000000000000000E+000                  0.0000000000000000E+000 
                                     408                  9.9883470460259083E-001                  1.3911733957187818E-002                  5.4169373206127460E+000                 -1.5647141244019371E+000                  1.1948357546138748E+001                  6.9999999442220751E-001                  2.8000000557779253E-001                  2.0000000000000018E-002                  5.4807764003710580E-019                  0.0000000000000000E+000                  0.0000000000000000E+000 
                                     409                  9.9879489400654620E-001                  1.3640590829633266E-002                  5.4227102583246225E+000                 -1.5554727380596125E+000                  1.1963716816531877E+001                  6.9999999442220751E-001                  2.8000000557779253E-001                  2.0000000000000018E-002                  7.0010029334050636E-019                  0.0000000000000000E+000                  0.0000000000000000E+000 
                                     410                  9.9875374982806053E-001                  1.3365747052159167E-002                  5.4284896896985844E+000                 -1.5462331728436500E+000                  1.1979077012083595E+001                  6.9999999442220751E-001                  2.8000000557779253E-001                  2.0000000000000018E-002                  8.9359369930092899E-019                  0.0000000000000000E+000                  0.0000000000000000E+000 
                                     411                  9.9871122841664117E-001                  1.3087150473448470E-002                  5.4342755028570195E+000                 -1.5369952007666026E+000                  1.1994438236769495E+001                  6.9999999442220751E-001                  2.8000000557779253E-001                  2.0000000000000018E-002                  1.1396735873757028E-018                  0.0000000000000000E+000                  0.0000000000000000E+000 
                                     412                  9.9866728473935185E-001                  1.2804748304461499E-002                  5.4400675901680779E+000                 -1.5277585977769821E+000                  1.2009800593679044E+001                  6.9999999442220751E-001                  2.8000000557779253E-001                  2.0000000000000018E-002                  1.4523804758271889E-018                  0.0000000000000000E+000                  0.0000000000000000E+000 
                                     413                  9.9862187233925526E-001                  1.2518487111432084E-002                  5.4458658482212918E+000                 -1.5185231470677507E+000                  1.2025164185028625E+001                  6.9999999442220751E-001                  2.8000000557779253E-001                  2.0000000000000018E-002                  1.8494344151662142E-018                  0.0000000000000000E+000                  0.0000000000000000E+000 
                                     414                  9.9857494329272345E-001                  1.2228312806590556E-002                  5.4516701776386469E+000                 -1.5092886508115950E+000                  1.2040529112175646E+001                  6.9999999442220751E-001                  2.8000000557779253E-001                  2.0000000000000018E-002                  2.3531805020204271E-018                  0.0000000000000000E+000                  0.0000000000000000E+000 
                                     415                  9.9852644816556557E-001                  1.1934170630575376E-002                  5.4574804828345158E+000                 -1.5000549183884986E+000                  1.2055895475639405E+001                  6.9999999442220751E-001                  2.8000000557779253E-001                  2.0000000000000018E-002                  2.9917724951318397E-018                  0.0000000000000000E+000                  0.0000000000000000E+000 
                                     416                  9.9847633596794072E-001                  1.1636005141966355E-002                  5.4632966719861287E+000                 -1.4908217615962596E+000                  1.2071263375127756E+001                  6.9999999442220751E-001                  2.8000000557779253E-001                  2.0000000000000018E-002                  3.8006531601027219E-018                  0.0000000000000000E+000                  0.0000000000000000E+000 
                                     417                  9.9842455410802389E-001                  1.1333760209721110E-002                  5.4691186576526514E+000                 -1.4815889857127114E+000                  1.2086632909569149E+001                  6.9999999442220751E-001                  2.8000000557779253E-001                  2.0000000000000018E-002                  4.8244043443093891E-018                  0.0000000000000000E+000                  0.0000000000000000E+000 
                                     418                  9.9837104834439561E-001                  1.1027379011695319E-002                  5.4749463578141508E+000                 -1.4723563983413051E+000                  1.2102004177148855E+001                  6.9999999442220751E-001                  2.8000000557779253E-001                  2.0000000000000018E-002                  6.1190569886616046E-018                  0.0000000000000000E+000                  0.0000000000000000E+000 
                                     419                  9.9831576273711931E-001                  1.0716804027024098E-002                  5.4807796962341211E+000                 -1.4631238207717299E+000                  1.2117377275344555E+001                  6.9999999442220751E-001                  2.8000000557779253E-001                  2.0000000000000018E-002                  7.7549728979699108E-018                  0.0000000000000000E+000                  0.0000000000000000E+000 
                                     420                  9.9825863959751704E-001                  1.0401977020267633E-002                  5.4866186032455460E+000                 -1.4538910853837665E+000                  1.2132752300947692E+001                  6.9999999442220751E-001                  2.8000000557779253E-001                  2.0000000000000018E-002                  9.8204372846939174E-018                  0.0000000000000000E+000                  0.0000000000000000E+000 
                                     421                  9.9819961943669044E-001                  1.0082839027254459E-002                  5.4924630189921055E+000                 -1.4446580338121282E+000                  1.2148129350071731E+001                  6.9999999442220751E-001                  2.8000000557779253E-001                  2.0000000000000018E-002                  1.2426134696328157E-017                  0.0000000000000000E+000                  0.0000000000000000E+000 
                                     422                  9.9813864091269044E-001                  9.7593303418376225E-003                  5.4983128958187670E+000                 -1.4354245248027153E+000                  1.2163508518162983E+001                  6.9999999442220751E-001                  2.8000000557779253E-001                  2.0000000000000018E-002                  1.5710720406106235E-017                  0.0000000000000000E+000                  0.0000000000000000E+000 
                                     423                  9.9807564077627231E-001                  9.4313904960471266E-003                  5.5041681979250709E+000                 -1.4261904367699902E+000                  1.2178889900020373E+001                  6.9999999442220751E-001                  2.8000000557779253E-001                  2.0000000000000018E-002                  1.9847748948566240E-017                  0.0000000000000000E+000                  0.0000000000000000E+000 
                                     424                  9.9801055381519066E-001                  9.0989582372245654E-003                  5.5100289019973134E+000                 -1.4169556899647886E+000                  1.2194273589824736E+001                  6.9999999442220751E-001                  2.8000000557779253E-001                  2.0000000000000018E-002                  2.5054283896556336E-017                  0.0000000000000000E+000                  0.0000000000000000E+000 
                                     425                  9.9794331279700310E-001                  8.7619714866120583E-003                  5.5158949988790589E+000                 -1.4077202318903435E+000                  1.2209659681179883E+001                  6.9999999442220751E-001                  2.8000000557779253E-001                  2.0000000000000018E-002                  3.1601592496109197E-017                  0.0000000000000000E+000                  0.0000000000000000E+000 
                                     426                  9.9787384841034299E-001                  8.4203673068497346E-003                  5.5217664942080322E+000                 -1.3984840230678692E+000                  1.2225048267163189E+001                  6.9999999442220751E-001                  2.8000000557779253E-001                  2.0000000000000018E-002                  3.9828418179062345E-017                  0.0000000000000000E+000                  0.0000000000000000E+000 
                                     427                  9.9780208920462876E-001                  8.0740818789789490E-003                  5.5276434048469509E+000                 -1.3892470658308176E+000                  1.2240439440375082E+001                  6.9999999442220751E-001                  2.8000000557779253E-001                  2.0000000000000018E-002                  5.0157429049346803E-017                  0.0000000000000000E+000                  0.0000000000000000E+000 
                                     428                  9.9772796152825272E-001                  7.7230504553842507E-003                  5.5335257501417860E+000                 -1.3800094116098995E+000                  1.2255833292980631E+001                  6.9999999442220751E-001                  2.8000000557779253E-001                  2.0000000000000018E-002                  6.3115580500336531E-017                  0.0000000000000000E+000                  0.0000000000000000E+000 
                                     429                  9.9765138946524567E-001                  7.3672073044211920E-003                  5.5394135474093513E+000                 -1.3707711008576549E+000                  1.2271229916752656E+001                  6.9999999442220751E-001                  2.8000000557779253E-001                  2.0000000000000018E-002                  7.9359324061940767E-017                  0.0000000000000000E+000                  0.0000000000000000E+000 
                                     430                  9.9757229477029774E-001                  7.0064857016586763E-003                  5.5453068126098435E+000                 -1.3615321657957173E+000                  1.2286629403121777E+001                  6.9999999442220751E-001                  2.8000000557779253E-001                  2.0000000000000018E-002                  9.9705783515557002E-017                  0.0000000000000000E+000                  0.0000000000000000E+000 
                                     431                  9.9749059680207131E-001                  6.6408179188007649E-003                  5.5512055536306386E+000                 -1.3522926540733122E+000                  1.2302031843235609E+001                  6.9999999442220751E-001                  2.8000000557779253E-001                  2.0000000000000018E-002                  1.2517124066361954E-016                  0.0000000000000000E+000                  0.0000000000000000E+000 
                                     432                  9.9740621245476302E-001                  6.2701351921613654E-003                  5.5571097617359166E+000                 -1.3430526034254748E+000                  1.2317437328030293E+001                  6.9999999442220751E-001                  2.8000000557779253E-001                  2.0000000000000018E-002                  1.5701861534545012E-016                  0.0000000000000000E+000                  0.0000000000000000E+000 
                                     433                  9.9731905608786853E-001                  5.8943677114338200E-003                  5.5630194106632747E+000                 -1.3338120274778680E+000                  1.2332845948311190E+001                  6.9999999442220751E-001                  2.8000000557779253E-001                  2.0000000000000018E-002                  1.9681601857655218E-016                  0.0000000000000000E+000                  0.0000000000000000E+000 
                                     434                  9.9722903945409735E-001                  5.5134446207057274E-003                  5.5689344596947992E+000                 -1.3245708937488763E+000                  1.2348257794837718E+001                  6.9999999442220751E-001                  2.8000000557779259E-001                  1.9999999999999907E-002                  2.4650891416672261E-016                  0.0000000000000000E+000                  0.0000000000000000E+000 
                                     435                  9.9713607162543316E-001                  5.1272940399272118E-003                  5.5748548569581180E+000                 -1.3153291344473206E+000                  1.2363672958400523E+001                  6.9999999442220751E-001                  2.8000000557779259E-001                  1.9999999999999907E-002                  3.0850894671681293E-016                  0.0000000000000000E+000                  0.0000000000000000E+000 
                                     436                  9.9704005891736414E-001                  4.7358430791800792E-003                  5.5807805399460158E+000                 -1.3060866744484234E+000                  1.2379091529891545E+001                  6.9999999442220751E-001                  2.8000000557779259E-001                  1.9999999999999907E-002                  3.8580315214618750E-016                  0.0000000000000000E+000                  0.0000000000000000E+000 
                                     437                  9.9694090481119246E-001                  4.3390178291102862E-003                  5.5867114362391748E+000                 -1.2968434139647285E+000                  1.2394513600378016E+001                  6.9999999442220751E-001                  2.8000000557779259E-001                  1.9999999999999907E-002                  4.8208817615918726E-016                  0.0000000000000000E+000                  0.0000000000000000E+000 
                                     438                  9.9683850987434119E-001                  3.9367433672779202E-003                  5.5926474696095854E+000                 -1.2875992036738890E+000                  1.2409939261182561E+001                  6.9999999442220751E-001                  2.8000000557779259E-001                  1.9999999999999907E-002                  6.0193518604838643E-016                  0.0000000000000000E+000                  0.0000000000000000E+000 
                                     439                  9.9673277167859087E-001                  3.5289437888158686E-003                  5.5985885650976739E+000                 -1.2783538939337262E+000                  1.2425368603966920E+001                  6.9999999442220751E-001                  2.8000000557779259E-001                  1.9999999999999907E-002                  7.5099216511473154E-016                  0.0000000000000000E+000                  0.0000000000000000E+000 
                                     440                  9.9662358471618573E-001                  3.1155421927793066E-003                  5.6045346488162027E+000                 -1.2691073400050836E+000                  1.2440801720827359E+001                  6.9999999442220751E-001                  2.8000000557779259E-001                  1.9999999999999907E-002                  9.3623186690677097E-016                  0.0000000000000000E+000                  0.0000000000000000E+000 
                                     441                  9.9651084031373072E-001                  2.6964606627353964E-003                  5.6104856491038904E+000                 -1.2598593795604205E+000                  1.2456238704407347E+001                  6.9999999442220751E-001                  2.8000000557779259E-001                  1.9999999999999907E-002                  1.1662556307508813E-015                  0.0000000000000000E+000                  0.0000000000000000E+000 
                                     442                  9.9639442654375399E-001                  2.2716202680243347E-003                  5.6164414990010663E+000                 -1.2506098464675819E+000                  1.2471679648017231E+001                  6.9999999442220751E-001                  2.8000000557779259E-001                  1.9999999999999907E-002                  1.4516652560460061E-015                  0.0000000000000000E+000                  0.0000000000000000E+000 
                                     443                  9.9627422813402344E-001                  1.8409410521040075E-003                  5.6224021369217567E+000                 -1.2413585837680530E+000                  1.2487124645747631E+001                  6.9999999442220751E-001                  2.8000000557779259E-001                  1.9999999999999907E-002                  1.8055177585511862E-015                  0.0000000000000000E+000                  0.0000000000000000E+000 
                                     444                  9.9615012637463485E-001                  1.4043420078427020E-003                  5.6283675063486731E+000                 -1.2321054394252842E+000                  1.2502573792578476E+001                  6.9999999442220751E-001                  2.8000000557779259E-001                  1.9999999999999907E-002                  2.2438810933304125E-015                  0.0000000000000000E+000                  0.0000000000000000E+000 
                                     445                  9.9602199902276800E-001                  9.6174105607630365E-004                  5.6343375557782709E+000                 -1.2228502631528821E+000                  1.2518027184488320E+001                  6.9999999442220751E-001                  2.8000000557779259E-001                  1.9999999999999907E-002                  2.7865127264934118E-015                  0.0000000000000000E+000                  0.0000000000000000E+000 
                                     446                  9.9588972020503652E-001                  5.1305502649365959E-004                  5.6403122388408384E+000                 -1.2135929100542757E+000                  1.2533484918566501E+001                  6.9999999442220751E-001                  2.8000000557779259E-001                  1.9999999999999907E-002                  3.4576875175510389E-015                  0.0000000000000000E+000                  0.0000000000000000E+000 
                                     447                  9.9575316031734806E-001                  5.8199633896468922E-005                  5.6462915142611374E+000                 -1.2043332419788122E+000                  1.2548947093140248E+001                  6.9999999442220751E-001                  2.8000000557779259E-001                  1.9999999999999907E-002                  4.2872069806909406E-015                  0.0000000000000000E+000                  0.0000000000000000E+000 
                                     448                  9.9561218592202438E-001                 -4.0291054872977226E-004                  5.6522753453697199E+000                 -1.1950711287722382E+000                  1.2564413807930043E+001                  6.9999999442220751E-001                  2.8000000557779259E-001                  1.9999999999999907E-002                  5.3116286153589224E-015                  0.0000000000000000E+000                  0.0000000000000000E+000 
                                     449                  9.9546665964201786E-001                 -8.7036212067793202E-004                  5.6582636997224967E+000                 -1.1858064443404686E+000                  1.2579885164208608E+001                  6.9999999442220751E-001                  2.8000000557779259E-001                  1.9999999999999907E-002                  6.5757622235549163E-015                  0.0000000000000000E+000                  0.0000000000000000E+000 
                                     450                  9.9531644005263153E-001                 -1.3442428803981693E-003                  5.6642565492035128E+000                 -1.1765390673644409E+000                  1.2595361264936177E+001                  6.9999999442220751E-001                  2.8000000557779259E-001                  1.9999999999999907E-002                  8.1344897616568747E-015                  0.0000000000000000E+000                  0.0000000000000000E+000 
                                     451                  9.9516138157073186E-001                 -1.8246418535698002E-003                  5.6702538697828837E+000                 -1.1672688840370045E+000                  1.2610842214873976E+001                  6.9999999442220751E-001                  2.8000000557779259E-001                  1.9999999999999907E-002                  1.0054976795489991E-014                  0.0000000000000000E+000                  0.0000000000000000E+000 
                                     452                  9.9500133434139082E-001                 -2.3116493248104392E-003                  5.6762556410480656E+000                 -1.1579957848639983E+000                  1.2626328120680874E+001                  6.9999999442220751E-001                  2.8000000557779259E-001                  1.9999999999999907E-002                  1.2419357857410589E-014                  0.0000000000000000E+000                  0.0000000000000000E+000 
                                     453                  9.9483614412190180E-001                 -2.8053568665991281E-003                  5.6822618461774814E+000                 -1.1487196620056705E+000                  1.2641819091004544E+001                  6.9999999442220751E-001                  2.8000000557779259E-001                  1.9999999999999907E-002                  1.5327994875239784E-014                  0.0000000000000000E+000                  0.0000000000000000E+000 
                                     454                  9.9466565216291902E-001                 -3.3058573664369161E-003                  5.6882724719359263E+000                 -1.1394404103773701E+000                  1.2657315236596460E+001                  6.9999999442220751E-001                  2.8000000557779259E-001                  1.9999999999999907E-002                  1.8903427730321010E-014                  0.0000000000000000E+000                  0.0000000000000000E+000 
                                     455                  9.9448969508620444E-001                 -3.8132450576955370E-003                  5.6942875083141029E+000                 -1.1301579278421967E+000                  1.2672816670441986E+001                  6.9999999442220751E-001                  2.8000000557779259E-001                  1.9999999999999907E-002                  2.3295160159228705E-014                  0.0000000000000000E+000                  0.0000000000000000E+000 
                                     456                  9.9430810475947096E-001                 -4.3276155515377069E-003                  5.7003069483516580E+000                 -1.1208721134322885E+000                  1.2688323507863617E+001                  6.9999999442220751E-001                  2.8000000557779259E-001                  1.9999999999999907E-002                  2.8685453535582370E-014                  0.0000000000000000E+000                  0.0000000000000000E+000 
                                     457                  9.9412070816863629E-001                 -4.8490658665660720E-003                  5.7063307883575742E+000                 -1.1115828669964805E+000                  1.2703835866583672E+001                  6.9999999442220751E-001                  2.8000000557779259E-001                  1.9999999999999907E-002                  3.5296335661224210E-014                  0.0000000000000000E+000                  0.0000000000000000E+000 
                                     458                  9.9392732728751276E-001                 -5.3776944577282422E-003                  5.7123590283039318E+000                 -1.1022900888330491E+000                  1.2719353866748049E+001                  6.9999999442220751E-001                  2.8000000557779259E-001                  1.9999999999999907E-002                  4.3398073194206956E-014                  0.0000000000000000E+000                  0.0000000000000000E+000 
                                     459                  9.9372777894495223E-001                 -5.9136012443128799E-003                  5.7183916720359598E+000                 -1.0929936810503653E+000                  1.2734877630921140E+001                  6.9999999442220751E-001                  2.8000000557779259E-001                  1.9999999999999907E-002                  5.3319405323449121E-014                  0.0000000000000000E+000                  0.0000000000000000E+000 
                                     460                  9.9352187468926589E-001                 -6.4568876397657271E-003                  5.7244287273311958E+000                 -1.0836935481820604E+000                  1.2750407284087864E+001                  6.9999999442220751E-001                  2.8000000557779259E-001                  1.9999999999999907E-002                  6.5459895827947442E-014                  0.0000000000000000E+000                  0.0000000000000000E+000 
                                     461                  9.9330942064919348E-001                 -7.0076565842986435E-003                  5.7304702074248084E+000                 -1.0743896008196199E+000                  1.2765942953674747E+001                  6.9999999442220751E-001                  2.8000000557779259E-001                  1.9999999999999907E-002                  8.0304834196393722E-014                  0.0000000000000000E+000                  0.0000000000000000E+000 
                                     462                  9.9309021739169145E-001                 -7.5660125834524101E-003                  5.7365161330771866E+000                 -1.0650817556531065E+000                  1.2781484769553863E+001                  6.9999999442220751E-001                  2.8000000557779259E-001                  1.9999999999999907E-002                  9.8443201017207548E-014                  0.0000000000000000E+000                  0.0000000000000000E+000 
                                     463                  9.9286405977714964E-001                 -8.1320617466665857E-003                  5.7425665329176407E+000                 -1.0557699346872733E+000                  1.2797032864004310E+001                  6.9999999442220751E-001                  2.8000000557779259E-001                  1.9999999999999907E-002                  1.2058930753189887E-013                  0.0000000000000000E+000                  0.0000000000000000E+000 
                                     464                  9.9263073681221159E-001                 -8.7059118244329371E-003                  5.7486214426342794E+000                 -1.0464540756223046E+000                  1.2812587371628132E+001                  6.9999999442220751E-001                  2.8000000557779259E-001                  1.9999999999999907E-002                  1.4760883706903314E-013                  0.0000000000000000E+000                  0.0000000000000000E+000 
                                     465                  9.9239003150032457E-001                 -9.2876722588035102E-003                  5.7546809041730382E+000                 -1.0371341316004616E+000                  1.2828148429229103E+001                  6.9999999442220751E-001                  2.8000000557779259E-001                  1.9999999999999907E-002                  1.8055016886477072E-013                  0.0000000000000000E+000                  0.0000000000000000E+000 
                                     466                  9.9214172068994921E-001                 -9.8774542343049582E-003                  5.7607449657453973E+000                 -1.0278100569319872E+000                  1.2843716175689277E+001                  6.9999999442220751E-001                  2.8000000557779259E-001                  1.9999999999999907E-002                  2.2068203958720028E-013                  0.0000000000000000E+000                  0.0000000000000000E+000 
                                     467                  9.9188557491961205E-001                 -1.0475370712017540E-002                  5.7668136803733416E+000                 -1.0184818113909844E+000                  1.2859290751862256E+001                  6.9999999442220751E-001                  2.8000000557779259E-001                  1.9999999999999907E-002                  2.6953876782388798E-013                  0.0000000000000000E+000                  0.0000000000000000E+000 
                                     468                  9.9162135825993891E-001                 -1.1081536470798976E-002                  5.7728870990482877E+000                 -1.0091493648176448E+000                  1.2874872300456991E+001                  6.9999999442220751E-001                  2.8000000557779259E-001                  1.9999999999999907E-002                  3.2897447841925660E-013                  0.0000000000000000E+000                  0.0000000000000000E+000 
                                     469                  9.9134882815338077E-001                 -1.1696068154969718E-002                  5.7789652653026202E+000                 -9.9981267717703326E-001                  1.2890460965889160E+001                  6.9999999442220751E-001                  2.8000000557779259E-001                  1.9999999999999907E-002                  4.0122811468481282E-013                  0.0000000000000000E+000                  0.0000000000000000E+000 
                                     470                  9.9106773525189373E-001                 -1.2319084293416273E-002                  5.7850482153710470E+000                 -9.9047169380799860E-001                  1.2906056894090446E+001                  6.9999999442220751E-001                  2.8000000557779259E-001                  1.9999999999999907E-002                  4.8900135748803271E-013                  0.0000000000000000E+000                  0.0000000000000000E+000 
                                     471                  9.9077782325282959E-001                 -1.2950705309386919E-002                  5.7911359766332318E+000                 -9.8112633437810359E-001                  1.2921660232275995E+001                  6.9999999442220751E-001                  2.8000000557779259E-001                  1.9999999999999907E-002                  5.9555189808941797E-013                  0.0000000000000000E+000                  0.0000000000000000E+000 
                                     472                  9.9047882873313697E-001                 -1.3591053511157223E-002                  5.7972285645951933E+000                 -9.7177650168656271E-001                  1.2937271128696429E+001                  6.9999999442220751E-001                  2.8000000557779259E-001                  1.9999999999999907E-002                  7.2480494726777127E-013                  0.0000000000000000E+000                  0.0000000000000000E+000 
                                     473                  9.9017048098106719E-001                 -1.4240253093724115E-002                  5.8033259819083938E+000                 -9.6242208508712757E-001                  1.2952889732395880E+001                  6.9999999442220751E-001                  2.8000000557779259E-001                  1.9999999999999907E-002                  8.8148651060577914E-013                  0.0000000000000000E+000                  0.0000000000000000E+000 
                                     474                  9.8985250182563944E-001                 -1.4898430143968426E-002                  5.8094282204126344E+000                 -9.5306293465355574E-001                  1.2968516192960100E+001                  6.9999999442220751E-001                  2.8000000557779259E-001                  1.9999999999999907E-002                  1.0712826804179886E-012                  0.0000000000000000E+000                  0.0000000000000000E+000 
                                     475                  9.8952460546440657E-001                 -1.5565712603669672E-002                  5.8155352646357716E+000                 -9.4369887211639913E-001                  1.2984150660235645E+001                  6.9999999442220751E-001                  2.8000000557779259E-001                  1.9999999999999907E-002                  1.3010297734084563E-012                  0.0000000000000000E+000                  0.0000000000000000E+000 
                                     476                  9.8918649828982097E-001                 -1.6242230243843737E-002                  5.8216470929139605E+000                 -9.3432971922325725E-001                  1.2999793284011266E+001                  6.9999999442220751E-001                  2.8000000557779259E-001                  1.9999999999999907E-002                  1.5789409944557007E-012                  0.0000000000000000E+000                  0.0000000000000000E+000 
                                     477                  9.8883787871479800E-001                 -1.6928114678396673E-002                  5.8277636802482151E+000                 -9.2495528160195872E-001                  1.3015444213662235E+001                  6.9999999442220751E-001                  2.8000000557779259E-001                  1.9999999999999907E-002                  1.9148767919142988E-012                  0.0000000000000000E+000                  0.0000000000000000E+000 
                                     478                  9.8847843699768723E-001                 -1.7623499349480612E-002                  5.8338850072638024E+000                 -9.1557534142126584E-001                  1.3031103597779511E+001                  6.9999999442220751E-001                  2.8000000557779259E-001                  1.9999999999999907E-002                  2.3206673564398742E-012                  0.0000000000000000E+000                  0.0000000000000000E+000 
                                     479                  9.8810785506590260E-001                 -1.8328519498400194E-002                  5.8400110648416588E+000                 -9.0618969588233467E-001                  1.3046771583801011E+001                  6.9999999442220751E-001                  2.8000000557779259E-001                  1.9999999999999907E-002                  2.8104964250657335E-012                  0.0000000000000000E+000                  0.0000000000000000E+000 
                                     480                  9.8772580633850604E-001                 -1.9043312196249357E-002                  5.8461418538442045E+000                 -8.9679817184883537E-001                  1.3062448317647958E+001                  6.9999999442220751E-001                  2.8000000557779259E-001                  1.9999999999999907E-002                  3.4013578028750026E-012                  0.0000000000000000E+000                  0.0000000000000000E+000 
                                     481                  9.8733195554807185E-001                 -1.9768016399520756E-002                  5.8522773955806215E+000                 -8.8740065921782130E-001                  1.3078133943358807E+001                  6.9999999442220751E-001                  2.8000000557779259E-001                  1.9999999999999907E-002                  4.1135991334847317E-012                  0.0000000000000000E+000                  0.0000000000000000E+000 
                                     482                  9.8692595856249010E-001                 -2.0502773063893968E-002                  5.8584177438625851E+000                 -8.7799707953095474E-001                  1.3093828602704088E+001                  6.9999999442220751E-001                  2.8000000557779259E-001                  1.9999999999999907E-002                  4.9715699378429459E-012                  0.0000000000000000E+000                  0.0000000000000000E+000 
                                     483                  9.8650746220794527E-001                 -2.1247725208216928E-002                  5.8645629848686101E+000                 -8.6858738870810637E-001                  1.3109532434781528E+001                  6.9999999442220751E-001                  2.8000000557779259E-001                  1.9999999999999907E-002                  6.0043911646919550E-012                  0.0000000000000000E+000                  0.0000000000000000E+000 
                                     484                  9.8607610409236690E-001                 -2.2003017985696840E-002                  5.8707132191693026E+000                 -8.5917165501386883E-001                  1.3125245575628016E+001                  6.9999999442220751E-001                  2.8000000557779259E-001                  1.9999999999999907E-002                  7.2468650047720394E-012                  0.0000000000000000E+000                  0.0000000000000000E+000 
                                     485                  9.8563151242893787E-001                 -2.2768798897097969E-002                  5.8768685410469779E+000                 -8.4974998331627505E-001                  1.3140968157881250E+001                  6.9999999442220751E-001                  2.8000000557779259E-001                  1.9999999999999907E-002                  8.7405534442271840E-012                  0.0000000000000000E+000                  0.0000000000000000E+000 
                                     486                  9.8517330585987750E-001                 -2.3545217882916320E-002                  5.8830290374338974E+000                 -8.4032245529073801E-001                  1.3156700310464597E+001                  6.9999999442220751E-001                  2.8000000557779259E-001                  1.9999999999999907E-002                  1.0535059088652681E-011                  0.0000000000000000E+000                  0.0000000000000000E+000 
                                     487                  9.8470109328120570E-001                 -2.4332427311460066E-002                  5.8891947857177369E+000                 -8.3088911147237776E-001                  1.3172442158251632E+001                  6.9999999442220751E-001                  2.8000000557779259E-001                  1.9999999999999907E-002                  1.2689541445157877E-011                  0.0000000000000000E+000                  0.0000000000000000E+000 
                                     488                  9.8421447367009973E-001                 -2.5130581928337795E-002                  5.8953658377743032E+000                 -8.2144995552275690E-001                  1.3188193821703502E+001                  6.9999999442220751E-001                  2.8000000557779259E-001                  1.9999999999999907E-002                  1.5274505099130642E-011                  0.0000000000000000E+000                  0.0000000000000000E+000 
                                     489                  9.8371303591428794E-001                 -2.5939838807433346E-002                  5.9015422087631721E+000                 -8.1200496988101811E-001                  1.3203955416515843E+001                  6.9999999442220751E-001                  2.8000000557779259E-001                  1.9999999999999907E-002                  1.8373909939097488E-011                  0.0000000000000000E+000                  0.0000000000000000E+000 
                                     490                  9.8319635864271460E-001                 -2.6760357327135512E-002                  5.9077238823926548E+000                 -8.0255407368394949E-001                  1.3219727053299113E+001                  6.9999999442220751E-001                  2.8000000557779259E-001                  1.9999999999999907E-002                  2.2087669289195806E-011                  0.0000000000000000E+000                  0.0000000000000000E+000 
                                     491                  9.8266401005750847E-001                 -2.7592299063760692E-002                  5.9139108300650740E+000                 -7.9309709866940148E-001                  1.3235508837275514E+001                  6.9999999442220751E-001                  2.8000000557779259E-001                  1.9999999999999907E-002                  2.6534608439179977E-011                  0.0000000000000000E+000                  0.0000000000000000E+000 
                                     492                  9.8211554776795129E-001                 -2.8435827629112426E-002                  5.9201030228681928E+000                 -7.8363388425145897E-001                  1.3251300867963012E+001                  6.9999999442220751E-001                  2.8000000557779259E-001                  1.9999999999999907E-002                  3.1855950390531110E-011                  0.0000000000000000E+000                  0.0000000000000000E+000 
                                     493                  9.8155051862775167E-001                 -2.9291108681420312E-002                  5.9263004307388814E+000                 -7.7416428233200296E-001                  1.3267103238873345E+001                  6.9999999442220751E-001                  2.8000000557779259E-001                  1.9999999999999907E-002                  3.8219423093142296E-011                  0.0000000000000000E+000                  0.0000000000000000E+000 
                                     494                  9.8096845857499471E-001                 -3.0158309946629651E-002                  5.9325030298884931E+000                 -7.6468814510086236E-001                  1.3282916037252779E+001                  6.9999999442220751E-001                  2.8000000557779259E-001                  1.9999999999999907E-002                  4.5824108939904085E-011                  0.0000000000000000E+000                  0.0000000000000000E+000 
                                     495                  9.8036889247408721E-001                 -3.1037601217933964E-002                  5.9387108121478569E+000                 -7.5520534445318666E-001                  1.3298739343880218E+001                  6.9999999442220751E-001                  2.8000000557779259E-001                  1.9999999999999907E-002                  5.4906162398714563E-011                  0.0000000000000000E+000                  0.0000000000000000E+000 
                                     496                  9.7975133395935288E-001                 -3.1929154397401072E-002                  5.9449237859481565E+000                 -7.4571578162820451E-001                  1.3314573232927939E+001                  6.9999999442220751E-001                  2.8000000557779259E-001                  1.9999999999999907E-002                  6.5745538169930210E-011                  0.0000000000000000E+000                  0.0000000000000000E+000 
                                     497                  9.7911528528073621E-001                 -3.2833143562543146E-002                  5.9511419736686770E+000                 -7.3621940753586290E-001                  1.3330417771869021E+001                  6.9999999442220751E-001                  2.8000000557779259E-001                  1.9999999999999907E-002                  7.8673900755471266E-011                  0.0000000000000000E+000                  0.0000000000000000E+000 
                                     498                  9.7846023715275188E-001                 -3.3749745081185570E-002                  5.9573654093109152E+000                 -7.2671620090797584E-001                  1.3346273021436771E+001                  6.9999999442220751E-001                  2.8000000557779259E-001                  1.9999999999999907E-002                  9.4083930166055235E-011                  0.0000000000000000E+000                  0.0000000000000000E+000 
                                     499                  9.7778566860595428E-001                 -3.4679137689713022E-002                  5.9635941383023372E+000                 -7.1720615615242311E-001                  1.3362139035652362E+001                  6.9999999442220751E-001                  2.8000000557779259E-001                  1.9999999999999907E-002                  1.1244026236400721E-010                  0.0000000000000000E+000                  0.0000000000000000E+000 
                                     500                  9.7709104683998627E-001                 -3.5621502553651284E-002                  5.9698282118778190E+000                 -7.0768929993095131E-001                  1.3378015861937421E+001                  6.9999999442220751E-001                  2.8000000557779259E-001                  1.9999999999999907E-002                  1.3429231627382248E-010                  0.0000000000000000E+000                  0.0000000000000000E+000 
                                     501                  9.7637582707721149E-001                 -3.6577023373400464E-002                  5.9760676768740773E+000                 -6.9816567548805586E-001                  1.3393903541300222E+001                  6.9999999442220751E-001                  2.8000000557779259E-001                  1.9999999999999907E-002                  1.6028932544791253E-010                  0.0000000000000000E+000                  0.0000000000000000E+000 
                                     502                  9.7563945241893013E-001                 -3.7545886463916177E-002                  5.9823125722218631E+000                 -6.8863531988110060E-001                  1.3409802108565140E+001                  6.9999999442220751E-001                  2.8000000557779259E-001                  1.9999999999999907E-002                  1.9119797119971265E-010                  0.0000000000000000E+000                  0.0000000000000000E+000 
                                     503                  9.7488135370427687E-001                 -3.8528280789547467E-002                  5.9885629282380020E+000                 -6.7909827072684004E-001                  1.3425711592650202E+001                  6.9999999442220751E-001                  2.8000000557779259E-001                  1.9999999999999907E-002                  2.2792303498083141E-010                  0.0000000000000000E+000                  0.0000000000000000E+000 
                                     504                  9.7410094937054914E-001                 -3.9524398019433735E-002                  5.9948187617497757E+000                 -6.6955456617831988E-001                  1.3441632016921650E+001                  6.9999999442220751E-001                  2.8000000557779259E-001                  1.9999999999999907E-002                  2.7153154454990332E-010                  0.0000000000000000E+000                  0.0000000000000000E+000 
                                     505                  9.7329764531328977E-001                 -4.0534432591300025E-002                  6.0010800726779046E+000                 -6.6000423144296061E-001                  1.3457563399613024E+001                  6.9999999442220751E-001                  2.8000000557779259E-001                  1.9999999999999907E-002                  3.2328101024600868E-010                  5.9540258221846242E-036                  0.0000000000000000E+000 
                                     506                  9.7247083474824603E-001                 -4.1558581749291244E-002                  6.0073468457973878E+000                 -6.5044727095006072E-001                  1.3473505754272121E+001                  6.9999999442220751E-001                  2.8000000557779259E-001                  1.9999999999999907E-002                  3.8465244646408347E-010                  1.1574103275784235E-035                  0.0000000000000000E+000 
                                     507                  9.7161989807578508E-001                 -4.2597045566032617E-002                  6.0136190565822805E+000                 -6.4088366438765310E-001                  1.3489459090238359E+001                  6.9999999442220751E-001                  2.8000000557779259E-001                  1.9999999999999907E-002                  4.5738898492251400E-010                  2.2441814392821248E-035                  0.0000000000000000E+000 
                                     508                  9.7074420274640105E-001                 -4.3650026958492801E-002                  6.0198966754416920E+000                 -6.3131338964611594E-001                  1.3505423413171922E+001                  6.9999999442220751E-001                  2.8000000557779259E-001                  1.9999999999999907E-002                  5.4354093243027553E-010                  4.3403451324957680E-035                  0.0000000000000000E+000 
                                     509                  9.6984310312573929E-001                 -4.4717731765030966E-002                  6.0261796680711583E+000                 -6.2173642373795468E-001                  1.3521398725634036E+001                  6.9999999442220751E-001                  2.8000000557779259E-001                  1.9999999999999907E-002                  6.4551831866705420E-010                  8.3731292997963284E-035                  0.0000000000000000E+000 
                                     510                  9.6891594036077189E-001                 -4.5800368831604966E-002                  6.0324679975533702E+000                 -6.1215273808853254E-001                  1.3537385027693929E+001                  6.9999999442220751E-001                  2.8000000557779259E-001                  1.9999999999999907E-002                  7.6615219098277289E-010                  1.6112021700304233E-034                  0.0000000000000000E+000 
                                     511                  9.6796204224757509E-001                 -4.6898150092753006E-002                  6.0387616268630540E+000                 -6.0256230514506381E-001                  1.3553382317566143E+001                  6.9999999442220751E-001                  2.8000000557779259E-001                  1.9999999999999907E-002                  9.0876603699135137E-010                  3.0925195982033815E-034                  0.0000000000000000E+000 
                                     512                  9.6698072309917682E-001                 -4.8011290677399662E-002                  6.0450605193226643E+000                 -5.9296509991765389E-001                  1.3569390592300305E+001                  6.9999999442220751E-001                  2.8000000557779259E-001                  1.9999999999999907E-002                  1.0772589302068864E-009                  5.9207485901304405E-034                  0.0000000000000000E+000 
                                     513                  9.6597128361193441E-001                 -4.9140009029595942E-002                  6.0513646386513766E+000                 -5.8336109816794457E-001                  1.3585409848519785E+001                  6.9999999442220751E-001                  2.8000000557779259E-001                  1.9999999999999907E-002                  1.2762022765326535E-009                  1.1306913563187592E-033                  0.0000000000000000E+000 
                                     514                  9.6493301073136606E-001                 -5.0284527034801393E-002                  6.0576739493531448E+000                 -5.7375027585688754E-001                  1.3601440083193461E+001                  6.9999999442220739E-001                  2.8000000557779259E-001                  2.0000000000000018E-002                  1.5109523238516621E-009                  2.1538550392291169E-033                  0.0000000000000000E+000 
                                     515                  9.6386517751732947E-001                 -5.1445070154839123E-002                  6.0639884172783827E+000                 -5.6413260930771292E-001                  1.3617481294450405E+001                  6.9999999442220739E-001                  2.8000000557779259E-001                  2.0000000000000018E-002                  1.7877809189687289E-009                  4.0925645584690135E-033                  0.0000000000000000E+000 
                                     516                  9.6276704300637705E-001                 -5.2621867575923680E-002                  6.0703080100937052E+000                 -5.5450807559922011E-001                  1.3633533482454819E+001                  6.9999999442220751E-001                  2.8000000557779259E-001                  1.9999999999999907E-002                  2.1140273712853568E-009                  7.7568088206719452E-033                  0.0000000000000000E+000 
                                     517                  9.6163785206973762E-001                 -5.3815152372047627E-002                  6.0766326976713296E+000                 -5.4487665161122079E-001                  1.3649596650338053E+001                  6.9999999442220751E-001                  2.8000000557779259E-001                  1.9999999999999907E-002                  2.4982747277041247E-009                  1.4664966561130766E-032                  0.0000000000000000E+000 
                                     518                  9.6047683526710959E-001                 -5.5025161679855161E-002                  6.0829624526022705E+000                 -5.3523831293534485E-001                  1.3665670805180465E+001                  6.9999999442220751E-001                  2.8000000557779259E-001                  1.9999999999999907E-002                  2.9505542645349158E-009                  2.7656140706673093E-032                  0.0000000000000000E+000 
                                     519                  9.5928320869518013E-001                 -5.6252136885474320E-002                  6.0892972518709252E+000                 -5.2559303462147910E-001                  1.3681755959055863E+001                  6.9999999442220751E-001                  2.8000000557779259E-001                  1.9999999999999907E-002                  3.4825826473956440E-009                  5.2025571538619004E-032                  0.0000000000000000E+000 
                                     520                  9.5805617382800901E-001                 -5.7496323831249113E-002                  6.0956370795871608E+000                 -5.1594079280411653E-001                  1.3697852130150206E+001                  6.9999999442220751E-001                  2.8000000557779259E-001                  1.9999999999999907E-002                  4.1080368845638069E-009                  9.7624659468819227E-032                  0.0000000000000000E+000 
                                     521                  9.5679491734794975E-001                 -5.8757973046250772E-002                  6.1019819285350438E+000                 -5.0628156502881505E-001                  1.3713959343951425E+001                  6.9999999442220751E-001                  2.8000000557779259E-001                  1.9999999999999907E-002                  4.8428727996809820E-009                  1.8273533667139471E-031                  0.0000000000000000E+000 
                                     522                  9.5549861096610722E-001                 -6.0037339998030251E-002                  6.1083318008740211E+000                 -4.9661533213535131E-001                  1.3730077634508552E+001                  6.9999999442220751E-001                  2.8000000557779259E-001                  1.9999999999999907E-002                  5.7056936712095850E-009                  3.4120014353423947E-031                  0.0000000000000000E+000 
                                     523                  9.5416641123059331E-001                 -6.1334685371920175E-002                  6.1163150987100572E+000                 -4.8452127004007639E-001                  1.3750282499385307E+001                  6.9999999442220751E-001                  2.8000000557779259E-001                  1.9999999999999907E-002                  7.0035682824531590E-009                  7.4484041346393673E-031                  0.0000000000000000E+000 
                                     524                  9.5209892866075663E-001                 -6.3315066209560386E-002                  6.1250421820791034E+000                 -4.7120829310782197E-001                  1.3772459381919612E+001                  6.9999999442220751E-001                  2.8000000557779259E-001                  1.9999999999999907E-002                  8.7527967621613529E-009                  1.7398210711304206E-030                  0.0000000000000000E+000 
                                     525                  9.5031071956180158E-001                 -6.4997380629656334E-002                  6.1321897190273242E+000                 -4.6030526890850415E-001                  1.3790620645428911E+001                  6.9999999442220751E-001                  2.8000000557779259E-001                  1.9999999999999907E-002                  1.0495594860820999E-008                  3.4711520113659248E-030                  0.0000000000000000E+000 
                                     526                  9.4883614270574834E-001                 -6.6364568951430405E-002                  6.1385638236481270E+000                 -4.5060554367534589E-001                  1.3806792381138296E+001                  6.9999999442220751E-001                  2.8000000557779259E-001                  1.9999999999999907E-002                  1.2330369189301271E-008                  6.4062883601903498E-030                  0.0000000000000000E+000 
                                     527                  9.4732145219227493E-001                 -6.7751055220835299E-002                  6.1449431578083802E+000                 -4.4089869940863102E-001                  1.3822975626834706E+001                  6.9999999442220751E-001                  2.8000000557779259E-001                  1.9999999999999907E-002                  1.4477325197232987E-008                  1.1794774391893844E-029                  0.0000000000000000E+000 
                                     528                  9.4576571283394772E-001                 -6.9157136631439464E-002                  6.1513277776867055E+000                 -4.3118468227842510E-001                  1.3839170512889304E+001                  6.9999999442220751E-001                  2.8000000557779259E-001                  1.9999999999999907E-002                  1.6988113174518710E-008                  2.1663492006389181E-029                  0.0000000000000000E+000 
                                     529                  9.4416797252795859E-001                 -7.0583117986879551E-002                  6.1577177411494066E+000                 -4.2146341882498511E-001                  1.3855377190267289E+001                  6.9999999442220751E-001                  2.8000000557779259E-001                  1.9999999999999907E-002                  1.9922686007354633E-008                  3.9694320273297909E-029                  0.0000000000000000E+000 
                                     530                  9.4252726192059244E-001                 -7.2029312107019600E-002                  6.1641131076407500E+000                 -4.1173481373569498E-001                  1.3871595832194110E+001                  6.9999999442220751E-001                  2.8000000557779259E-001                  1.9999999999999907E-002                  2.3350595047623982E-008                  7.2559587085726080E-029                  0.0000000000000000E+000 
                                     531                  9.4084259405067328E-001                 -7.3496040250644240E-002                  6.1705139406555443E+000                 -4.0199874453457690E-001                  1.3887826635825048E+001                  6.9999999442220751E-001                  2.8000000557779259E-001                  1.9999999999999907E-002                  2.7352484018393639E-008                  1.3232239296390811E-028                  0.0000000000000000E+000 
                                     532                  9.3911296396864319E-001                 -7.4983632546470211E-002                  6.1769203109214263E+000                 -3.9225506633361101E-001                  1.3904069823861182E+001                  6.9999999442220751E-001                  2.8000000557779259E-001                  1.9999999999999907E-002                  3.2021809552597422E-008                  2.4074087792337689E-028                  0.0000000000000000E+000 
                                     533                  9.3733734834386251E-001                 -7.6492428455183725E-002                  6.1833322977442098E+000                 -3.8250361633362628E-001                  1.3920325646042649E+001                  6.9999999442220751E-001                  2.8000000557779259E-001                  1.9999999999999907E-002                  3.7466820904668103E-008                  4.3696879553579904E-028                  0.0000000000000000E+000 
                                     534                  9.3551470506290890E-001                 -7.8022777261760046E-002                  6.1897499905125857E+000                 -3.7274420871477804E-001                  1.3936594380544513E+001                  6.9999999442220751E-001                  2.8000000557779259E-001                  1.9999999999999907E-002                  4.3812838895201512E-008                  7.9130077352414174E-028                  0.0000000000000000E+000 
                                     535                  9.3364397281325517E-001                 -7.9575038570905560E-002                  6.1961734914763156E+000                 -3.6297663664127805E-001                  1.3952876335291355E+001                  6.9999999442220751E-001                  2.8000000557779259E-001                  1.9999999999999907E-002                  5.1204878523760581E-008                  1.4296517844929728E-027                  0.0000000000000000E+000 
                                     536                  9.3172407065555785E-001                 -8.1149582828218866E-002                  6.2026029172527908E+000                 -3.5320067769922192E-001                  1.3969171849115748E+001                  6.9999999442220751E-001                  2.8000000557779259E-001                  1.9999999999999907E-002                  5.9810664143315517E-008                  2.5770561622219721E-027                  0.0000000000000000E+000 
                                     537                  9.2975389760139571E-001                 -8.2746791867967254E-002                  6.2090383993461140E+000                 -3.4341609080921037E-001                  1.3985481292715532E+001                  6.9999999442220751E-001                  2.8000000557779259E-001                  1.9999999999999907E-002                  6.9824096040666192E-008                  4.6347929776563005E-027                  0.0000000000000000E+000 
                                     538                  9.2773233219665208E-001                 -8.4367059459565921E-002                  6.2154800851040442E+000                 -3.3362261555024048E-001                  1.4001805069457872E+001                  6.9999999442220751E-001                  2.8000000557779259E-001                  1.9999999999999907E-002                  8.1469235257732636E-008                  8.3168347525958394E-027                  0.0000000000000000E+000 
                                     539                  9.2565823210573250E-001                 -8.6010791866946504E-002                  6.2219281383830207E+000                 -3.2381997556276282E-001                  1.4018143616053944E+001                  6.9999999442220751E-001                  2.8000000557779259E-001                  1.9999999999999907E-002                  9.5004881477085512E-008                  1.4890731681251731E-026                  0.0000000000000000E+000 
                                     540                  9.2353043370185395E-001                 -8.7678408434366417E-002                  6.2283827398755802E+000                 -3.1400787708730332E-001                  1.4034497403058948E+001                  6.9999999442220751E-001                  2.8000000557779259E-001                  1.9999999999999907E-002                  1.1072983217807671E-007                  2.6601965119265043E-026                  0.0000000000000000E+000 
                                     541                  9.2134775167718919E-001                 -8.9370342172618425E-002                  6.2348440876520694E+000                 -3.0418600813103991E-001                  1.4050866935166104E+001                  6.9999999442220751E-001                  2.8000000557779259E-001                  1.9999999999999907E-002                  1.2898892322742284E-007                  4.7419954291749622E-026                  0.0000000000000000E+000 
                                     542                  9.1910897867658214E-001                 -9.1087040347842763E-002                  6.2413123974885494E+000                 -2.9435404093146139E-001                  1.4067252751341796E+001                  6.9999999442220751E-001                  2.8000000557779259E-001                  1.9999999999999907E-002                  1.5017996370156093E-007                  8.4346838932471288E-026                  0.0000000000000000E+000 
                                     543                  9.1681288494930058E-001                 -9.2828965093520177E-002                  6.2477879028972927E+000                 -2.8451163163610360E-001                  1.4083655424873093E+001                  6.9999999442220751E-001                  2.8000000557779259E-001                  1.9999999999999907E-002                  1.7476169670884219E-007                  1.4970896613335392E-025                  0.0000000000000000E+000 
                                     544                  9.1445821801468896E-001                 -9.4596594041439774E-002                  6.2542708552348838E+000                 -2.7465841974518840E-001                  1.4100075563315599E+001                  6.9999999442220751E-001                  2.8000000557779259E-001                  1.9999999999999907E-002                  2.0326293663791027E-007                  2.6516102189603164E-025                  0.0000000000000000E+000 
                                     545                  9.1204370235740717E-001                 -9.6390420961987897E-002                  6.2607615237107481E+000                 -2.6479402922663731E-001                  1.4116513808289813E+001                  6.9999999442220751E-001                  2.8000000557779259E-001                  1.9999999999999907E-002                  2.3629305331624678E-007                  4.6866925970956219E-025                  0.0000000000000000E+000 
                                     546                  9.0956803916128282E-001                 -9.8210956417602774E-002                  6.2672601949815538E+000                 -2.5491806881061374E-001                  1.4132970835161936E+001                  6.9999999442220739E-001                  2.8000000557779259E-001                  2.0000000000000018E-002                  2.7455399862739977E-007                  8.2666711396180548E-025                  0.0000000000000000E+000 
                                     547                  9.0702990607439271E-001                 -1.0005872843600899E-001                  6.2737671721061128E+000                 -2.4503013160330556E-001                  1.4149447352721516E+001                  6.9999999442220739E-001                  2.8000000557779259E-001                  2.0000000000000018E-002                  3.1885409755146198E-007                  1.4551747885805711E-024                  0.0000000000000000E+000 
                                     548                  9.0442795698927081E-001                 -1.0193428321600206E-001                  6.2802827736534734E+000                 -2.3512979372682874E-001                  1.4165944102866474E+001                  6.9999999442220739E-001                  2.8000000557779259E-001                  2.0000000000000018E-002                  3.7012386306791703E-007                  2.5564260474158718E-024                  0.0000000000000000E+000 
                                     549                  9.0176082185804540E-001                 -1.0383818585072636E-001                  6.2868073332060357E+000                 -2.2521661458183162E-001                  1.4182461860215763E+001                  6.9999999442220739E-001                  2.8000000557779264E-001                  2.0000000000000018E-002                  4.2943412923340713E-007                  4.4822747329373322E-024                  0.0000000000000000E+000 
                                     550                  8.9902710655584805E-001                 -1.0577102106992022E-001                  6.2933411980538141E+000                 -2.1529013724811191E-001                  1.4199001431658273E+001                  6.9999999442220739E-001                  2.8000000557779264E-001                  2.0000000000000018E-002                  4.9801683020007278E-007                  7.8437681055089562E-024                  0.0000000000000000E+000 
                                     551                  8.9622539278807889E-001                 -1.0773339400993856E-001                  6.2998847279510395E+000                 -2.0534988599839582E-001                  1.4215563655956284E+001                  6.9999999442220739E-001                  2.8000000557779264E-001                  2.0000000000000018E-002                  5.7728881525944899E-007                  1.3700175959068314E-023                  0.0000000000000000E+000 
                                     552                  8.9335423801728764E-001                 -1.0972593102018960E-001                  6.3064382946959601E+000                 -1.9539536635793889E-001                  1.4232149403439360E+001                  6.9999999442220739E-001                  2.8000000557779264E-001                  2.0000000000000018E-002                  6.6887914266219628E-007                  2.3884544343042623E-023                  0.0000000000000000E+000 
                                     553                  8.9041217542764639E-001                 -1.1174928050865435E-001                  6.3130022813913955E+000                 -1.8542606655156141E-001                  1.4248759575708869E+001                  6.9999999442220739E-001                  2.8000000557779264E-001                  2.0000000000000018E-002                  7.7466034539992397E-007                  4.1563455225466034E-023                  0.0000000000000000E+000 
                                     554                  8.8739771394313560E-001                 -1.1380411382715754E-001                  6.3212550660094511E+000                 -1.7295420898242994E-001                  1.4269579943165244E+001                  6.9999999442220751E-001                  2.8000000557779264E-001                  1.9999999999999796E-002                  9.3068980414015326E-007                  8.3075223632719514E-023                  0.0000000000000000E+000 
                                     555                  8.8273695256983620E-001                 -1.1694710911065787E-001                  6.3294608701255699E+000                 -1.6043483941505718E-001                  1.4290398273678399E+001                  6.9999999442220751E-001                  2.8000000557779264E-001                  1.9999999999999796E-002                  1.1161277765935801E-006                  1.6475009224413767E-022                  0.0000000000000000E+000 
                                     556                  8.7953481196248917E-001                 -1.1908375196491593E-001                  6.3343932681212518E+000                 -1.5291004361652563E-001                  1.4302910810973346E+001                  6.9999999442220751E-001                  2.8000000557779264E-001                  1.9999999999999796E-002                  1.2443108735019302E-006                  2.4813518336048809E-022                  0.0000000000000000E+000 
                                     557                  8.7790466329934125E-001                 -1.2016474610932168E-001                  6.3385327588250195E+000                 -1.4664108032212161E-001                  1.4313365574750341E+001                  6.9999999442220751E-001                  2.8000000557779264E-001                  1.9999999999999796E-002                  1.3626435892791417E-006                  3.4946459728055824E-022                  0.0000000000000000E+000 
                                     558                  8.7542253287769511E-001                 -1.2180242391945514E-001                  6.3443361850783857E+000                 -1.3785328935895880E-001                  1.4328021145886868E+001                  6.9999999442220751E-001                  2.8000000557779264E-001                  1.9999999999999796E-002                  1.5470452616126383E-006                  5.6379966797258740E-022                  0.0000000000000000E+000 
                                     559                  8.7204307494665534E-001                 -1.2401673784025480E-001                  6.3509680309444505E+000                 -1.2778808189889398E-001                  1.4344790812303565E+001                  6.9999999442220751E-001                  2.8000000557779264E-001                  1.9999999999999796E-002                  1.7874934570109309E-006                  9.7146618607349920E-022                  0.0000000000000000E+000 
                                     560                  8.6858217992024234E-001                 -1.2626689020433271E-001                  6.3576131396016144E+000                 -1.1770412553441015E-001                  1.4361591792995037E+001                  6.9999999442220751E-001                  2.8000000557779264E-001                  1.9999999999999796E-002                  2.0645309882870566E-006                  1.6712230932831933E-021                  0.0000000000000000E+000 
                                     561                  8.6503819723110076E-001                 -1.2855373391926178E-001                  6.3642719674230941E+000                 -1.0760075233995840E-001                  1.4378425228001365E+001                  6.9999999442220751E-001                  2.8000000557779264E-001                  1.9999999999999796E-002                  2.3836245583708258E-006                  2.8705165262945955E-021                  0.0000000000000000E+000 
                                     562                  8.6140945393940882E-001                 -1.3087815342724321E-001                  6.3709449799606706E+000                 -9.7477274375423903E-002                  1.4395292288971056E+001                  6.9999999442220751E-001                  2.8000000557779264E-001                  1.9999999999999796E-002                  2.7510457490834427E-006                  4.9228841628878589E-021                  0.0000000000000000E+000 
                                     563                  8.5769425523864451E-001                 -1.3324106612665174E-001                  6.3776326522196669E+000                 -8.7332982301089934E-002                  1.4412194179707120E+001                  6.9999999442220751E-001                  2.8000000557779264E-001                  1.9999999999999796E-002                  3.1739883474238386E-006                  8.4300124212531842E-021                  0.0000000000000000E+000 
                                     564                  8.5389088504893518E-001                 -1.3564342386763040E-001                  6.3843354689685166E+000                 -7.7167143120675435E-002                  1.4429132136820119E+001                  6.9999999442220751E-001                  2.8000000557779264E-001                  1.9999999999999796E-002                  3.6607027108287788E-006                  1.4414546797620664E-020                  0.0000000000000000E+000 
                                     565                  8.4999760668638369E-001                 -1.3808621453381573E-001                  6.3910539249641856E+000                 -6.6979001963801688E-002                  1.4446107430560588E+001                  6.9999999442220751E-001                  2.8000000557779264E-001                  1.9999999999999796E-002                  4.2206496006025337E-006                  2.4612353742870768E-020                  0.0000000000000000E+000 
                                     566                  8.4601266359993887E-001                 -1.4057046374840490E-001                  6.3977885251625084E+000                 -5.6767780358657344E-002                  1.4463121365861547E+001                  6.9999999442220739E-001                  2.8000000557779264E-001                  2.0000000000000018E-002                  4.8646763714725073E-006                  4.1966226622831538E-020                  0.0000000000000000E+000 
                                     567                  8.4193428018151240E-001                 -1.4309723669344884E-001                  6.4045397851450412E+000                 -4.6532673855312220E-002                  1.4480175283544442E+001                  6.9999999442220739E-001                  2.8000000557779264E-001                  2.0000000000000018E-002                  5.6052187873910164E-006                  7.1458949492640585E-020                  0.0000000000000000E+000 
                                     568                  8.3776066267671734E-001                 -1.4566764003317731E-001                  6.4113082316561032E+000                 -3.6272852605461876E-002                  1.4497270561658071E+001                  6.9999999442220739E-001                  2.8000000557779264E-001                  2.0000000000000018E-002                  6.4565321606463748E-006                  1.2151744684520205E-019                  0.0000000000000000E+000 
                                     569                  8.3349000019805997E-001                 -1.4828282397074202E-001                  6.4180944031767400E+000                 -2.5987459949127802E-002                  1.4514408617031178E+001                  6.9999999442220739E-001                  2.8000000557779264E-001                  2.0000000000000018E-002                  7.4349561589555882E-006                  2.0637705844695072E-019                  0.0000000000000000E+000 
                                     570                  8.2912046581724319E-001                 -1.5094398445609025E-001                  6.4248988506826530E+000                 -1.5675610452976187E-002                  1.4531590907116541E+001                  6.9999999442220739E-001                  2.8000000557779264E-001                  2.0000000000000018E-002                  8.5592182338465693E-006                  3.5005842354445335E-019                  0.0000000000000000E+000 
                                     571                  8.2465021773470659E-001                 -1.5365236555804060E-001                  6.4317221390221322E+000                 -5.3363891999140857E-003                  1.4548818932098275E+001                  6.9999999442220739E-001                  2.8000000557779264E-001                  2.0000000000000018E-002                  9.8507814150783385E-006                  5.9305051358906793E-019                  0.0000000000000000E+000 
                                     572                  8.2007740055521050E-001                 -1.5640926200739674E-001                  6.4385648485794427E+000                  5.0311486040969964E-003                  1.4566094237211853E+001                  6.9999999442220739E-001                  2.8000000557779264E-001                  2.0000000000000018E-002                  1.1334243038191780E-005                  1.0035309436424792E-018                  0.0000000000000000E+000 
                                     573                  8.1540014668404082E-001                 -1.5921602192354201E-001                  6.4454275765988109E+000                  1.5427978946291896E-002                  1.4583418415347449E+001                  6.9999999442220739E-001                  2.8000000557779264E-001                  2.0000000000000018E-002                  1.3037791901731373E-005                  1.6961875686235305E-018                  0.0000000000000000E+000 
                                     574                  8.1061657781319196E-001                 -1.6207404975816453E-001                  6.4523109390846729E+000                  2.5855111016215460E-002                  1.4600793110043973E+001                  6.9999999442220739E-001                  2.8000000557779264E-001                  2.0000000000000018E-002                  1.4993732745466363E-005                  2.8637649995907563E-018                  0.0000000000000000E+000 
                                     575                  8.0572480648857414E-001                 -1.6498480947934105E-001                  6.4592155731026191E+000                  3.6313587437081553E-002                  1.4618220018871678E+001                  6.9999999442220739E-001                  2.8000000557779264E-001                  2.0000000000000018E-002                  1.7239088095585496E-005                  4.8298980349632346E-018                  0.0000000000000000E+000 
                                     576                  8.0072293778453307E-001                 -1.6794982801674438E-001                  6.4661421386016986E+000                  4.6804485859883581E-002                  1.4635700897158177E+001                  6.9999999442220739E-001                  2.8000000557779264E-001                  2.0000000000000018E-002                  1.9816289012601538E-005                  8.1375315776257875E-018                  0.0000000000000000E+000 
                                     577                  7.9560907110639700E-001                 -1.7097069897472855E-001                  6.4730913206911982E+000                  5.7328922098668210E-002                  1.4653237562121843E+001                  6.9999999442220751E-001                  2.8000000557779264E-001                  1.9999999999999796E-002                  2.2773968469808493E-005                  1.3696797266163300E-017                  0.0000000000000000E+000 
                                     578                  7.9038130208966428E-001                 -1.7404908665137073E-001                  6.4800638322774251E+000                  6.7888050936285554E-002                  1.4670831897530499E+001                  6.9999999442220751E-001                  2.8000000557779264E-001                  1.9999999999999796E-002                  2.6167872866726186E-005                  2.3032174799792743E-017                  0.0000000000000000E+000 
                                     579                  7.8503772458304366E-001                 -1.7718673042048669E-001                  6.4870604164430166E+000                  7.8483068819033927E-002                  1.4688485858906990E+001                  6.9999999442220751E-001                  2.8000000557779264E-001                  1.9999999999999796E-002                  3.0061909747809440E-005                  3.8695365384761090E-017                  0.0000000000000000E+000 
                                     580                  7.7957643274049759E-001                 -1.8038544948630633E-001                  6.4940818493017325E+000                  8.9115218052726153E-002                  1.4706201479254798E+001                  6.9999999442220751E-001                  2.8000000557779264E-001                  1.9999999999999796E-002                  3.4529353058535770E-005                  6.4954635840424137E-017                  0.0000000000000000E+000 
                                     581                  7.7399552324285348E-001                 -1.8364714802857945E-001                  6.5011289431314223E+000                  9.9785788508391954E-002                  1.4723980875373190E+001                  6.9999999442220739E-001                  2.8000000557779264E-001                  2.0000000000000018E-002                  3.9654230130698030E-005                  1.0894526057066397E-016                  0.0000000000000000E+000 
                                     582                  7.6829309762083509E-001                 -1.8697382081851899E-001                  6.5082025494023679E+000                  1.1049612189267063E-001                  1.4741826254890592E+001                  6.9999999442220739E-001                  2.8000000557779270E-001                  1.9999999999999907E-002                  4.5532918971360418E-005                  1.8258876952332606E-016                  0.0000000000000000E+000 
                                     583                  7.6246726466625692E-001                 -1.9036755934625391E-001                  6.5153035621160802E+000                  1.2124761727010860E-001                  1.4759739924050461E+001                  6.9999999442220739E-001                  2.8000000557779270E-001                  1.9999999999999907E-002                  5.2275989230104647E-005                  3.0579380119579972E-016                  0.0000000000000000E+000 
                                     584                  7.5651614296266601E-001                 -1.9383055848840353E-001                  6.5221375850061545E+000                  1.3234232318228675E-001                  1.4777724296253377E+001                  6.9999999442220739E-001                  2.8000000557779270E-001                  1.9999999999999907E-002                  5.9773469382363827E-005                  5.0196865084145298E-016                  0.0000000000000000E+000 
                                     585                  7.5043786354901454E-001                 -1.9736264817363297E-001                  6.5286736282293782E+000                  1.4381374853896223E-001                  1.4795781498168326E+001                  6.9999999442220739E-001                  2.8000000557779270E-001                  1.9999999999999907E-002                  6.8045522999243973E-005                  8.0625484176359110E-016                  0.0000000000000000E+000 
                                     586                  7.4423057269437765E-001                 -2.0096329407364460E-001                  6.5349565523383975E+000                  1.5561787619087949E-001                  1.4813913311052479E+001                  6.9999999442220739E-001                  2.8000000557779270E-001                  1.9999999999999907E-002                  7.7173682577355018E-005                  1.2712233239050514E-015                  0.0000000000000000E+000 
                                     587                  7.3789243477693822E-001                 -2.0463222736562467E-001                  6.5410213885137347E+000                  1.6772042774109333E-001                  1.4832121216198587E+001                  6.9999999341028152E-001                  2.8000000658971852E-001                  2.0000000000000018E-002                  8.7246279507875800E-005                  1.9725283963900140E-015                  0.0000000000000000E+000 
                                     588                  7.3142163530662141E-001                 -2.0836939200247187E-001                  6.5468958829268828E+000                  1.8009429690091333E-001                  1.4850406430213297E+001                  6.9999999325915263E-001                  2.8000000674084741E-001                  2.0000000000000018E-002                  9.8359112504089579E-005                  3.0181942371220511E-015                  0.0000000000000000E+000 
                                     589                  7.2481638409482918E-001                 -2.1217490607750694E-001                  6.5526032036551847E+000                  1.9271681766299018E-001                  1.4868769932710997E+001                  6.9999999309244521E-001                  2.8000000690755483E-001                  2.0000000000000018E-002                  1.1061746130629073E-004                  4.5616142453321274E-015                  0.0000000000000000E+000 
                                     590                  7.1807491855628791E-001                 -2.1604904161536370E-001                  6.5581629303366622E+000                  2.0556877420380781E-001                  1.4887212489651484E+001                  6.9999999290858472E-001                  2.8000000709141537E-001                  1.9999999999999907E-002                  1.2413710801589286E-004                  6.8194318489469623E-015                  0.0000000000000000E+000 
                                     591                  7.1119550715471225E-001                 -2.1999220985178700E-001                  6.5635918574428231E+000                  2.1863360079518770E-001                  1.4905734673263849E+001                  6.9999999147618930E-001                  2.8000000852381079E-001                  1.9999999999999907E-002                  1.3904557831222980E-004                  1.0096203434377248E-014                  0.0000000000000000E+000 
                                     592                  7.0417645302643139E-001                 -2.2400495128683198E-001                  6.5689045585270813E+000                  2.3189682105866682E-001                  1.4924336879374884E+001                  6.9999999107182609E-001                  2.8000000892817400E-001                  1.9999999999999907E-002                  1.5548346112344939E-004                  1.4818330973715414E-014                  0.0000000000000000E+000 
                                     593                  6.9701609778251561E-001                 -2.2808792911794259E-001                  6.5741137692447680E+000                  2.4534567415826028E-001                  1.4943019342759554E+001                  6.9999999062605744E-001                  2.8000000937394270E-001                  1.9999999999999796E-002                  1.7360576875249083E-004                  2.1580633547072612E-014                  0.0000000000000000E+000 
                                     594                  6.8971282548312962E-001                 -2.3224192487081513E-001                  6.5792306887860388E+000                  2.5896881903874275E-001                  1.4961782150872306E+001                  6.9999999013470260E-001                  2.8000000986529744E-001                  2.0000000000000018E-002                  1.9358343889320102E-004                  3.1210177886570839E-014                  0.0000000000000000E+000 
                                     595                  6.8226506681540799E-001                 -2.3646783586003683E-001                  6.5842652220097806E+000                  2.7275610031116904E-001                  1.4980625256207228E+001                  6.9999998806002028E-001                  2.8000001193997986E-001                  1.9999999999999796E-002                  2.1560499386996207E-004                  4.4853643548404672E-014                  0.0000000000000000E+000 
                                     596                  6.7467130349989646E-001                 -2.4076667418782274E-001                  6.5892261758731472E+000                  2.8669835685853595E-001                  1.4999548487521871E+001                  6.9999998724101598E-001                  2.8000001275898412E-001                  1.9999999999999907E-002                  2.3987838016301558E-004                  6.4096752122900292E-014                  0.0000000000000000E+000 
                                     597                  6.6693007292431239E-001                 -2.4513956712642124E-001                  6.5941214203010947E+000                  3.0078727083102408E-001                  1.5018551560134172E+001                  6.9999998633857508E-001                  2.8000001366142496E-001                  2.0000000000000018E-002                  2.6663299825865639E-004                  9.1127355116283034E-014                  0.0000000000000000E+000 
                                     598                  6.5903997302085582E-001                 -2.4958775869809643E-001                  6.5977367348108009E+000                  3.1148183928538942E-001                  1.5032874653848966E+001                  6.9999998560397847E-001                  2.8000001439602168E-001                  1.9999999999999796E-002                  2.8842922744402074E-004                  1.1816359271576953E-013                  0.0000000000000000E+000 
                                     599                  6.5503867674496652E-001                 -2.5184029039353539E-001                  6.6001415346579932E+000                  3.1862943727563531E-001                  1.5042435815001390E+001                  6.9999998508239536E-001                  2.8000001491760473E-001                  1.9999999999999907E-002                  3.0390195527368115E-004                  1.4041566628462766E-013                  0.0000000000000000E+000 
                                     600                  6.5099966743156201E-001                 -2.5411216307002860E-001                  6.6025336598598834E+000                  3.2580960431923744E-001                  1.5052016672306719E+001                  6.9999998258015295E-001                  2.8000001741984709E-001                  2.0000000000000018E-002                  3.2014612861436281E-004                  1.6668758757156449E-013                  0.0000000000000000E+000 
                                     601                  6.4692278920054724E-001                 -2.5640356642101036E-001                  6.6049138245549157E+000                  3.3302153822669001E-001                  1.5061617154241519E+001                  6.9999998186746171E-001                  2.8000001813253833E-001                  2.0000000000000018E-002                  3.3720022260358672E-004                  1.9768237926545869E-013                  0.0000000000000000E+000 
                                     602                  6.4280789097915880E-001                 -2.5871469810688957E-001                  6.6072827019250049E+000                  3.4026447533583626E-001                  1.5071237184212359E+001                  6.9999998111945583E-001                  2.8000001888054410E-001                  2.0000000000000018E-002                  3.5510462147715389E-004                  2.3422302444809596E-013                  0.0000000000000000E+000 
                                     603                  6.3865482669079943E-001                 -2.6104576387712530E-001                  6.6096409264612319E+000                  3.4753768592764633E-001                  1.5080876680781127E+001                  6.9999998033439870E-001                  2.8000001966560123E-001                  2.0000000000000018E-002                  3.7390171540709082E-004                  2.7727254888716409E-013                  0.0000000000000000E+000 
                                     604                  6.3446345545002825E-001                 -2.6339697771863302E-001                  6.6119890966020236E+000                  3.5484047236635347E-001                  1.5090535557879205E+001                  6.9999997951046722E-001                  2.8000002048953282E-001                  2.0000000000000018E-002                  3.9363599825203066E-004                  3.2795742016852031E-013                  0.0000000000000000E+000 
                                     605                  6.3023364176398600E-001                 -2.6576856201730598E-001                  6.6143277771387048E+000                  3.6217216685156978E-001                  1.5100213725010626E+001                  6.9999997864574748E-001                  2.8000002135425256E-001                  2.0000000000000018E-002                  4.1435417120611046E-004                  3.8759480372347034E-013                  0.0000000000000000E+000 
                                     606                  6.2596525574052486E-001                 -2.6816074773572995E-001                  6.6166575014121118E+000                  3.6953212937333302E-001                  1.5109911087444909E+001                  6.9999997773823130E-001                  2.8000002226176868E-001                  2.0000000000000018E-002                  4.3610525140922227E-004                  4.5772430422793907E-013                  0.0000000000000000E+000 
                                     607                  6.2165817330320272E-001                 -2.7057377460704185E-001                  6.6189787733247192E+000                  3.7691974584649457E-001                  1.5119627546401119E+001                  6.9999997678581105E-001                  2.8000002321418899E-001                  2.0000000000000018E-002                  4.5894068573802622E-004                  5.4014490672058970E-013                  0.0000000000000000E+000 
                                     608                  6.1731227641251041E-001                 -2.7300789134555953E-001                  6.6212920691909014E+000                  3.8433442702716097E-001                  1.5129362999224290E+001                  6.9999997394624136E-001                  2.8000002605375873E-001                  1.9999999999999907E-002                  4.8291446824817350E-004                  6.3695797995301492E-013                  0.0000000000000000E+000 
                                     609                  6.1292745329386822E-001                 -2.7546335587060489E-001                  6.6235978394411772E+000                  3.9177560459814736E-001                  1.5139117339553161E+001                  6.9999997276762105E-001                  2.8000002723237899E-001                  2.0000000000000018E-002                  5.0808327243770401E-004                  7.5061732779551793E-013                  0.0000000000000000E+000 
                                     610                  6.0850359867333093E-001                 -2.7794043556029202E-001                  6.6258965101952683E+000                  3.9924273330600990E-001                  1.5148890457479885E+001                  6.9999997153079085E-001                  2.8000002846920924E-001                  1.9999999999999907E-002                  5.3450657184377396E-004                  8.8398738503325751E-013                  0.0000000000000000E+000 
                                     611                  6.0404061402141607E-001                 -2.8043940750207247E-001                  6.6281884847159498E+000                  4.0673528720777347E-001                  1.5158682239700125E+001                  6.9999997023289262E-001                  2.8000002976710753E-001                  1.9999999999999796E-002                  5.6224678400520112E-004                  1.0404109467501376E-012                  0.0000000000000000E+000 
                                     612                  5.9953840780536560E-001                 -2.8296055877420762E-001                  6.6304741447543334E+000                  4.1425275901511033E-001                  1.5168492569654617E+001                  6.9999996887092775E-001                  2.8000003112907240E-001                  1.9999999999999796E-002                  5.9136941265520483E-004                  1.2237879022370520E-012                  0.0000000000000000E+000 
                                     613                  5.9499689575056725E-001                 -2.8550418674167971E-001                  6.6327538517970392E+000                  4.2179465895000073E-001                  1.5178321327661255E+001                  6.9999996744175041E-001                  2.8000003255824962E-001                  2.0000000000000018E-002                  6.2194319842409607E-004                  1.4386667709556003E-012                  0.0000000000000000E+000 
                                     614                  5.9041600111197923E-001                 -2.8807059937008761E-001                  6.6350279482248959E+000                  4.2936051370295286E-001                  1.5188168391040710E+001                  6.9999996594206026E-001                  2.8000003405793977E-001                  2.0000000000000018E-002                  6.5404027679880734E-004                  1.6903511415577196E-012                  0.0000000000000000E+000 
                                     615                  5.8579565495277364E-001                 -2.9066011555982579E-001                  6.6372967583918454E+000                  4.3694986602164065E-001                  1.5198033634238012E+001                  6.9999996270214115E-001                  2.8000003729785905E-001                  1.9999999999999796E-002                  6.8773634118353226E-004                  1.9850232917047629E-012                  0.0000000000000000E+000 
                                     616                  5.8113579643168600E-001                 -2.9327306549729915E-001                  6.6395605896303156E+000                  4.4456227160160938E-001                  1.5207916928937928E+001                  6.9999996093381156E-001                  2.8000003906618870E-001                  1.9999999999999796E-002                  7.2311082552809869E-004                  2.3298879411144718E-012                  0.0000000000000000E+000 
                                     617                  5.7643637310004137E-001                 -2.9590979104035947E-001                  6.6418197331904256E+000                  4.5219730151048287E-001                  1.5217818144174872E+001                  6.9999995907838664E-001                  2.8000004092161329E-001                  2.0000000000000018E-002                  7.6024707253847341E-004                  2.7333390928974202E-012                  0.0000000000000000E+000 
                                     618                  5.7169734120886528E-001                 -2.9857064610607109E-001                  6.6440744651186439E+000                  4.5985453938919035E-001                  1.5227737146435679E+001                  6.9999995713160212E-001                  2.8000004286839797E-001                  1.9999999999999907E-002                  7.9923253293106308E-004                  3.2051539831187109E-012                  0.0000000000000000E+000 
                                     619                  5.6691866602638918E-001                 -3.0125599709330247E-001                  6.6463250470797659E+000                  4.6753358116100779E-001                  1.5237673799755106E+001                  6.9999995508898416E-001                  2.8000004491101599E-001                  1.9999999999999796E-002                  8.4015896252563063E-004                  3.7567181185349751E-012                  0.0000000000000000E+000 
                                     620                  5.6210032216797323E-001                 -3.0396622332581724E-001                  6.6485717271278242E+000                  4.7523403427835692E-001                  1.5247627965804259E+001                  6.9999995294584116E-001                  2.8000004705415887E-001                  2.0000000000000018E-002                  8.8312263101723496E-004                  4.4012867300946872E-012                  0.0000000000000000E+000 
                                     621                  5.5724229393681335E-001                 -3.0670171752123304E-001                  6.6508147404458073E+000                  4.8295551767399658E-001                  1.5257599503976168E+001                  6.9999994886770356E-001                  2.8000005113229648E-001                  2.0000000000000018E-002                  9.2822453731443314E-004                  5.1542880475959336E-012                  0.0000000000000000E+000 
                                     622                  5.5234457567405837E-001                 -3.0946288628403112E-001                  6.6530543107281321E+000                  4.9069765801189053E-001                  1.5267588271468650E+001                  6.9999994638049612E-001                  2.8000005361950386E-001                  2.0000000000000018E-002                  9.7557066043890207E-004                  6.0336757821215450E-012                  0.0000000000000000E+000 
                                     623                  5.4740717212020229E-001                 -3.1225015064720696E-001                  6.6552906524467303E+000                  4.9846009103389627E-001                  1.5277594123364675E+001                  6.9999994377109409E-001                  2.8000005622890595E-001                  2.0000000000000018E-002                  1.0252722011106581E-003                  7.0603383649779492E-012                  0.0000000000000000E+000 
                                     624                  5.4243009878829973E-001                 -3.1506394663254461E-001                  6.6575239723633493E+000                  5.0624245777912380E-001                  1.5287616912709284E+001                  6.9999994103353125E-001                  2.8000005896646885E-001                  1.9999999999999907E-002                  1.0774458645393071E-003                  8.2585744130853997E-012                  0.0000000000000000E+000 
                                     625                  5.3741338234942182E-001                 -3.1790472586453089E-001                  6.6597544699570097E+000                  5.1404440480380864E-001                  1.5297656490584943E+001                  6.9999993816155093E-001                  2.8000006183844894E-001                  2.0000000000000129E-002                  1.1322141293917719E-003                  9.6566438049888379E-012                  0.0000000000000000E+000 
                                     626                  5.3235706103103264E-001                 -3.2077295621482255E-001                  6.6619823377536740E+000                  5.2186558388570592E-001                  1.5307712706184718E+001                  6.9999993514859260E-001                  2.8000006485140744E-001                  2.0000000000000018E-002                  1.1897055324014100E-003                  1.1287407662865455E-011                  0.0000000000000000E+000 
                                     627                  5.2726118502912733E-001                 -3.2366912248258711E-001                  6.6642077616397550E+000                  5.2970565158862948E-001                  1.5317785406884118E+001                  6.9999993198777555E-001                  2.8000006801222438E-001                  2.0000000000000018E-002                  1.2500549663194116E-003                  1.3189070284202805E-011                  0.0000000000000000E+000 
                                     628                  5.2212581693335247E-001                 -3.2659372711478829E-001                  6.6664309211577804E+000                  5.3756426911973854E-001                  1.5327874438313112E+001                  6.9999992867188465E-001                  2.8000007132811533E-001                  2.0000000000000018E-002                  1.3134039932894987E-003                  1.5406040553578557E-011                  0.0000000000000000E+000 
                                     629                  5.1695103216597804E-001                 -3.2954729096690888E-001                  6.6686519897839185E+000                  5.4544110297485227E-001                  1.5337979644427520E+001                  6.9999992281509871E-001                  2.8000007718490111E-001                  2.0000000000000240E-002                  1.3799011665476695E-003                  1.7989930491730180E-011                  0.0000000000000000E+000 
                                     630                  5.1173691943544253E-001                 -3.3253035410132598E-001                  6.6708711351865793E+000                  5.5333582158997774E-001                  1.5348100867579394E+001                  6.9999991900320935E-001                  2.8000008099679052E-001                  2.0000000000000129E-002                  1.4497024012148977E-003                  2.1000714124337606E-011                  0.0000000000000000E+000 
                                     631                  5.0648358120508452E-001                 -3.3554347665376782E-001                  6.6730885194679779E+000                  5.6124809978459078E-001                  1.5358237948588407E+001                  6.9999991500462599E-001                  2.8000008499537365E-001                  2.0000000000000351E-002                  1.5229712969351051E-003                  2.4508070883804329E-011                  0.0000000000000000E+000 
                                     632                  5.0119113417769645E-001                 -3.3858723971777316E-001                  6.6753042993896861E+000                  5.6917761554596080E-001                  1.5368390726812015E+001                  6.9999991081026169E-001                  2.8000008918973801E-001                  2.0000000000000240E-002                  1.5998795413701581E-003                  2.8592943635207878E-011                  0.0000000000000000E+000 
                                     633                  4.9585970979581917E-001                 -3.4166224630312797E-001                  6.6775186265842024E+000                  5.7712405063308037E-001                  1.5378559040216420E+001                  6.9999990641058751E-001                  2.8000009358941225E-001                  2.0000000000000240E-002                  1.6806073012576935E-003                  3.3349345640438091E-011                  0.0000000000000000E+000 
                                     634                  4.9048945475941003E-001                 -3.4476912234572460E-001                  6.6797316477519431E+000                  5.8508709043127383E-001                  1.5388742725446257E+001                  6.9999990179561233E-001                  2.8000009820438737E-001                  2.0000000000000240E-002                  1.7653436385646835E-003                  3.8886454354350528E-011                  0.0000000000000000E+000 
                                     635                  4.8508053156223468E-001                 -3.4790851777751003E-001                  6.6819435048434439E+000                  5.9306642370140372E-001                  1.5398941617893211E+001                  6.9999989695486009E-001                  2.8000010304513956E-001                  2.0000000000000351E-002                  1.8542869463916379E-003                  4.5331040362366448E-011                  0.0000000000000000E+000 
                                     636                  4.7963311904736428E-001                 -3.5108110766197298E-001                  6.6841543352271300E+000                  6.0106174263107659E-001                  1.5409155551763861E+001                  6.9999988964188742E-001                  2.8000011035811212E-001                  2.0000000000000462E-002                  1.9476453944288980E-003                  5.2830280653267588E-011                  0.0000000000000000E+000 
                                     637                  4.7414741298262392E-001                 -3.5428759339770338E-001                  6.6863642718429546E+000                  6.0907274015056545E-001                  1.5419384360146964E+001                  6.9999988416373382E-001                  2.8000011583626561E-001                  2.0000000000000573E-002                  2.0456374442995601E-003                  6.1555021575574262E-011                  0.0000000000000000E+000 
                                     638                  4.6862362665699581E-001                 -3.5752870401562253E-001                  6.6885734433446968E+000                  6.1709911443204613E-001                  1.5429627875082154E+001                  6.9999987841797795E-001                  2.8000012158202148E-001                  2.0000000000000573E-002                  2.1484923016428293E-003                  7.1703558357901594E-011                  0.0000000000000000E+000 
                                     639                  4.6306199149841082E-001                 -3.6080519752275420E-001                  6.6907819742309877E+000                  6.2514056593720668E-001                  1.5439885927628069E+001                  6.9999987239162542E-001                  2.8000012760837395E-001                  2.0000000000000684E-002                  2.2564504752122082E-003                  8.3506015314870072E-011                  0.0000000000000000E+000 
                                     640                  4.5746275771361183E-001                 -3.6411786235319504E-001                  6.6929899849646084E+000                  6.3319679801672768E-001                  1.5450158347930310E+001                  6.9999986607105258E-001                  2.8000013392894657E-001                  2.0000000000000906E-002                  2.3697643200383338E-003                  9.7229422461882816E-011                  0.0000000000000000E+000 
                                     641                  4.5182619495309229E-001                 -3.6746751890603746E-001                  6.6951975920810245E+000                  6.4126751686705408E-001                  1.5460444965287476E+001                  6.9999985944197662E-001                  2.8000014055802219E-001                  2.0000000000001128E-002                  2.4886986149441300E-003                  1.1318359356880618E-010                  0.0000000000000000E+000 
                                     642                  4.4615259300189014E-001                 -3.7085502118218272E-001                  6.6974049082868099E+000                  6.4935243212613780E-001                  1.5470745608216022E+001                  6.9999985058501524E-001                  2.8000014941498363E-001                  2.0000000000001128E-002                  2.6135311574138546E-003                  1.3172793998073754E-010                  0.0000000000000000E+000 
                                     643                  4.4044226249740653E-001                 -3.7428125852283778E-001                  6.6996120425475558E+000                  6.5745125431009110E-001                  1.5481060104513199E+001                  6.9999984316347030E-001                  2.8000015683652812E-001                  2.0000000000001572E-002                  2.7445534370664666E-003                  1.5327935924129552E-010                  0.0000000000000000E+000 
                                     644                  4.3469553567568736E-001                 -3.7774715748317428E-001                  6.7018191001566541E+000                  6.6556369853452102E-001                  1.5491388281320305E+001                  6.9999983538015387E-001                  2.8000016461984445E-001                  2.0000000000001683E-002                  2.8820712410888723E-003                  1.7832137310540868E-010                  0.0000000000000000E+000 
                                     645                  4.2891276714761511E-001                 -3.8125368380098829E-001                  6.7040261827363370E+000                  6.7368948233724701E-001                  1.5501729965183635E+001                  6.9999982721753229E-001                  2.8000017278246564E-001                  2.0000000000002016E-002                  3.0264053860289317E-003                  2.0741471102565412E-010                  0.0000000000000000E+000 
                                     646                  4.2309433470604346E-001                 -3.8480184451682814E-001                  6.7062333882478935E+000                  6.8182832634311785E-001                  1.5512084982115155E+001                  6.9999981865722638E-001                  2.8000018134277121E-001                  2.0000000000002460E-002                  3.1778924343569782E-003                  2.4120955981167904E-010                  0.0000000000000000E+000 
                                     647                  4.1724064016596757E-001                 -3.8839269023425649E-001                  6.7084408110963007E+000                  6.8997995416904578E-001                  1.5522453157651272E+001                  6.9999980967996955E-001                  2.8000019032002765E-001                  2.0000000000002793E-002                  3.3368854573594779E-003                  2.8045975620577071E-010                  0.0000000000000000E+000 
                                     648                  4.1135211023990564E-001                 -3.9202731753822290E-001                  6.7106485422651740E+000                  6.9814409230455543E-001                  1.5532834316909737E+001                  6.9999980026556619E-001                  2.8000019973443047E-001                  2.0000000000003348E-002                  3.5037548352623380E-003                  3.2603920762703073E-010                  0.0000000000000000E+000 
                                     649                  4.0542919745047840E-001                 -3.9570687158510126E-001                  6.7128566694482457E+000                  7.0632047085518446E-001                  1.5543228284644384E+001                  6.9999978811105124E-001                  2.8000021188894481E-001                  2.0000000000004015E-002                  3.6788890792985329E-003                  3.7896091163456232E-010                  0.0000000000000000E+000 
                                     650                  3.9947238108229732E-001                 -3.9943254887173457E-001                  6.7150652771761639E+000                  7.1450882049583953E-001                  1.5553634885297130E+001                  6.9999977760516241E-001                  2.8000022239483302E-001                  2.0000000000004570E-002                  3.8626957780652595E-003                  4.4039896826507227E-010                  0.0000000000000000E+000 
                                     651                  3.9348216817542875E-001                 -4.0320560023237900E-001                  6.7172744469362993E+000                  7.2270887688386332E-001                  1.5564053943049432E+001                  6.9999976658832763E-001                  2.8000023341166702E-001                  2.0000000000005347E-002                  4.0556024208340423E-003                  5.1171405106897267E-010                  0.0000000000000000E+000 
                                     652                  3.8745909456307565E-001                 -4.0702733401754237E-001                  6.7194842572884994E+000                  7.3092037769661866E-001                  1.5574485281869785E+001                  6.9999975503584200E-001                  2.8000024496415188E-001                  2.0000000000006124E-002                  4.2580574260056804E-003                  5.9448290219316589E-010                  0.0000000000000000E+000 
                                     653                  3.8140372595545069E-001                 -4.1089911953749475E-001                  6.7216947839782968E+000                  7.3914306339288549E-001                  1.5584928725560593E+001                  6.9999974292181055E-001                  2.8000025707818232E-001                  2.0000000000007123E-002                  4.4705311374092444E-003                  6.9053244177293902E-010                  0.0000000000000000E+000 
                                     654                  3.7531665907219058E-001                 -4.1482239076129634E-001                  6.7239061000487874E+000                  7.4737667775610317E-001                  1.5595384097803459E+001                  6.9999973021909356E-001                  2.8000026978089815E-001                  2.0000000000008233E-002                  4.6935168904212662E-003                  8.0197926510776942E-010                  0.0000000000000000E+000 
                                     655                  3.6919852282693361E-001                 -4.1879865029653340E-001                  6.7261182759516052E+000                  7.5562096822284885E-001                  1.5605851222201746E+001                  6.9999971484112611E-001                  2.8000028515886410E-001                  2.0000000000009788E-002                  4.9275320991277989E-003                  9.3127531400011868E-010                  0.0000000000000000E+000 
                                     656                  3.6304997956741064E-001                 -4.2282947367813206E-001                  6.7283313796548674E+000                  7.6387568273348927E-001                  1.5616329922319819E+001                  6.9999970073704931E-001                  2.8000029926293929E-001                  2.0000000000011342E-002                  5.1731194962170253E-003                  1.0812607375470801E-009                  0.0000000000000000E+000 
                                     657                  3.5687172637451753E-001                 -4.2691651402898279E-001                  6.7305454767488833E+000                  7.7214057374676692E-001                  1.5626820021721560E+001                  6.9999968594836137E-001                  2.8000031405162534E-001                  2.0000000000013340E-002                  5.4308482345484946E-003                  1.2552250320639864E-009                  0.0000000000000000E+000 
                                     658                  3.5066449642442249E-001                 -4.3106150705959562E-001                  6.7327606305493291E+000                  7.8041539557224948E-001                  1.5637321344003984E+001                  6.9999967044202871E-001                  2.8000032955795601E-001                  2.0000000000015339E-002                  5.7013152397407925E-003                  1.4569777533151409E-009                  0.0000000000000000E+000 
                                     659                  3.4442906041801763E-001                 -4.3526627650514182E-001                  6.7349769021975163E+000                  7.8869990496044595E-001                  1.5647833712829556E+001                  6.9999965418343268E-001                  2.8000034581654959E-001                  2.0000000000017781E-002                  5.9851465289128287E-003                  1.6909303442780623E-009                  0.0000000000000000E+000 
                                     660                  3.3816622808041802E-001                 -4.3953274001310050E-001                  6.7371943507574263E+000                  7.9699386161189656E-001                  1.5658356951957453E+001                  6.9999963545156407E-001                  2.8000036454841531E-001                  2.0000000000020668E-002                  6.2829985894797087E-003                  1.9621907064119245E-009                  0.0000000000000000E+000 
                                     661                  3.3187684973596016E-001                 -4.4386291552790114E-001                  6.7394130333099485E+000                  8.0529702588791663E-001                  1.5668890885272342E+001                  6.9999961746512351E-001                  2.8000038253485243E-001                  2.0000000000023999E-002                  6.5955599297098091E-003                  2.2766726500542062E-009                  0.0000000000000000E+000 
                                     662                  3.2556181796426603E-001                 -4.4825892825276925E-001                  6.7416330050453324E+000                  8.1360916203810052E-001                  1.5679435336812441E+001                  6.9999959860702510E-001                  2.8000040139294702E-001                  2.0000000000027884E-002                  6.9235524936384803E-003                  2.6412223672268808E-009                  0.0000000000000000E+000 
                                     663                  3.1922206934305503E-001                 -4.5272301819280192E-001                  6.7438543193530975E+000                  8.2193003591460645E-001                  1.5689990130793696E+001                  6.9999957883528574E-001                  2.8000042116468188E-001                  2.0000000000032436E-002                  7.2677333482514218E-003                  3.0637647345931213E-009                  0.0000000000000000E+000 
                                     664                  3.1285858628396629E-001                 -4.5725754839987104E-001                  6.7460770279073312E+000                  8.3025941532994796E-001                  1.5700555091631545E+001                  6.9999955810591297E-001                  2.8000044189404938E-001                  2.0000000000037654E-002                  7.6288963475414076E-003                  3.5534724377964970E-009                  0.0000000000000000E+000 
                                     665                  3.0647239896877559E-001                 -4.6186501396794510E-001                  6.7483011807486051E+000                  8.3859707003680140E-001                  1.5711130043960253E+001                  6.9999953637280943E-001                  2.8000046362714698E-001                  2.0000000000043539E-002                  8.0078738974565557E-003                  4.1209614570522154E-009                  0.0000000000000000E+000 
                                     666                  3.0006458739226755E-001                 -4.6654805186784704E-001                  6.7505268263649691E+000                  8.4694277229696757E-001                  1.5721714812650964E+001                  6.9999951172229680E-001                  2.8000048827765267E-001                  2.0000000000050533E-002                  8.4055387729026331E-003                  4.7785171290067186E-009                  0.0000000000000000E+000 
                                     667                  2.9363628351970389E-001                 -4.7130945171079180E-001                  6.7527540119661209E+000                  8.5529629414111263E-001                  1.5732309222827372E+001                  6.9999948771143083E-001                  2.8000051228851069E-001                  2.0000000000058415E-002                  8.8228061922599691E-003                  5.5403553776620631E-009                  0.0000000000000000E+000 
                                     668                  2.8718867356831984E-001                 -4.7615216758578399E-001                  6.7549827841490675E+000                  8.6365741034543908E-001                  1.5742913099881386E+001                  6.9999946253917300E-001                  2.8000053746075892E-001                  2.0000000000068074E-002                  9.2606357288162865E-003                  6.4229249812287440E-009                  0.0000000000000000E+000 
                                     669                  2.8072300042275472E-001                 -4.8107933103289108E-001                  6.7572131894050873E+000                  8.7202589553105136E-001                  1.5753526269485562E+001                  6.9999943614970617E-001                  2.8000056385021499E-001                  2.0000000000078844E-002                  9.7200336100715275E-003                  7.4452568069690676E-009                  0.0000000000000000E+000 
                                     670                  2.7424056619526366E-001                 -4.8609426535824324E-001                  6.7594452742166888E+000                  8.8040152465474553E-001                  1.5764148557604992E+001                  6.9999940848454667E-001                  2.8000059151536200E-001                  2.0000000000091278E-002                  1.0202054945978816E-002                  8.6293676619354267E-009                  0.0000000000000000E+000 
                                     671                  2.6774273494298445E-001                 -4.9120050141643123E-001                  6.7616790851070618E+000                  8.8878407289205352E-001                  1.5774779790508234E+001                  6.9999937948241853E-001                  2.8000062051747554E-001                  2.0000000000105933E-002                  1.0707806087342250E-002                  1.0000726775590347E-008                  0.0000000000000000E+000 
                                     672                  2.6123093555545535E-001                 -4.9640179505285270E-001                  6.7639146686923342E+000                  8.9717331597417882E-001                  1.5785419794777519E+001                  6.9999934737383529E-001                  2.8000065262604207E-001                  2.0000000000122586E-002                  1.1238447058245272E-002                  1.1588795213311948E-008                  0.0000000000000000E+000 
                                     673                  2.5470666482673460E-001                 -5.0170214641462452E-001                  6.7661520717355987E+000                  9.0556902802238270E-001                  1.5796068397318368E+001                  6.9999931539063132E-001                  2.8000068460922645E-001                  2.0000000000142237E-002                  1.1795194297145000E-002                  1.3427649124241170E-008                  0.0000000000000000E+000 
                                     674                  2.4817149072883565E-001                 -5.0710582140758276E-001                  6.7683913412018928E+000                  9.1397098493183482E-001                  1.5806725425370614E+001                  6.9999928186336524E-001                  2.8000071813646998E-001                  2.0000000000164775E-002                  1.2379323167955928E-002                  1.5556700093647773E-008                  0.0000000000000000E+000 
                                     675                  2.4162705590489125E-001                 -5.1261737551723308E-001                  6.7706325243125072E+000                  9.2237896213978021E-001                  1.5817390706516925E+001                  6.9999924671797498E-001                  2.8000075328183399E-001                  2.0000000000190976E-002                  1.2992170948429659E-002                  1.8021527627425017E-008                  0.0000000000000000E+000 
                                     676                  2.3507508140263261E-001                 -5.1824168039229157E-001                  6.7728756685986138E+000                  9.3079273511866278E-001                  1.5828064068691399E+001                  6.9999920987686881E-001                  2.8000079012290996E-001                  2.0000000000221174E-002                  1.3635139786037590E-002                  2.0874841151349762E-008                  0.0000000000000000E+000 
                                     677                  2.2851737067120498E-001                 -5.2398395354433036E-001                  6.7751208219548502E+000                  9.3921207980003119E-001                  1.5838745340187499E+001                  6.9999916986641553E-001                  2.8000083013332827E-001                  2.0000000000256257E-002                  1.4309699795073100E-002                  2.4177591758700796E-008                  0.0000000000000000E+000 
                                     678                  2.2195581384726021E-001                 -5.2984979161413681E-001                  6.7773680326931327E+000                  9.4763677067706142E-001                  1.5849434349664724E+001                  6.9999912929530517E-001                  2.8000087070439805E-001                  2.0000000000296780E-002                  1.5017392487137664E-002                  2.8000256812779280E-008                  0.0000000000000000E+000 
                                     679                  2.1539239235974977E-001                 -5.3584520776485400E-001                  6.7796173495968484E+000                  9.5606658340896100E-001                  1.5860130926156247E+001                  6.9999908676861144E-001                  2.8000091323104503E-001                  2.0000000000343521E-002                  1.5759834002851227E-002                  3.2424324451383987E-008                  0.0000000000000000E+000 
                                     680                  2.0882918388643895E-001                 -5.4197667376368097E-001                  6.7818688219755847E+000                  9.6450129303137677E-001                  1.5870834899073914E+001                  6.9999904219267828E-001                  2.8000095780692397E-001                  2.0000000000397700E-002                  1.6538718863195537E-002                  3.7544008743330020E-008                  0.0000000000000000E+000 
                                     681                  2.0226836769962170E-001                 -5.4825116754561110E-001                  6.7841224997208123E+000                  9.7294067479786539E-001                  1.5881546098213249E+001                  6.9999899436485891E-001                  2.8000100563468061E-001                  2.0000000000460538E-002                  1.7355823693966429E-002                  4.3468231952935472E-008                  0.0000000000000000E+000 
                                     682                  1.9571223044376923E-001                 -5.5467622709587272E-001                  6.7863784333628825E+000                  9.8138450266759902E-001                  1.5892264353756657E+001                  6.9999894531918494E-001                  2.8000105468028214E-001                  2.0000000000532925E-002                  1.8213011332619818E-002                  5.0322914582918749E-008                  0.0000000000000000E+000 
                                     683                  1.8916317239384958E-001                 -5.6126001172428797E-001                  6.7886366741300304E+000                  9.8983255140357485E-001                  1.5902989496277815E+001                  6.9999889391236014E-001                  2.8000110608702278E-001                  2.0000000000617080E-002                  1.9112234801842164E-002                  5.8253621849007528E-008                  0.0000000000000000E+000 
                                     684                  1.8262371424958496E-001                 -5.6801137192289997E-001                  6.7908972740094828E+000                  9.9828459510142908E-001                  1.5913721356743405E+001                  6.9999884003143642E-001                  2.8000115996784941E-001                  2.0000000000714113E-002                  2.0055541808078704E-002                  6.7428621275714309E-008                  0.0000000000000000E+000 
                                     685                  1.7609650453094733E-001                 -5.7493992935335936E-001                  6.7931602858110764E+000                  1.0067404077803757E+000                  1.5924459766512927E+001                  6.9999878265897897E-001                  2.8000121734019467E-001                  2.0000000000826357E-002                  2.1045079265933041E-002                  7.8042416072393952E-008                  0.0000000000000000E+000 
                                     686                  1.6958432764961434E-001                 -5.8205616874094135E-001                  6.7954257632337063E+000                  1.0151997620935509E+000                  1.5935204557335290E+001                  6.9999872341060432E-001                  2.8000127658843965E-001                  2.0000000000956031E-002                  2.2083098230730760E-002                  9.0319827843494188E-008                  0.0000000000000000E+000 
                                     687                  1.6309011274219481E-001                 -5.8937154390213453E-001                  6.7976937609359469E+000                  1.0236624309485995E+000                  1.5945955561343769E+001                  6.9999866131330324E-001                  2.8000133868559035E-001                  2.0000000001106466E-002                  2.3171958763830738E-002                  1.0452071370399227E-007                  0.0000000000000000E+000 
                                     688                  1.5661694336559678E-001                 -5.9689860054221144E-001                  6.7999643346126986E+000                  1.0321281863510829E+000                  1.5956712611046159E+001                  6.9999859623093541E-001                  2.8000140376778476E-001                  2.0000000001279883E-002                  2.4314135351719314E-002                  1.2094541821849200E-007                  0.0000000000000000E+000 
                                     689                  1.5016806817211953E-001                 -6.0465111916565262E-001                  6.8022375407809550E+000                  1.0405968001654351E+000                  1.5967475539311929E+001                  6.9999852727061962E-001                  2.8000147272789982E-001                  2.0000000001480611E-002                  2.5512222334551984E-002                  1.3994106942651800E-007                  0.0000000000000000E+000 
                                     690                  1.4374691270130907E-001                 -6.1264428214857181E-001                  6.8045134353166397E+000                  1.0490680445819645E+000                  1.5978244179354594E+001                  6.9999845573493302E-001                  2.8000154426335433E-001                  2.0000000001712648E-002                  2.6768939421280526E-002                  1.6190884546712860E-007                  0.0000000000000000E+000 
                                     691                  1.3735709245218891E-001                 -6.2089487005527910E-001                  6.8067920719734341E+000                  1.0575416952393102E+000                  1.5989018364704481E+001                  6.9999838019064808E-001                  2.8000161980737115E-001                  2.0000000001980767E-002                  2.8087137070190747E-002                  1.8731235641998212E-007                  0.0000000000000000E+000 
                                     692                  1.3100242743258933E-001                 -6.2942149350974264E-001                  6.8090735021719837E+000                  1.0660175296701913E+000                  1.5999797929161797E+001                  6.9999830158196252E-001                  2.8000169841574685E-001                  2.0000000002290630E-002                  2.9469802789288919E-002                  2.1668733648782371E-007                  0.0000000000000000E+000 
                                     693                  1.2468695841729877E-001                 -6.3824486875139985E-001                  6.8113577751025680E+000                  1.0744953284844962E+000                  1.6010582706728695E+001                  6.9999821920001826E-001                  2.8000178079733268E-001                  2.0000000002649010E-002                  3.0920067444297084E-002                  2.5065283044580787E-007                  0.0000000000000000E+000 
                                     694                  1.1841496519472910E-001                 -6.4738814707418468E-001                  6.8136449377968269E+000                  1.0829748745572463E+000                  1.6021372531512391E+001                  6.9999813239167108E-001                  2.8000186760526591E-001                  2.0000000003063012E-002                  3.2441212070999058E-002                  2.8992411875473928E-007                  0.0000000000000000E+000 
                                     695                  1.1219098714121295E-001                 -6.5687731135936334E-001                  6.8159350351659587E+000                  1.0914559524050778E+000                  1.6032167237592972E+001                  6.9999804188400105E-001                  2.8000195811245715E-001                  2.0000000003541851E-002                  3.4036674968931008E-002                  3.3532763431789784E-007                  0.0000000000000000E+000 
                                     696                  1.0601984653656087E-001                 -6.6674165679105535E-001                  6.8182281100135995E+000                  1.0999383491277988E+000                  1.6042966658848080E+001                  6.9999794665870430E-001                  2.8000205333720074E-001                  2.0000000004094964E-002                  3.5710058940761416E-002                  3.8781818746457674E-007                  0.0000000000000000E+000 
                                     697                  9.9906675129010344E-002                 -6.7701437811654575E-001                  6.8205242030300690E+000                  1.1084218530798819E+000                  1.6053770628717853E+001                  6.9999784723860625E-001                  2.8000215275665957E-001                  2.0000000004734231E-002                  3.7465139085633481E-002                  4.4849885266876972E-007                  0.0000000000000000E+000 
                                     698                  9.3856944583420268E-002                 -6.8773329316928722E-001                  6.8228233527646625E+000                  1.1169062545678936E+000                  1.6064578979891213E+001                  6.9999774274712145E-001                  2.8000225724740579E-001                  2.0000000005472751E-002                  3.9305870685910994E-002                  5.1864391616349722E-007                  0.0000000000000000E+000 
                                     699                  8.7876501605414215E-002                 -6.9894174238759466E-001                  6.8251255955677257E+000                  1.1253913445901509E+000                  1.6075391543883406E+001                  6.9999763355036859E-001                  2.8000236644330551E-001                  2.0000000006325847E-002                  4.1236397619483119E-002                  5.9972537571511105E-007                  0.0000000000000000E+000 
                                     700                  8.1971608744081992E-002                 -7.1068971840254780E-001                  6.8274309654915593E+000                  1.1338769151873738E+000                  1.6086208150467556E+001                  6.9999751887004169E-001                  2.8000248112264653E-001                  2.0000000007311725E-002                  4.3261060927957874E-002                  6.9344350548065420E-007                  0.0000000000000000E+000 
                                     701                  7.6148992156166495E-002                 -7.2303530008004291E-001                  6.8297394941351355E+000                  1.1423627581585705E+000                  1.6097028626901654E+001                  6.9999739874683742E-001                  2.8000260124471199E-001                  2.0000000008450591E-002                  4.5384407834920135E-002                  8.0176213742068079E-007                  0.0000000000000000E+000 
                                     702                  7.0415897993403254E-002                 -7.3604649518531851E-001                  6.8320512104099205E+000                  1.1508486645297245E+000                  1.6107852796868219E+001                  6.9999727291001712E-001                  2.8000272708021656E-001                  2.0000000009766317E-002                  4.7611200950223274E-002                  9.2694935844577679E-007                  0.0000000000000000E+000 
                                     703                  6.4780159594900855E-002                 -7.4980363985058984E-001                  6.8343661401969173E+000                  1.1593344233793264E+000                  1.6118680479003132E+001                  6.9999714107977984E-001                  2.8000285890893384E-001                  2.0000000011286323E-002                  4.9946427777990167E-002                  1.0716244384697740E-006                  0.0000000000000000E+000 
                                     704                  5.9250278386206175E-002                 -7.6440256985059640E-001                  6.8366843058464966E+000                  1.1678198203295156E+000                  1.6129511484825805E+001                  6.9999700296577394E-001                  2.8000299702118403E-001                  2.0000000013042030E-002                  5.2395310391407511E-002                  1.2388119580731513E-006                  0.0000000000000000E+000 
                                     705                  5.3835522419265647E-002                 -7.7995888222875653E-001                  6.8390057254430019E+000                  1.1763046353442466E+000                  1.6140345615766286E+001                  6.9999685819373925E-001                  2.8000314179119107E-001                  2.0000000015069741E-002                  5.4963315143380452E-002                  1.4320041644969494E-006                  0.0000000000000000E+000 
                                     706                  4.8546047982891138E-002                 -7.9661377062099470E-001                  6.8413304117072782E+000                  1.1847886393990927E+000                  1.6151182658795516E+001                  6.9999670651491697E-001                  2.8000329346767128E-001                  2.0000000017411756E-002                  5.7656162191447827E-002                  1.6552327932200046E-006                  0.0000000000000000E+000 
                                     707                  4.3393051930452675E-002                 -8.1454218772741860E-001                  6.8436583703271694E+000                  1.1932715896185158E+000                  1.6162022379831338E+001                  6.9999654756689611E-001                  2.8000345241298752E-001                  2.0000000020116371E-002                  6.0479834446775710E-002                  1.9131517197550418E-006                  0.0000000000000000E+000 
                                     708                  3.8388965755578985E-002                 -8.3396454607386361E-001                  6.8459895973516796E+000                  1.2017532215470994E+000                  1.6172864513475464E+001                  6.9999638118284213E-001                  2.8000361879391816E-001                  2.0000000023239650E-002                  6.3440585240846711E-002                  2.2111318805632192E-006                  0.0000000000000000E+000 
                                     709                  3.3547707771311275E-002                 -8.5516397418111845E-001                  6.8483240749909449E+000                  1.2102332370193893E+000                  1.6183708746453998E+001                  6.9999620688629505E-001                  2.8000379308685891E-001                  2.0000000026846099E-002                  6.6544943476406007E-002                  2.5553700713680681E-006                  0.0000000000000000E+000 
                                     710                  2.8885018417884767E-002                 -8.7851262934588692E-001                  6.8506617645828838E+000                  1.2187112831768638E+000                  1.6194554689732119E+001                  6.9999602428671825E-001                  2.8000397568227153E-001                  2.0000000031010212E-002                  6.9799713719376114E-002                  2.9530131070848186E-006                  0.0000000000000000E+000 
                                     711                  2.4418918454682300E-002                 -9.0451344881505646E-001                  6.8530025949605982E+000                  1.2271869149018642E+000                  1.6205401829051475E+001                  6.9999583299974089E-001                  2.8000416696444147E-001                  2.0000000035817589E-002                  7.3211966826527572E-002                  3.4122984576268727E-006                  0.0000000000000000E+000 
                                     712                  2.0170356095813025E-002                 -9.3386967630963158E-001                  6.8564024112916133E+000                  1.2394083013332942E+000                  1.6221068230435147E+001                  6.9999553996685471E-001                  2.8000445998901557E-001                  2.0000000044129718E-002                  7.8443198563333191E-002                  4.2068431764793732E-006                  0.0000000000000000E+000 
                                     713                  1.2430508852544653E-002                 -1.0073818993451509E+000                  6.8610751958823704E+000                  1.2562710380929758E+000                  1.6242667576376430E+001                  6.9999510359562878E-001                  2.8000489634561976E-001                  2.0000000058751466E-002                  8.6245379030463393E-002                  5.6057997748527835E-006                  0.0000000000000000E+000 
                                     714                  5.9450121676054013E-003                 -1.1177017216249017E+000                  6.8648506562183513E+000                  1.2699237470528755E+000                  1.6260148741755355E+001                  6.9999472060187318E-001                  2.8000527932413616E-001                  2.0000000073990609E-002                  9.3103981107601694E-002                  7.0651499489231311E-006                  0.0000000000000000E+000 
                                     715                  3.3151401066629504E-003                 -1.2039902234650588E+000                  6.8669595348034695E+000                  1.2774899140279898E+000                  1.6269853791842383E+001                  6.9999449483509302E-001                  2.8000550508077787E-001                  2.0000000084129166E-002                  9.7150154224946120E-002                  8.0365844203328984E-006                  0.0000000000000000E+000 
                                     716                  1.7156846276586422E-003                 -1.3006415820017168E+000                  6.8684796788984173E+000                  1.2829337738086681E+000                  1.6276839637736558E+001                  6.9999432641536796E-001                  2.8000567349235694E-001                  2.0000000092275094E-002                  1.0017030419666649E-001                  8.8174219881490788E-006                  0.0000000000000000E+000 
                                     717                  8.5311415020611348E-004                 -1.4026596839762042E+000                  6.8694460901067345E+000                  1.2863895128672547E+000                  1.6281275765079428E+001                  6.9999421681088247E-001                  2.8000578309126450E-001                  2.0000000097853077E-002                  1.0213652995847425E-001                  9.3522408803129830E-006                  0.0000000000000000E+000 
                                     718                  4.7075807497026778E-004                 -1.4892044481526214E+000                  6.8700246030091847E+000                  1.2884545190418759E+000                  1.6283927680664945E+001                  6.9999415026170875E-001                  2.8000584963694181E-001                  2.0000000101349391E-002                  1.0333063045863070E-001                  9.6875236707943878E-006                  0.0000000000000000E+000 
                                     719                  2.4037935970294691E-004                 -1.5868594699662102E+000                  6.8704321576668965E+000                  1.2899086204818602E+000                  1.6285795267650123E+001                  6.9999410294008779E-001                  2.8000589695602579E-001                  2.0000000103886473E-002                  1.0417986292600021E-001                  9.9308186840572055E-006                  0.0000000000000000E+000 
                                     720                  1.2519000206928643E-004                 -1.6815226219504815E+000                  6.8706851724502140E+000                  1.2908108628281036E+000                  1.6286954212749400E+001                  6.9999407338106456E-001                  2.8000592651344280E-001                  2.0000000105492632E-002                  1.0471038086331540E-001                  1.0084876547691715E-005                  0.0000000000000000E+000 
                                     721                  6.7595323252456208E-005                 -1.7708761695054356E+000                  6.8708404301552441E+000                  1.2913643227345468E+000                  1.6287665195684376E+001                  6.9999405517370328E-001                  2.8000594471980628E-001                  2.0000000106490390E-002                  1.0503718197040107E-001                  1.0180574064142945E-005                  0.0000000000000000E+000 
                                     722                  3.8797983844041095E-005                 -1.8513275602709940E+000                  6.8709338030020621E+000                  1.2916971082511002E+000                  1.6288092717254653E+001                  6.9999404419835154E-001                  2.8000595569455378E-001                  2.0000000107094684E-002                  1.0523418414972070E-001                  1.0238557165082596E-005                  0.0000000000000000E+000 
                                     723                  2.4399314139833539E-005                 -1.9185198230474725E+000                  6.8709882822801154E+000                  1.2918912509072806E+000                  1.6288342134851099E+001                  6.9999403778587499E-001                  2.8000596210667594E-001                  2.0000000107449067E-002                  1.0534928746780343E-001                  1.0272538056496468E-005                  0.0000000000000000E+000 
                                     724                  1.7199979287729761E-005                 -1.9691639004819719E+000                  6.8710290852220233E+000                  1.2920366379339907E+000                  1.6288528920861754E+001                  6.9999403297900387E-001                  2.8000596691328100E-001                  2.0000000107715188E-002                  1.0543557141315654E-001                  1.0298061006417312E-005                  0.0000000000000000E+000 
                                     725                  1.0000644435681494E-005                 -2.0476961099349502E+000                  6.8710705001028725E+000                  1.2921842056925594E+000                  1.6288718508629721E+001                  6.9999402809617961E-001                  2.8000597179583453E-001                  2.0000000107985860E-002                  1.0552321998466554E-001                  1.0324030868746313E-005                  0.0000000000000000E+000 
                                     726                  5.0003222181738138E-006                 -2.1480672477137448E+000                  6.8711025767827625E+000                  1.2922984981716090E+000                  1.6288865346570223E+001                  6.9999402431168145E-001                  2.8000597558012252E-001                  2.0000000108196025E-002                  1.0559115402214836E-001                  1.0344189512132908E-005                  0.0000000000000000E+000 
                                     727                  2.5001611094754854E-006                 -2.2484280906652057E+000                  6.8711227821618772E+000                  1.2923704890030421E+000                  1.6288957838108345E+001                  6.9999402192663307E-001                  2.8000597796503834E-001                  2.0000000108328586E-002                  1.0563396742642134E-001                  1.0356907514098528E-005                  0.0000000000000000E+000 
                                     728                  1.2500805550708094E-006                 -2.3487824464642415E+000                  6.8711355100923042E+000                  1.2924158368438985E+000                  1.6289016099929732E+001                  6.9999402042376424E-001                  2.8000597946782363E-001                  2.0000000108412186E-002                  1.0566094518238622E-001                  1.0364926842896366E-005                  0.0000000000000000E+000 
                                     729                  6.2504027786847161E-007                 -2.4491327097198123E+000                  6.8711435279226203E+000                  1.2924444027853028E+000                  1.6289052800907804E+001                  6.9999401947686413E-001                  2.8000598041467090E-001                  2.0000000108465033E-002                  1.0567794288035333E-001                  1.0369981677149875E-005                  0.0000000000000000E+000 
                                     730                  3.1252013926730271E-007                 -2.5494803821607768E+000                  6.8711485787331759E+000                  1.2924623976379777E+000                  1.6289075920407242E+001                  6.9999401888029467E-001                  2.8000598101120711E-001                  2.0000000108498228E-002                  1.0568865185826577E-001                  1.0373167202916359E-005                  0.0000000000000000E+000 
                                     731                  1.5626006993896269E-007                 -2.6498263968157718E+000                  6.8711517605004619E+000                  1.2924737334565344E+000                  1.6289090484507287E+001                  6.9999401850445564E-001                  2.8000598138702543E-001                  2.0000000108518989E-002                  1.0569539852426542E-001                  1.0375174425557194E-005                  0.0000000000000000E+000 
                                     732                  7.8130035274792675E-008                 -2.7501713155992675E+000                  6.8711544329889911E+000                  1.2924832547773495E+000                  1.6289102717386204E+001                  6.9999401818875695E-001                  2.8000598170270624E-001                  2.0000000108536753E-002                  1.0570106561588147E-001                  1.0376860663908117E-005                  0.0000000000000000E+000 
