                                       1                                        2                                        3                                        4                                        5                                        6                                        7                                        8                                        9                                       10                                       11                                       12                                       13                                       14                                       15                                       16                                       17                                       18                                       19                                       20                                       21                                       22                                       23                                       24                                       25                                       26                                       27                                       28                                       29                                       30                                       31                                       32                                       33                                       34                                       35                                       36                                       37                                       38                                       39                                       40                                       41                                       42                                       43                                       44                                       45                                       46                                       47                                       48                                       49 
                            model_number                                num_zones                             initial_mass                                initial_z                                 star_age                                time_step                                     Teff                            photosphere_L                            photosphere_r                               center_eta                                center_h1                               center_he3                               center_he4                               center_c12                               center_n14                               center_o16                              center_ne20                                star_mass                                star_mdot                             star_mass_h1                            star_mass_he3                            star_mass_he4                            star_mass_c12                            star_mass_n14                            star_mass_o16                           star_mass_ne20                             he_core_mass                             co_core_mass                             fe_core_mass                   neutron_rich_core_mass                             dynamic_time                             kh_timescale                            nuc_timescale                           power_nuc_burn                             power_h_burn                            power_he_burn                                power_neu                                burn_min1                                burn_min2                             time_seconds                           version_number                                 compiler                                    build                         MESA_SDK_version                             math_backend                                     date                                     msun                                     rsun                                     lsun 
                                     250                                      787                  1.0000000000000000E+000                  2.0000000000000000E-002                  7.8868509094199753E+009                  4.7677291968628176E+007                  5.7899450017966219E+003                  1.3319077198416340E+000                  1.1469417242369235E+000                 -1.2513475763961197E+000                  2.2262013122013580E-002                  6.4842372870112352E-009                  9.5781805315994595E-001                  5.1051843749499674E-005                  9.4944589773966592E-003                  4.2121701595263135E-003                  2.0850244238750384E-003                  1.0000000000000000E+000                  0.0000000000000000E+000                  6.2510935951234969E-001                  8.2032251257777966E-004                  3.5390620441902837E-001                  2.3804841532309713E-003                  2.3498126662510038E-003                  9.2715704834317632E-003                  2.0850244238750379E-003                  7.1157705700451712E-003                  0.0000000000000000E+000                  0.0000000000000000E+000                  0.0000000000000000E+000                  1.2293317109752179E+004                  1.5415777024206512E+007                  7.5080276591451969E+009                  1.3320180553611816E+000                  1.3320180553611818E+000                  1.5826522691188367E-038                  4.6575096506816120E-002                  5.0000000000000000E+001                  1.0000000000000000E+003                  2.4889008625911181E+017                               "r25.12.1"                               "gfortran"                                 "13.3.0"                  "aarch64-macos-25.12.1"                                 "CRMATH"                               "20260306"                  1.9884098706980504E+033                  6.9570000000000000E+010                  3.8280000000000003E+033 

                                       1                                        2                                        3                                        4                                        5                                        6                                        7                                        8                                        9                                       10                                       11                                       12 
                                    zone                                     mass                                     logR                                     logT                                   logRho                                     logP                        x_mass_fraction_H                       y_mass_fraction_He                   z_mass_fraction_metals                                       pp                                      cno                                tri_alpha 
                                       1                  1.0000000000000000E+000                  5.9541352090204690E-002                  3.7629663578358676E+000                 -6.8828061944730603E+000                  4.6840811884661262E+000                  7.0000000000000007E-001                  2.8000000000000003E-001                  1.9999999999999907E-002                  1.9218711116771159E-026                  0.0000000000000000E+000                  0.0000000000000000E+000 
                                       2                  9.9999999999899991E-001                  5.9540319333470121E-002                  3.7636263687245686E+000                 -6.8782601244024235E+000                  4.6892884310736180E+000                  7.0000000000000007E-001                  2.8000000000000003E-001                  1.9999999999999907E-002                  1.9421014541285431E-026                  0.0000000000000000E+000                  0.0000000000000000E+000 
                                       3                  9.9999999999775002E-001                  5.9539041820133302E-002                  3.7643694384879609E+000                 -6.8732909770607753E+000                  4.6950020262119043E+000                  7.0000000000000007E-001                  2.8000000000000003E-001                  1.9999999999999907E-002                  1.9644582452037135E-026                  0.0000000000000000E+000                  0.0000000000000000E+000 
                                       4                  9.9999999999650002E-001                  5.9537778829568136E-002                  3.7654983137616536E+000                 -6.8659900961435989E+000                  4.7034340010161353E+000                  7.0000000000000007E-001                  2.8000000000000003E-001                  1.9999999999999907E-002                  1.9977735546806807E-026                  0.0000000000000000E+000                  0.0000000000000000E+000 
                                       5                  9.9999999999400002E-001                  5.9535294925367008E-002                  3.7678159070193820E+000                 -6.8519241885040687E+000                  4.7198225321961376E+000                  7.0000000000000007E-001                  2.8000000000000003E-001                  1.9999999999999907E-002                  2.0635604375392425E-026                  0.0000000000000000E+000                  0.0000000000000000E+000 
                                       6                  9.9999999998900002E-001                  5.9530485315276022E-002                  3.7704684410527287E+000                 -6.8374995949790911E+000                  4.7369062743218642E+000                  7.0000000000000007E-001                  2.8000000000000003E-001                  1.9999999999999907E-002                  2.1332758893636599E-026                  0.0000000000000000E+000                  0.0000000000000000E+000 
                                       7                  9.9999999998587508E-001                  5.9527577432668566E-002                  3.7725769819189363E+000                 -6.8269148448637491E+000                  4.7496053584934179E+000                  7.0000000000000007E-001                  2.8000000000000003E-001                  1.9999999999999907E-002                  2.1859271005121755E-026                  0.0000000000000000E+000                  0.0000000000000000E+000 
                                       8                  9.9999999998275013E-001                  5.9524739508812471E-002                  3.7758466748155746E+000                 -6.8118155340385647E+000                  4.7679842407091888E+000                  7.0000000000000007E-001                  2.8000000000000003E-001                  1.9999999999999907E-002                  2.2632922175658733E-026                  0.0000000000000000E+000                  0.0000000000000000E+000 
                                       9                  9.9999999997650013E-001                  5.9519257447310424E-002                  3.7793616868822082E+000                 -6.7977091085694861E+000                  4.7856176963348478E+000                  7.0000000000000007E-001                  2.8000000000000003E-001                  1.9999999999999907E-002                  2.3380425906105787E-026                  0.0000000000000000E+000                  0.0000000000000000E+000 
                                      10                  9.9999999997337519E-001                  5.9516603943684090E-002                  3.7817860232655542E+000                 -6.7887721370824439E+000                  4.7969880069491841E+000                  7.0000000000000007E-001                  2.8000000000000003E-001                  1.9999999999999907E-002                  2.3866725170103930E-026                  0.0000000000000000E+000                  0.0000000000000000E+000 
                                      11                  9.9999999997025024E-001                  5.9514004439061588E-002                  3.7843002699773458E+000                 -6.7802159244855398E+000                  4.8080684713738844E+000                  7.0000000000000007E-001                  2.8000000000000003E-001                  1.9999999999999907E-002                  2.4341782286309938E-026                  0.0000000000000000E+000                  0.0000000000000000E+000 
                                      12                  9.9999999996712530E-001                  5.9511455601822763E-002                  3.7882107927521358E+000                 -6.7680349662321069E+000                  4.8241768519029247E+000                  6.9999998700800248E-001                  2.8000001299199762E-001                  1.9999999999999907E-002                  2.5034453302941435E-026                  0.0000000000000000E+000                  0.0000000000000000E+000 
                                      13                  9.9999999996087530E-001                  5.9506498790368720E-002                  3.7924505265168382E+000                 -6.7567622964147329E+000                  4.8397097613205533E+000                  6.9999998555726817E-001                  2.8000001444273187E-001                  2.0000000000000018E-002                  2.5693027285336205E-026                  0.0000000000000000E+000                  0.0000000000000000E+000 
                                      14                  9.9999999995775035E-001                  5.9504083825643490E-002                  3.7968516864487349E+000                 -6.7461901962081123E+000                  4.8547065811878545E+000                  6.9999998509759565E-001                  2.8000001490240439E-001                  2.0000000000000018E-002                  2.6326410541923584E-026                  0.0000000000000000E+000                  0.0000000000000000E+000 
                                      15                  9.9999999995150035E-001                  5.9499369936333937E-002                  3.8032646085478352E+000                 -6.7334189000305633E+000                  4.8739300928284068E+000                  6.9999998479981451E-001                  2.8000001520018553E-001                  2.0000000000000018E-002                  2.7112413232814237E-026                  0.0000000000000000E+000                  0.0000000000000000E+000 
                                      16                  9.9999999994525046E-001                  5.9494792503068564E-002                  3.8085371776990100E+000                 -6.7248491135001442E+000                  4.8878097168468164E+000                  6.9999998479981451E-001                  2.8000001520018553E-001                  2.0000000000000018E-002                  2.7652952911461274E-026                  0.0000000000000000E+000                  0.0000000000000000E+000 
                                      17                  9.9999999994212552E-001                  5.9492548453367405E-002                  3.8140374295165702E+000                 -6.7169434764930518E+000                  4.9012597384405927E+000                  6.9999998479981451E-001                  2.8000001520018553E-001                  2.0000000000000018E-002                  2.8161154760229524E-026                  0.0000000000000000E+000                  0.0000000000000000E+000 
                                      18                  9.9999999993587541E-001                  5.9488141212293948E-002                  3.8200980572328125E+000                 -6.7100137803117317E+000                  4.9143062194096023E+000                  6.9999998479981451E-001                  2.8000001520018553E-001                  2.0000000000000018E-002                  2.8614296957919444E-026                  0.0000000000000000E+000                  0.0000000000000000E+000 
                                      19                  9.9999999993275046E-001                  5.9485972424906206E-002                  3.8243156147931803E+000                 -6.7057904308608363E+000                  4.9227912704268970E+000                  6.9999998479981451E-001                  2.8000001520018553E-001                  2.0000000000000018E-002                  2.8894036903573234E-026                  0.0000000000000000E+000                  0.0000000000000000E+000 
                                      20                  9.9999999992962552E-001                  5.9483824593915859E-002                  3.8287304849731090E+000                 -6.7019340352198649E+000                  4.9311138792257765E+000                  6.9999998479981451E-001                  2.8000001520018553E-001                  2.0000000000000018E-002                  2.9151859640129461E-026                  0.0000000000000000E+000                  0.0000000000000000E+000 
                                      21                  9.9999999992650057E-001                  5.9481695719100655E-002                  3.8333535713391638E+000                 -6.6984509286899536E+000                  4.9392801505269750E+000                  6.9999998479981451E-001                  2.8000001520018553E-001                  2.0000000000000018E-002                  2.9386702967146406E-026                  0.0000000000000000E+000                  0.0000000000000000E+000 
                                      22                  9.9999999992337563E-001                  5.9479583818960985E-002                  3.8381980316372410E+000                 -6.6953503997636989E+000                  4.9472958513509564E+000                  6.9999998479981451E-001                  2.8000001520018553E-001                  2.0000000000000018E-002                  2.9597343015238969E-026                  0.0000000000000000E+000                  0.0000000000000000E+000 
                                      23                  9.9999999992025068E-001                  5.9477486911994892E-002                  3.8458067698744589E+000                 -6.6913353475295914E+000                  4.9590488772823633E+000                  6.9999998479981451E-001                  2.8000001520018553E-001                  2.0000000000000018E-002                  2.9872358449933283E-026                  0.0000000000000000E+000                  0.0000000000000000E+000 
                                      24                  9.9999999991400068E-001                  5.9473331601464390E-002                  3.8542104101578487E+000                 -6.6884692380622264E+000                  4.9704926338952840E+000                  6.9999998479981451E-001                  2.8000001520018553E-001                  2.0000000000000018E-002                  3.0070237898729401E-026                  0.0000000000000000E+000                  0.0000000000000000E+000 
                                      25                  9.9999999991087574E-001                  5.9471267568120725E-002                  3.8600105065021428E+000                 -6.6869465740091414E+000                  4.9779577810915310E+000                  6.9999998479981451E-001                  2.8000001520018553E-001                  2.0000000000000018E-002                  3.0175897084422974E-026                  0.0000000000000000E+000                  0.0000000000000000E+000 
                                      26                  9.9999999990775079E-001                  5.9469210729465372E-002                  3.8659772011400833E+000                 -6.6857426607454880E+000                  4.9852969121417354E+000                  6.9999998479981451E-001                  2.8000001520018553E-001                  2.0000000000000018E-002                  3.0259700642133459E-026                  0.0000000000000000E+000                  0.0000000000000000E+000 
                                      27                  9.9999999990462585E-001                  5.9467159555598212E-002                  3.8720190239474883E+000                 -6.6847638585633646E+000                  4.9925142128685742E+000                  6.9999998479981451E-001                  2.8000001520018553E-001                  2.0000000000000018E-002                  3.0328005911431140E-026                  0.0000000000000000E+000                  0.0000000000000000E+000 
                                      28                  9.9999999990150090E-001                  5.9465112970445509E-002                  3.8810056939685462E+000                 -6.6834930074279058E+000                  5.0031203378221605E+000                  6.9999998479981451E-001                  2.8000001520018553E-001                  2.0000000000000018E-002                  3.0416921843301308E-026                  0.0000000000000000E+000                  0.0000000000000000E+000 
                                      29                  9.9999999989525090E-001                  5.9461031673865648E-002                  3.8895363750537451E+000                 -6.6820729711766154E+000                  5.0134739926509324E+000                  6.9999998479981451E-001                  2.8000001520018553E-001                  2.0000000000000018E-002                  3.0516584095284581E-026                  0.0000000000000000E+000                  0.0000000000000000E+000 
                                      30                  9.9999999989212596E-001                  5.9458997644136154E-002                  3.8949557609828793E+000                 -6.6810229236780287E+000                  5.0202419195411068E+000                  6.9999998479981451E-001                  2.8000001520018553E-001                  2.0000000000000018E-002                  3.0590489461317821E-026                  0.0000000000000000E+000                  0.0000000000000000E+000 
                                      31                  9.9999999988900101E-001                  5.9456968497913786E-002                  3.9007466147456920E+000                 -6.6796837220412755E+000                  5.0277319969769589E+000                  6.9999998479981451E-001                  2.8000001520018553E-001                  2.0000000000000018E-002                  3.0685006144586170E-026                  0.0000000000000000E+000                  0.0000000000000000E+000 
                                      32                  9.9999999988509491E-001                  5.9454439834692473E-002                  3.9097386894718311E+000                 -6.6771261970667535E+000                  5.0399356375194850E+000                  6.9999998479981451E-001                  2.8000001520018553E-001                  2.0000000000000018E-002                  3.0866320622707486E-026                  0.0000000000000000E+000                  0.0000000000000000E+000 
                                      33                  9.9999999987728228E-001                  5.9449412071698807E-002                  3.9202087202494313E+000                 -6.6727679637481918E+000                  5.0556920983319511E+000                  6.9999998479981451E-001                  2.8000001520018553E-001                  2.0000000000000018E-002                  3.1177767823208447E-026                  0.0000000000000000E+000                  0.0000000000000000E+000 
                                      34                  9.9999999986946975E-001                  5.9444434338995301E-002                  3.9271047742725478E+000                 -6.6689333674303750E+000                  5.0671458034427017E+000                  6.9999998479981451E-001                  2.8000001520018553E-001                  2.0000000000000018E-002                  3.1454393391334255E-026                  0.0000000000000000E+000                  0.0000000000000000E+000 
                                      35                  9.9999999986556365E-001                  5.9441967287882390E-002                  3.9335452123432599E+000                 -6.6649820889116551E+000                  5.0783054344684375E+000                  6.9999998479981451E-001                  2.8000001520018553E-001                  2.0000000000000018E-002                  3.1742004677192492E-026                  0.0000000000000000E+000                  0.0000000000000000E+000 
                                      36                  9.9999999985775101E-001                  5.9437077749055843E-002                  3.9411833762275172E+000                 -6.6592075152200536E+000                  5.0927530582888769E+000                  6.9999998479981451E-001                  2.8000001520018553E-001                  2.0000000000000018E-002                  3.2167070402086767E-026                  0.0000000000000000E+000                  0.0000000000000000E+000 
                                      37                  9.9999999984993848E-001                  5.9432252631511452E-002                  3.9480265953795852E+000                 -6.6531206441667772E+000                  5.1067361002200755E+000                  6.9999998479981451E-001                  2.8000001520018553E-001                  2.0000000000000018E-002                  3.2621289432157598E-026                  0.0000000000000000E+000                  0.0000000000000000E+000 
                                      38                  9.9999999984212595E-001                  5.9427494511395527E-002                  3.9542094880025274E+000                 -6.6468184202419680E+000                  5.1202835207415287E+000                  6.9999998479981451E-001                  2.8000001520018553E-001                  2.0000000000000018E-002                  3.3098339597446634E-026                  0.0000000000000000E+000                  0.0000000000000000E+000 
                                      39                  9.9999999983431342E-001                  5.9422804786695850E-002                  3.9598377467660542E+000                 -6.6403732803245141E+000                  5.1334216533781794E+000                  6.9999998479981451E-001                  2.8000001520018553E-001                  2.0000000000000018E-002                  3.3593425742182579E-026                  0.0000000000000000E+000                  0.0000000000000000E+000 
                                      40                  9.9999999982650090E-001                  5.9418183997296856E-002                  3.9649950959434874E+000                 -6.6338395251123741E+000                  5.1461745131981402E+000                  6.9999998479981451E-001                  2.8000001520018553E-001                  2.0000000000000018E-002                  3.4102880118039390E-026                  0.0000000000000000E+000                  0.0000000000000000E+000 
                                      41                  9.9999999981868848E-001                  5.9413632060965393E-002                  3.9697485946687263E+000                 -6.6272583528015367E+000                  5.1585640612979358E+000                  6.9999998479981451E-001                  2.8000001520018553E-001                  2.0000000000000018E-002                  3.4623844173480479E-026                  0.0000000000000000E+000                  0.0000000000000000E+000 
                                      42                  9.9999999981087573E-001                  5.9409148443420844E-002                  3.9741525635558959E+000                 -6.6206609659804316E+000                  5.1706104326052671E+000                  6.9999998479981451E-001                  2.8000001520018553E-001                  2.0000000000000018E-002                  3.5154081552327990E-026                  0.0000000000000000E+000                  0.0000000000000000E+000 
                                      43                  9.9999999980306331E-001                  5.9404732286235856E-002                  3.9782514932014781E+000                 -6.6140710383556236E+000                  5.1823321329420455E+000                  6.9999998479981451E-001                  2.8000001520018553E-001                  2.0000000000000018E-002                  3.5691827708957770E-026                  0.0000000000000000E+000                  0.0000000000000000E+000 
                                      44                  9.9999999979525078E-001                  5.9400382501710695E-002                  3.9839846619075119E+000                 -6.6043424663012598E+000                  5.1993426911135581E+000                  6.9999998479981451E-001                  2.8000001520018553E-001                  2.0000000000000018E-002                  3.6500766611909878E-026                  0.0000000000000000E+000                  0.0000000000000000E+000 
                                      45                  9.9999999977962595E-001                  5.9391875266249290E-002                  3.9890666810848470E+000                 -6.5945188112670916E+000                  5.2157132713865542E+000                  6.9999998479981451E-001                  2.8000001520018553E-001                  2.0000000000000018E-002                  3.7336221517500661E-026                  0.0000000000000000E+000                  0.0000000000000000E+000 
                                      46                  9.9999999977181320E-001                  5.9387716602553056E-002                  3.9922587913211598E+000                 -6.5881009425539947E+000                  5.2262943174799092E+000                  6.9999998479981451E-001                  2.8000001520018553E-001                  2.0000000000000018E-002                  3.7892333246570575E-026                  0.0000000000000000E+000                  0.0000000000000000E+000 
                                      47                  9.9999999976400078E-001                  5.9383618825582872E-002                  3.9967832950164488E+000                 -6.5786666700299081E+000                  5.2416982547492248E+000                  6.9999998479981451E-001                  2.8000001520018553E-001                  2.0000000000000018E-002                  3.8724894303828185E-026                  0.0000000000000000E+000                  0.0000000000000000E+000 
                                      48                  9.9999999974837583E-001                  5.9375599049978120E-002                  4.0008805281948936E+000                 -6.5692541012942423E+000                  5.2565755753300971E+000                  6.9999998479981451E-001                  2.8000001520018553E-001                  2.0000000000000018E-002                  3.9573774030237159E-026                  0.0000000000000000E+000                  0.0000000000000000E+000 
                                      49                  9.9999999974056342E-001                  5.9371674972549977E-002                  4.0034800178445051E+000                 -6.5631131751792342E+000                  5.2662183369712050E+000                  6.9999998479981451E-001                  2.8000001520018553E-001                  2.0000000000000018E-002                  4.0137605765426025E-026                  0.0000000000000000E+000                  0.0000000000000000E+000 
                                      50                  9.9999999973275067E-001                  5.9367805887007977E-002                  4.0071985915936654E+000                 -6.5540950746626985E+000                  5.2802930435024500E+000                  6.9999998479981451E-001                  2.8000001520018553E-001                  2.0000000000000018E-002                  4.0980203159133018E-026                  0.0000000000000000E+000                  0.0000000000000000E+000 
                                      51                  9.9999999971712583E-001                  5.9360226442114236E-002                  4.0117511926456766E+000                 -6.5422660696863115E+000                  5.2983779481846556E+000                  6.9999998479981451E-001                  2.8000001520018553E-001                  2.0000000000000018E-002                  4.2112317640102203E-026                  0.0000000000000000E+000                  0.0000000000000000E+000 
                                      52                  9.9999999970150089E-001                  5.9352850273630180E-002                  4.0159517283423138E+000                 -6.5307420456563010E+000                  5.3157409272670790E+000                  6.9999998479981451E-001                  2.8000001520018553E-001                  2.0000000000000018E-002                  4.3245320705329131E-026                  0.0000000000000000E+000                  0.0000000000000000E+000 
                                      53                  9.9999999968587594E-001                  5.9345666896901544E-002                  4.0198486259285993E+000                 -6.5195188175909076E+000                  5.3324374262107961E+000                  6.9999998479981451E-001                  2.8000001520018553E-001                  2.0000000000000018E-002                  4.4378051057590152E-026                  0.0000000000000000E+000                  0.0000000000000000E+000 
                                      54                  9.9999999967025099E-001                  5.9338666435084259E-002                  4.0234811966764923E+000                 -6.5085893968460962E+000                  5.3485167378169978E+000                  6.9999998479981451E-001                  2.8000001520018553E-001                  2.0000000000000018E-002                  4.5509644247058267E-026                  0.0000000000000000E+000                  0.0000000000000000E+000 
                                      55                  9.9999999965462605E-001                  5.9331839622014458E-002                  4.0268817629825477E+000                 -6.4979448969533271E+000                  5.3640228802433167E+000                  6.9999998479981451E-001                  2.8000001520018553E-001                  2.0000000000000018E-002                  4.6639475077203103E-026                  0.0000000000000000E+000                  0.0000000000000000E+000 
                                      56                  9.9999999963900110E-001                  5.9325177788969681E-002                  4.0316662024154075E+000                 -6.4825904348842780E+000                  5.3862923240814302E+000                  6.9999998479981451E-001                  2.8000001520018553E-001                  2.0000000000000018E-002                  4.8318837906468917E-026                  0.0000000000000000E+000                  0.0000000000000000E+000 
                                      57                  9.9999999960775110E-001                  5.9312316083410130E-002                  4.0359472113526236E+000                 -6.4676345338273373E+000                  5.4074777834470407E+000                  6.9999998479981451E-001                  2.8000001520018553E-001                  2.0000000000000018E-002                  5.0012742692893379E-026                  0.0000000000000000E+000                  0.0000000000000000E+000 
                                      58                  9.9999999959212615E-001                  5.9306102512205368E-002                  4.0386493970159965E+000                 -6.4580297416313197E+000                  5.4210489923616283E+000                  6.9999998479981451E-001                  2.8000001520018553E-001                  2.0000000000000018E-002                  5.1131774298315345E-026                  0.0000000000000000E+000                  0.0000000000000000E+000 
                                      59                  9.9999999957650121E-001                  5.9300024592974759E-002                  4.0412185253831465E+000                 -6.4486598507293902E+000                  5.4342096612185120E+000                  6.9999998479981451E-001                  2.8000001520018553E-001                  2.0000000000000018E-002                  5.2247567855600026E-026                  0.0000000000000000E+000                  0.0000000000000000E+000 
                                      60                  9.9999999956087626E-001                  5.9294076153141285E-002                  4.0436667568776175E+000                 -6.4395151869666885E+000                  5.4469839067610977E+000                  6.9999998479981451E-001                  2.8000001520018553E-001                  2.0000000000000018E-002                  5.3360021301121046E-026                  0.0000000000000000E+000                  0.0000000000000000E+000 
                                      61                  9.9999999954525132E-001                  5.9288251419515658E-002                  4.0471689843894501E+000                 -6.4262587389312520E+000                  5.4654682239513450E+000                  6.9999998479981451E-001                  2.8000001520018553E-001                  2.0000000000000018E-002                  5.5014877934161763E-026                  0.0000000000000000E+000                  0.0000000000000000E+000 
                                      62                  9.9999999951400131E-001                  5.9276951501210852E-002                  4.0514572323439886E+000                 -6.4092074090820716E+000                  5.4889528023440173E+000                  6.9999998479981451E-001                  2.8000001520018553E-001                  2.0000000000000018E-002                  5.7219172894158836E-026                  0.0000000000000000E+000                  0.0000000000000000E+000 
                                      63                  9.9999999948275120E-001                  5.9266085813414159E-002                  4.0554160274894171E+000                 -6.3929024856067498E+000                  5.5112345048583125E+000                  6.9999998479981451E-001                  2.8000001520018553E-001                  2.0000000000000018E-002                  5.9409559924532295E-026                  0.0000000000000000E+000                  0.0000000000000000E+000 
                                      64                  9.9999999945150131E-001                  5.9255619727476498E-002                  4.0590916333900608E+000                 -6.3772856507374645E+000                  5.5324306002423702E+000                  6.9999998479981451E-001                  2.8000001520018553E-001                  2.0000000000000018E-002                  6.1586108761057136E-026                  0.0000000000000000E+000                  0.0000000000000000E+000 
                                      65                  9.9999999942025131E-001                  5.9245522589140245E-002                  4.0625213327361012E+000                 -6.3623044153356076E+000                  5.5526420011784294E+000                  6.9999998479981451E-001                  2.8000001520018553E-001                  2.0000000000000018E-002                  6.3748998475444818E-026                  0.0000000000000000E+000                  0.0000000000000000E+000 
                                      66                  9.9999999938900130E-001                  5.9235767149415176E-002                  4.0657355948630700E+000                 -6.3479111356843685E+000                  5.5719561714486030E+000                  6.9999998479981451E-001                  2.8000001520018553E-001                  2.0000000000000018E-002                  6.5898540593358073E-026                  0.0000000000000000E+000                  0.0000000000000000E+000 
                                      67                  9.9999999935775130E-001                  5.9226329097530124E-002                  4.0687596327310764E+000                 -6.3340628690420111E+000                  5.5904494145588108E+000                  6.9999998479981451E-001                  2.8000001520018553E-001                  2.0000000000000018E-002                  6.8035097395877216E-026                  0.0000000000000000E+000                  0.0000000000000000E+000 
                                      68                  9.9999999932650130E-001                  5.9217186660777688E-002                  4.0709025565845449E+000                 -6.3239861322126920E+000                  5.6038213411448412E+000                  6.9999998479981451E-001                  2.8000001520018553E-001                  2.0000000000000018E-002                  6.9633199071070105E-026                  0.0000000000000000E+000                  0.0000000000000000E+000 
                                      69                  9.9999999931087635E-001                  5.9212720075340619E-002                  4.0722911421955210E+000                 -6.3174361033346038E+000                  5.6125129214002740E+000                  6.9999998479981451E-001                  2.8000001520018553E-001                  2.0000000000000018E-002                  7.0692071479191896E-026                  0.0000000000000000E+000                  0.0000000000000000E+000 
                                      70                  9.9999999929525141E-001                  5.9208320214746611E-002                  4.0743172427369556E+000                 -6.3078493806393601E+000                  5.6252331068947639E+000                  6.9999998479981451E-001                  2.8000001520018553E-001                  2.0000000000000018E-002                  7.2270960800820444E-026                  0.0000000000000000E+000                  0.0000000000000000E+000 
                                      71                  9.9999999926400140E-001                  5.9199712225789909E-002                  4.0781627226852528E+000                 -6.2894414689831191E+000                  5.6496094265261698E+000                  6.9999998479981451E-001                  2.8000001520018553E-001                  2.0000000000000018E-002                  7.5402235698125141E-026                  0.0000000000000000E+000                  0.0000000000000000E+000 
                                      72                  9.9999999920150140E-001                  5.9183209280822588E-002                  4.0816659094725880E+000                 -6.2717798400333029E+000                  5.6726933647359523E+000                  6.9999998479981451E-001                  2.8000001520018553E-001                  2.0000000000000018E-002                  7.8534065081001309E-026                  0.0000000000000000E+000                  0.0000000000000000E+000 
                                      73                  9.9999999917025140E-001                  5.9175285974138403E-002                  4.0838961064276837E+000                 -6.2605109351388943E+000                  5.6874290659747446E+000                  6.9999998479981451E-001                  2.8000001520018553E-001                  2.0000000000000018E-002                  8.0599976180079071E-026                  0.0000000000000000E+000                  0.0000000000000000E+000 
                                      74                  9.9999999913900139E-001                  5.9167565196806340E-002                  4.0870971741975346E+000                 -6.2442979801232896E+000                  5.7086370214445186E+000                  6.9999998479981451E-001                  2.8000001520018553E-001                  2.0000000000000018E-002                  8.3668013719748218E-026                  0.0000000000000000E+000                  0.0000000000000000E+000 
                                      75                  9.9999999907650139E-001                  5.9152688313221291E-002                  4.0910398600679629E+000                 -6.2236833784535213E+000                  5.7353971057262632E+000                  6.9999998479981451E-001                  2.8000001520018553E-001                  2.0000000000000018E-002                  8.7738278914897337E-026                  0.0000000000000000E+000                  0.0000000000000000E+000 
                                      76                  9.9999999901400149E-001                  5.9138499666964550E-002                  4.0937875104422563E+000                 -6.2089174231931628E+000                  5.7544402127907048E+000                  6.9999998479981451E-001                  2.8000001520018553E-001                  2.0000000000000018E-002                  9.0774960032769980E-026                  0.0000000000000000E+000                  0.0000000000000000E+000 
                                      77                  9.9999999898275138E-001                  5.9131641997004866E-002                  4.0955540016790284E+000                 -6.1994276340663372E+000                  5.7666877580988789E+000                  6.9999998479981451E-001                  2.8000001520018553E-001                  2.0000000000000018E-002                  9.2781849097969803E-026                  0.0000000000000000E+000                  0.0000000000000000E+000 
                                      78                  9.9999999895150138E-001                  5.9124932234600046E-002                  4.0981126229960747E+000                 -6.1856844454534352E+000                  5.7844359235246339E+000                  6.9999998479981451E-001                  2.8000001520018553E-001                  2.0000000000000018E-002                  9.5767187143382740E-026                  0.0000000000000000E+000                  0.0000000000000000E+000 
                                      79                  9.9999999888900137E-001                  5.9111929834757090E-002                  4.1017120359271217E+000                 -6.1659791966160400E+000                  5.8097710871150881E+000                  6.9999998479981451E-001                  2.8000001520018553E-001                  2.0000000000000018E-002                  1.0021606685907946E-025                  0.0000000000000000E+000                  0.0000000000000000E+000 
                                      80                  9.9999999881087642E-001                  5.9096396271685302E-002                  4.1044982716800007E+000                 -6.1502801761416368E+000                  5.8298129971130734E+000                  6.9999998479981451E-001                  2.8000001520018553E-001                  2.0000000000000018E-002                  1.0390797293413297E-025                  0.0000000000000000E+000                  0.0000000000000000E+000 
                                      81                  9.9999999877181389E-001                  5.9088904636736495E-002                  4.1062889403914351E+000                 -6.1402126099375023E+000                  5.8426790837589060E+000                  6.9999998479981451E-001                  2.8000001520018553E-001                  2.0000000000000018E-002                  1.0634683568299672E-025                  0.0000000000000000E+000                  0.0000000000000000E+000 
                                      82                  9.9999999873275136E-001                  5.9081584296634869E-002                  4.1088817645504401E+000                 -6.1256616740033145E+000                  5.8612918209471445E+000                  6.9999998479981451E-001                  2.8000001520018553E-001                  2.0000000000000018E-002                  1.0997334368162890E-025                  0.0000000000000000E+000                  0.0000000000000000E+000 
                                      83                  9.9999999865462641E-001                  5.9067424972038464E-002                  4.1113156339970311E+000                 -6.1116045981844263E+000                  5.8791418193992415E+000                  6.9999998479981451E-001                  2.8000001520018553E-001                  2.0000000000000018E-002                  1.1359421432035400E-025                  0.0000000000000000E+000                  0.0000000000000000E+000 
                                      84                  9.9999999861556388E-001                  5.9060570295160007E-002                  4.1128871851857136E+000                 -6.1025532749517195E+000                  5.8906475537799050E+000                  6.9999998479981451E-001                  2.8000001520018553E-001                  2.0000000000000018E-002                  1.1598856436692520E-025                  0.0000000000000000E+000                  0.0000000000000000E+000 
                                      85                  9.9999999857650135E-001                  5.9053856686588295E-002                  4.1151727127122557E+000                 -6.0894223293375811E+000                  5.9073550647367785E+000                  6.9999998479981451E-001                  2.8000001520018553E-001                  2.0000000000000018E-002                  1.1955213601773642E-025                  0.0000000000000000E+000                  0.0000000000000000E+000 
                                      86                  9.9999999849837629E-001                  5.9040828478716306E-002                  4.1180524952597155E+000                 -6.0725917554787676E+000                  5.9286791284947702E+000                  6.9999998479981451E-001                  2.8000001520018553E-001                  2.0000000000000018E-002                  1.2428037204255161E-025                  0.0000000000000000E+000                  0.0000000000000000E+000 
                                      87                  9.9999999842025145E-001                  5.9028294399102441E-002                  4.1200999788364072E+000                 -6.0604431690818039E+000                  5.9440137511465041E+000                  6.9999998479981451E-001                  2.8000001520018553E-001                  2.0000000000000018E-002                  1.2780912679199390E-025                  0.0000000000000000E+000                  0.0000000000000000E+000 
                                      88                  9.9999999838118891E-001                  5.9022199846779817E-002                  4.1214288957784628E+000                 -6.0525839139946145E+000                  5.9539446045982345E+000                  6.9999998479981451E-001                  2.8000001520018553E-001                  2.0000000000000018E-002                  1.3014519793562621E-025                  0.0000000000000000E+000                  0.0000000000000000E+000 
                                      89                  9.9999999834212638E-001                  5.9016214343473802E-002                  4.1233710034351514E+000                 -6.0411325065793040E+000                  5.9684284460476675E+000                  6.9999998479981451E-001                  2.8000001520018553E-001                  2.0000000000000018E-002                  1.3362567300161583E-025                  0.0000000000000000E+000                  0.0000000000000000E+000 
                                      90                  9.9999999826400143E-001                  5.9004554150670102E-002                  4.1258392347244435E+000                 -6.0263838544854655E+000                  5.9870201138074393E+000                  6.9999998479981451E-001                  2.8000001520018553E-001                  2.0000000000000018E-002                  1.3824584525394161E-025                  0.0000000000000000E+000                  0.0000000000000000E+000 
                                      91                  9.9999999818587648E-001                  5.8993282397304780E-002                  4.1281957053610041E+000                 -6.0122195323293486E+000                  6.0048502715309704E+000                  6.9999998479981451E-001                  2.8000001520018553E-001                  2.0000000000000018E-002                  1.4283334950558256E-025                  0.0000000000000000E+000                  0.0000000000000000E+000 
                                      92                  9.9999999810775142E-001                  5.8982371500977113E-002                  4.1304503153728467E+000                 -5.9985951412250325E+000                  6.0219788690186640E+000                  6.9999998479981451E-001                  2.8000001520018553E-001                  2.0000000000000018E-002                  1.4738962755997699E-025                  0.0000000000000000E+000                  0.0000000000000000E+000 
                                      93                  9.9999999802962658E-001                  5.8971796795835023E-002                  4.1326117050083635E+000                 -5.9854711814694683E+000                  6.0384590435731669E+000                  6.9999998479981451E-001                  2.8000001520018553E-001                  2.0000000000000018E-002                  1.5191599679745755E-025                  0.0000000000000000E+000                  0.0000000000000000E+000 
                                      94                  9.9999999795150163E-001                  5.8961536129622689E-002                  4.1346874591425440E+000                 -5.9728123527861490E+000                  6.0543381146719293E+000                  6.9999998479981451E-001                  2.8000001520018553E-001                  2.0000000000000018E-002                  1.5641366612366393E-025                  0.0000000000000000E+000                  0.0000000000000000E+000 
                                      95                  9.9999999787337668E-001                  5.8951569528625070E-002                  4.1366842719759989E+000                 -5.9605869775679903E+000                  6.0696584034747518E+000                  6.9999998479981451E-001                  2.8000001520018553E-001                  2.0000000000000018E-002                  1.6088374866941753E-025                  0.0000000000000000E+000                  0.0000000000000000E+000 
                                      96                  9.9999999779525184E-001                  5.8941878917126912E-002                  4.1386080809014736E+000                 -5.9487665196966262E+000                  6.0844579129273297E+000                  6.9999998479981451E-001                  2.8000001520018553E-001                  2.0000000000000018E-002                  1.6532727274786317E-025                  0.0000000000000000E+000                  0.0000000000000000E+000 
                                      97                  9.9999999771712678E-001                  5.8932447881025071E-002                  4.1413892529757890E+000                 -5.9317862703785629E+000                  6.1057542964146148E+000                  6.9999998479981451E-001                  2.8000001520018553E-001                  2.0000000000000018E-002                  1.7192620616611312E-025                  0.0000000000000000E+000                  0.0000000000000000E+000 
                                      98                  9.9999999756087676E-001                  5.8914307328490963E-002                  4.1439934283941575E+000                 -5.9154920425590838E+000                  6.1260583231299170E+000                  6.9999998479981451E-001                  2.8000001520018553E-001                  2.0000000000000018E-002                  1.7850617930255328E-025                  0.0000000000000000E+000                  0.0000000000000000E+000 
                                      99                  9.9999999748275181E-001                  5.8905570242621746E-002                  4.1456729224708102E+000                 -5.9050554097818209E+000                  6.1390864818182909E+000                  6.9999998479981451E-001                  2.8000001520018553E-001                  2.0000000000000018E-002                  1.8285250249392488E-025                  0.0000000000000000E+000                  0.0000000000000000E+000 
                                     100                  9.9999999740462697E-001                  5.8897040108258705E-002                  4.1473009968789123E+000                 -5.8949156783387728E+000                  6.1517361513143047E+000                  6.9999998479981451E-001                  2.8000001520018553E-001                  2.0000000000000018E-002                  1.8717656524867696E-025                  0.0000000000000000E+000                  0.0000000000000000E+000 
                                     101                  9.9999999732650191E-001                  5.8888706339675620E-002                  4.1496685524793975E+000                 -5.8802614625322223E+000                  6.1700469266906364E+000                  6.9999998479981451E-001                  2.8000001520018553E-001                  2.0000000000000018E-002                  1.9360722902592943E-025                  0.0000000000000000E+000                  0.0000000000000000E+000 
                                     102                  9.9999999717025190E-001                  5.8872590464656614E-002                  4.1526517971613890E+000                 -5.8615727757029852E+000                  6.1933223207890249E+000                  6.9999998479981451E-001                  2.8000001520018553E-001                  2.0000000000000018E-002                  2.0213005586540293E-025                  0.0000000000000000E+000                  0.0000000000000000E+000 
                                     103                  9.9999999701400188E-001                  5.8857151700398236E-002                  4.1547731149547662E+000                 -5.8481455229561137E+000                  6.2099974834975935E+000                  6.9999998479981451E-001                  2.8000001520018553E-001                  2.0000000000000018E-002                  2.0848424987532576E-025                  0.0000000000000000E+000                  0.0000000000000000E+000 
                                     104                  9.9999999693587693E-001                  5.8849666737134321E-002                  4.1568368411081904E+000                 -5.8352587215946139E+000                  6.2260570779760824E+000                  6.9999998479981451E-001                  2.8000001520018553E-001                  2.0000000000000018E-002                  2.1477056822946020E-025                  0.0000000000000000E+000                  0.0000000000000000E+000 
                                     105                  9.9999999677962681E-001                  5.8835133381707101E-002                  4.1594569590156167E+000                 -5.8187391271039974E+000                  6.2465885557864391E+000                  6.9999998479981451E-001                  2.8000001520018553E-001                  2.0000000000000018E-002                  2.2310717654278606E-025                  0.0000000000000000E+000                  0.0000000000000000E+000 
                                     106                  9.9999999662337691E-001                  5.8821141082323170E-002                  4.1613327343843594E+000                 -5.8068129230631502E+000                  6.2613761448061904E+000                  6.9999998479981451E-001                  2.8000001520018553E-001                  2.0000000000000018E-002                  2.2932627489030248E-025                  0.0000000000000000E+000                  0.0000000000000000E+000 
                                     107                  9.9999999654525196E-001                  5.8814333951639916E-002                  4.1631637211193100E+000                 -5.7953149218647315E+000                  6.2756776390452025E+000                  6.9999998479981451E-001                  2.8000001520018553E-001                  2.0000000000000018E-002                  2.3548625704909395E-025                  0.0000000000000000E+000                  0.0000000000000000E+000 
                                     108                  9.9999999638900194E-001                  5.8801074481099967E-002                  4.1655018713025482E+000                 -5.7805152514939291E+000                  6.2940441410912005E+000                  6.9999998479981451E-001                  2.8000001520018553E-001                  2.0000000000000018E-002                  2.4365941722747029E-025                  0.0000000000000000E+000                  0.0000000000000000E+000 
                                     109                  9.9999999623275182E-001                  5.8788258093709987E-002                  4.1677440996073489E+000                 -5.7663076218197604E+000                  6.3116673674379298E+000                  6.9999998479981451E-001                  2.8000001520018553E-001                  2.0000000000000018E-002                  2.5177254100161468E-025                  0.0000000000000000E+000                  0.0000000000000000E+000 
                                     110                  9.9999999607650192E-001                  5.8775853120564117E-002                  4.1698982578398578E+000                 -5.7526466753314249E+000                  6.3286051597145550E+000                  6.9999998479981451E-001                  2.8000001520018553E-001                  2.0000000000000018E-002                  2.5982829075037868E-025                  0.0000000000000000E+000                  0.0000000000000000E+000 
                                     111                  9.9999999592025191E-001                  5.8763831264546686E-002                  4.1719712664514770E+000                 -5.7394920864442298E+000                  6.3449088593626950E+000                  6.9999998479981451E-001                  2.8000001520018553E-001                  2.0000000000000018E-002                  2.6782910540036132E-025                  0.0000000000000000E+000                  0.0000000000000000E+000 
                                     112                  9.9999999576400189E-001                  5.8752167131565745E-002                  4.1739692563138870E+000                 -5.7268078432322929E+000                  6.3606242465818124E+000                  6.9999998479981451E-001                  2.8000001520018553E-001                  2.0000000000000018E-002                  2.7577722647902122E-025                  0.0000000000000000E+000                  0.0000000000000000E+000 
                                     113                  9.9999999560775177E-001                  5.8740837841162484E-002                  4.1758976845078042E+000                 -5.7145616510836117E+000                  6.3757923156268346E+000                  6.9999998479981451E-001                  2.8000001520018553E-001                  2.0000000000000018E-002                  2.8367472154907992E-025                  0.0000000000000000E+000                  0.0000000000000000E+000 
                                     114                  9.9999999545150187E-001                  5.8729822700845744E-002                  4.1777614296511718E+000                 -5.7027244375004900E+000                  6.3904499195349986E+000                  6.9999998479981451E-001                  2.8000001520018553E-001                  2.0000000000000018E-002                  2.9152350326388730E-025                  0.0000000000000000E+000                  0.0000000000000000E+000 
                                     115                  9.9999999529525185E-001                  5.8719102931952205E-002                  4.1795648709438860E+000                 -5.6912699374338214E+000                  6.4046303098125748E+000                  6.9999998479981451E-001                  2.8000001520018553E-001                  2.0000000000000018E-002                  2.9932534531137341E-025                  0.0000000000000000E+000                  0.0000000000000000E+000 
                                     116                  9.9999999513900184E-001                  5.8708661437445041E-002                  4.1821828642941528E+000                 -5.6747946926664623E+000                  6.4250707388207662E+000                  6.9999998479981451E-001                  2.8000001520018553E-001                  2.0000000000000018E-002                  3.1091470845652099E-025                  0.0000000000000000E+000                  0.0000000000000000E+000 
                                     117                  9.9999999482650181E-001                  5.8688553698470300E-002                  4.1854723449896918E+000                 -5.6539065623141092E+000                  6.4509137701959949E+000                  6.9999998479981451E-001                  2.8000001520018553E-001                  2.0000000000000018E-002                  3.2625605225642932E-025                  0.0000000000000000E+000                  0.0000000000000000E+000 
                                     118                  9.9999999451400179E-001                  5.8669387586574723E-002                  4.1878057567724358E+000                 -5.6389800502961531E+000                  6.4693375811817493E+000                  6.9999998479981451E-001                  2.8000001520018553E-001                  2.0000000000000018E-002                  3.3768080010590004E-025                  0.0000000000000000E+000                  0.0000000000000000E+000 
                                     119                  9.9999999435775189E-001                  5.8660127391165037E-002                  4.1893185158784974E+000                 -5.6293886320298174E+000                  6.4812007530672764E+000                  6.9999998479981451E-001                  2.8000001520018553E-001                  2.0000000000000018E-002                  3.4523248286568776E-025                  0.0000000000000000E+000                  0.0000000000000000E+000 
                                     120                  9.9999999420150176E-001                  5.8651068892783299E-002                  4.1915269848990810E+000                 -5.6155010074467384E+000                  6.4984105955586600E+000                  6.9999998479981451E-001                  2.8000001520018553E-001                  2.0000000000000018E-002                  3.5646723840155287E-025                  0.0000000000000000E+000                  0.0000000000000000E+000 
                                     121                  9.9999999388900174E-001                  5.8633520453699621E-002                  4.1943294532042730E+000                 -5.5977591208917241E+000                  6.5203484534262275E+000                  6.9999998479981451E-001                  2.8000001520018553E-001                  2.0000000000000018E-002                  3.7135388457800620E-025                  0.0000000000000000E+000                  0.0000000000000000E+000 
                                     122                  9.9999999357650171E-001                  5.8616672459647898E-002                  4.1970014484774429E+000                 -5.5808665088513161E+000                  6.5412343937533732E+000                  6.9999998479981451E-001                  2.8000001520018553E-001                  2.0000000000000018E-002                  3.8610575946564747E-025                  0.0000000000000000E+000                  0.0000000000000000E+000 
                                     123                  9.9999999326400169E-001                  5.8600465364897714E-002                  4.2001912314186569E+000                 -5.5608633445473279E+000                  6.5660076030366143E+000                  6.9999998479981451E-001                  2.8000001520018553E-001                  2.0000000000000018E-002                  4.0433423706482753E-025                  0.0000000000000000E+000                  0.0000000000000000E+000 
                                     124                  9.9999999279525165E-001                  5.8577245889387765E-002                  4.2037845965681289E+000                 -5.5382297345224174E+000                  6.5939885920937060E+000                  6.9999998479981451E-001                  2.8000001520018553E-001                  2.0000000000000018E-002                  4.2600053733314444E-025                  0.0000000000000000E+000                  0.0000000000000000E+000 
                                     125                  9.9999999232650150E-001                  5.8555202077795881E-002                  4.2066074349774265E+000                 -5.5203930417933789E+000                  6.6160076416793263E+000                  6.9999998479981451E-001                  2.8000001520018553E-001                  2.0000000000000018E-002                  4.4389053498873080E-025                  0.0000000000000000E+000                  0.0000000000000000E+000 
                                     126                  9.9999999201400158E-001                  5.8541095782724088E-002                  4.2087807750885693E+000                 -5.5067680022424659E+000                  6.6328549714136331E+000                  6.9999998479981451E-001                  2.8000001520018553E-001                  2.0000000000000018E-002                  4.5806120428908455E-025                  0.0000000000000000E+000                  0.0000000000000000E+000 
                                     127                  9.9999999170150145E-001                  5.8527423860098522E-002                  4.2108769313069132E+000                 -5.4936513252024062E+000                  6.6490750901489610E+000                  6.9999998479981451E-001                  2.8000001520018553E-001                  2.0000000000000018E-002                  4.7213072434482296E-025                  0.0000000000000000E+000                  0.0000000000000000E+000 
                                     128                  9.9999999138900153E-001                  5.8514157452933646E-002                  4.2129014922218992E+000                 -5.4810067034720698E+000                  6.6647130408318516E+000                  6.9999998479981451E-001                  2.8000001520018553E-001                  2.0000000000000018E-002                  4.8610319970786241E-025                  0.0000000000000000E+000                  0.0000000000000000E+000 
                                     129                  9.9999999107650162E-001                  5.8501270568598676E-002                  4.2158351366789679E+000                 -5.4629018426324567E+000                  6.6871649267812794E+000                  6.9999998479981451E-001                  2.8000001520018553E-001                  2.0000000000000018E-002                  5.0683290687224845E-025                  0.0000000000000000E+000                  0.0000000000000000E+000 
                                     130                  9.9999999045150156E-001                  5.8476545956756942E-002                  4.2195107220016688E+000                 -5.4400713402178411E+000                  6.7154081804250181E+000                  6.9999998479981451E-001                  2.8000001520018553E-001                  2.0000000000000018E-002                  5.3423940120511292E-025                  0.0000000000000000E+000                  0.0000000000000000E+000 
                                     131                  9.9999998982650151E-001                  5.8453083620199311E-002                  4.2221117342682986E+000                 -5.4238375105701051E+000                  6.7354512693769788E+000                  6.9999998479981451E-001                  2.8000001520018553E-001                  2.0000000000000018E-002                  5.5462477487974169E-025                  0.0000000000000000E+000                  0.0000000000000000E+000 
                                     132                  9.9999998951400138E-001                  5.8441781508840988E-002                  4.2237959339531992E+000                 -5.4134420888175470E+000                  6.7483185296369674E+000                  6.9999998479981451E-001                  2.8000001520018553E-001                  2.0000000000000018E-002                  5.6808572756243809E-025                  0.0000000000000000E+000                  0.0000000000000000E+000 
                                     133                  9.9999998920150135E-001                  5.8430745865225231E-002                  4.2259990816439910E+000                 -5.3999484632373127E+000                  6.7650486501154381E+000                  6.9999998479981451E-001                  2.8000001520018553E-001                  2.0000000000000018E-002                  5.8604741440120870E-025                  0.0000000000000000E+000                  0.0000000000000000E+000 
                                     134                  9.9999998867326745E-001                  5.8412660640786672E-002                  4.2289468341832217E+000                 -5.3819029475040887E+000                  6.7874123458023696E+000                  6.9999998479981451E-001                  2.8000001520018553E-001                  2.0000000000000018E-002                  6.1095981645806181E-025                  0.0000000000000000E+000                  0.0000000000000000E+000 
                                     135                  9.9999998802606616E-001                  5.8391401256280853E-002                  4.2325434178479382E+000                 -5.3600206129259389E+000                  6.8145560891206447E+000                  6.9999998479981451E-001                  2.8000001520018553E-001                  2.0000000000000018E-002                  6.4259541417916128E-025                  0.0000000000000000E+000                  0.0000000000000000E+000 
                                     136                  9.9999998716313088E-001                  5.8364443768687269E-002                  4.2354396074657172E+000                 -5.3422308983146527E+000                  6.8365491984648763E+000                  6.9999998479981451E-001                  2.8000001520018553E-001                  2.0000000000000018E-002                  6.6951881942412733E-025                  0.0000000000000000E+000                  0.0000000000000000E+000 
                                     137                  9.9999998673166335E-001                  5.8351504207466133E-002                  4.2373105180995418E+000                 -5.3308841256864321E+000                  6.8506175693562161E+000                  6.9999998479981451E-001                  2.8000001520018553E-001                  2.0000000000000018E-002                  6.8727817077089178E-025                  0.0000000000000000E+000                  0.0000000000000000E+000 
                                     138                  9.9999998630019560E-001                  5.8338897226505759E-002                  4.2400328187134546E+000                 -5.3145662138206857E+000                  6.8709031767430391E+000                  6.9999998479981451E-001                  2.8000001520018553E-001                  2.0000000000000018E-002                  7.1364798505297205E-025                  0.0000000000000000E+000                  0.0000000000000000E+000 
                                     139                  9.9999998543726032E-001                  5.8314609966522615E-002                  4.2426122738375627E+000                 -5.2989091636284238E+000                  6.8902876303336482E+000                  6.9999998479981451E-001                  2.8000001520018553E-001                  2.0000000000000018E-002                  7.3990149414574242E-025                  0.0000000000000000E+000                  0.0000000000000000E+000 
                                     140                  9.9999998500579268E-001                  5.8302894880558245E-002                  4.2442849822986615E+000                 -5.2888713546846402E+000                  6.9027473489429712E+000                  6.9999998479981451E-001                  2.8000001520018553E-001                  2.0000000000000018E-002                  7.5723914411030054E-025                  0.0000000000000000E+000                  0.0000000000000000E+000 
                                     141                  9.9999998457432504E-001                  5.8291446543270398E-002                  4.2467276515452754E+000                 -5.2743682617628664E+000                  6.9207931505222779E+000                  6.9999998479981451E-001                  2.8000001520018553E-001                  2.0000000000000018E-002                  7.8301019553644902E-025                  0.0000000000000000E+000                  0.0000000000000000E+000 
                                     142                  9.9999998371138987E-001                  5.8269299298178319E-002                  4.2498299897307792E+000                 -5.2558902316185705E+000                  6.9437484848956696E+000                  6.9999998479981451E-001                  2.8000001520018553E-001                  2.0000000000000018E-002                  8.1712036698318871E-025                  0.0000000000000000E+000                  0.0000000000000000E+000 
                                     143                  9.9999998284845448E-001                  5.8248071412290381E-002                  4.2520520686783954E+000                 -5.2426259342244652E+000                  6.9602053931412380E+000                  6.9999998479981451E-001                  2.8000001520018553E-001                  2.0000000000000018E-002                  8.4251956808826493E-025                  0.0000000000000000E+000                  0.0000000000000000E+000 
                                     144                  9.9999998241698684E-001                  5.8237775620837498E-002                  4.2534992288233022E+000                 -5.2340728278114508E+000                  6.9708411153883469E+000                  6.9999998479981451E-001                  2.8000001520018553E-001                  2.0000000000000018E-002                  8.5931514843686942E-025                  0.0000000000000000E+000                  0.0000000000000000E+000 
                                     145                  9.9999998198551909E-001                  5.8227679902676382E-002                  4.2556211213218935E+000                 -5.2216487223491601E+000                  6.9863231350432207E+000                  6.9999998479981451E-001                  2.8000001520018553E-001                  2.0000000000000018E-002                  8.8431102225922766E-025                  0.0000000000000000E+000                  0.0000000000000000E+000 
                                     146                  9.9999998112258393E-001                  5.8208055895792428E-002                  4.2583353901657919E+000                 -5.2057204368046142E+000                  7.0061465032609531E+000                  6.9999998479981451E-001                  2.8000001520018553E-001                  2.0000000000000018E-002                  9.1742465408319318E-025                  0.0000000000000000E+000                  0.0000000000000000E+000 
                                     147                  9.9999998025964865E-001                  5.8189136066319869E-002                  4.2609424338067674E+000                 -5.1904939478083190E+000                  7.0251076277225817E+000                  6.9999998479981451E-001                  2.8000001520018553E-001                  2.0000000000000018E-002                  9.5023927063696505E-025                  0.0000000000000000E+000                  0.0000000000000000E+000 
                                     148                  9.9999997939671337E-001                  5.8170865731170092E-002                  4.2628252242247839E+000                 -5.1794821621928513E+000                  7.0388065033212346E+000                  6.9999998479981451E-001                  2.8000001520018553E-001                  2.0000000000000018E-002                  9.7470061900398575E-025                  0.0000000000000000E+000                  0.0000000000000000E+000 
                                     149                  9.9999997896524562E-001                  5.8161958443073598E-002                  4.2646706393765816E+000                 -5.1688434513569401E+000                  7.0520875309668050E+000                  6.9999998479981451E-001                  2.8000001520018553E-001                  2.0000000000000018E-002                  9.9893183063740347E-025                  0.0000000000000000E+000                  0.0000000000000000E+000 
                                     150                  9.9999997810231045E-001                  5.8144573381923047E-002                  4.2670457207463164E+000                 -5.1551303042882219E+000                  7.0691891604140160E+000                  6.9999998479981451E-001                  2.8000001520018553E-001                  2.0000000000000018E-002                  1.0310574042401580E-024                  0.0000000000000000E+000                  0.0000000000000000E+000 
                                     151                  9.9999997723937517E-001                  5.8127726698178020E-002                  4.2699117080683413E+000                 -5.1387457211625236E+000                  7.0896637231684254E+000                  6.9999998479981451E-001                  2.8000001520018553E-001                  2.0000000000000018E-002                  1.0708004909967354E-024                  0.0000000000000000E+000                  0.0000000000000000E+000 
                                     152                  9.9999997594497214E-001                  5.8103388810882457E-002                  4.2726430497431140E+000                 -5.1230643707734096E+000                  7.1092206128099864E+000                  6.9999998479981451E-001                  2.8000001520018553E-001                  2.0000000000000018E-002                  1.1102735631105894E-024                  0.0000000000000000E+000                  0.0000000000000000E+000 
                                     153                  9.9999997508203697E-001                  5.8087736796028813E-002                  4.2756246061478009E+000                 -5.1062473830041135E+000                  7.1302808935360966E+000                  6.9999998479981451E-001                  2.8000001520018553E-001                  2.0000000000000018E-002                  1.1542257861431905E-024                  0.0000000000000000E+000                  0.0000000000000000E+000 
                                     154                  9.9999997351089454E-001                  5.8060317569241120E-002                  4.2783642438380163E+000                 -5.0906488736628726E+000                  7.1497474435841459E+000                  6.9999998479981451E-001                  2.8000001520018553E-001                  2.0000000000000018E-002                  1.1965494316155410E-024                  0.0000000000000000E+000                  0.0000000000000000E+000 
                                     155                  9.9999997272532337E-001                  5.8047089767724339E-002                  4.2801420404496575E+000                 -5.0806523766092981E+000                  7.1622581931905538E+000                  6.9999998479981451E-001                  2.8000001520018553E-001                  2.0000000000000018E-002                  1.2244865953023860E-024                  0.0000000000000000E+000                  0.0000000000000000E+000 
                                     156                  9.9999997193975221E-001                  5.8034161795617920E-002                  4.2823080003082747E+000                 -5.0685660873040463E+000                  7.1774080233232125E+000                  6.9999998479981451E-001                  2.8000001520018553E-001                  2.0000000000000018E-002                  1.2591377584320676E-024                  0.0000000000000000E+000                  0.0000000000000000E+000 
                                     157                  9.9999997076139535E-001                  5.8015299998873927E-002                  4.2848155430136927E+000                 -5.0545904820214336E+000                  7.1949196435526828E+000                  6.9999998479981451E-001                  2.8000001520018553E-001                  2.0000000000000018E-002                  1.3004315162161108E-024                  0.0000000000000000E+000                  0.0000000000000000E+000 
                                     158                  9.9999996958303849E-001                  5.7997033170507868E-002                  4.2876394325013143E+000                 -5.0389916688484657E+000                  7.2144987763951320E+000                  6.9999998479981451E-001                  2.8000001520018553E-001                  2.0000000000000018E-002                  1.3481249457204627E-024                  0.0000000000000000E+000                  0.0000000000000000E+000 
                                     159                  9.9999996801189606E-001                  5.7973533286340521E-002                  4.2907281476662815E+000                 -5.0219806096589199E+000                  7.2358492560919911E+000                  6.9999998479981451E-001                  2.8000001520018553E-001                  2.0000000000000018E-002                  1.4021352463024940E-024                  0.0000000000000000E+000                  0.0000000000000000E+000 
                                     160                  9.9999996644075362E-001                  5.7950932486273692E-002                  4.2936894354968445E+000                 -5.0057788327411004E+000                  7.2562032568476189E+000                  6.9999998479981451E-001                  2.8000001520018553E-001                  2.0000000000000018E-002                  1.4555896043890052E-024                  0.0000000000000000E+000                  0.0000000000000000E+000 
                                     161                  9.9999996486961118E-001                  5.7929155960053644E-002                  4.2965342941122087E+000                 -4.9903137873082448E+000                  7.2756496981071104E+000                  6.9999998479981451E-001                  2.8000001520018553E-001                  2.0000000000000018E-002                  1.5085159810932922E-024                  0.0000000000000000E+000                  0.0000000000000000E+000 
                                     162                  9.9999996329846874E-001                  5.7908138136166777E-002                  4.2985894309878674E+000                 -4.9791426932649419E+000                  7.2896862791386736E+000                  6.9999998479981451E-001                  2.8000001520018553E-001                  2.0000000000000018E-002                  1.5479420006847557E-024                  0.0000000000000000E+000                  0.0000000000000000E+000 
                                     163                  9.9999996251289758E-001                  5.7897894985737920E-002                  4.3006037564864510E+000                 -4.9683608650501698E+000                  7.3032846226875359E+000                  6.9999998479981451E-001                  2.8000001520018553E-001                  2.0000000000000018E-002                  1.5869725619893981E-024                  0.0000000000000000E+000                  0.0000000000000000E+000 
                                     164                  9.9999996094175514E-001                  5.7877908931498433E-002                  4.3031970879617916E+000                 -4.9544775411318085E+000                  7.3207809038258045E+000                  6.9999998479981451E-001                  2.8000001520018553E-001                  2.0000000000000018E-002                  1.6386858589552089E-024                  0.0000000000000000E+000                  0.0000000000000000E+000 
                                     165                  9.9999995937061270E-001                  5.7858549047234413E-002                  4.3057029214120073E+000                 -4.9411411230962878E+000                  7.3376024721568616E+000                  6.9999998479981451E-001                  2.8000001520018553E-001                  2.0000000000000018E-002                  1.6899506899251261E-024                  0.0000000000000000E+000                  0.0000000000000000E+000 
                                     166                  9.9999995779947026E-001                  5.7839772162345746E-002                  4.3087315648401709E+000                 -4.9251995275195366E+000                  7.3577560524474039E+000                  6.9999998479981451E-001                  2.8000001520018553E-001                  2.0000000000000018E-002                  1.7533416773408770E-024                  0.0000000000000000E+000                  0.0000000000000000E+000 
                                     167                  9.9999995544275666E-001                  5.7812617643986035E-002                  4.3127767798787842E+000                 -4.9040741264067780E+000                  7.3844931289240989E+000                  6.9999998479981451E-001                  2.8000001520018553E-001                  2.0000000000000018E-002                  1.8410300133298978E-024                  0.0000000000000000E+000                  0.0000000000000000E+000 
                                     168                  9.9999995230047178E-001                  5.7778123298208563E-002                  4.3165956009375881E+000                 -4.8841472479946741E+000                  7.4096869552593674E+000                  6.9999998479981451E-001                  2.8000001520018553E-001                  2.0000000000000018E-002                  1.9277657808036586E-024                  0.0000000000000000E+000                  0.0000000000000000E+000 
                                     169                  9.9999994994375818E-001                  5.7753407700770275E-002                  4.3202728780633013E+000                 -4.8652873322302979E+000                  7.4336213982477908E+000                  6.9999998479981451E-001                  2.8000001520018553E-001                  2.0000000000000018E-002                  2.0136246957516837E-024                  0.0000000000000000E+000                  0.0000000000000000E+000 
                                     170                  9.9999994677369242E-001                  5.7721568842388847E-002                  4.3232793922709840E+000                 -4.8498167614151342E+000                  7.4532140254945114E+000                  6.9999998479981451E-001                  2.8000001520018553E-001                  2.0000000000000018E-002                  2.0869061083392660E-024                  0.0000000000000000E+000                  0.0000000000000000E+000 
                                     171                  9.9999994518865953E-001                  5.7706204013538542E-002                  4.3262045218883145E+000                 -4.8350914117139654E+000                  7.4719633768349505E+000                  6.9999998479981451E-001                  2.8000001520018553E-001                  2.0000000000000018E-002                  2.1591377708782178E-024                  0.0000000000000000E+000                  0.0000000000000000E+000 
                                     172                  9.9999994201859377E-001                  5.7676494196020119E-002                  4.3299256760813956E+000                 -4.8163765121175226E+000                  7.4957725279634593E+000                  6.9999998479981451E-001                  2.8000001520018553E-001                  2.0000000000000018E-002                  2.2545647854266887E-024                  0.0000000000000000E+000                  0.0000000000000000E+000 
                                     173                  9.9999993884852800E-001                  5.7648031741924226E-002                  4.3334815054427818E+000                 -4.7986555460368550E+000                  7.5183497272922093E+000                  6.9999998479981451E-001                  2.8000001520018553E-001                  2.0000000000000018E-002                  2.3488154119225052E-024                  0.0000000000000000E+000                  0.0000000000000000E+000 
                                     174                  9.9999993567846224E-001                  5.7620702029274863E-002                  4.3360384957806470E+000                 -4.7859345873945793E+000                  7.5345482905335128E+000                  6.9999998479981451E-001                  2.8000001520018553E-001                  2.0000000000000018E-002                  2.4188974596112704E-024                  0.0000000000000000E+000                  0.0000000000000000E+000 
                                     175                  9.9999993409342935E-001                  5.7607429765187554E-002                  4.3385382440624687E+000                 -4.7737250605201993E+000                  7.5501662077428975E+000                  6.9999998479981451E-001                  2.8000001520018553E-001                  2.0000000000000018E-002                  2.4881314850472630E-024                  0.0000000000000000E+000                  0.0000000000000000E+000 
                                     176                  9.9999993092336359E-001                  5.7581617619387383E-002                  4.3417440289822959E+000                 -4.7580869220472390E+000                  7.5701577108351215E+000                  6.9999998479981451E-001                  2.8000001520018553E-001                  2.0000000000000018E-002                  2.5797151571818082E-024                  0.0000000000000000E+000                  0.0000000000000000E+000 
                                     177                  9.9999992775329782E-001                  5.7556714024397916E-002                  4.3456051662261830E+000                 -4.7395200228674605E+000                  7.5939648340095891E+000                  6.9999998479981451E-001                  2.8000001520018553E-001                  2.0000000000000018E-002                  2.6928466547304803E-024                  0.0000000000000000E+000                  0.0000000000000000E+000 
                                     178                  9.9999992298418672E-001                  5.7520808976045980E-002                  4.3500168150215046E+000                 -4.7184172279831200E+000                  7.6210272149435037E+000                  6.9999998479981451E-001                  2.8000001520018553E-001                  2.0000000000000018E-002                  2.8274778964290464E-024                  0.0000000000000000E+000                  0.0000000000000000E+000 
                                     179                  9.9999991818705114E-001                  5.7486397542273866E-002                  4.3535236530457713E+000                 -4.7017357256398959E+000                  7.6424259737823528E+000                  6.9999998479981451E-001                  2.8000001520018553E-001                  2.0000000000000018E-002                  2.9386589683683713E-024                  0.0000000000000000E+000                  0.0000000000000000E+000 
                                     180                  9.9999991498896068E-001                  5.7464316745241280E-002                  4.3562378197231055E+000                 -4.6889909585691090E+000                  7.6588201119238342E+000                  6.9999998479981451E-001                  2.8000001520018553E-001                  2.0000000000000018E-002                  3.0265450005313368E-024                  0.0000000000000000E+000                  0.0000000000000000E+000 
                                     181                  9.9999991179087022E-001                  5.7442871290089334E-002                  4.3588690382644995E+000                 -4.6767216026869152E+000                  7.6746208997149328E+000                  6.9999998479981451E-001                  2.8000001520018553E-001                  2.0000000000000018E-002                  3.1136400850661321E-024                  0.0000000000000000E+000                  0.0000000000000000E+000 
                                     182                  9.9999990859277965E-001                  5.7422020171563781E-002                  4.3620588674117267E+000                 -4.6620210640979973E+000                  7.6935998283928413E+000                  6.9999998479981451E-001                  2.8000001520018553E-001                  2.0000000000000018E-002                  3.2213068871725455E-024                  0.0000000000000000E+000                  0.0000000000000000E+000 
                                     183                  9.9999990379564407E-001                  5.7391779132071628E-002                  4.3651192470997637E+000                 -4.6479169598776791E+000                  7.7117889385341192E+000                  6.9999998479981451E-001                  2.8000001520018553E-001                  2.0000000000000018E-002                  3.3281108342620286E-024                  0.0000000000000000E+000                  0.0000000000000000E+000 
                                     184                  9.9999990059755361E-001                  5.7372259303747460E-002                  4.3675076549222958E+000                 -4.6370331192307708E+000                  7.7258592601784057E+000                  6.9999998479981451E-001                  2.8000001520018553E-001                  2.0000000000000018E-002                  3.4129490677751751E-024                  0.0000000000000000E+000                  0.0000000000000000E+000 
                                     185                  9.9999989737819817E-001                  5.7353093441356487E-002                  4.3698486641939445E+000                 -4.6264313738967626E+000                  7.7395792921294229E+000                  6.9999998479981451E-001                  2.8000001520018553E-001                  2.0000000000000018E-002                  3.4976718124854734E-024                  0.0000000000000000E+000                  0.0000000000000000E+000 
                                     186                  9.9999989413757773E-001                  5.7334263765300472E-002                  4.3727074413022011E+000                 -4.6136185536279646E+000                  7.7561977243156859E+000                  6.9999998479981451E-001                  2.8000001520018553E-001                  2.0000000000000018E-002                  3.6028820658363063E-024                  0.0000000000000000E+000                  0.0000000000000000E+000 
                                     187                  9.9999988927664718E-001                  5.7306835984296957E-002                  4.3765626834565694E+000                 -4.5964864275591362E+000                  7.7784498500908130E+000                  6.9999998479981451E-001                  2.8000001520018553E-001                  2.0000000000000018E-002                  3.7485323668294572E-024                  0.0000000000000000E+000                  0.0000000000000000E+000 
                                     188                  9.9999988279540619E-001                  5.7271672559270501E-002                  4.3797199663080999E+000                 -4.5824448656668526E+000                  7.7966614947217350E+000                  6.9999998479981451E-001                  2.8000001520018553E-001                  2.0000000000000018E-002                  3.8722981717140638E-024                  0.0000000000000000E+000                  0.0000000000000000E+000 
                                     189                  9.9999987955478564E-001                  5.7254647136827680E-002                  4.3822873159190161E+000                 -4.5712233688972130E+000                  7.8112776598333316E+000                  6.9999998479981451E-001                  2.8000001520018553E-001                  2.0000000000000018E-002                  3.9741454101314837E-024                  0.0000000000000000E+000                  0.0000000000000000E+000 
                                     190                  9.9999987469385510E-001                  5.7229756813840002E-002                  4.3852701300534935E+000                 -4.5582383969703315E+000                  7.8281953228036807E+000                  6.9999998479981451E-001                  2.8000001520018553E-001                  2.0000000000000018E-002                  4.0953538868670522E-024                  0.0000000000000000E+000                  0.0000000000000000E+000 
                                     191                  9.9999986983292444E-001                  5.7205595578380557E-002                  4.3886398109910756E+000                 -4.5437326800872562E+000                  7.8471382264539127E+000                  6.9999998479981451E-001                  2.8000001520018553E-001                  2.0000000000000018E-002                  4.2351450777573852E-024                  0.0000000000000000E+000                  0.0000000000000000E+000 
                                     192                  9.9999986335168356E-001                  5.7174432873776493E-002                  4.3923405267533360E+000                 -4.5279009344018606E+000                  7.8678272755273175E+000                  6.9999998479981451E-001                  2.8000001520018553E-001                  2.0000000000000018E-002                  4.3931800914256257E-024                  0.0000000000000000E+000                  0.0000000000000000E+000 
                                     193                  9.9999985687044268E-001                  5.7144379362363995E-002                  4.3959015127480638E+000                 -4.5128102068702214E+000                  7.8875807328229293E+000                  6.9999998479981451E-001                  2.8000001520018553E-001                  2.0000000000000018E-002                  4.5493182374908640E-024                  0.0000000000000000E+000                  0.0000000000000000E+000 
                                     194                  9.9999985038920181E-001                  5.7115346281473287E-002                  4.3993491130904241E+000                 -4.4983331729785974E+000                  7.9065617036984817E+000                  6.9999998479981451E-001                  2.8000001520018553E-001                  2.0000000000000018E-002                  4.7043328635143914E-024                  0.0000000000000000E+000                  0.0000000000000000E+000 
                                     195                  9.9999984385042184E-001                  5.7087010140790519E-002                  4.4027058503222252E+000                 -4.4843603929026115E+000                  7.9249098063415246E+000                  6.9999998479981451E-001                  2.8000001520018553E-001                  2.0000000000000018E-002                  4.8589683116306788E-024                  0.0000000000000000E+000                  0.0000000000000000E+000 
                                     196                  9.9999983725410313E-001                  5.7059324353467146E-002                  4.4059635264662935E+000                 -4.4709130134955588E+000                  7.9425940431663493E+000                  6.9999998479981451E-001                  2.8000001520018553E-001                  2.0000000000000018E-002                  5.0125996744264076E-024                  0.0000000000000000E+000                  0.0000000000000000E+000 
                                     197                  9.9999983065778431E-001                  5.7032477629479980E-002                  4.4091155171451177E+000                 -4.4580075393808345E+000                  7.9595903945424622E+000                  6.9999998479981451E-001                  2.8000001520018553E-001                  2.0000000000000018E-002                  5.1646179862934461E-024                  0.0000000000000000E+000                  0.0000000000000000E+000 
                                     198                  9.9999982406146548E-001                  5.7006412181587002E-002                  4.4129291331113487E+000                 -4.4425964196496874E+000                  7.9799459053127952E+000                  6.9999998479981451E-001                  2.8000001520018553E-001                  2.0000000000000018E-002                  5.3522191714915290E-024                  0.0000000000000000E+000                  0.0000000000000000E+000 
                                     199                  9.9999981416698724E-001                  5.6968668779478177E-002                  4.4173060486613309E+000                 -4.4250109164808462E+000                  8.0031842524000432E+000                  6.9999998479981451E-001                  2.8000001520018553E-001                  2.0000000000000018E-002                  5.5746509678879415E-024                  0.0000000000000000E+000                  0.0000000000000000E+000 
                                     200                  9.9999980427250901E-001                  5.6932413893944774E-002                  4.4208024014919083E+000                 -4.4110460204556228E+000                  8.0216487160731500E+000                  6.9999998479981451E-001                  2.8000001520018553E-001                  2.0000000000000018E-002                  5.7578720882269091E-024                  0.0000000000000000E+000                  0.0000000000000000E+000 
                                     201                  9.9999979767619018E-001                  5.6909003976557210E-002                  4.4235394051638615E+000                 -4.4002422020054297E+000                  8.0359718535712918E+000                  6.9999998479981451E-001                  2.8000001520018553E-001                  2.0000000000000018E-002                  5.9037524514256589E-024                  0.0000000000000000E+000                  0.0000000000000000E+000 
                                     202                  9.9999979099152525E-001                  5.6885859684406202E-002                  4.4269154830836346E+000                 -4.3870637354244026E+000                  8.0534873060257226E+000                  6.9999998479981451E-001                  2.8000001520018553E-001                  2.0000000000000018E-002                  6.0867242872878093E-024                  0.0000000000000000E+000                  0.0000000000000000E+000 
                                     203                  9.9999978083200836E-001                  5.6851729019300315E-002                  4.4314829544388532E+000                 -4.3693971273815411E+000                  8.0770062049804778E+000                  6.9999998479981451E-001                  2.8000001520018553E-001                  2.0000000000000018E-002                  6.3409639207485099E-024                  0.0000000000000000E+000                  0.0000000000000000E+000 
                                     204                  9.9999976728598605E-001                  5.6808023766840202E-002                  4.4352152145710626E+000                 -4.3549542297653536E+000                  8.0962062929365448E+000                  6.9999998479981451E-001                  2.8000001520018553E-001                  2.0000000000000018E-002                  6.5567043769923858E-024                  0.0000000000000000E+000                  0.0000000000000000E+000 
                                     205                  9.9999976051297490E-001                  5.6786881185358601E-002                  4.4376410670080721E+000                 -4.3456995842400534E+000                  8.1085527961460002E+000                  6.9999998479981451E-001                  2.8000001520018553E-001                  2.0000000000000018E-002                  6.6987999710546445E-024                  0.0000000000000000E+000                  0.0000000000000000E+000 
                                     206                  9.9999975373996364E-001                  5.6766181386229186E-002                  4.4411912749086415E+000                 -4.3323346100487612E+000                  8.1264417209178657E+000                  6.9999998479981451E-001                  2.8000001520018553E-001                  2.0000000000000018E-002                  6.9094740867573095E-024                  0.0000000000000000E+000                  0.0000000000000000E+000 
                                     207                  9.9999974019394122E-001                  5.6726027976414725E-002                  4.4445952075168167E+000                 -4.3194621659636070E+000                  8.1436290766632311E+000                  6.9999998479981451E-001                  2.8000001520018553E-001                  2.0000000000000018E-002                  7.1186650670204904E-024                  0.0000000000000000E+000                  0.0000000000000000E+000 
                                     208                  9.9999973342093007E-001                  5.6706533594759072E-002                  4.4479180571761567E+000                 -4.3071427165927005E+000                  8.1601649648307628E+000                  6.9999998479981451E-001                  2.8000001520018553E-001                  2.0000000000000018E-002                  7.3248163697164941E-024                  0.0000000000000000E+000                  0.0000000000000000E+000 
                                     209                  9.9999971987490754E-001                  5.6668627756073439E-002                  4.4521738751706836E+000                 -4.2914040596133809E+000                  8.1812839899703729E+000                  6.9999998479981451E-001                  2.8000001520018553E-001                  2.0000000000000018E-002                  7.5969201645984412E-024                  0.0000000000000000E+000                  0.0000000000000000E+000 
                                     210                  9.9999970632888524E-001                  5.6632061612418960E-002                  4.4572812014039940E+000                 -4.2728118598043716E+000                  8.2063239304911662E+000                  6.9999998479981451E-001                  2.8000001520018553E-001                  2.0000000000000018E-002                  7.9314533017848950E-024                  0.0000000000000000E+000                  0.0000000000000000E+000 
                                     211                  9.9999968600985167E-001                  5.6579494766611907E-002                  4.4631591569220186E+000                 -4.2515635154717648E+000                  8.2349609521036591E+000                  6.9999998479981451E-001                  2.8000001520018553E-001                  2.0000000000000018E-002                  8.3319151991204323E-024                  0.0000000000000000E+000                  0.0000000000000000E+000 
                                     212                  9.9999966514824468E-001                  5.6528082795629403E-002                  4.4678663460056081E+000                 -4.2346556141093297E+000                  8.2577615833889944E+000                  6.9999998479981451E-001                  2.8000001520018553E-001                  2.0000000000000018E-002                  8.6650196703846905E-024                  0.0000000000000000E+000                  0.0000000000000000E+000 
                                     213                  9.9999965124050672E-001                  5.6495107273874148E-002                  4.4733317555710510E+000                 -4.2155122884403378E+000                  8.2837502679257629E+000                  6.9999998479981451E-001                  2.8000001520018553E-001                  2.0000000000000018E-002                  9.0583229890822169E-024                  0.0000000000000000E+000                  0.0000000000000000E+000 
                                     214                  9.9999962323882774E-001                  5.6431556519678600E-002                  4.4785197746397616E+000                 -4.1972187161277992E+000                  8.3084970583115485E+000                  6.9999998479981451E-001                  2.8000001520018553E-001                  2.0000000000000018E-002                  9.4508965626123683E-024                  0.0000000000000000E+000                  0.0000000000000000E+000 
                                     215                  9.9999960895868389E-001                  5.6400473900835281E-002                  4.4819095038491028E+000                 -4.1854777248658097E+000                  8.3244534546438196E+000                  6.9999998479981451E-001                  2.8000001520018553E-001                  2.0000000000000018E-002                  9.7118038392014451E-024                  0.0000000000000000E+000                  0.0000000000000000E+000 
                                     216                  9.9999959467853972E-001                  5.6370213921610630E-002                  4.4860167582080699E+000                 -4.1714200849978189E+000                  8.3436135135904266E+000                  6.9999998479981451E-001                  2.8000001520018553E-001                  2.0000000000000018E-002                  1.0033717536489642E-023                  0.0000000000000000E+000                  0.0000000000000000E+000 
                                     217                  9.9999957325832389E-001                  5.6326258386945549E-002                  4.4907408907866637E+000                 -4.1553325123143390E+000                  8.3655513601547948E+000                  6.9999998479981451E-001                  2.8000001520018553E-001                  2.0000000000000018E-002                  1.0415277505977854E-023                  0.0000000000000000E+000                  0.0000000000000000E+000 
                                     218                  9.9999955183810796E-001                  5.6283888677830657E-002                  4.4945220698678723E+000                 -4.1425235138587597E+000                  8.3830293374581295E+000                  6.9999998479981451E-001                  2.8000001520018553E-001                  2.0000000000000018E-002                  1.0729464858804861E-023                  0.0000000000000000E+000                  0.0000000000000000E+000 
                                     219                  9.9999953755796400E-001                  5.6256456522668620E-002                  4.4981985576204009E+000                 -4.1302560620524167E+000                  8.3998352143165214E+000                  6.9999998479981451E-001                  2.8000001520018553E-001                  2.0000000000000018E-002                  1.1039283615326015E-023                  0.0000000000000000E+000                  0.0000000000000000E+000 
                                     220                  9.9999951613774807E-001                  5.6216445016447493E-002                  4.5016090662509871E+000                 -4.1188732661775997E+000                  8.4154141499997142E+000                  6.9999998479981451E-001                  2.8000001520018553E-001                  2.0000000000000018E-002                  1.1334786662848740E-023                  0.0000000000000000E+000                  0.0000000000000000E+000 
                                     221                  9.9999950321974551E-001                  5.6192934135136020E-002                  4.5053649769723672E+000                 -4.1065563040685404E+000                  8.4323539037273765E+000                  6.9999998479981451E-001                  2.8000001520018553E-001                  2.0000000000000018E-002                  1.1663492461505235E-023                  0.0000000000000000E+000                  0.0000000000000000E+000 
                                     222                  9.9999947738374040E-001                  5.6147216286610173E-002                  4.5089749840600435E+000                 -4.0946706008787244E+000                  8.4486643874444347E+000                  6.9999998479981451E-001                  2.8000001520018553E-001                  2.0000000000000018E-002                  1.1989758919675058E-023                  0.0000000000000000E+000                  0.0000000000000000E+000 
                                     223                  9.9999946446573784E-001                  5.6124969256928121E-002                  4.5125023869158438E+000                 -4.0832734883355410E+000                  8.4643875820345382E+000                  6.9999998479981451E-001                  2.8000001520018553E-001                  2.0000000000000018E-002                  1.2311215633012878E-023                  0.0000000000000000E+000                  0.0000000000000000E+000 
                                     224                  9.9999943862973295E-001                  5.6081617838305439E-002                  4.5170304999964133E+000                 -4.0686861078059682E+000                  8.4845115765784431E+000                  6.9999998479981451E-001                  2.8000001520018553E-001                  2.0000000000000018E-002                  1.2735311056213028E-023                  0.0000000000000000E+000                  0.0000000000000000E+000 
                                     225                  9.9999941279372795E-001                  5.6039686004263949E-002                  4.5223959197960681E+000                 -4.0516618543800416E+000                  8.5080870000588185E+000                  6.9999998479981451E-001                  2.8000001520018553E-001                  2.0000000000000018E-002                  1.3248838024111548E-023                  0.0000000000000000E+000                  0.0000000000000000E+000 
                                     226                  9.9999937499457447E-001                  5.5980675716800141E-002                  4.5281750663246028E+000                 -4.0334378101084827E+000                  8.5333411968393307E+000                  6.9999998479981451E-001                  2.8000001520018553E-001                  2.0000000000000018E-002                  1.3821621187314780E-023                  0.0000000000000000E+000                  0.0000000000000000E+000 
                                     227                  9.9999934072317775E-001                  5.5929351903341730E-002                  4.5343541754082466E+000                 -4.0143110977210741E+000                  8.5599715599244259E+000                  6.9999998479981451E-001                  2.8000001520018553E-001                  2.0000000000000018E-002                  1.4449541352412216E-023                  0.0000000000000000E+000                  0.0000000000000000E+000 
                                     228                  9.9999929435555934E-001                  5.5862877892127023E-002                  4.5394097404935065E+000                 -3.9986826488178973E+000                  8.5817106698319332E+000                  6.9999998479981451E-001                  2.8000001520018553E-001                  2.0000000000000018E-002                  1.4983826581250651E-023                  0.0000000000000000E+000                  0.0000000000000000E+000 
                                     229                  9.9999927117175014E-001                  5.5830804767995436E-002                  4.5428504181097482E+000                 -3.9882350561368689E+000                  8.5963152822105489E+000                  6.9999998479981451E-001                  2.8000001520018553E-001                  2.0000000000000018E-002                  1.5352016417318327E-023                  0.0000000000000000E+000                  0.0000000000000000E+000 
                                     230                  9.9999924565061771E-001                  5.5796329421224894E-002                  4.5474690381415241E+000                 -3.9743954770527901E+000                  8.6157287060954726E+000                  6.9999998479981451E-001                  2.8000001520018553E-001                  2.0000000000000018E-002                  1.5853774243973758E-023                  0.0000000000000000E+000                  0.0000000000000000E+000 
                                     231                  9.9999920386293406E-001                  5.5741633974320560E-002                  4.5538755439058933E+000                 -3.9554252965422063E+000                  8.6424092639443426E+000                  6.9999998479981451E-001                  2.8000001520018553E-001                  2.0000000000000018E-002                  1.6568417459119774E-023                  0.0000000000000000E+000                  0.0000000000000000E+000 
                                     232                  9.9999914814602264E-001                  5.5671793604015765E-002                  4.5591437288793815E+000                 -3.9398799397868522E+000                  8.6642665302131814E+000                  6.9999998479981451E-001                  2.8000001520018553E-001                  2.0000000000000018E-002                  1.7178102522952649E-023                  0.0000000000000000E+000                  0.0000000000000000E+000 
                                     233                  9.9999911945308262E-001                  5.5637079494843762E-002                  4.5626248736536930E+000                 -3.9297875447238577E+000                  8.6785263609903289E+000                  6.9999998479981451E-001                  2.8000001520018553E-001                  2.0000000000000018E-002                  1.7585938989768942E-023                  0.0000000000000000E+000                  0.0000000000000000E+000 
                                     234                  9.9999909076014271E-001                  5.5603154750137558E-002                  4.5668625148538116E+000                 -3.9176584462285295E+000                  8.6957222002128116E+000                  6.9999998479981451E-001                  2.8000001520018553E-001                  2.0000000000000018E-002                  1.8088970684943434E-023                  0.0000000000000000E+000                  0.0000000000000000E+000 
                                     235                  9.9999904772073289E-001                  5.5553654899954799E-002                  4.5715779333013513E+000                 -3.9042572258391859E+000                  8.7147458315532695E+000                  6.9999998479981451E-001                  2.8000001520018553E-001                  2.0000000000000018E-002                  1.8661589370665574E-023                  0.0000000000000000E+000                  0.0000000000000000E+000 
                                     236                  9.9999900806058095E-001                  5.5509413247170326E-002                  4.5765585023548230E+000                 -3.8903175054074755E+000                  8.7346134626132930E+000                  6.9999998479981451E-001                  2.8000001520018553E-001                  2.0000000000000018E-002                  1.9276552637153091E-023                  0.0000000000000000E+000                  0.0000000000000000E+000 
                                     237                  9.9999895743321698E-001                  5.5454702708355959E-002                  4.5824185409263940E+000                 -3.8741340828935615E+000                  8.7577529320445251E+000                  6.9999998479981451E-001                  2.8000001520018553E-001                  2.0000000000000018E-002                  2.0016089516357158E-023                  0.0000000000000000E+000                  0.0000000000000000E+000 
                                     238                  9.9999889761883998E-001                  5.5392403381869987E-002                  4.5872197884564390E+000                 -3.8609733072794943E+000                  8.7765928092287027E+000                  6.9999998479981451E-001                  2.8000001520018553E-001                  2.0000000000000018E-002                  2.0638472903158089E-023                  0.0000000000000000E+000                  0.0000000000000000E+000 
                                     239                  9.9999886311814501E-001                  5.5357530278498775E-002                  4.5919954771522820E+000                 -3.8481689879639123E+000                  8.7950410981153233E+000                  6.9999998479981451E-001                  2.8000001520018553E-001                  2.0000000000000018E-002                  2.1262661187544307E-023                  0.0000000000000000E+000                  0.0000000000000000E+000 
                                     240                  9.9999880124429763E-001                  5.5296785496166893E-002                  4.5964246543183034E+000                 -3.8363199165783697E+000                  8.8121052069302728E+000                  6.9999998479981451E-001                  2.8000001520018553E-001                  2.0000000000000018E-002                  2.1857174023865797E-023                  0.0000000000000000E+000                  0.0000000000000000E+000 
                                     241                  9.9999877030737394E-001                  5.5267221347403632E-002                  4.6003695082006208E+000                 -3.8259757910585011E+000                  8.8270905801531967E+000                  6.9999998479981451E-001                  2.8000001520018553E-001                  2.0000000000000018E-002                  2.2389822063387477E-023                  0.0000000000000000E+000                  0.0000000000000000E+000 
                                     242                  9.9999871670036633E-001                  5.5217185058402028E-002                  4.6048452865830880E+000                 -3.8143135110290842E+000                  8.8440040734209813E+000                  6.9999998479981451E-001                  2.8000001520018553E-001                  2.0000000000000018E-002                  2.3006009853745562E-023                  0.0000000000000000E+000                  0.0000000000000000E+000 
                                     243                  9.9999867136019838E-001                  5.5175973290631460E-002                  4.6094661812486404E+000                 -3.8024595849762357E+000                  8.8612697914596996E+000                  6.9999998479981451E-001                  2.8000001520018553E-001                  2.0000000000000018E-002                  2.3649796319022449E-023                  0.0000000000000000E+000                  0.0000000000000000E+000 
                                     244                  9.9999861167827442E-001                  5.5123169143635173E-002                  4.6135881915719965E+000                 -3.7919542452235997E+000                  8.8765886856490450E+000                  6.9999998479981451E-001                  2.8000001520018553E-001                  2.0000000000000018E-002                  2.4235463175546119E-023                  0.0000000000000000E+000                  0.0000000000000000E+000 
                                     245                  9.9999857466643438E-001                  5.5091195824662306E-002                  4.6182965194574086E+000                 -3.7801961349917876E+000                  8.8938390618244245E+000                  6.9999998479981451E-001                  2.8000001520018553E-001                  2.0000000000000018E-002                  2.4908282268150383E-023                  0.0000000000000000E+000                  0.0000000000000000E+000 
                                     246                  9.9999849866423096E-001                  5.5027272558212714E-002                  4.6228792347871330E+000                 -3.7687788325326586E+000                  8.9105824758791687E+000                  6.9999998479981451E-001                  2.8000001520018553E-001                  2.0000000000000018E-002                  2.5579567219170025E-023                  0.0000000000000000E+000                  0.0000000000000000E+000 
                                     247                  9.9999846066312936E-001                  5.4996130001612534E-002                  4.6258718351275743E+000                 -3.7614353484235563E+000                  8.9213996221323786E+000                  6.9999998479981451E-001                  2.8000001520018553E-001                  2.0000000000000018E-002                  2.6020912550564221E-023                  0.0000000000000000E+000                  0.0000000000000000E+000 
                                     248                  9.9999842266202776E-001                  5.4965503073965340E-002                  4.6303690012425420E+000                 -3.7505625527374300E+000                  8.9374857546645252E+000                  6.9999998479981451E-001                  2.8000001520018553E-001                  2.0000000000000018E-002                  2.6688471008690625E-023                  0.0000000000000000E+000                  0.0000000000000000E+000 
                                     249                  9.9999834411431210E-001                  5.4903743173440510E-002                  4.6359019461901179E+000                 -3.7372843811127798E+000                  8.9571569603598071E+000                  6.9999998479981451E-001                  2.8000001520018553E-001                  2.0000000000000018E-002                  2.7527116383285497E-023                  0.0000000000000000E+000                  0.0000000000000000E+000 
                                     250                  9.9999827422878673E-001                  5.4850427523893297E-002                  4.6409498792305666E+000                 -3.7253510107648649E+000                  8.9749080900509579E+000                  6.9999998479981451E-001                  2.8000001520018553E-001                  2.0000000000000018E-002                  2.8303414378077355E-023                  0.0000000000000000E+000                  0.0000000000000000E+000 
                                     251                  9.9999820434326137E-001                  5.4798538064979280E-002                  4.6462920547276099E+000                 -3.7129092080534156E+000                  8.9934915229948249E+000                  6.9999998479981451E-001                  2.8000001520018553E-001                  2.0000000000000018E-002                  2.9136243430771828E-023                  0.0000000000000000E+000                  0.0000000000000000E+000 
                                     252                  9.9999812172527902E-001                  5.4738904335090037E-002                  4.6518893249105524E+000                 -3.7000389242018104E+000                  9.0127779469349907E+000                  6.9999998479981451E-001                  2.8000001520018553E-001                  2.0000000000000018E-002                  3.0023701067205995E-023                  0.0000000000000000E+000                  0.0000000000000000E+000 
                                     253                  9.9999803910729657E-001                  5.4680988407737788E-002                  4.6566869657708256E+000                 -3.6891331042184397E+000                  9.0291678814331853E+000                  6.9999998479981451E-001                  2.8000001520018553E-001                  2.0000000000000018E-002                  3.0796951061635287E-023                  0.0000000000000000E+000                  0.0000000000000000E+000 
                                     254                  9.9999797549856273E-001                  5.4637488685390083E-002                  4.6618206162072120E+000                 -3.6776646837482523E+000                  9.0464931221574432E+000                  6.9999998479981451E-001                  2.8000001520018553E-001                  2.0000000000000018E-002                  3.1631711738819290E-023                  0.0000000000000000E+000                  0.0000000000000000E+000 
                                     255                  9.9999787848145050E-001                  5.4572847119536548E-002                  4.6685255946483419E+000                 -3.6628848221134920E+000                  9.0688990259106532E+000                  6.9999998479981451E-001                  2.8000001520018553E-001                  2.0000000000000018E-002                  3.2741165720425258E-023                  0.0000000000000000E+000                  0.0000000000000000E+000 
                                     256                  9.9999775816588521E-001                  5.4495326234751534E-002                  4.6769475921527803E+000                 -3.6446797981281307E+000                  9.0966489090235090E+000                  6.9999998479981451E-001                  2.8000001520018553E-001                  2.0000000000000018E-002                  3.4161695037925371E-023                  0.0000000000000000E+000                  0.0000000000000000E+000 
                                     257                  9.9999759349953643E-001                  5.4393522029062211E-002                  4.6840217765828660E+000                 -3.6295095307502070E+000                  9.1197988043424800E+000                  6.9999998479981451E-001                  2.8000001520018553E-001                  2.0000000000000018E-002                  3.5392687315198369E-023                  0.0000000000000000E+000                  0.0000000000000000E+000 
                                     258                  9.9999750632545392E-001                  5.4341449484063220E-002                  4.6889648597875517E+000                 -3.6191227609340477E+000                  9.1357493391760833E+000                  6.9999998479981451E-001                  2.8000001520018553E-001                  2.0000000000000018E-002                  3.6261171979855653E-023                  0.0000000000000000E+000                  0.0000000000000000E+000 
                                     259                  9.9999741208727844E-001                  5.4286467285724782E-002                  4.6939761146975298E+000                 -3.6086995887996403E+000                  9.1517996710729115E+000                  6.9999998479981451E-001                  2.8000001520018553E-001                  2.0000000000000018E-002                  3.7154262444335063E-023                  0.0000000000000000E+000                  0.0000000000000000E+000 
                                     260                  9.9999731702299810E-001                  5.4232297994736028E-002                  4.6989330513722418E+000                 -3.5984971103524721E+000                  9.1675556713479178E+000                  6.9999998479981451E-001                  2.8000001520018553E-001                  2.0000000000000018E-002                  3.8049880607519707E-023                  0.0000000000000000E+000                  0.0000000000000000E+000 
                                     261                  9.9999721942182773E-001                  5.4177954057208044E-002                  4.7035598627881470E+000                 -3.5890570220810485E+000                  9.1821678254227432E+000                  6.9999998479981451E-001                  2.8000001520018553E-001                  2.0000000000000018E-002                  3.8897917032024016E-023                  0.0000000000000000E+000                  0.0000000000000000E+000 
                                     262                  9.9999713208101193E-001                  5.4130351952769620E-002                  4.7084458389401469E+000                 -3.5792047994316158E+000                  9.1974715371403963E+000                  6.9999998479981451E-001                  2.8000001520018553E-001                  2.0000000000000018E-002                  3.9803273413044003E-023                  0.0000000000000000E+000                  0.0000000000000000E+000 
                                     263                  9.9999701902649718E-001                  5.4070095108499160E-002                  4.7135537497538689E+000                 -3.5689751648383803E+000                  9.2133866701699905E+000                  6.9999998479981451E-001                  2.8000001520018553E-001                  2.0000000000000018E-002                  4.0765766190556368E-023                  0.0000000000000000E+000                  0.0000000000000000E+000 
                                     264                  9.9999691617170161E-001                  5.4016529737411771E-002                  4.7195457189732588E+000                 -3.5571446422557775E+000                  9.2318734052488676E+000                  6.9999998479981451E-001                  2.8000001520018553E-001                  2.0000000000000018E-002                  4.1908140880277990E-023                  0.0000000000000000E+000                  0.0000000000000000E+000 
                                     265                  9.9999675822113321E-001                  5.3936444823018161E-002                  4.7266041214482284E+000                 -3.5433131092596786E+000                  9.2535223913709519E+000                  6.9999998479981451E-001                  2.8000001520018553E-001                  2.0000000000000018E-002                  4.3284673280774936E-023                  0.0000000000000000E+000                  0.0000000000000000E+000 
                                     266                  9.9999659653721595E-001                  5.3856992954151563E-002                  4.7326716846083263E+000                 -3.5315174195691190E+000                  9.2720191851169584E+000                  6.9999998479981451E-001                  2.8000001520018553E-001                  2.0000000000000018E-002                  4.4494509141245148E-023                  0.0000000000000000E+000                  0.0000000000000000E+000 
                                     267                  9.9999647242553646E-001                  5.3797609902372222E-002                  4.7387169932861948E+000                 -3.5199302808441622E+000                  9.2902699033439475E+000                  6.9999998479981451E-001                  2.8000001520018553E-001                  2.0000000000000018E-002                  4.5716105757786161E-023                  0.0000000000000000E+000                  0.0000000000000000E+000 
                                     268                  9.9999630251885685E-001                  5.3718417952899826E-002                  4.7446653908139984E+000                 -3.5085653927000675E+000                  9.3081743018770684E+000                  6.9999998479981451E-001                  2.8000001520018553E-001                  2.0000000000000018E-002                  4.6947077935832132E-023                  0.0000000000000000E+000                  0.0000000000000000E+000 
                                     269                  9.9999617194669999E-001                  5.3659103021289858E-002                  4.7511174899905599E+000                 -3.4964172740311268E+000                  9.3274033773310219E+000                  6.9999998479981451E-001                  2.8000001520018553E-001                  2.0000000000000018E-002                  4.8299822920156072E-023                  0.0000000000000000E+000                  0.0000000000000000E+000 
                                     270                  9.9999596589351358E-001                  5.3568034089188629E-002                  4.7571564594472600E+000                 -3.4850279585553618E+000                  9.3454015555118808E+000                  6.9999998479981451E-001                  2.8000001520018553E-001                  2.0000000000000018E-002                  4.9603711583880859E-023                  0.0000000000000000E+000                  0.0000000000000000E+000 
                                     271                  9.9999584335090819E-001                  5.3515249823145483E-002                  4.7615362845775504E+000                 -3.4768537366203764E+000                  9.3583623085330814E+000                  6.9999998479981451E-001                  2.8000001520018553E-001                  2.0000000000000018E-002                  5.0561326512282243E-023                  0.0000000000000000E+000                  0.0000000000000000E+000 
                                     272                  9.9999572080830279E-001                  5.3463431044824476E-002                  4.7680740832444481E+000                 -3.4648016671374053E+000                  9.3775502609312831E+000                  6.9999998479981451E-001                  2.8000001520018553E-001                  2.0000000000000018E-002                  5.2007310765654554E-023                  0.0000000000000000E+000                  0.0000000000000000E+000 
                                     273                  9.9999546699231201E-001                  5.3358982747519185E-002                  4.7744613063203065E+000                 -3.4529347373154442E+000                  9.3963684747321849E+000                  6.9999998479981451E-001                  2.8000001520018553E-001                  2.0000000000000018E-002                  5.3471786367259440E-023                  0.0000000000000000E+000                  0.0000000000000000E+000 
                                     274                  9.9999533556450304E-001                  5.3306327896957585E-002                  4.7808755773510550E+000                 -3.4412347809841362E+000                  9.4150426039370974E+000                  6.9999998479981451E-001                  2.8000001520018553E-001                  2.0000000000000018E-002                  5.4956330743420496E-023                  0.0000000000000000E+000                  0.0000000000000000E+000 
                                     275                  9.9999506802923044E-001                  5.3201935763719475E-002                  4.7870712702117055E+000                 -3.4298267728658245E+000                  9.4331695089236476E+000                  6.9999998479981451E-001                  2.8000001520018553E-001                  2.0000000000000018E-002                  5.6443814148594337E-023                  0.0000000000000000E+000                  0.0000000000000000E+000 
                                     276                  9.9999493192176681E-001                  5.3150175689329823E-002                  4.7912079386281601E+000                 -3.4222848529331507E+000                  9.4451935254774444E+000                  6.9999998479981451E-001                  2.8000001520018553E-001                  2.0000000000000018E-002                  5.7449411139483448E-023                  0.0000000000000000E+000                  0.0000000000000000E+000 
                                     277                  9.9999479096920196E-001                  5.3097476892176115E-002                  4.7974196611792852E+000                 -3.4110623314462520E+000                  9.4631408478890489E+000                  6.9999998479981451E-001                  2.8000001520018553E-001                  2.0000000000000018E-002                  5.8979279291413488E-023                  0.0000000000000000E+000                  0.0000000000000000E+000 
                                     278                  9.9999450404772317E-001                  5.2992883514216549E-002                  4.8034212676146364E+000                 -3.4000954925633535E+000                  9.4805903562156040E+000                  6.9999998479981451E-001                  2.8000001520018553E-001                  2.0000000000000018E-002                  6.0513955476069926E-023                  0.0000000000000000E+000                  0.0000000000000000E+000 
                                     279                  9.9999435807880965E-001                  5.2940971314564683E-002                  4.8094541516330231E+000                 -3.3892406162905271E+000                  9.4979590385490624E+000                  6.9999998479981451E-001                  2.8000001520018553E-001                  2.0000000000000018E-002                  6.2072599678379406E-023                  0.0000000000000000E+000                  0.0000000000000000E+000 
                                     280                  9.9999405575378675E-001                  5.2836050049908302E-002                  4.8153520753173487E+000                 -3.3784929091328793E+000                  9.5150620713379137E+000                  6.9999998479981451E-001                  2.8000001520018553E-001                  2.0000000000000018E-002                  6.3655726003272922E-023                  0.0000000000000000E+000                  0.0000000000000000E+000 
                                     281                  9.9999389921421822E-001                  5.2783022351492660E-002                  4.8192667780031417E+000                 -3.3714094776661643E+000                  9.5263618300631094E+000                  6.9999998479981451E-001                  2.8000001520018553E-001                  2.0000000000000018E-002                  6.4721298519784357E-023                  0.0000000000000000E+000                  0.0000000000000000E+000 
                                     282                  9.9999374267464991E-001                  5.2730833568324788E-002                  4.8251161294285954E+000                 -3.3609006383975690E+000                  9.5431683339665909E+000                  6.9999998479981451E-001                  2.8000001520018553E-001                  2.0000000000000018E-002                  6.6335382262358688E-023                  0.0000000000000000E+000                  0.0000000000000000E+000 
                                     283                  9.9999341846163015E-001                  5.2625270678345548E-002                  4.8327691758498874E+000                 -3.3470471867134610E+000                  9.5652497648777395E+000                  6.9999998479981451E-001                  2.8000001520018553E-001                  2.0000000000000018E-002                  6.8525363629189592E-023                  0.0000000000000000E+000                  0.0000000000000000E+000 
                                     284                  9.9999308272166165E-001                  5.2519309275367326E-002                  4.8403073162969186E+000                 -3.3333817190390662E+000                  9.5870118831986435E+000                  6.9999998479981451E-001                  2.8000001520018553E-001                  2.0000000000000018E-002                  7.0757055076953622E-023                  0.0000000000000000E+000                  0.0000000000000000E+000 
                                     285                  9.9999273504792219E-001                  5.2412902415228384E-002                  4.8477333960342719E+000                 -3.3198891836092757E+000                  9.6084744889904297E+000                  6.9999998479981451E-001                  2.8000001520018553E-001                  2.0000000000000018E-002                  7.3032416800152019E-023                  0.0000000000000000E+000                  0.0000000000000000E+000 
                                     286                  9.9999237501935534E-001                  5.2306006251443313E-002                  4.8550503008167123E+000                 -3.3065560043493152E+000                  9.6296557703025147E+000                  6.9999998479981451E-001                  2.8000001520018553E-001                  2.0000000000000018E-002                  7.5353402165720599E-023                  0.0000000000000000E+000                  0.0000000000000000E+000 
                                     287                  9.9999200220017925E-001                  5.2198579682438975E-002                  4.8622609949624893E+000                 -3.2933700285506564E+000                  9.6505724714499301E+000                  6.9999998479981451E-001                  2.8000001520018553E-001                  2.0000000000000018E-002                  7.7721940566535262E-023                  0.0000000000000000E+000                  0.0000000000000000E+000 
                                     288                  9.9999161613937515E-001                  5.2090584015344069E-002                  4.8693685337756385E+000                 -3.2803203520353064E+000                  9.6712400398787626E+000                  6.9999998479981451E-001                  2.8000001520018553E-001                  2.0000000000000018E-002                  8.0139943280986743E-023                  0.0000000000000000E+000                  0.0000000000000000E+000 
                                     289                  9.9999121637016064E-001                  5.1981982674796388E-002                  4.8763760920389929E+000                 -3.2673971928265608E+000                  9.6916727548053228E+000                  6.9999998479981451E-001                  2.8000001520018553E-001                  2.0000000000000018E-002                  8.2609304155147735E-023                  0.0000000000000000E+000                  0.0000000000000000E+000 
                                     290                  9.9999080240944505E-001                  5.1872740943621619E-002                  4.8832869745029006E+000                 -3.2545918894590806E+000                  9.7118838402820824E+000                  6.9999998479981451E-001                  2.8000001520018553E-001                  2.0000000000000018E-002                  8.5131878163896847E-023                  0.0000000000000000E+000                  0.0000000000000000E+000 
                                     291                  9.9999037375726374E-001                  5.1762825703114398E-002                  4.8901046105820409E+000                 -3.2418967019709428E+000                  9.7318855649071931E+000                  6.9999998479981451E-001                  2.8000001520018553E-001                  2.0000000000000018E-002                  8.7709499090327933E-023                  0.0000000000000000E+000                  0.0000000000000000E+000 
                                     292                  9.9998992989619739E-001                  5.1652205221533493E-002                  4.8968325600145057E+000                 -3.2293047383447724E+000                  9.7516893300262630E+000                  6.9999998479981451E-001                  2.8000001520018553E-001                  2.0000000000000018E-002                  9.0343976289076447E-023                  0.0000000000000000E+000                  0.0000000000000000E+000 
                                     293                  9.9998947029076679E-001                  5.1540848959187889E-002                  4.9034745052344002E+000                 -3.2168099838644482E+000                  9.7713057479874337E+000                  6.9999998479981451E-001                  2.8000001520018553E-001                  2.0000000000000018E-002                  9.3037070309884960E-023                  0.0000000000000000E+000                  0.0000000000000000E+000 
                                     294                  9.9998899438681066E-001                  5.1428727363182512E-002                  4.9100342332056472E+000                 -3.2044070836964051E+000                  9.7907447117735344E+000                  6.9999998479981451E-001                  2.8000001520018553E-001                  2.0000000000000018E-002                  9.5790521570882084E-023                  0.0000000000000000E+000                  0.0000000000000000E+000 
                                     295                  9.9998850161084030E-001                  5.1315811714609298E-002                  4.9165156210006806E+000                 -3.1920912899205334E+000                  9.8100154571236278E+000                  6.9999998479981451E-001                  2.8000001520018553E-001                  2.0000000000000018E-002                  9.8606048046050842E-023                  0.0000000000000000E+000                  0.0000000000000000E+000 
                                     296                  9.9998799136937333E-001                  5.1202073986693249E-002                  4.9229226210492207E+000                 -3.1798585251317339E+000                  9.8291266180983179E+000                  6.9999998479981451E-001                  2.8000001520018553E-001                  2.0000000000000018E-002                  1.0148531612354753E-022                  0.0000000000000000E+000                  0.0000000000000000E+000 
                                     297                  9.9998746304824404E-001                  5.1087486683004973E-002                  4.9292592390924304E+000                 -3.1677051782722208E+000                  9.8480862769092319E+000                  6.9999998479981451E-001                  2.8000001520018553E-001                  2.0000000000000018E-002                  1.0442997349641828E-022                  0.0000000000000000E+000                  0.0000000000000000E+000 
                                     298                  9.9998691601189060E-001                  5.0972022725568930E-002                  4.9355295070720651E+000                 -3.1556280256926077E+000                  9.8669020087051038E+000                  6.9999998479981451E-001                  2.8000001520018553E-001                  2.0000000000000018E-002                  1.0744165780139236E-022                  0.0000000000000000E+000                  0.0000000000000000E+000 
                                     299                  9.9998634960261923E-001                  5.0855655361192922E-002                  4.9417374670150140E+000                 -3.1436243312280379E+000                  9.8855809219155049E+000                  6.9999998479981451E-001                  2.8000001520018553E-001                  2.0000000000000018E-002                  1.1052196121296623E-022                  0.0000000000000000E+000                  0.0000000000000000E+000 
                                     300                  9.9998576313984100E-001                  5.0738358038299160E-002                  4.9478871559602275E+000                 -3.1316917038625589E+000                  9.9041296946836628E+000                  6.9999998479981451E-001                  2.8000001520018553E-001                  2.0000000000000018E-002                  1.1367245467968815E-022                  0.0000000000000000E+000                  0.0000000000000000E+000 
                                     301                  9.9998515591928472E-001                  5.0620104318419852E-002                  4.9539825754257221E+000                 -3.1198279592655527E+000                  9.9225546078355702E+000                  6.9999998479981451E-001                  2.8000001520018553E-001                  2.0000000000000018E-002                  1.1689471656503206E-022                  0.0000000000000000E+000                  0.0000000000000000E+000 
                                     302                  9.9998452721218201E-001                  5.0500867822917093E-002                  4.9600276731402468E+000                 -3.1080312330969901E+000                  9.9408615747656484E+000                  6.9999998479981451E-001                  2.8000001520018553E-001                  2.0000000000000018E-002                  1.2019029572044851E-022                  0.0000000000000000E+000                  0.0000000000000000E+000 
                                     303                  9.9998387626442442E-001                  5.0380622146844668E-002                  4.9660263401447047E+000                 -3.0962999284298731E+000                  9.9590561685832739E+000                  6.9999998479981451E-001                  2.8000001520018553E-001                  2.0000000000000018E-002                  1.2356071700361531E-022                  0.0000000000000000E+000                  0.0000000000000000E+000 
                                     304                  9.9998320229569293E-001                  5.0259340784435655E-002                  4.9719823866442985E+000                 -3.0846325495503661E+000                  9.9771436468173089E+000                  6.9999998479981451E-001                  2.8000001520018553E-001                  2.0000000000000018E-002                  1.2700752266072228E-022                  0.0000000000000000E+000                  0.0000000000000000E+000 
                                     305                  9.9998250449855741E-001                  5.0136997098765054E-002                  4.9778995201776164E+000                 -3.0730277717528525E+000                  9.9951289739325180E+000                  6.9999998479981451E-001                  2.8000001520018553E-001                  2.0000000000000018E-002                  1.3053224876039657E-022                  0.0000000000000000E+000                  0.0000000000000000E+000 
                                     306                  9.9998178203754540E-001                  5.0013564270773650E-002                  4.9837813490829657E+000                 -3.0614844535121133E+000                  1.0013016841890771E+001                  6.9999998479981451E-001                  2.8000001520018553E-001                  2.0000000000000018E-002                  1.3413641606357322E-022                  0.0000000000000000E+000                  0.0000000000000000E+000 
                                     307                  9.9998103404817962E-001                  4.9889015242988007E-002                  4.9896313725636805E+000                 -3.0500015329247314E+000                  1.0030811688959755E+001                  6.9999998479981451E-001                  2.8000001520018553E-001                  2.0000000000000018E-002                  1.3782155748135317E-022                  0.0000000000000000E+000                  0.0000000000000000E+000 
                                     308                  9.9998025963598403E-001                  4.9763322691103000E-002                  4.9954529591856609E+000                 -3.0385780077280300E+000                  1.0048517716942470E+001                  6.9999998479981451E-001                  2.8000001520018553E-001                  2.0000000000000018E-002                  1.4158922269886568E-022                  0.0000000000000000E+000                  0.0000000000000000E+000 
                                     309                  9.9997945787545428E-001                  4.9636459000535399E-002                  5.0012493459051086E+000                 -3.0272129658225375E+000                  1.0066138906984150E+001                  6.9999998479981451E-001                  2.8000001520018553E-001                  2.0000000000000018E-002                  1.4544096636780715E-022                  0.0000000000000000E+000                  0.0000000000000000E+000 
                                     310                  9.9997862780899494E-001                  4.9508396233317431E-002                  5.0070236422009078E+000                 -3.0159055621579260E+000                  1.0083679034097578E+001                  6.9999998479981451E-001                  2.8000001520018553E-001                  2.0000000000000018E-002                  1.4937835337554732E-022                  0.0000000000000000E+000                  0.0000000000000000E+000 
                                     311                  9.9997776844582087E-001                  4.9379106100700981E-002                  5.0127788159751381E+000                 -3.0046549736035439E+000                  1.0101141680529613E+001                  6.9999998479981451E-001                  2.8000001520018553E-001                  2.0000000000000018E-002                  1.5340297319493399E-022                  0.0000000000000000E+000                  0.0000000000000000E+000 
                                     312                  9.9997687876082086E-001                  4.9248559948445049E-002                  5.0185176851986792E+000                 -2.9934603921102978E+000                  1.0118530248076834E+001                  6.9999998479981451E-001                  2.8000001520018553E-001                  2.0000000000000018E-002                  1.5751644246663147E-022                  0.0000000000000000E+000                  0.0000000000000000E+000 
                                     313                  9.9997595769338388E-001                  4.9116728743869728E-002                  5.0242429259152326E+000                 -2.9823210250480621E+000                  1.0135847969449177E+001                  6.9999998479981451E-001                  2.8000001520018553E-001                  2.0000000000000018E-002                  1.6172040521967971E-022                  0.0000000000000000E+000                  0.0000000000000000E+000 
                                     314                  9.9997500414618534E-001                  4.8983583062602268E-002                  5.0299570697494991E+000                 -2.9712361049488045E+000                  1.0153097918773096E+001                  6.9999998479981451E-001                  2.8000001520018553E-001                  2.0000000000000018E-002                  1.6601652936844592E-022                  0.0000000000000000E+000                  0.0000000000000000E+000 
                                     315                  9.9997401698393229E-001                  4.8849093071998348E-002                  5.0356624954501106E+000                 -2.9602048524571249E+000                  1.0170283021313042E+001                  6.9999998479981451E-001                  2.8000001520018553E-001                  2.0000000000000018E-002                  1.7040652145273860E-022                  0.0000000000000000E+000                  0.0000000000000000E+000 
                                     316                  9.9997299503206616E-001                  4.8713228525744875E-002                  5.0413614314327742E+000                 -2.9492264520707918E+000                  1.0187406062475564E+001                  6.9999998479981451E-001                  2.8000001520018553E-001                  2.0000000000000018E-002                  1.7489213842516712E-022                  0.0000000000000000E+000                  0.0000000000000000E+000 
                                     317                  9.9997193707542253E-001                  4.8575958766308665E-002                  5.0470559607293497E+000                 -2.9383000792274490E+000                  1.0204469696157119E+001                  6.9999998479981451E-001                  2.8000001520018553E-001                  2.0000000000000018E-002                  1.7947517930024562E-022                  0.0000000000000000E+000                  0.0000000000000000E+000 
                                     318                  9.9997084185684504E-001                  4.8437252719318848E-002                  5.0527480192206786E+000                 -2.9274249211391656E+000                  1.0221476452493786E+001                  6.9999998479981451E-001                  2.8000001520018553E-001                  2.0000000000000018E-002                  1.8415747788153484E-022                  0.0000000000000000E+000                  0.0000000000000000E+000 
                                     319                  9.9996970807575281E-001                  4.8297078881402035E-002                  5.0584393950174436E+000                 -2.9166001103674448E+000                  1.0238428745064867E+001                  6.9999998479981451E-001                  2.8000001520018553E-001                  2.0000000000000018E-002                  1.8894093319915196E-022                  0.0000000000000000E+000                  0.0000000000000000E+000 
                                     320                  9.9996853438666200E-001                  4.8155405329492508E-002                  5.0641317326779207E+000                 -2.9058247225904883E+000                  1.0255328877592831E+001                  6.9999998479981451E-001                  2.8000001520018553E-001                  2.0000000000000018E-002                  1.9382751513728098E-022                  0.0000000000000000E+000                  0.0000000000000000E+000 
                                     321                  9.9996731939765360E-001                  4.8012199731910829E-002                  5.0698265370779865E+000                 -2.8950978448636802E+000                  1.0272179050180945E+001                  6.9999998479981451E-001                  2.8000001520018553E-001                  2.0000000000000018E-002                  1.9881923725653772E-022                  0.0000000000000000E+000                  0.0000000000000000E+000 
                                     322                  9.9996606166879431E-001                  4.7867429337738347E-002                  5.0755251764296885E+000                 -2.8844185381386556E+000                  1.0288981365129596E+001                  6.9999998479981451E-001                  2.8000001520018553E-001                  2.0000000000000018E-002                  2.0391817602168161E-022                  0.0000000000000000E+000                  0.0000000000000000E+000 
                                     323                  9.9996475971050214E-001                  4.7721060978770075E-002                  5.0812288846645099E+000                 -2.8737857921154548E+000                  1.0305737832363077E+001                  6.9999998479981451E-001                  2.8000001520018553E-001                  2.0000000000000018E-002                  2.0912649666782923E-022                  0.0000000000000000E+000                  0.0000000000000000E+000 
                                     324                  9.9996341198185779E-001                  4.7573061087441124E-002                  5.0869387650504647E+000                 -2.8631985626597776E+000                  1.0322450374495451E+001                  6.9999998479981451E-001                  2.8000001520018553E-001                  2.0000000000000018E-002                  2.1444644068726719E-022                  0.0000000000000000E+000                  0.0000000000000000E+000 
                                     325                  9.9996201688886066E-001                  4.7423395703392046E-002                  5.0926557973275628E+000                 -2.8526558204962766E+000                  1.0339120831565237E+001                  6.9999998479981451E-001                  2.8000001520018553E-001                  2.0000000000000018E-002                  2.1988030486898936E-022                  0.0000000000000000E+000                  0.0000000000000000E+000 
                                     326                  9.9996057278262507E-001                  4.7272030463927681E-002                  5.0983808430974529E+000                 -2.8421564825913892E+000                  1.0355750965466902E+001                  6.9999998479981451E-001                  2.8000001520018553E-001                  2.0000000000000018E-002                  2.2543047946580792E-022                  0.0000000000000000E+000                  0.0000000000000000E+000 
                                     327                  9.9995907795751804E-001                  4.7118930618606641E-002                  5.1041146472697667E+000                 -2.8316994072280024E+000                  1.0372342464100598E+001                  6.9999998479981451E-001                  2.8000001520018553E-001                  2.0000000000000018E-002                  2.3109945704022229E-022                  0.0000000000000000E+000                  0.0000000000000000E+000 
                                     328                  9.9995753064923409E-001                  4.6964061046917291E-002                  5.1098578448270064E+000                 -2.8212834613963613E+000                  1.0388896945262362E+001                  6.9999998479981451E-001                  2.8000001520018553E-001                  2.0000000000000018E-002                  2.3688980134833180E-022                  0.0000000000000000E+000                  0.0000000000000000E+000 
                                     329                  9.9995592903280517E-001                  4.6807386253113516E-002                  5.1156109704362018E+000                 -2.8109074999612984E+000                  1.0405415960295567E+001                  6.9999998479981451E-001                  2.8000001520018553E-001                  2.0000000000000018E-002                  2.4280416175437098E-022                  0.0000000000000000E+000                  0.0000000000000000E+000 
                                     330                  9.9995427122054603E-001                  4.6648870368826971E-002                  5.1213744617238541E+000                 -2.8005703292305761E+000                  1.0421900997519037E+001                  6.9999998479981451E-001                  2.8000001520018553E-001                  2.0000000000000018E-002                  2.4884529877059569E-022                  0.0000000000000000E+000                  0.0000000000000000E+000 
                                     331                  9.9995255525992821E-001                  4.6488477169756716E-002                  5.1271486625337399E+000                 -2.7902707360266046E+000                  1.0438353485446269E+001                  6.9999998479981451E-001                  2.8000001520018553E-001                  2.0000000000000018E-002                  2.5501607329296842E-022                  0.0000000000000000E+000                  0.0000000000000000E+000 
                                     332                  9.9995077913138819E-001                  4.6326170082934874E-002                  5.1329338336972343E+000                 -2.7800075266361510E+000                  1.0454774795811993E+001                  6.9999998479981451E-001                  2.8000001520018553E-001                  2.0000000000000018E-002                  2.6131942740663645E-022                  0.0000000000000000E+000                  0.0000000000000000E+000 
                                     333                  9.9994894074605667E-001                  4.6161912180126281E-002                  5.1387301611769161E+000                 -2.7697794857703548E+000                  1.0471166246421651E+001                  6.9999998479981451E-001                  2.8000001520018553E-001                  2.0000000000000018E-002                  2.6775841277759632E-022                  0.0000000000000000E+000                  0.0000000000000000E+000 
                                     334                  9.9994703794341855E-001                  4.5995666186954560E-002                  5.1445377575576368E+000                 -2.7595853752248747E+000                  1.0487529103833616E+001                  6.9999998479981451E-001                  2.8000001520018553E-001                  2.0000000000000018E-002                  2.7433619707040113E-022                  0.0000000000000000E+000                  0.0000000000000000E+000 
                                     335                  9.9994506848889020E-001                  4.5827394493511329E-002                  5.1503566706858024E+000                 -2.7494239767761002E+000                  1.0503864585885456E+001                  6.9999998479981451E-001                  2.8000001520018553E-001                  2.0000000000000018E-002                  2.8105604114714912E-022                  0.0000000000000000E+000                  0.0000000000000000E+000 
                                     336                  9.9994303007132057E-001                  4.5657059149175165E-002                  5.1561868954750816E+000                 -2.7392940834753579E+000                  1.0520173864076986E+001                  6.9999998479981451E-001                  2.8000001520018553E-001                  2.0000000000000018E-002                  2.8792130768312559E-022                  0.0000000000000000E+000                  0.0000000000000000E+000 
                                     337                  9.9994092030040704E-001                  4.5484621860940676E-002                  5.1620283778583715E+000                 -2.7291944845910363E+000                  1.0536458065819041E+001                  6.9999998479981451E-001                  2.8000001520018553E-001                  2.0000000000000018E-002                  2.9493547519700624E-022                  0.0000000000000000E+000                  0.0000000000000000E+000 
                                     338                  9.9993873670402655E-001                  4.5310043998029868E-002                  5.1678810196290890E+000                 -2.7191239841221280E+000                  1.0552718276556110E+001                  6.9999998479981451E-001                  2.8000001520018553E-001                  2.0000000000000018E-002                  3.0210212957801795E-022                  0.0000000000000000E+000                  0.0000000000000000E+000 
                                     339                  9.9993647672547981E-001                  4.5133286589617037E-002                  5.1737446905086255E+000                 -2.7090814200409863E+000                  1.0568955541771794E+001                  6.9999998479981451E-001                  2.8000001520018553E-001                  2.0000000000000018E-002                  3.0942495331152327E-022                  0.0000000000000000E+000                  0.0000000000000000E+000 
                                     340                  9.9993413772064266E-001                  4.4954310314777493E-002                  5.1796192363964746E+000                 -2.6990656517917415E+000                  1.0585170868886756E+001                  6.9999998479981451E-001                  2.8000001520018553E-001                  2.0000000000000018E-002                  3.1690773672266418E-022                  0.0000000000000000E+000                  0.0000000000000000E+000 
                                     341                  9.9993171695502470E-001                  4.4773075497308502E-002                  5.1855044817908853E+000                 -2.6890755624675950E+000                  1.0601365229055677E+001                  6.9999998479981451E-001                  2.8000001520018553E-001                  2.0000000000000018E-002                  3.2455437922930031E-022                  0.0000000000000000E+000                  0.0000000000000000E+000 
                                     342                  9.9992921160073100E-001                  4.4589542099595536E-002                  5.1914002378695985E+000                 -2.6791100763037097E+000                  1.0617539558868367E+001                  6.9999998479981451E-001                  2.8000001520018553E-001                  2.0000000000000018E-002                  3.3236887825878224E-022                  0.0000000000000000E+000                  0.0000000000000000E+000 
                                     343                  9.9992661873332356E-001                  4.4403669708868672E-002                  5.1973063114978348E+000                 -2.6691681577414834E+000                  1.0633694761962794E+001                  6.9999998479981451E-001                  2.8000001520018553E-001                  2.0000000000000018E-002                  3.4035533116907773E-022                  0.0000000000000000E+000                  0.0000000000000000E+000 
                                     344                  9.9992393532857970E-001                  4.4215417523253968E-002                  5.2032225082091426E+000                 -2.6592488094290410E+000                  1.0649831710556299E+001                  6.9999998479981451E-001                  2.8000001520018553E-001                  2.0000000000000018E-002                  3.4851793810694581E-022                  0.0000000000000000E+000                  0.0000000000000000E+000 
                                     345                  9.9992115825914352E-001                  4.4024744338052528E-002                  5.2091486345567430E+000                 -2.6493510753432727E+000                  1.0665951246900130E+001                  6.9999998479981451E-001                  2.8000001520018553E-001                  2.0000000000000018E-002                  3.5686100067975143E-022                  0.0000000000000000E+000                  0.0000000000000000E+000 
                                     346                  9.9991828429106799E-001                  4.3831608529983968E-002                  5.2150845015553697E+000                 -2.6394740421420941E+000                  1.0682054184662077E+001                  6.9999998479981451E-001                  2.8000001520018553E-001                  2.0000000000000018E-002                  3.6538892173288907E-022                  0.0000000000000000E+000                  0.0000000000000000E+000 
                                     347                  9.9991531008024370E-001                  4.3635968040075496E-002                  5.2210299269866347E+000                 -2.6296168380271543E+000                  1.0698141310241740E+001                  6.9999998479981451E-001                  2.8000001520018553E-001                  2.0000000000000018E-002                  3.7410620710250316E-022                  0.0000000000000000E+000                  0.0000000000000000E+000 
                                     348                  9.9991223216870873E-001                  4.3437780356193098E-002                  5.2269847354530476E+000                 -2.6197786293997871E+000                  1.0714213384022367E+001                  6.9999998479981451E-001                  2.8000001520018553E-001                  2.0000000000000018E-002                  3.8301746944035550E-022                  0.0000000000000000E+000                  0.0000000000000000E+000 
                                     349                  9.9990904698084027E-001                  4.3237002496263478E-002                  5.2329487554747640E+000                 -2.6099586131629833E+000                  1.0730271141562810E+001                  6.9999998479981451E-001                  2.8000001520018553E-001                  2.0000000000000018E-002                  3.9212743647196804E-022                  0.0000000000000000E+000                  0.0000000000000000E+000 
                                     350                  9.9990575081942012E-001                  4.3033590994272092E-002                  5.2389218171738205E+000                 -2.6001560163140907E+000                  1.0746315294732717E+001                  6.9999998479981451E-001                  2.8000001520018553E-001                  2.0000000000000018E-002                  4.0144095320930661E-022                  0.0000000000000000E+000                  0.0000000000000000E+000 
                                     351                  9.9990233986157173E-001                  4.2827501885832488E-002                  5.2449037523292104E+000                 -2.5903700939637662E+000                  1.0762346532794053E+001                  6.9999998479981451E-001                  2.8000001520018553E-001                  2.0000000000000018E-002                  4.1096298573923651E-022                  0.0000000000000000E+000                  0.0000000000000000E+000 
                                     352                  9.9989881015456505E-001                  4.2618690694074292E-002                  5.2508943913932260E+000                 -2.5806001161663801E+000                  1.0778365523432104E+001                  6.9999998479981451E-001                  2.8000001520018553E-001                  2.0000000000000018E-002                  4.2069863654405693E-022                  0.0000000000000000E+000                  0.0000000000000000E+000 
                                     353                  9.9989515761148429E-001                  4.2407112421303919E-002                  5.2568935592889794E+000                 -2.5708453677680505E+000                  1.0794372913737389E+001                  6.9999998479981451E-001                  2.8000001520018553E-001                  2.0000000000000018E-002                  4.3065314827535541E-022                  0.0000000000000000E+000                  0.0000000000000000E+000 
                                     354                  9.9989137800675509E-001                  4.2192721540556900E-002                  5.2629010745230120E+000                 -2.5611051502079816E+000                  1.0810369331139450E+001                  6.9999998479981451E-001                  2.8000001520018553E-001                  2.0000000000000018E-002                  4.4083190556949208E-022                  0.0000000000000000E+000                  0.0000000000000000E+000 
                                     355                  9.9988746697152708E-001                  4.1975471986055474E-002                  5.2689167495440730E+000                 -2.5513787715029514E+000                  1.0826355384295562E+001                  6.9999998479981451E-001                  2.8000001520018553E-001                  2.0000000000000018E-002                  4.5124044947224391E-022                  0.0000000000000000E+000                  0.0000000000000000E+000 
                                     356                  9.9988341998890617E-001                  4.1755317148466226E-002                  5.2749403907994283E+000                 -2.5416655449759005E+000                  1.0842331663938827E+001                  6.9999998479981451E-001                  2.8000001520018553E-001                  2.0000000000000018E-002                  4.6188448380210606E-022                  0.0000000000000000E+000                  0.0000000000000000E+000 
                                     357                  9.9987923238903276E-001                  4.1532209870787616E-002                  5.2809717988696425E+000                 -2.5319647983167908E+000                  1.0858298743688358E+001                  6.9999998479981451E-001                  2.8000001520018553E-001                  2.0000000000000018E-002                  4.7276987014877322E-022                  0.0000000000000000E+000                  0.0000000000000000E+000 
                                     358                  9.9987489934399920E-001                  4.1306102439611560E-002                  5.2870107698353390E+000                 -2.5222758689758376E+000                  1.0874257180824337E+001                  6.9999998479981451E-001                  2.8000001520018553E-001                  2.0000000000000018E-002                  4.8390263746535147E-022                  0.0000000000000000E+000                  0.0000000000000000E+000 
                                     359                  9.9987041586260350E-001                  4.1076946578498759E-002                  5.2930570992810262E+000                 -2.5125980992195114E+000                  1.0890207517029399E+001                  6.9999998479981451E-001                  2.8000001520018553E-001                  2.0000000000000018E-002                  4.9528899293429929E-022                  0.0000000000000000E+000                  0.0000000000000000E+000 
                                     360                  9.9986577678493171E-001                  4.0844693443915864E-002                  5.2991105856556446E+000                 -2.5029308510875028E+000                  1.0906150279097528E+001                  6.9999998479981451E-001                  2.8000001520018553E-001                  2.0000000000000018E-002                  5.0693530956844639E-022                  0.0000000000000000E+000                  0.0000000000000000E+000 
                                     361                  9.9986097677676644E-001                  4.0609293613102157E-002                  5.3051710313374354E+000                 -2.4932735069105729E+000                  1.0922085979613474E+001                  6.9999998479981451E-001                  2.8000001520018553E-001                  2.0000000000000018E-002                  6.1859569801896912E-022                  0.0000000000000000E+000                  0.0000000000000000E+000 
                                     362                  9.9985601032381344E-001                  4.0370697071117845E-002                  5.3112382459444403E+000                 -2.4836254616616542E+000                  1.0938015117604023E+001                  6.9999998479981451E-001                  2.8000001520018553E-001                  2.0000000000000018E-002                  8.1831429252219161E-022                  0.0000000000000000E+000                  0.0000000000000000E+000 
                                     363                  9.9985087172574194E-001                  4.0128853201646802E-002                  5.3173120503147473E+000                 -2.4739861339984675E+000                  1.0953938179162089E+001                  6.9999998479981451E-001                  2.8000001520018553E-001                  2.0000000000000018E-002                  1.0814526999750061E-021                  0.0000000000000000E+000                  0.0000000000000000E+000 
                                     364                  9.9984555509003370E-001                  3.9883710771225309E-002                  5.3233922778013794E+000                 -2.4643549712288633E+000                  1.0969855638045679E+001                  6.9999998479981451E-001                  2.8000001520018553E-001                  2.0000000000000018E-002                  1.4278000512414295E-021                  0.0000000000000000E+000                  0.0000000000000000E+000 
                                     365                  9.9984005432563328E-001                  3.9635217909938021E-002                  5.3294787748808892E+000                 -2.4547314428183413E+000                  1.0985767956252039E+001                  6.9999998479981451E-001                  2.8000001520018553E-001                  2.0000000000000018E-002                  1.8832081361947978E-021                  0.0000000000000000E+000                  0.0000000000000000E+000 
                                     366                  9.9983436313639473E-001                  3.9383322094911626E-002                  5.3355714020837084E+000                 -2.4451150413023006E+000                  1.1001675584563820E+001                  6.9999998479981451E-001                  2.8000001520018553E-001                  2.0000000000000018E-002                  2.4814137914388219E-021                  0.0000000000000000E+000                  0.0000000000000000E+000 
                                     367                  9.9982847501432126E-001                  3.9127970132672309E-002                  5.3416700345715880E+000                 -2.4355052876253058E+000                  1.1017578963069813E+001                  6.9999998479981451E-001                  2.8000001520018553E-001                  2.0000000000000018E-002                  3.2663984506072121E-021                  0.0000000000000000E+000                  0.0000000000000000E+000 
                                     368                  9.9982238323258876E-001                  3.8869108137497367E-002                  5.3477745614650782E+000                 -2.4259017277509827E+000                  1.1033478521666341E+001                  6.9999998479981451E-001                  2.8000001520018553E-001                  2.0000000000000018E-002                  4.2954399725565545E-021                  0.0000000000000000E+000                  0.0000000000000000E+000 
                                     369                  9.9981608083834694E-001                  3.8606681510727284E-002                  5.3538848834824160E+000                 -2.4163039273469318E+000                  1.1049374680541796E+001                  6.9999998479981451E-001                  2.8000001520018553E-001                  2.0000000000000018E-002                  5.6430554804460661E-021                  0.0000000000000000E+000                  0.0000000000000000E+000 
                                     370                  9.9980956064528781E-001                  3.8340634922279064E-002                  5.3600009113404665E+000                 -2.4067114726927312E+000                  1.1065267850644821E+001                  6.9999998479981451E-001                  2.8000001520018553E-001                  2.0000000000000018E-002                  7.4060901790940675E-021                  0.0000000000000000E+000                  0.0000000000000000E+000 
                                     371                  9.9980281522597814E-001                  3.8070912290780246E-002                  5.3661225652306701E+000                 -2.3971239694943391E+000                  1.1081158434137009E+001                  6.9999998479981451E-001                  2.8000001520018553E-001                  2.0000000000000018E-002                  9.7102787134443599E-021                  0.0000000000000000E+000                  0.0000000000000000E+000 
                                     372                  9.9979583690394658E-001                  3.7797456763510422E-002                  5.3722497717893667E+000                 -2.3875410375205131E+000                  1.1097046824830963E+001                  6.9999998479981451E-001                  2.8000001520018553E-001                  2.0000000000000018E-002                  1.2718695177714427E-020                  0.0000000000000000E+000                  0.0000000000000000E+000 
                                     373                  9.9978861774551764E-001                  3.7520210698858303E-002                  5.3783824610327535E+000                 -2.3779623078557317E+000                  1.1112933408613825E+001                  6.9999998479981451E-001                  2.8000001520018553E-001                  2.0000000000000018E-002                  1.6642623839991336E-020                  0.0000000000000000E+000                  0.0000000000000000E+000 
                                     374                  9.9978114955138597E-001                  3.7239115649848144E-002                  5.3845205658699768E+000                 -2.3683874221366361E+000                  1.1128818563856941E+001                  6.9999998479981451E-001                  2.8000001520018553E-001                  2.0000000000000018E-002                  2.1755530822120242E-020                  0.0000000000000000E+000                  0.0000000000000000E+000 
                                     375                  9.9977342384792200E-001                  3.6954112347549702E-002                  5.3906640206329488E+000                 -2.3588160289454900E+000                  1.1144702661812087E+001                  6.9999998479981451E-001                  2.8000001520018553E-001                  2.0000000000000018E-002                  2.8411000840795173E-020                  0.0000000000000000E+000                  0.0000000000000000E+000 
                                     376                  9.9976543187820111E-001                  3.6665140686279213E-002                  5.3968127588402837E+000                 -2.3492477816458330E+000                  1.1160586066993918E+001                  6.9999998479981451E-001                  2.8000001520018553E-001                  2.0000000000000018E-002                  3.7065738683285852E-020                  0.0000000000000000E+000                  0.0000000000000000E+000 
                                     377                  9.9975716459274855E-001                  3.6372139709831296E-002                  5.4029667126169638E+000                 -2.3396823381408072E+000                  1.1176469137543974E+001                  6.9999998479981451E-001                  2.8000001520018553E-001                  2.0000000000000018E-002                  4.8309036234913249E-020                  0.0000000000000000E+000                  0.0000000000000000E+000 
                                     378                  9.9974861263999659E-001                  3.6075047597691624E-002                  5.4091258127810056E+000                 -2.3301193581489392E+000                  1.1192352225573165E+001                  6.9999998479981451E-001                  2.8000001520018553E-001                  2.0000000000000018E-002                  6.2900483103942496E-020                  0.0000000000000000E+000                  0.0000000000000000E+000 
                                     379                  9.9973976635644402E-001                  3.5773801652960451E-002                  5.4152899886547878E+000                 -2.3205585025857558E+000                  1.1208235677488329E+001                  6.9999998479981451E-001                  2.8000001520018553E-001                  2.0000000000000018E-002                  8.1818174455967482E-020                  0.0000000000000000E+000                  0.0000000000000000E+000 
                                     380                  9.9973061575650823E-001                  3.5468338290472183E-002                  5.4214591680498057E+000                 -2.3109994357769872E+000                  1.1224119834308759E+001                  6.9999998479981451E-001                  2.8000001520018553E-001                  2.0000000000000018E-002                  1.0632027278231824E-019                  0.0000000000000000E+000                  0.0000000000000000E+000 
                                     381                  9.9972115052205457E-001                  3.5158593023131256E-002                  5.4276332778554819E+000                 -2.3014418234138962E+000                  1.1240005031974309E+001                  6.9999998479981451E-001                  2.8000001520018553E-001                  2.0000000000000018E-002                  1.3802354368219995E-019                  0.0000000000000000E+000                  0.0000000000000000E+000 
                                     382                  9.9971135999159821E-001                  3.4844500449330594E-002                  5.4338122453684594E+000                 -2.2918853312574106E+000                  1.1255891601645187E+001                  6.9999998479981451E-001                  2.8000001520018553E-001                  2.0000000000000018E-002                  1.7900344550030563E-019                  0.0000000000000000E+000                  0.0000000000000000E+000 
                                     383                  9.9970123314916481E-001                  3.4525994241091887E-002                  5.4399959992941316E+000                 -2.2823296304139991E+000                  1.1271779869993738E+001                  6.9999998479981451E-001                  2.8000001520018553E-001                  2.0000000000000018E-002                  2.3192154987403745E-019                  0.0000000000000000E+000                  0.0000000000000000E+000 
                                     384                  9.9969075861280188E-001                  3.4203007128052722E-002                  5.4461844702874540E+000                 -2.2727743966705818E+000                  1.1287670159489096E+001                  6.9999998479981451E-001                  2.8000001520018553E-001                  2.0000000000000018E-002                  3.0018759113009374E-019                  0.0000000000000000E+000                  0.0000000000000000E+000 
                                     385                  9.9967992462272848E-001                  3.3875470881457481E-002                  5.4523775927783165E+000                 -2.2632193076377174E+000                  1.1303562788675094E+001                  6.9999998479981451E-001                  2.8000001520018553E-001                  2.0000000000000018E-002                  3.8816536811952238E-019                  0.0000000000000000E+000                  0.0000000000000000E+000 
                                     386                  9.9966871902911481E-001                  3.3543316299857254E-002                  5.4585753068179415E+000                 -2.2536640491010558E+000                  1.1319458072441348E+001                  6.9999998479981451E-001                  2.8000001520018553E-001                  2.0000000000000018E-002                  5.0143409039149273E-019                  0.0000000000000000E+000                  0.0000000000000000E+000 
                                     387                  9.9965712927947736E-001                  3.3206473189530163E-002                  5.4647775586683638E+000                 -2.2441083161884148E+000                  1.1335356322287543E+001                  6.9999998479981451E-001                  2.8000001520018553E-001                  2.0000000000000018E-002                  6.4711975959603396E-019                  0.0000000000000000E+000                  0.0000000000000000E+000 
                                     388                  9.9964514240568159E-001                  3.2864870343303133E-002                  5.4709843023635791E+000                 -2.2345518099420287E+000                  1.1351257846574507E+001                  6.9999998479981451E-001                  2.8000001520018553E-001                  2.0000000000000018E-002                  8.3431498878502495E-019                  0.0000000000000000E+000                  0.0000000000000000E+000 
                                     389                  9.9963274501054999E-001                  3.2518435521603620E-002                  5.4771955018274285E+000                 -2.2249942421597844E+000                  1.1367162950756317E+001                  6.9999998479981451E-001                  2.8000001520018553E-001                  2.0000000000000018E-002                  1.0746103456826949E-018                  0.0000000000000000E+000                  0.0000000000000000E+000 
                                     390                  9.9961992325406457E-001                  3.2167095429273700E-002                  5.4834111317291940E+000                 -2.2154353384263952E+000                  1.1383071937601123E+001                  6.9999998479981451E-001                  2.8000001520018553E-001                  2.0000000000000018E-002                  1.3827661811791003E-018                  0.0000000000000000E+000                  0.0000000000000000E+000 
                                     391                  9.9960666283914379E-001                  3.1810775689004256E-002                  5.4896311782117682E+000                 -2.2058748343528896E+000                  1.1398985107408958E+001                  6.9999998479981451E-001                  2.8000001520018553E-001                  2.0000000000000018E-002                  1.7775613268488666E-018                  0.0000000000000000E+000                  0.0000000000000000E+000 
                                     392                  9.9959294899697848E-001                  3.1449400816721942E-002                  5.4958556400975613E+000                 -2.1963124771228810E+000                  1.1414902758227647E+001                  6.9999998479981451E-001                  2.8000001520018553E-001                  2.0000000000000018E-002                  2.2828642708144641E-018                  0.0000000000000000E+000                  0.0000000000000000E+000 
                                     393                  9.9957876647191668E-001                  3.1082894194694753E-002                  5.5020845296374743E+000                 -2.1867480297631343E+000                  1.1430825186067189E+001                  6.9999998479981451E-001                  2.8000001520018553E-001                  2.0000000000000018E-002                  2.9289838624807396E-018                  0.0000000000000000E+000                  0.0000000000000000E+000 
                                     394                  9.9956409950587755E-001                  3.0711178039811094E-002                  5.5083178724114727E+000                 -2.1771812673712896E+000                  1.1446752685113594E+001                  6.9999998479981451E-001                  2.8000001520018553E-001                  2.0000000000000018E-002                  3.7543709650004612E-018                  0.0000000000000000E+000                  0.0000000000000000E+000 
                                     395                  9.9954893182228888E-001                  3.0334173373702217E-002                  5.5145557065566129E+000                 -2.1676119740988669E+000                  1.1462685547941868E+001                  6.9999998479981451E-001                  2.8000001520018553E-001                  2.0000000000000018E-002                  4.8077602740435010E-018                  0.0000000000000000E+000                  0.0000000000000000E+000 
                                     396                  9.9953324660952614E-001                  2.9951799994212554E-002                  5.5207980822653822E+000                 -2.1580399473960239E+000                  1.1478624065728065E+001                  6.9999998479981451E-001                  2.8000001520018553E-001                  2.0000000000000018E-002                  6.1508637453171704E-018                  0.0000000000000000E+000                  0.0000000000000000E+000 
                                     397                  9.9951702650384389E-001                  2.9563976441934862E-002                  5.5270450612043502E+000                 -2.1484649954685624E+000                  1.1494568528461098E+001                  6.9999998479981451E-001                  2.8000001520018553E-001                  2.0000000000000018E-002                  7.8617548855995684E-018                  0.0000000000000000E+000                  0.0000000000000000E+000 
                                     398                  9.9950025357178052E-001                  2.9170619967563424E-002                  5.5332967140333000E+000                 -2.1388869307743454E+000                  1.1510519225149348E+001                  6.9999998479981451E-001                  2.8000001520018553E-001                  2.0000000000000018E-002                  1.0039116763707814E-017                  0.0000000000000000E+000                  0.0000000000000000E+000 
                                     399                  9.9948290929203376E-001                  2.8771646504084841E-002                  5.5395531180858244E+000                 -2.1293055722672563E+000                  1.1526476444010489E+001                  6.9999998479981451E-001                  2.8000001520018553E-001                  2.0000000000000018E-002                  1.2807569492908723E-017                  0.0000000000000000E+000                  0.0000000000000000E+000 
                                     400                  9.9946497453680849E-001                  2.8366970636482147E-002                  5.5458143564275639E+000                 -2.1197207444825334E+000                  1.1542440472646261E+001                  6.9999998479981451E-001                  2.8000001520018553E-001                  2.0000000000000018E-002                  1.6324346213709548E-017                  0.0000000000000000E+000                  0.0000000000000000E+000 
                                     401                  9.9944642955260421E-001                  2.7956505571364396E-002                  5.5520805150703350E+000                 -2.1101322716984052E+000                  1.1558411598213858E+001                  6.9999998479981451E-001                  2.8000001520018553E-001                  2.0000000000000018E-002                  2.0787650341033754E-017                  0.0000000000000000E+000                  0.0000000000000000E+000 
                                     402                  9.9942725394042442E-001                  2.7540163111105475E-002                  5.5583516798315138E+000                 -2.1005399770143041E+000                  1.1574390107597942E+001                  6.9999998479981451E-001                  2.8000001520018553E-001                  2.0000000000000018E-002                  2.6447107470280433E-017                  0.0000000000000000E+000                  0.0000000000000000E+000 
                                     403                  9.9940742663538484E-001                  2.7117853628103407E-002                  5.5646279351876951E+000                 -2.0909436820205980E+000                  1.1590376287583666E+001                  6.9999998479981451E-001                  2.8000001520018553E-001                  2.0000000000000018E-002                  3.3616827273830641E-017                  0.0000000000000000E+000                  0.0000000000000000E+000 
                                     404                  9.9938692588570621E-001                  2.6689486038652722E-002                  5.5709093627456134E+000                 -2.0813432046374802E+000                  1.1606370425030802E+001                  6.9999998479981451E-001                  2.8000001520018553E-001                  2.0000000000000018E-002                  4.2691710980624083E-017                  0.0000000000000000E+000                  0.0000000000000000E+000 
                                     405                  9.9936572923107192E-001                  2.6254967778234321E-002                  5.5771960392906994E+000                 -2.0717383572684862E+000                  1.1622372807048828E+001                  6.9999998479981451E-001                  2.8000001520018553E-001                  2.0000000000000018E-002                  5.4167791881398929E-017                  0.0000000000000000E+000                  0.0000000000000000E+000 
                                     406                  9.9934381348033319E-001                  2.5814204778063215E-002                  5.5834880359677523E+000                 -2.0621289461203376E+000                  1.1638383721172968E+001                  6.9999998479981451E-001                  2.8000001520018553E-001                  2.0000000000000018E-002                  6.8667585247055488E-017                  0.0000000000000000E+000                  0.0000000000000000E+000 
                                     407                  9.9932115468854232E-001                  2.5367101441864257E-002                  5.5897854181912274E+000                 -2.0525147717416479E+000                  1.1654403455540848E+001                  6.9999998479981451E-001                  2.8000001520018553E-001                  2.0000000000000018E-002                  8.6971653627866703E-017                  0.0000000000000000E+000                  0.0000000000000000E+000 
                                     408                  9.9929772813329432E-001                  2.4913560621618921E-002                  5.5960882457402290E+000                 -2.0428956289242048E+000                  1.1670432299062940E+001                  6.9999998479981451E-001                  2.8000001520018553E-001                  2.0000000000000018E-002                  1.1005787686929170E-016                  0.0000000000000000E+000                  0.0000000000000000E+000 
                                     409                  9.9927350829037986E-001                  2.4453483593293988E-002                  5.6023965728340297E+000                 -2.0332713060011511E+000                  1.1686470541574188E+001                  6.9999998479981451E-001                  2.8000001520018553E-001                  2.0000000000000018E-002                  1.3915026353699785E-016                  0.0000000000000000E+000                  0.0000000000000000E+000 
                                     410                  9.9924846880875107E-001                  2.3986770033628962E-002                  5.6087104486273009E+000                 -2.0236415858636279E+000                  1.1702518473970052E+001                  6.9999998479981451E-001                  2.8000001520018553E-001                  2.0000000000000018E-002                  1.7577957118669435E-016                  0.0000000000000000E+000                  0.0000000000000000E+000 
                                     411                  9.9922258248475804E-001                  2.3513317995633689E-002                  5.6150299184337094E+000                 -2.0140062473546565E+000                  1.1718576388340944E+001                  6.9999998479981451E-001                  2.8000001520018553E-001                  2.0000000000000018E-002                  2.2185853069944309E-016                  0.0000000000000000E+000                  0.0000000000000000E+000 
                                     412                  9.9919582123562656E-001                  2.3033023882077619E-002                  5.6213550245721580E+000                 -2.0043650651891163E+000                  1.1734644578109496E+001                  6.9999998479981451E-001                  2.8000001520018553E-001                  2.0000000000000018E-002                  2.7977511026533487E-016                  0.0000000000000000E+000                  0.0000000000000000E+000 
                                     413                  9.9916815607215304E-001                  2.2545782418437490E-002                  5.6276858069385245E+000                 -1.9947178105047665E+000                  1.1750723338171168E+001                  6.9999998479981451E-001                  2.8000001520018553E-001                  2.0000000000000018E-002                  3.5250804594276786E-016                  0.0000000000000000E+000                  0.0000000000000000E+000 
                                     414                  9.9913955707059521E-001                  2.2051486624549171E-002                  5.6340223044178837E+000                 -1.9850642523354292E+000                  1.1766812965038365E+001                  6.9999998479981451E-001                  2.8000001520018553E-001                  2.0000000000000018E-002                  4.4376984551448067E-016                  0.0000000000000000E+000                  0.0000000000000000E+000 
                                     415                  9.9910999334373540E-001                  2.1550027783831430E-002                  5.6403645560544868E+000                 -1.9754041583682203E+000                  1.1782913756988437E+001                  6.9999998479981451E-001                  2.8000001520018553E-001                  2.0000000000000018E-002                  5.5818364877090438E-016                  0.0000000000000000E+000                  0.0000000000000000E+000 
                                     416                  9.9907943301109425E-001                  2.1041295410717423E-002                  5.6467126015926947E+000                 -1.9657372951376315E+000                  1.1799026014215949E+001                  6.9999998479981451E-001                  2.8000001520018553E-001                  2.0000000000000018E-002                  7.0150177230411907E-016                  0.0000000000000000E+000                  0.0000000000000000E+000 
                                     417                  9.9904784316826989E-001                  2.0525177216829435E-002                  5.6530664827189598E+000                 -1.9560634287186669E+000                  1.1815150038984987E+001                  6.9999998479981451E-001                  2.8000001520018553E-001                  2.0000000000000018E-002                  8.8087556643322984E-016                  0.0000000000000000E+000                  0.0000000000000000E+000 
                                     418                  9.9901518985539539E-001                  2.0001559075525279E-002                  5.6594262442622556E+000                 -1.9463823262373756E+000                  1.1831286135766929E+001                  6.9999998479981451E-001                  2.8000001520018553E-001                  2.0000000000000018E-002                  1.1051883621616284E-015                  0.0000000000000000E+000                  0.0000000000000000E+000 
                                     419                  9.9898143802473827E-001                  1.9470324984402543E-002                  5.6657919346921712E+000                 -1.9366937560988364E+000                  1.1847434611360681E+001                  6.9999998479981451E-001                  2.8000001520018553E-001                  2.0000000000000018E-002                  1.3854659167748729E-015                  0.0000000000000000E+000                  0.0000000000000000E+000 
                                     420                  9.9894655150740030E-001                  1.8931357026785556E-002                  5.6721636070539834E+000                 -1.9269974876215132E+000                  1.1863595775010669E+001                  6.9999998479981451E-001                  2.8000001520018553E-001                  2.0000000000000018E-002                  1.7353820384760740E-015                  0.0000000000000000E+000                  0.0000000000000000E+000 
                                     421                  9.9891049297906176E-001                  1.8384535332366534E-002                  5.6785413200104848E+000                 -1.9172932929041009E+000                  1.1879769938530634E+001                  6.9999998479981451E-001                  2.8000001520018553E-001                  2.0000000000000018E-002                  2.1718809798700118E-015                  0.0000000000000000E+000                  0.0000000000000000E+000 
                                     422                  9.9887322392474909E-001                  1.7829738034106129E-002                  5.6849251383250774E+000                 -1.9075809473893843E+000                  1.1895957416434280E+001                  6.9999998479981451E-001                  2.8000001520018553E-001                  2.0000000000000018E-002                  2.7159429641536311E-015                  0.0000000000000000E+000                  0.0000000000000000E+000 
                                     423                  9.9883470460259172E-001                  1.7266841222755330E-002                  5.6913151335575209E+000                 -1.8978602285731441E+000                  1.1912158526073105E+001                  6.9999998479981451E-001                  2.8000001520018553E-001                  2.0000000000000018E-002                  3.3935251162359066E-015                  0.0000000000000000E+000                  0.0000000000000000E+000 
                                     424                  9.9879489400654708E-001                  1.6695718901354926E-002                  5.6977113849249372E+000                 -1.8881309177568648E+000                  1.1928373587781566E+001                  6.9999998479981451E-001                  2.8000001520018553E-001                  2.0000000000000018E-002                  4.2367171347017882E-015                  0.0000000000000000E+000                  0.0000000000000000E+000 
                                     425                  9.9875374982806142E-001                  1.6116242935625805E-002                  5.7041139797613152E+000                 -1.8783928011618558E+000                  1.1944602925029699E+001                  6.9999998479981451E-001                  2.8000001520018553E-001                  2.0000000000000018E-002                  5.2851596613332689E-015                  0.0000000000000000E+000                  0.0000000000000000E+000 
                                     426                  9.9871122841664195E-001                  1.5528283000898303E-002                  5.7105230138621970E+000                 -1.8686456678921977E+000                  1.1960846864575343E+001                  6.9999998479981451E-001                  2.8000001520018553E-001                  2.0000000000000018E-002                  6.5877838895633016E-015                  0.0000000000000000E+000                  0.0000000000000000E+000 
                                     427                  9.9866728473935273E-001                  1.4931706530229872E-002                  5.7169385918630269E+000                 -1.8588893108577698E+000                  1.1977105736600596E+001                  6.9999998479981451E-001                  2.8000001520018553E-001                  2.0000000000000018E-002                  8.2049436489741121E-015                  0.0000000000000000E+000                  0.0000000000000000E+000 
                                     428                  9.9862187233925614E-001                  1.4326378660357119E-002                  5.7233608274832592E+000                 -1.8491235283744307E+000                  1.1993379874836991E+001                  6.9999998479981451E-001                  2.8000001520018553E-001                  2.0000000000000018E-002                  1.0211026703898050E-014                  0.0000000000000000E+000                  0.0000000000000000E+000 
                                     429                  9.9857494329272434E-001                  1.3712162173585113E-002                  5.7297898432537062E+000                 -1.8393481216793970E+000                  1.2009669616696099E+001                  6.9999998479981451E-001                  2.8000001520018553E-001                  2.0000000000000018E-002                  1.2697650772132841E-014                  0.0000000000000000E+000                  0.0000000000000000E+000 
                                     430                  9.9852644816556646E-001                  1.3088917440803455E-002                  5.7362257697856176E+000                 -1.8295628941041322E+000                  1.2025975303409853E+001                  6.9999998479981451E-001                  2.8000001520018553E-001                  2.0000000000000018E-002                  1.5777572342985424E-014                  0.0000000000000000E+000                  0.0000000000000000E+000 
                                     431                  9.9847633596794150E-001                  1.2456502363436468E-002                  5.7426687453827272E+000                 -1.8197676524187025E+000                  1.2042297280180973E+001                  6.9999998479981451E-001                  2.8000001520018553E-001                  2.0000000000000018E-002                  1.9589464240364514E-014                  0.0000000000000000E+000                  0.0000000000000000E+000 
                                     432                  9.9842455410802478E-001                  1.1814772311062895E-002                  5.7491189152644093E+000                 -1.8099622046046036E+000                  1.2058635896343901E+001                  6.9999998479981451E-001                  2.8000001520018553E-001                  2.0000000000000018E-002                  2.4303751000510836E-014                  0.0000000000000000E+000                  0.0000000000000000E+000 
                                     433                  9.9837104834439649E-001                  1.1163580059813079E-002                  5.7555764297477507E+000                 -1.8001463574731222E+000                  1.2074991505535731E+001                  6.9999998479981451E-001                  2.8000001520018553E-001                  2.0000000000000018E-002                  3.0129730670123920E-014                  0.0000000000000000E+000                  0.0000000000000000E+000 
                                     434                  9.9831576273712008E-001                  1.0502775731918716E-002                  5.7620414430439100E+000                 -1.7903199168558739E+000                  1.2091364465870823E+001                  6.9999998479981451E-001                  2.8000001520018553E-001                  2.0000000000000018E-002                  3.7324261400472189E-014                  0.0000000000000000E+000                  0.0000000000000000E+000 
                                     435                  9.9825863959751793E-001                  9.8322067331734434E-003                  5.7685141122364865E+000                 -1.7804826862484571E+000                  1.2107755140103555E+001                  6.9999998479981451E-001                  2.8000001520018553E-001                  2.0000000000000018E-002                  4.6202349633573707E-014                  0.0000000000000000E+000                  0.0000000000000000E+000 
                                     436                  9.9819961943669122E-001                  9.1517176914352495E-003                  5.7749945949853565E+000                 -1.7706344642123146E+000                  1.2124163895780530E+001                  6.9999998479981451E-001                  2.8000001520018553E-001                  2.0000000000000018E-002                  5.7150045356447595E-014                  0.0000000000000000E+000                  0.0000000000000000E+000 
                                     437                  9.9813864091269122E-001                  8.4611503974828615E-003                  5.7814830478231842E+000                 -1.7607750429119959E+000                  1.2140591105398455E+001                  6.9999998479981451E-001                  2.8000001520018553E-001                  2.0000000000000018E-002                  7.0640137716497164E-014                  0.0000000000000000E+000                  0.0000000000000000E+000 
                                     438                  9.9807564077627320E-001                  7.7603437461625114E-003                  5.7879796252994629E+000                 -1.7509042077223602E+000                  1.2157037146573625E+001                  6.9999998479981451E-001                  2.8000001520018553E-001                  2.0000000000000018E-002                  8.7251247124680201E-014                  0.0000000000000000E+000                  0.0000000000000000E+000 
                                     439                  9.9801055381519155E-001                  7.0491336761954633E-003                  5.7944844783387657E+000                 -1.7410217360974254E+000                  1.2173502402223255E+001                  6.9999998479981451E-001                  2.8000001520018553E-001                  2.0000000000000018E-002                  1.0769102992408067E-013                  0.0000000000000000E+000                  0.0000000000000000E+000 
                                     440                  9.9794331279700399E-001                  6.3273531097987942E-003                  5.8009977529598666E+000                 -1.7311273950688042E+000                  1.2189987260758452E+001                  6.9999998479981451E-001                  2.8000001520018553E-001                  2.0000000000000018E-002                  1.3282436415306283E-013                  0.0000000000000000E+000                  0.0000000000000000E+000 
                                     441                  9.9787384841034377E-001                  5.5948318945292308E-003                  5.8075195899969376E+000                 -1.7212209414364921E+000                  1.2206492116287498E+001                  6.9999998479981451E-001                  2.8000001520018553E-001                  2.0000000000000018E-002                  1.6370756448095822E-013                  0.0000000000000000E+000                  0.0000000000000000E+000 
                                     442                  9.9780208920462965E-001                  4.8513967430646836E-003                  5.8140501250667409E+000                 -1.7113021228545737E+000                  1.2223017368819869E+001                  6.9999998479981451E-001                  2.8000001520018553E-001                  2.0000000000000018E-002                  2.0162988731412300E-013                  0.0000000000000000E+000                  0.0000000000000000E+000 
                                     443                  9.9772796152825349E-001                  4.0968711700985708E-003                  5.8205894886098992E+000                 -1.7013706760147365E+000                  1.2239563424460522E+001                  6.9999998479981451E-001                  2.8000001520018553E-001                  2.0000000000000018E-002                  2.4816384742913212E-013                  0.0000000000000000E+000                  0.0000000000000000E+000 
                                     444                  9.9765138946524656E-001                  3.3310754314682658E-003                  5.8271378062315016E+000                 -1.6914263270121144E+000                  1.2256130695603131E+001                  6.9999998479981451E-001                  2.8000001520018553E-001                  2.0000000000000018E-002                  3.0522617685688160E-013                  0.0000000000000000E+000                  0.0000000000000000E+000 
                                     445                  9.9757229477029852E-001                  2.5538264609031368E-003                  5.8336952000822064E+000                 -1.6814687936280472E+000                  1.2272719601135419E+001                  6.9999998479981451E-001                  2.8000001520018553E-001                  2.0000000000000018E-002                  3.7515163773217906E-013                  0.0000000000000000E+000                  0.0000000000000000E+000 
                                     446                  9.9749059680207208E-001                  1.7649378005265125E-003                  5.8402617902149760E+000                 -1.6714977852738873E+000                  1.2289330566659729E+001                  6.9999998479981451E-001                  2.8000001520018553E-001                  2.0000000000000018E-002                  4.6078234326440724E-013                  0.0000000000000000E+000                  0.0000000000000000E+000 
                                     447                  9.9740621245476391E-001                  9.6421952888262920E-004                  5.8468376954481309E+000                 -1.6615130033944441E+000                  1.2305964024729201E+001                  6.9999998479981451E-001                  2.8000001520018553E-001                  2.0000000000000018E-002                  5.6557577197615997E-013                  0.0000000000000000E+000                  0.0000000000000000E+000 
                                     448                  9.9731905608786942E-001                  1.5147818552690273E-004                  5.8534230357554931E+000                 -1.6515141437479666E+000                  1.2322620415100181E+001                  6.9999998479981451E-001                  2.8000001520018553E-001                  2.0000000000000018E-002                  6.9373533862451566E-013                  0.0000000000000000E+000                  0.0000000000000000E+000 
                                     449                  9.9722903945409813E-001                 -6.7348331171565340E-004                  5.8600179346832491E+000                 -1.6415008984970854E+000                  1.2339300184997873E+001                  6.9999998479981451E-001                  2.8000001520018553E-001                  2.0000000000000018E-002                  8.5036813752258831E-013                  0.0000000000000000E+000                  0.0000000000000000E+000 
                                     450                  9.9713607162543405E-001                 -1.5108657566066093E-003                  5.8666225206515028E+000                 -1.6314729567924502E+000                  1.2356003789386769E+001                  6.9999998479981451E-001                  2.8000001520018553E-001                  2.0000000000000018E-002                  1.0416753871934648E-012                  0.0000000000000000E+000                  0.0000000000000000E+000 
                                     451                  9.9704005891736491E-001                 -2.3608737484943163E-003                  5.8732369300168425E+000                 -1.6214300062647216E+000                  1.2372731691245471E+001                  6.9999998479981451E-001                  2.8000001520018553E-001                  2.0000000000000018E-002                  1.2751823041387264E-012                  0.0000000000000000E+000                  0.0000000000000000E+000 
                                     452                  9.9694090481119335E-001                 -3.2237157930044059E-003                  5.8798613102284900E+000                 -1.6113717372133596E+000                  1.2389484361855214E+001                  6.9999998479981451E-001                  2.8000001520018553E-001                  2.0000000000000018E-002                  1.5600154138610086E-012                  0.0000000000000000E+000                  0.0000000000000000E+000 
                                     453                  9.9683850987434208E-001                 -4.0996044157385033E-003                  5.8864958210608433E+000                 -1.6012978432504918E+000                  1.2406262281108289E+001                  6.9999998479981451E-001                  2.8000001520018553E-001                  2.0000000000000018E-002                  1.9072368683706156E-012                  0.0000000000000000E+000                  0.0000000000000000E+000 
                                     454                  9.9673277167859176E-001                 -4.9887562829102365E-003                  5.8931406360584893E+000                 -1.5912080200327490E+000                  1.2423065937838574E+001                  6.9999998479981451E-001                  2.8000001520018553E-001                  2.0000000000000018E-002                  2.3302473658231842E-012                  0.0000000000000000E+000                  0.0000000000000000E+000 
                                     455                  9.9662358471618651E-001                 -5.8913923254185511E-003                  5.8997959439095213E+000                 -1.5811019684379934E+000                  1.2439895830176047E+001                  6.9999998479981451E-001                  2.8000001520018553E-001                  2.0000000000000018E-002                  2.8452715015550964E-012                  0.0000000000000000E+000                  0.0000000000000000E+000 
                                     456                  9.9651084031373161E-001                 -6.8077378760517037E-003                  5.9064619484417378E+000                 -1.5709793944617620E+000                  1.2456752465932487E+001                  6.9999998479981451E-001                  2.8000001520018553E-001                  2.0000000000000018E-002                  3.4719420867525149E-012                  0.0000000000000000E+000                  0.0000000000000000E+000 
                                     457                  9.9639442654375487E-001                 -7.7380228142754741E-003                  5.9131388661072233E+000                 -1.5608400045401409E+000                  1.2473636363011176E+001                  6.9999998479981451E-001                  2.8000001520018553E-001                  2.0000000000000018E-002                  4.2340031199288385E-012                  0.0000000000000000E+000                  0.0000000000000000E+000 
                                     458                  9.9627422813402433E-001                 -8.6824817077856085E-003                  5.9198269231313496E+000                 -1.5506835037018945E+000                  1.2490548049823559E+001                  6.9999998479981451E-001                  2.8000001520018553E-001                  2.0000000000000018E-002                  5.1601551028697429E-012                  0.0000000000000000E+000                  0.0000000000000000E+000 
                                     459                  9.9615012637463574E-001                 -9.6413539559472520E-003                  5.9265263541560200E+000                 -1.5405095944956975E+000                  1.2507488065712668E+001                  6.9999998479981451E-001                  2.8000001520018553E-001                  2.0000000000000018E-002                  6.2850712393466285E-012                  0.0000000000000000E+000                  0.0000000000000000E+000 
                                     460                  9.9602199902276889E-001                 -1.0614883937213691E-002                  5.9332373986914160E+000                 -1.5303179735220445E+000                  1.2524456961389602E+001                  6.9999998479981451E-001                  2.8000001520018553E-001                  2.0000000000000018E-002                  7.6506179749212365E-012                  0.0000000000000000E+000                  0.0000000000000000E+000 
                                     461                  9.9588972020503741E-001                 -1.1603321155404710E-002                  5.9399602973509182E+000                 -1.5201083266168991E+000                  1.2541455299385659E+001                  6.9999998479981451E-001                  2.8000001520018553E-001                  2.0000000000000018E-002                  9.3073203001141127E-012                  0.0000000000000000E+000                  0.0000000000000000E+000 
                                     462                  9.9575316031734895E-001                 -1.2606920381442668E-002                  5.9466952906502994E+000                 -1.5098803273372101E+000                  1.2558483654531962E+001                  6.9999998479981451E-001                  2.8000001520018553E-001                  2.0000000000000018E-002                  1.1316120513391861E-011                  0.0000000000000000E+000                  0.0000000000000000E+000 
                                     463                  9.9561218592202527E-001                 -1.3625941799003118E-002                  5.9534426176186921E+000                 -1.4996336362814584E+000                  1.2575542614481201E+001                  6.9999998479981451E-001                  2.8000001520018553E-001                  2.0000000000000018E-002                  1.3750487779946704E-011                  0.0000000000000000E+000                  0.0000000000000000E+000 
                                     464                  9.9546665964201875E-001                 -1.4660651156597674E-002                  5.9602025144138420E+000                 -1.4893678981398590E+000                  1.2592632780244957E+001                  6.9999998479981451E-001                  2.8000001520018553E-001                  2.0000000000000018E-002                  1.6698947242122338E-011                  0.0000000000000000E+000                  0.0000000000000000E+000 
                                     465                  9.9531644005263242E-001                 -1.5711319917288288E-002                  5.9669752141602173E+000                 -1.4790827422278978E+000                  1.2609754766716291E+001                  6.9999998479981451E-001                  2.8000001520018553E-001                  2.0000000000000018E-002                  2.0268111000598743E-011                  0.0000000000000000E+000                  0.0000000000000000E+000 
                                     466                  9.9516138157073275E-001                 -1.6778225413958354E-002                  5.9737609478880538E+000                 -1.4687777871436920E+000                  1.2626909203180551E+001                  6.9999998479981451E-001                  2.8000001520018553E-001                  2.0000000000000018E-002                  2.4586308998227221E-011                  0.0000000000000000E+000                  0.0000000000000000E+000 
                                     467                  9.9500133434139171E-001                 -1.7861651021078315E-002                  5.9805599455908762E+000                 -1.4584526369723163E+000                  1.2644096733821128E+001                  6.9999998479981451E-001                  2.8000001520018553E-001                  2.0000000000000018E-002                  2.9807937089926691E-011                  0.0000000000000000E+000                  0.0000000000000000E+000 
                                     468                  9.9483614412190269E-001                 -1.8961886323041893E-002                  5.9873724370282355E+000                 -1.4481068788632367E+000                  1.2661318018232809E+001                  6.9999998479981451E-001                  2.8000001520018553E-001                  2.0000000000000018E-002                  3.6118661162236584E-011                  0.0000000000000000E+000                  0.0000000000000000E+000 
                                     469                  9.9466565216291991E-001                 -2.0079227283373864E-002                  5.9941986538733936E+000                 -1.4377400816727273E+000                  1.2678573731975312E+001                  6.9999998479981451E-001                  2.8000001520018553E-001                  2.0000000000000018E-002                  4.3741644877178531E-011                  0.0000000000000000E+000                  0.0000000000000000E+000 
                                     470                  9.9448969508620522E-001                 -2.1213976420311923E-002                  6.0010388318994465E+000                 -1.4273518013766180E+000                  1.2695864567157757E+001                  6.9999998479981451E-001                  2.8000001520018553E-001                  2.0000000000000018E-002                  5.2944998373705211E-011                  7.8083915719881248E-037                  0.0000000000000000E+000 
                                     471                  9.9430810475947184E-001                 -2.2366443002990680E-002                  6.0078932124556426E+000                 -1.4169415850669433E+000                  1.2713191233010393E+001                  6.9999998479981451E-001                  2.8000001520018553E-001                  2.0000000000000018E-002                  6.4050683732871309E-011                  1.6188130149782589E-036                  0.0000000000000000E+000 
                                     472                  9.9412070816863740E-001                 -2.3536943263930438E-002                  6.0147620453121613E+000                 -1.4065089764891299E+000                  1.2730554456430731E+001                  6.9999998479981451E-001                  2.8000001520018553E-001                  2.0000000000000018E-002                  7.7445161075665694E-011                  3.3486490761806863E-036                  0.0000000000000000E+000 
                                     473                  9.9392732728751365E-001                 -2.4725800633377558E-002                  6.0216455911956981E+000                 -1.3960535131647853E+000                  1.2747954982508965E+001                  6.9999998479981451E-001                  2.8000001520018553E-001                  2.0000000000000018E-002                  9.3592111913985160E-011                  6.9117926699459642E-036                  0.0000000000000000E+000 
                                     474                  9.9372777894495301E-001                 -2.5933345973864964E-002                  6.0285441229949326E+000                 -1.3855747236722218E+000                  1.2765393575043484E+001                  6.9999998479981451E-001                  2.8000001520018553E-001                  2.0000000000000018E-002                  1.1304763739332792E-010                  1.4235426207481804E-035                  0.0000000000000000E+000 
                                     475                  9.9352187468926667E-001                 -2.7159917816345254E-002                  6.0354579273289364E+000                 -1.3750721260737493E+000                  1.2782871017086340E+001                  6.9999998479981451E-001                  2.8000001520018553E-001                  2.0000000000000018E-002                  1.3647841056770804E-010                  2.9256336474374597E-035                  0.0000000000000000E+000 
                                     476                  9.9330942064919436E-001                 -2.8405862605156620E-002                  6.0423873059276030E+000                 -1.3645452331102448E+000                  1.2800388111532778E+001                  6.9999998479981451E-001                  2.8000001520018553E-001                  2.0000000000000018E-002                  1.6468334814304989E-010                  5.9999901446217480E-035                  0.0000000000000000E+000 
                                     477                  9.9309021739169223E-001                 -2.9671534969774510E-002                  6.0493325765638399E+000                 -1.3539935515571302E+000                  1.2817945681717115E+001                  6.9999998479981451E-001                  2.8000001520018553E-001                  2.0000000000000018E-002                  1.9861947985757893E-010                  1.2279315268192880E-034                  0.0000000000000000E+000 
                                     478                  9.9286405977715053E-001                 -3.0957298004497990E-002                  6.0562940741079618E+000                 -1.3434165817404189E+000                  1.2835544571987263E+001                  6.9999998479981451E-001                  2.8000001520018553E-001                  2.0000000000000018E-002                  2.3943282210675108E-010                  2.5078592438123144E-034                  0.0000000000000000E+000 
                                     479                  9.9263073681221248E-001                 -3.2263523556171944E-002                  6.0632721513688281E+000                 -1.3328138198028108E+000                  1.2853185648255105E+001                  6.9999998479981451E-001                  2.8000001520018553E-001                  2.0000000000000018E-002                  2.8849521308001197E-010                  5.1115244302466879E-034                  0.0000000000000000E+000 
                                     480                  9.9239003150032545E-001                 -3.3590592528503313E-002                  6.0702671791377041E+000                 -1.3221847546526881E+000                  1.2870869798532034E+001                  6.9999998479981451E-001                  2.8000001520018553E-001                  2.0000000000000018E-002                  3.4744825139160031E-010                  1.0397510594780698E-033                  0.0000000000000000E+000 
                                     481                  9.9214172068995010E-001                 -3.4938895188568589E-002                  6.0772795455165696E+000                 -1.3115288664065143E+000                  1.2888597933488958E+001                  6.9999998479981451E-001                  2.8000001520018553E-001                  2.0000000000000018E-002                  4.1825569101355929E-010                  2.1108324821335396E-033                  0.0000000000000000E+000 
                                     482                  9.9188557491961293E-001                 -3.6308831484781395E-002                  6.0843096554160017E+000                 -1.3008456280141585E+000                  1.2906370987066419E+001                  6.9999998479981451E-001                  2.8000001520018553E-001                  2.0000000000000018E-002                  5.0326590917603158E-010                  4.2769862808427766E-033                  0.0000000000000000E+000 
                                     483                  9.9162135825993969E-001                 -3.7700811386065708E-002                  6.0913579288090904E+000                 -1.2901345014749697E+000                  1.2924189917106991E+001                  6.9999998479981451E-001                  2.8000001520018553E-001                  2.0000000000000018E-002                  6.0528635996977058E-010                  8.6496031801043129E-033                  0.0000000000000000E+000 
                                     484                  9.9134882815338166E-001                 -3.9115255222335901E-002                  6.0984247976016928E+000                 -1.2793949345844398E+000                  1.2942055705982202E+001                  6.9999998479981451E-001                  2.8000001520018553E-001                  2.0000000000000018E-002                  7.2767227474851521E-010                  1.7459969254782836E-032                  0.0000000000000000E+000 
                                     485                  9.9106773525189451E-001                 -4.0552594026689433E-002                  6.1055107037058329E+000                 -1.2686263597492442E+000                  1.2959969361207293E+001                  6.9999998479981451E-001                  2.8000001520018553E-001                  2.0000000000000018E-002                  8.7443233670968545E-010                  3.5179895586845418E-032                  0.0000000000000000E+000 
                                     486                  9.9077782325283048E-001                 -4.2013269885275893E-002                  6.1126160965371250E+000                 -1.2578281918811232E+000                  1.2977931916045751E+001                  6.9999998479981451E-001                  2.8000001520018553E-001                  2.0000000000000018E-002                  1.0503545266550225E-009                  7.0756150012706182E-032                  0.0000000000000000E+000 
                                     487                  9.9047882873313786E-001                 -4.3497736292278849E-002                  6.1197414298729091E+000                 -1.2469998242978768E+000                  1.2995944430137158E+001                  6.9999998479981451E-001                  2.8000001520018553E-001                  2.0000000000000018E-002                  1.2611559442173801E-009                  1.4205845084691852E-031                  0.0000000000000000E+000 
                                     488                  9.9017048098106808E-001                 -4.5006458507824892E-002                  6.1268871605304556E+000                 -1.2361406269916611E+000                  1.3014007990170924E+001                  6.9999998479981451E-001                  2.8000001520018553E-001                  2.0000000000000018E-002                  1.5136611790325031E-009                  2.8471978388438857E-031                  0.0000000000000000E+000 
                                     489                  9.8985250182564022E-001                 -4.6539913925714910E-002                  6.1340537479602313E+000                 -1.2252499480148413E+000                  1.3032123710588053E+001                  6.9999998479981451E-001                  2.8000001520018553E-001                  2.0000000000000018E-002                  1.8160146207207857E-009                  5.6967890128728041E-031                  0.0000000000000000E+000 
                                     490                  9.8952460546440746E-001                 -4.8098592460437115E-002                  6.1412416540636254E+000                 -1.2143271105265063E+000                  1.3050292734298354E+001                  6.9999998479981451E-001                  2.8000001520018553E-001                  2.0000000000000018E-002                  2.1779331340723245E-009                  1.1379378520918071E-030                  0.0000000000000000E+000 
                                     491                  9.8918649828982186E-001                 -4.9682996938229133E-002                  6.1484513437628356E+000                 -1.2033714128674249E+000                  1.3068516233400599E+001                  6.9999998479981451E-001                  2.8000001520018553E-001                  2.0000000000000018E-002                  2.6110067298976275E-009                  2.2693249826280000E-030                  0.0000000000000000E+000 
                                     492                  9.8883787871479889E-001                 -5.1293643501437877E-002                  6.1556832869971014E+000                 -1.1923821313468164E+000                  1.3086795409901171E+001                  6.9999998479981451E-001                  2.8000001520018553E-001                  2.0000000000000018E-002                  3.1290563566971653E-009                  4.5183331734182199E-030                  0.0000000000000000E+000 
                                     493                  9.8847843699768811E-001                 -5.2931062037511203E-002                  6.1629379606187094E+000                 -1.1813585193384897E+000                  1.3105131496464528E+001                  6.9999998479981451E-001                  2.8000001520018553E-001                  2.0000000000000018E-002                  3.7485596136653236E-009                  8.9820786690359271E-030                  0.0000000000000000E+000 
                                     494                  9.8810785506590348E-001                 -5.4595796625174539E-002                  6.1702158500129274E+000                 -1.1702998082961857E+000                  1.3123525757220206E+001                  6.9999998479981451E-001                  2.8000001520018553E-001                  2.0000000000000018E-002                  4.4891571855303704E-009                  1.7828143552438564E-029                  0.0000000000000000E+000 
                                     495                  9.8772580633850693E-001                 -5.6288406005683078E-002                  6.1775174517755254E+000                 -1.1592052096994481E+000                  1.3141979488623239E+001                  6.9999998479981451E-001                  2.8000001520018553E-001                  2.0000000000000018E-002                  5.3742554006184401E-009                  3.5332941630165818E-029                  0.0000000000000000E+000 
                                     496                  9.8733195554807274E-001                 -5.8009464084126841E-002                  6.1848432757252549E+000                 -1.1480739154397779E+000                  1.3160494020359558E+001                  6.9999998479981451E-001                  2.8000001520018553E-001                  2.0000000000000018E-002                  6.4317430270042343E-009                  6.9921664072374004E-029                  0.0000000000000000E+000 
                                     497                  9.8692595856249121E-001                 -5.9759560455000083E-002                  6.1921938465025290E+000                 -1.1369050978760338E+000                  1.3179070716270539E+001                  6.9999998479981451E-001                  2.8000001520018553E-001                  2.0000000000000018E-002                  7.6948439401019133E-009                  1.3817075274659967E-028                  0.0000000000000000E+000 
                                     498                  9.8650746220794616E-001                 -6.1539300948418030E-002                  6.1995697055396342E+000                 -1.1256979109842218E+000                  1.3197710975307039E+001                  6.9999998479981451E-001                  2.8000001520018553E-001                  2.0000000000000018E-002                  9.2031314914890827E-009                  2.7265112019805837E-028                  0.0000000000000000E+000 
                                     499                  9.8607610409236779E-001                 -6.3349308207940103E-002                  6.2069714122968387E+000                 -1.1144514906308842E+000                  1.3216416232559778E+001                  6.9999998479981451E-001                  2.8000001520018553E-001                  2.0000000000000018E-002                  1.1003735121417764E-008                  5.3727908220534798E-028                  0.0000000000000000E+000 
                                     500                  9.8563151242893876E-001                 -6.5190222301788919E-002                  6.2143995449528555E+000                 -1.1031649529320995E+000                  1.3235187960386183E+001                  6.9999998479981451E-001                  2.8000001520018553E-001                  2.0000000000000018E-002                  1.3152775675655290E-008                  1.0573264014832259E-027                  0.0000000000000000E+000 
                                     501                  9.8517330585987839E-001                 -6.7062701361771351E-002                  6.2218547010115728E+000                 -1.0918373946258972E+000                  1.3254027669627936E+001                  6.9999998479981451E-001                  2.8000001520018553E-001                  2.0000000000000018E-002                  1.5717072782320058E-008                  2.0780215979394477E-027                  0.0000000000000000E+000 
                                     502                  9.8470109328120659E-001                 -6.8967422258661717E-002                  6.2293374975170295E+000                 -1.0804678919043866E+000                  1.3272936910890721E+001                  6.9999998479981451E-001                  2.8000001520018553E-001                  2.0000000000000018E-002                  1.8776175909671962E-008                  4.0788574163688981E-027                  0.0000000000000000E+000 
                                     503                  9.8421447367010084E-001                 -7.0905081304782624E-002                  6.2368485704850647E+000                 -1.0690554979823275E+000                  1.3291917275887849E+001                  6.9999998479981451E-001                  2.8000001520018553E-001                  2.0000000000000018E-002                  2.2424780341664504E-008                  7.9963244085802556E-027                  0.0000000000000000E+000 
                                     504                  9.8371303591428882E-001                 -7.2876394984150508E-002                  6.2443885744947218E+000                 -1.0575992421599487E+000                  1.3310970398894904E+001                  6.9999998479981451E-001                  2.8000001520018553E-001                  2.0000000000000018E-002                  2.6775601269220852E-008                  1.5657480276045710E-026                  0.0000000000000000E+000 
                                     505                  9.8319635864271548E-001                 -7.4882100723323824E-002                  6.2519581823052066E+000                 -1.0460981278827619E+000                  1.3330097958345924E+001                  6.9999998479981451E-001                  2.8000001520018553E-001                  2.0000000000000018E-002                  3.1962793124500506E-008                  3.0623111714864257E-026                  0.0000000000000000E+000 
                                     506                  9.8266401005750925E-001                 -7.6922957702124359E-002                  6.2595580840120082E+000                 -1.0345511302334347E+000                  1.3349301678571193E+001                  6.9999998479981451E-001                  2.8000001520018553E-001                  2.0000000000000018E-002                  3.8146017519200464E-008                  5.9825908285347789E-026                  0.0000000000000000E+000 
                                     507                  9.8211554776795218E-001                 -7.8999747702458559E-002                  6.2671889867788240E+000                 -1.0229571940881592E+000                  1.3368583331656193E+001                  6.9999998479981451E-001                  2.8000001520018553E-001                  2.0000000000000018E-002                  4.5515283708313596E-008                  1.1675044043539956E-025                  0.0000000000000000E+000 
                                     508                  9.8155051862775256E-001                 -8.1113275997314827E-002                  6.2748516146304691E+000                 -1.0113152326260648E+000                  1.3387944739429248E+001                  6.9999998479981451E-001                  2.8000001520018553E-001                  2.0000000000000018E-002                  5.4296708588491525E-008                  2.2760082968032386E-025                  0.0000000000000000E+000 
                                     509                  9.8096845857499559E-001                 -8.3264372288602007E-002                  6.2825467082487396E+000                 -9.9962412448337723E-001                  1.3407387775619499E+001                  6.9999998479981451E-001                  2.8000001520018553E-001                  2.0000000000000018E-002                  6.4759371783809164E-008                  4.4325351171825410E-025                  0.0000000000000000E+000 
                                     510                  9.8036889247408832E-001                 -8.5453891694302703E-002                  6.2902750252845712E+000                 -9.8788271227560454E-001                  1.3426914368215201E+001                  6.9999998479981451E-001                  2.8000001520018553E-001                  2.0000000000000018E-002                  7.7223475392630150E-008                  8.6240368189609156E-025                  0.0000000000000000E+000 
                                     511                  9.7975133395935399E-001                 -8.7682715797498284E-002                  6.2980373406770012E+000                 -9.7608980088034036E-001                  1.3446526502032329E+001                  6.9999998479981451E-001                  2.8000001520018553E-001                  2.0000000000000018E-002                  9.2070057873982834E-008                  1.6763560146055552E-024                  0.0000000000000000E+000 
                                     512                  9.7911528528073699E-001                 -8.9951753759610079E-002                  6.3054975088206584E+000                 -9.6390118082991905E-001                  1.3466226221481257E+001                  6.9999997793174473E-001                  2.8000002206825547E-001                  1.9999999999999796E-002                  1.0914126766766571E-007                  3.1704870390929519E-024                  0.0000000000000000E+000 
                                     513                  9.7846023715275277E-001                 -9.2260105178558011E-002                  6.3126179864000651E+000                 -9.5127689532229653E-001                  1.3486015305997460E+001                  6.9999997436933614E-001                  2.8000002563066390E-001                  2.0000000000000018E-002                  1.2857081798644419E-007                  5.8198274590928899E-024                  0.0000000000000000E+000 
                                     514                  9.7778566860595517E-001                 -9.4606562054641741E-002                  6.3194519131851248E+000                 -9.3826959687519051E-001                  1.3505895221584678E+001                  6.9999997016360005E-001                  2.8000002983639999E-001                  2.0000000000000018E-002                  1.5066370228939543E-007                  1.0416480920311610E-023                  0.0000000000000000E+000 
                                     515                  9.7709104683998715E-001                 -9.6990101934402551E-002                  6.3260421224101631E+000                 -9.2492171179835569E-001                  1.3525867162073533E+001                  6.9999996473825665E-001                  2.8000003526174344E-001                  1.9999999999999907E-002                  1.7576504952107577E-007                  1.8245917978050824E-023                  0.0000000000000000E+000 
                                     516                  9.7637582707721238E-001                 -9.9409851609329025E-002                  6.3324235863729044E+000                 -9.1126789902603644E-001                  1.3545932082896813E+001                  6.9999995782680458E-001                  2.8000004217319552E-001                  1.9999999999999907E-002                  2.0426513283643067E-007                  3.1372621392010141E-023                  0.0000000000000000E+000 
                                     517                  9.7563945241893091E-001                 -1.0186505933613636E-001                  6.3386251877653761E+000                 -8.9733682612884114E-001                  1.3566090729079862E+001                  6.9999994911621133E-001                  2.8000005088378871E-001                  2.0000000000000018E-002                  2.3660508006969392E-007                  5.3082459465514065E-023                  0.0000000000000000E+000 
                                     518                  9.7488135370427775E-001                 -1.0435507328092905E-001                  6.3446710262626338E+000                 -8.8315247682612597E-001                  1.3586343658732403E+001                  6.9999993823714612E-001                  2.8000006176285402E-001                  1.9999999999999796E-002                  2.7328336310980379E-007                  8.8564484762928078E-023                  0.0000000000000000E+000 
                                     519                  9.7410094937054992E-001                 -1.0687932459943701E-001                  6.3505813977092851E+000                 -8.6873512980385614E-001                  1.3606691263026482E+001                  6.9999992617300355E-001                  2.8000007382699654E-001                  1.9999999999999907E-002                  3.1486315762997521E-007                  1.4595727263875446E-022                  0.0000000000000000E+000 
                                     520                  9.7329764531329077E-001                 -1.0943731403104413E-001                  6.3563734980002549E+000                 -8.5410205591797772E-001                  1.3627133783368734E+001                  6.9999990923266131E-001                  2.8000009076733873E-001                  2.0000000000000018E-002                  3.6198044327383430E-007                  2.3794789759398587E-022                  0.0000000000000000E+000 
                                     521                  9.7247083474824692E-001                 -1.1202860090618433E-001                  6.3620618508734825E+000                 -8.3926794191402054E-001                  1.3647671326231080E+001                  6.9999988849401229E-001                  2.8000011150598780E-001                  1.9999999999999907E-002                  4.1535233061123084E-007                  3.8420300585801697E-022                  0.0000000000000000E+000 
                                     522                  9.7161989807578597E-001                 -1.1465279331785484E-001                  6.3676586653926597E+000                 -8.2424524248532161E-001                  1.3668303875909606E+001                  6.9999987044351963E-001                  2.8000012955648063E-001                  1.9999999999999796E-002                  4.7578618455326284E-007                  6.1504898567057446E-022                  0.0000000000000000E+000 
                                     523                  9.7074420274640183E-001                 -1.1730953927079102E-001                  6.3731742368856539E+000                 -8.0904457270609387E-001                  1.3689031305463097E+001                  6.9999985188327474E-001                  2.8000014811672519E-001                  2.0000000000000018E-002                  5.4419041911961671E-007                  9.7702509530500691E-022                  0.0000000000000000E+000 
                                     524                  9.6984310312574040E-001                 -1.1999851926765025E-001                  6.3786172804087009E+000                 -7.9367504157468116E-001                  1.3709853386123525E+001                  6.9999983188099069E-001                  2.8000016811900946E-001                  1.9999999999999796E-002                  6.2158667617936532E-007                  1.5412317642901961E-021                  0.0000000000000000E+000 
                                     525                  9.6891594036077267E-001                 -1.2271944017448060E-001                  6.3839951931012147E+000                 -7.7814451027814902E-001                  1.3730769795415178E+001                  6.9999980950126484E-001                  2.8000019049873531E-001                  1.9999999999999796E-002                  7.0912335835577061E-007                  2.4158363838805894E-021                  0.0000000000000000E+000 
                                     526                  9.6796204224757587E-001                 -1.2547203006618199E-001                  6.3893142631671163E+000                 -7.6245979849986201E-001                  1.3751780124196994E+001                  6.9999978443046595E-001                  2.8000021556953403E-001                  2.0000000000000018E-002                  8.0809066945667334E-007                  3.7647426289142622E-021                  0.0000000000000000E+000 
                                     527                  9.6698072309917771E-001                 -1.2825603386014153E-001                  6.3945798382667780E+000                 -7.4662684933902812E-001                  1.3772883882821525E+001                  6.9999975635807377E-001                  2.8000024364192627E-001                  2.0000000000000018E-002                  9.1993731167636142E-007                  5.8353672739082121E-021                  0.0000000000000000E+000 
                                     528                  9.6597128361193529E-001                 -1.3107120958127366E-001                  6.3997964626640016E+000                 -7.3065086334223561E-001                  1.3794080506540331E+001                  6.9999972493810880E-001                  2.8000027506189129E-001                  1.9999999999999907E-002                  1.0462890060502669E-006                  8.9998296013791095E-021                  0.0000000000000000E+000 
                                     529                  9.6493301073136684E-001                 -1.3391732513762297E-001                  6.4049680115304950E+000                 -7.1453643047435667E-001                  1.3815369360246088E+001                  6.9999968973746873E-001                  2.8000031026253119E-001                  2.0000000000000018E-002                  1.1889693992015507E-006                  1.3815851678888465E-020                  0.0000000000000000E+000 
                                     530                  9.6386517751733058E-001                 -1.3679415566215444E-001                  6.4100978982272228E+000                 -6.9828773696019852E-001                  1.3836749742683548E+001                  6.9999965041380974E-001                  2.8000034958619030E-001                  2.0000000000000018E-002                  1.3500253307704455E-006                  2.1116671425209528E-020                  0.0000000000000000E+000 
                                     531                  9.6276704300637794E-001                 -1.3970148200118457E-001                  6.4151892559818195E+000                 -6.8190874620081865E-001                  1.3858220890381514E+001                  6.9999960644793457E-001                  2.8000039355206552E-001                  1.9999999999999907E-002                  1.5317561392010828E-006                  3.2143557570666281E-020                  0.0000000000000000E+000 
                                     532                  9.6163785206973851E-001                 -1.4263909028730348E-001                  6.4202449948637241E+000                 -6.6540325294567371E-001                  1.3879781981513963E+001                  6.9999955730641905E-001                  2.8000044269358115E-001                  1.9999999999999796E-002                  1.7367451735787070E-006                  4.8740555446515979E-020                  0.0000000000000000E+000 
                                     533                  9.6047683526711058E-001                 -1.4560677181912388E-001                  6.4252678244244832E+000                 -6.4877490234011370E-001                  1.3901432139738365E+001                  6.9999950239490061E-001                  2.8000049760509965E-001                  1.9999999999999796E-002                  1.9678946809274981E-006                  7.3640112769058508E-020                  0.0000000000000000E+000 
                                     534                  9.5928320869518102E-001                 -1.4860432303367641E-001                  6.4302602744056125E+000                 -6.3202720688233816E-001                  1.3923170438042886E+001                  6.9999944105113099E-001                  2.8000055894886916E-001                  1.9999999999999796E-002                  2.2284650009700772E-006                  1.1088123753478790E-019                  0.0000000000000000E+000 
                                     535                  9.5805617382800978E-001                 -1.5163154557243785E-001                  6.4352247137326861E+000                 -6.1516356229809843E-001                  1.3944995902630946E+001                  6.9999937253748246E-001                  2.8000062746251769E-001                  1.9999999999999796E-002                  2.5221186074010699E-006                  1.6642060778476767E-019                  0.0000000000000000E+000 
                                     536                  9.5679491734795064E-001                 -1.5468824644350329E-001                  6.4401633679888528E+000                 -5.9818726147014933E-001                  1.3966907516850908E+001                  6.9999929603291677E-001                  2.8000070396708332E-001                  1.9999999999999907E-002                  2.8529696142016177E-006                  2.4902420657278162E-019                  0.0000000000000000E+000 
                                     537                  9.5549861096610811E-001                 -1.5777423827478573E-001                  6.4450783355436165E+000                 -5.8110150659568249E-001                  1.3988904225179919E+001                  6.9999921055362968E-001                  2.8000078944637047E-001                  1.9999999999999796E-002                  3.2256394444997287E-006                  3.7156627891489974E-019                  0.0000000000000000E+000 
                                     538                  9.5416641123059409E-001                 -1.6088933965479263E-001                  6.4493674495523488E+000                 -5.6598560567056688E-001                  1.4008304981713241E+001                  6.9999912790118091E-001                  2.8000087209881924E-001                  1.9999999999999796E-002                  3.5911362341598798E-006                  5.2653797818269069E-019                  0.0000000000000000E+000 
                                     539                  9.5313266994567580E-001                 -1.6326861032718401E-001                  6.4530255178040337E+000                 -5.5303219294916595E-001                  1.4024912638640616E+001                  6.9999905004826002E-001                  2.8000094995173996E-001                  2.0000000000000018E-002                  3.9351635557527447E-006                  7.0836131273028203E-019                  0.0000000000000000E+000 
                                     540                  9.5209892866075740E-001                 -1.6561597476903711E-001                  6.4578976143408546E+000                 -5.3577106380549455E-001                  1.4047040815186069E+001                  6.9999893590670104E-001                  2.8000106409329895E-001                  2.0000000000000018E-002                  4.4438763638402235E-006                  1.0503426304398632E-018                  0.0000000000000000E+000 
                                     541                  9.5031071956180246E-001                 -1.6960457769616535E-001                  6.4633310601830836E+000                 -5.1610737134760221E-001                  1.4072130794707915E+001                  6.9999879217455041E-001                  2.8000120782544952E-001                  2.0000000000000018E-002                  5.0920471327361851E-006                  1.6288119676345184E-018                  0.0000000000000000E+000 
                                     542                  9.4883614270574923E-001                 -1.7282733823988156E-001                  6.4681582292181981E+000                 -4.9854236731417800E-001                  1.4094516339741224E+001                  6.9999864848624505E-001                  2.8000135151375505E-001                  1.9999999999999907E-002                  5.7460819317658776E-006                  2.4024022909658855E-018                  0.0000000000000000E+000 
                                     543                  9.4732145219227581E-001                 -1.7607843695599512E-001                  6.4729710163834300E+000                 -4.8088405719800964E-001                  1.4116980361976518E+001                  6.9999848826914612E-001                  2.8000151173085391E-001                  2.0000000000000018E-002                  6.4819010981334103E-006                  3.5359613664949613E-018                  0.0000000000000000E+000 
                                     544                  9.4576571283394861E-001                 -1.7935772985387066E-001                  6.4777704653767518E+000                 -4.6313472429057884E-001                  1.4139521651026568E+001                  6.9999830965921361E-001                  2.8000169034078631E-001                  2.0000000000000018E-002                  7.3095575248342046E-006                  5.1938957866549450E-018                  0.0000000000000000E+000 
                                     545                  9.4416797252795948E-001                 -1.8266507889906028E-001                  6.4825574840486633E+000                 -4.4529652154080557E-001                  1.4162138988823656E+001                  6.9999811048999694E-001                  2.8000188951000327E-001                  1.9999999999999796E-002                  8.2403152425875992E-006                  7.6143927749934078E-018                  0.0000000000000000E+000 
                                     546                  9.4252726192059355E-001                 -1.8600035196273054E-001                  6.4873328600247495E+000                 -4.2737148368823802E-001                  1.4184831153132293E+001                  6.9999788864025281E-001                  2.8000211135974729E-001                  1.9999999999999907E-002                  9.2867919358363280E-006                  1.1141970188126756E-017                  0.0000000000000000E+000 
                                     547                  9.4084259405067405E-001                 -1.8936342284208832E-001                  6.4920972745522256E+000                 -4.0936153772755474E-001                  1.4207596920930687E+001                  6.9999764147456234E-001                  2.8000235852543787E-001                  1.9999999999999796E-002                  1.0463117785515605E-005                  1.6274145963944435E-017                  0.0000000000000000E+000 
                                     548                  9.3911296396864430E-001                 -1.9275417134883699E-001                  6.4968513148067490E+000                 -3.9126851266720275E-001                  1.4230435071594014E+001                  6.9999736615818298E-001                  2.8000263384181701E-001                  2.0000000000000018E-002                  1.1785112484752364E-005                  2.3728245635001565E-017                  0.0000000000000000E+000 
                                     549                  9.3733734834386340E-001                 -1.9617248343811891E-001                  6.5015954851565789E+000                 -3.7309414811158392E-001                  1.4253344389784608E+001                  6.9999705954341485E-001                  2.8000294045658514E-001                  2.0000000000000018E-002                  1.3270482501466893E-005                  3.4536892732483565E-017                  0.0000000000000000E+000 
                                     550                  9.3551470506291001E-001                 -1.9961825136765965E-001                  6.5063302344294414E+000                 -3.5484011934582166E-001                  1.4276323668084796E+001                  6.9999671813529685E-001                  2.8000328186470341E-001                  1.9999999999999796E-002                  1.4939044327600486E-005                  5.0184341104752462E-017                  0.0000000000000000E+000 
                                     551                  9.3364397281325606E-001                 -2.0309137403570132E-001                  6.5110560065805956E+000                 -3.3650808623981421E-001                  1.4299371709432284E+001                  6.9999633794529093E-001                  2.8000366205470906E-001                  2.0000000000000018E-002                  1.6812980836343397E-005                  7.2800990038768879E-017                  0.0000000000000000E+000 
                                     552                  9.3172407065555873E-001                 -2.0659175769953120E-001                  6.5157732707146518E+000                 -3.1809972163023437E-001                  1.4322487329326012E+001                  6.9999591486525581E-001                  2.8000408513474423E-001                  2.0000000000000018E-002                  1.8917127965565972E-005                  1.0544055771956052E-016                  0.0000000000000000E+000 
                                     553                  9.2975389760139660E-001                 -2.1011931690375873E-001                  6.5204825202637693E+000                 -2.9961670835466442E-001                  1.4345669357775009E+001                  6.9999544402094349E-001                  2.8000455597905644E-001                  2.0000000000000018E-002                  2.1279290595144276E-005                  1.5247449030580870E-016                  0.0000000000000000E+000 
                                     554                  9.2773233219665296E-001                 -2.1367397537823263E-001                  6.5251842697502394E+000                 -2.8106073444399998E-001                  1.4368916641049244E+001                  6.9999492010557063E-001                  2.8000507989442930E-001                  2.0000000000000018E-002                  2.3930595437734393E-005                  2.2015262501007795E-016                  0.0000000000000000E+000 
                                     555                  9.2565823210573339E-001                 -2.1725566690072953E-001                  6.5298790517008536E+000                 -2.6243348855391863E-001                  1.4392228043254137E+001                  6.9999433723002591E-001                  2.8000566276997418E-001                  1.9999999999999907E-002                  2.6905885740631110E-005                  3.1739940342378541E-016                  0.0000000000000000E+000 
                                     556                  9.2353043370185484E-001                 -2.2086433611770653E-001                  6.5345674136679621E+000                 -2.4373665522507312E-001                  1.4415602447648432E+001                  6.9999368885980262E-001                  2.8000631114019742E-001                  2.0000000000000018E-002                  3.0244162768369326E-005                  4.5694345644345429E-016                  0.0000000000000000E+000 
                                     557                  9.2134775167718996E-001                 -2.2449993929945888E-001                  6.5392499153158905E+000                 -2.2497191081335649E-001                  1.4439038757646921E+001                  6.9999296774510700E-001                  2.8000703225489287E-001                  2.0000000000000129E-002                  3.3989079510604727E-005                  6.5691864942150018E-016                  0.0000000000000000E+000 
                                     558                  9.1910897867658325E-001                 -2.2816244503200711E-001                  6.5439271255512121E+000                 -2.0614091983770136E-001                  1.4462535897562461E+001                  6.9999216566191835E-001                  2.8000783433808157E-001                  2.0000000000000018E-002                  3.8189492716738066E-005                  9.4313132102532764E-016                  0.0000000000000000E+000 
                                     559                  9.1681288494930147E-001                 -2.3185183486170169E-001                  6.5485996196795089E+000                 -1.8724533222271411E-001                  1.4486092813175151E+001                  6.9999127402054417E-001                  2.8000872597945570E-001                  2.0000000000000129E-002                  4.2900080119728451E-005                  1.3522680681269980E-015                  0.0000000000000000E+000 
                                     560                  9.1445821801468985E-001                 -2.3556810390949592E-001                  6.5532679757901278E+000                 -1.6828677852487206E-001                  1.4509708472103517E+001                  6.9999028276563613E-001                  2.8000971723436369E-001                  2.0000000000000240E-002                  4.8182029858249649E-005                  1.9364304416080335E-015                  0.0000000000000000E+000 
                                     561                  9.1204370235740828E-001                 -2.3931126141518544E-001                  6.5579327638647538E+000                 -1.4926685873061446E-001                  1.4533381863888954E+001                  6.9998918091442286E-001                  2.8001081908557673E-001                  2.0000000000000462E-002                  5.4103805749935171E-005                  2.7695388514890860E-015                  0.0000000000000000E+000 
                                     562                  9.0956803916128370E-001                 -2.4308133114405595E-001                  6.5625945337922751E+000                 -1.3018713027026577E-001                  1.4557111999817634E+001                  6.9998795628276878E-001                  2.8001204371723065E-001                  2.0000000000000573E-002                  6.0741998092492030E-005                  3.9563676562444995E-015                  0.0000000000000000E+000 
                                     563                  9.0702990607439360E-001                 -2.4687835166012748E-001                  6.5672538147059587E+000                 -1.1104910799251830E-001                  1.4580897912613052E+001                  6.9998659535349517E-001                  2.8001340464650420E-001                  2.0000000000000684E-002                  6.8182279024670819E-005                  5.6452842458453900E-015                  0.0000000000000000E+000 
                                     564                  9.0442795698927159E-001                 -2.5070237659442579E-001                  6.5719111200087799E+000                 -9.1854269589104670E-002                  1.4604738656011925E+001                  6.9998508312998775E-001                  2.8001491687001129E-001                  2.0000000000000906E-002                  7.6520474338022507E-005                  8.0461976939597103E-015                  0.0000000000000000E+000 
                                     565                  9.0176082185804629E-001                 -2.5455347493113767E-001                  6.5765669523822190E+000                 -7.2604060975554732E-002                  1.4628633304114555E+001                  6.9998340264659142E-001                  2.8001659735340700E-001                  2.0000000000001572E-002                  8.5863762546732519E-005                  1.1455828784235007E-014                  0.0000000000000000E+000 
                                     566                  8.9902710655584916E-001                 -2.5843173130045155E-001                  6.5812218087504606E+000                 -5.3299902604909306E-002                  1.4652580950525952E+001                  6.9998153604467783E-001                  2.8001846395531999E-001                  2.0000000000002238E-002                  9.6332016963143183E-005                  1.6293264838158160E-014                  0.0000000000000000E+000 
                                     567                  8.9622539278807978E-001                 -2.6233724630260413E-001                  6.5858761852709931E+000                 -3.3943194805441154E-002                  1.4676580707465254E+001                  6.9997946255488475E-001                  2.8002053744511241E-001                  2.0000000000002904E-002                  1.0805930759879284E-004                  2.3149954784337381E-014                  0.0000000000000000E+000 
                                     568                  8.9335423801728853E-001                 -2.6627013689752727E-001                  6.5905305823956217E+000                 -1.4535324349229146E-002                  1.4700631704905950E+001                  6.9997715944024685E-001                  2.8002284055974902E-001                  2.0000000000004126E-002                  1.2119558372746471E-004                  3.2859969747717357E-014                  0.0000000000000000E+000 
                                     569                  8.9041217542764728E-001                 -2.7023053685347931E-001                  6.5940124521280277E+000                  1.1959646609155055E-004                  1.4718759751228234E+001                  6.9997527594400288E-001                  2.8002472405599199E-001                  2.0000000000005125E-002                  1.3207479824867802E-004                  4.2687063228778407E-014                  0.0000000000000000E+000 
                                     570                  8.8890494468539183E-001                 -2.7223300838313930E-001                  6.5963400759646893E+000                  9.8608412794287253E-003                  1.4730823039895197E+001                  6.9997392246500323E-001                  2.8002607753499054E-001                  2.0000000000006235E-002                  1.3985697711288116E-004                  5.0821617542496808E-014                  0.0000000000000000E+000 
                                     571                  8.8739771394313638E-001                 -2.7421821945513181E-001                  6.5992660355158943E+000                  2.2074337019321291E-002                  1.4745955684499489E+001                  6.9997214271158814E-001                  2.8002785728840440E-001                  2.0000000000007456E-002                  1.5026780930392009E-004                  6.3251415135590321E-014                  0.0000000000000000E+000 
                                     572                  8.8506733325648668E-001                 -2.7725468444060603E-001                  6.6027584774455326E+000                  3.6731459624109696E-002                  1.4764096967561462E+001                  6.9996983492093634E-001                  2.8003016507905404E-001                  2.0000000000009566E-002                  1.6372076086692934E-004                  8.2097073931206844E-014                  0.0000000000000000E+000 
                                     573                  8.8273695256983686E-001                 -2.8025220615479218E-001                  6.6068286974408998E+000                  5.3773670114029969E-002                  1.4785200053729081E+001                  6.9996689963414926E-001                  2.8003310036583795E-001                  2.0000000000012785E-002                  1.8087501699482652E-004                  1.1115846605510625E-013                  0.0000000000000000E+000 
                                     574                  8.7953481196248995E-001                 -2.8431019129919355E-001                  6.6103082377665698E+000                  6.8523829050356144E-002                  1.4803421303998844E+001                  6.9996417315204718E-001                  2.8003582684793654E-001                  2.0000000000016227E-002                  1.9700871639043957E-004                  1.4400092082257450E-013                  0.0000000000000000E+000 
                                     575                  8.7790466329934203E-001                 -2.8634959791199072E-001                  6.6132291059643693E+000                  8.0786005416306275E-002                  1.4818597770801219E+001                  6.9996172458616823E-001                  2.8003827541381171E-001                  2.0000000000020002E-002                  2.1157441906389211E-004                  1.7881561547702614E-013                  0.0000000000000000E+000 
                                     576                  8.7542253287769622E-001                 -2.8942217256507485E-001                  6.6173203796863458E+000                  9.7981115177483036E-002                  1.4839875039131950E+001                  6.9995801592145990E-001                  2.8004198407851361E-001                  2.0000000000026441E-002                  2.3377408508111475E-004                  2.4201235460545715E-013                  0.0000000000000000E+000 
                                     577                  8.7204307494665645E-001                 -2.9354424127025458E-001                  6.6219890739693046E+000                  1.1769808225966930E-001                  1.4864250215554568E+001                  6.9995334468830950E-001                  2.8004665531165429E-001                  2.0000000000036211E-002                  2.6195813787685513E-004                  3.4156949071382527E-013                  0.0000000000000000E+000 
                                     578                  8.6858217992024322E-001                 -2.9769520543578681E-001                  6.6266621976462350E+000                  1.3745544892906841E-001                  1.4888670390015273E+001                  6.9994815843904601E-001                  2.8005184156090401E-001                  2.0000000000049978E-002                  2.9350782853658470E-004                  4.8174294603578226E-013                  0.0000000000000000E+000 
                                     579                  8.6503819723110165E-001                 -3.0187534935906490E-001                  6.6313403752236466E+000                  1.5725182566402748E-001                  1.4913134807865616E+001                  6.9994240148497155E-001                  2.8005759851495987E-001                  2.0000000000068630E-002                  3.2882308017006466E-004                  6.7898834926947651E-013                  0.0000000000000000E+000 
                                     580                  8.6140945393940971E-001                 -3.0608497969127835E-001                  6.6360242300685508E+000                  1.7708583521171928E-001                  1.4937642723848791E+001                  6.9993601105239411E-001                  2.8006398894751167E-001                  2.0000000000094165E-002                  3.6835128043749164E-004                  9.5639121633230195E-013                  0.0000000000000000E+000 
                                     581                  8.5769425523864540E-001                 -3.1032442608618532E-001                  6.6407143782519560E+000                  1.9695611826223236E-001                  1.4962193401456476E+001                  6.9992891790073297E-001                  2.8007108209913778E-001                  2.0000000000129248E-002                  4.1259289345887626E-004                  1.3463262965542366E-012                  0.0000000000000000E+000 
                                     582                  8.5389088504893607E-001                 -3.1459404180589140E-001                  6.6454114220383751E+000                  2.1686133997307763E-001                  1.4986786112269103E+001                  6.9992104529463128E-001                  2.8007895470519134E-001                  2.0000000000177431E-002                  4.6210772034437482E-004                  1.8941796856127439E-012                  0.0000000000000000E+000 
                                     583                  8.4999760668638458E-001                 -3.1889420429263221E-001                  6.6501159431195305E+000                  2.3680019740247804E-001                  1.5011420135361476E+001                  6.9991230772703206E-001                  2.8008769227272468E-001                  2.0000000000243268E-002                  5.1752188063501083E-004                  2.6635567332425702E-012                  0.0000000000000000E+000 
                                     584                  8.4601266359993976E-001                 -3.2322531570940022E-001                  6.6548284933392576E+000                  2.5677142756454241E-001                  1.5036094756787040E+001                  6.9990261186004421E-001                  2.8009738813962226E-001                  2.0000000000333529E-002                  5.7953557776570046E-004                  3.7435660849909348E-012                  0.0000000000000000E+000 
                                     585                  8.4193428018151328E-001                 -3.2758780343783989E-001                  6.6595495786252688E+000                  2.7677382406834522E-001                  1.5060809269041808E+001                  6.9989185288071443E-001                  2.8010814711882831E-001                  2.0000000000457208E-002                  6.4893168203567625E-004                  5.2590014657408756E-012                  0.0000000000000000E+000 
                                     586                  8.3776066267671823E-001                 -3.3198212041646785E-001                  6.6642796495674892E+000                  2.9680624620393559E-001                  1.5085562970411974E+001                  6.9987991510724101E-001                  2.8012008489213275E-001                  2.0000000000626184E-002                  7.2658530243253005E-004                  7.3845692290304196E-012                  0.0000000000000000E+000 
                                     587                  8.3349000019806108E-001                 -3.3640874539064153E-001                  6.6690191066049005E+000                  3.1686761450871043E-001                  1.5110355164279934E+001                  6.9986666978631740E-001                  2.8013333021282522E-001                  2.0000000000857332E-002                  8.1347454260244140E-004                  1.0364766967420578E-011                  0.0000000000000000E+000 
                                     588                  8.2912046581724397E-001                 -3.4086818323941709E-001                  6.6737683086265198E+000                  3.3695690045822341E-001                  1.5135185158491820E+001                  6.9985197596264637E-001                  2.8014802403618011E-001                  2.0000000001173524E-002                  9.1069253903353282E-004                  1.4541647937326815E-011                  0.0000000000000000E+000 
                                     589                  8.2465021773470748E-001                 -3.4536096545142403E-001                  6.6785275820352217E+000                  3.5707311838832539E-001                  1.5160052264747348E+001                  6.9983567578257488E-001                  2.8016432421581944E-001                  2.0000000001605622E-002                  1.0194609106290349E-003                  2.0393589687522699E-011                  0.0000000000000000E+000 
                                     590                  8.2007740055521128E-001                 -3.4988765071070133E-001                  6.6832972301102345E+000                  3.7721531526145063E-001                  1.5184955797931769E+001                  6.9981759489825102E-001                  2.8018240509955245E-001                  2.0000000002196483E-002                  1.1411448109370469E-003                  2.8589413491744727E-011                  0.0000000000000000E+000 
                                     591                  8.1540014668404159E-001                 -3.5444882561501467E-001                  6.6880775425350603E+000                  3.9738255995828964E-001                  1.5209895075485800E+001                  6.9979754013623974E-001                  2.8020245986075643E-001                  2.0000000003003837E-002                  1.2772697692349016E-003                  4.0063919390824792E-011                  0.0000000000000000E+000 
                                     592                  8.1061657781319285E-001                 -3.5904510557893288E-001                  6.6928688049742835E+000                  4.1757393445331648E-001                  1.5234869416963559E+001                  6.9977529665409588E-001                  2.8022470334179755E-001                  2.0000000004106511E-002                  1.4295405619714724E-003                  5.6123290165658481E-011                  0.0000000000000000E+000 
                                     593                  8.0572480648857503E-001                 -3.6367713592644679E-001                  6.6976713085566981E+000                  4.3778852391713724E-001                  1.5259878143763075E+001                  6.9975062880524463E-001                  2.8024937118914256E-001                  2.0000000005612861E-002                  1.5998623953006530E-003                  7.8592160836249100E-011                  0.0000000000000000E+000 
                                     594                  8.0072293778453396E-001                 -3.6834559317569998E-001                  6.7024853597712299E+000                  4.5802540836355038E-001                  1.5284920578949022E+001                  6.9972327312855220E-001                  2.8027672686377814E-001                  2.0000000007669660E-002                  1.7903646957309217E-003                  1.1001880670456550E-010                  0.0000000000000000E+000 
                                     595                  7.9560907110639789E-001                 -3.7305118649860564E-001                  6.7073113032491589E+000                  4.7828363794138029E-001                  1.5309996047237428E+001                  6.9969293847614067E-001                  2.8030706151338131E-001                  2.0000000010478081E-002                  2.0034282216767072E-003                  1.5396152922397911E-010                  0.0000000000000000E+000 
                                     596                  7.9038130208966506E-001                 -3.7779465958597491E-001                  6.7121495520508123E+000                  4.9856220304132964E-001                  1.5335103875329507E+001                  6.9965930225439654E-001                  2.8034069773129189E-001                  2.0000000014311570E-002                  2.2417160518304891E-003                  2.1538855273250367E-010                  0.0000000000000000E+000 
                                     597                  7.8503772458304444E-001                 -3.8257679302287878E-001                  6.7157798090058920E+000                  5.1386140963597948E-001                  1.5354026138841945E+001                  6.9963182741382446E-001                  2.8036817256817342E-001                  2.0000000018002062E-002                  2.4389847909257528E-003                  2.7695454747536460E-010                  0.0000000000000000E+000 
                                     598                  7.8230707866177140E-001                 -3.8499543518106549E-001                  6.7182086057143229E+000                  5.2401501538606099E-001                  1.5366603752350525E+001                  6.9961217670351550E-001                  2.8038782327539491E-001                  2.0000000021089592E-002                  2.5798535997992558E-003                  3.2750747893564539E-010                  0.0000000000000000E+000 
                                     599                  7.7957643274049837E-001                 -3.8739785930269482E-001                  6.7218650617105391E+000                  5.3917467011171949E-001                  1.5385412689881672E+001                  6.9958065557389348E-001                  2.8041934439941962E-001                  2.0000000026686893E-002                  2.8062365084873947E-003                  4.2118944054738073E-010                  0.0000000000000000E+000 
                                     600                  7.7399552324285437E-001                 -3.9225981227404527E-001                  6.7267434059581808E+000                  5.5950755316453171E-001                  1.5410613536184890E+001                  6.9953481179606825E-001                  2.8046518816749755E-001                  2.0000000036434207E-002                  3.1395492196876896E-003                  5.8876717407479378E-010                  0.0000000000000000E+000 
                                     601                  7.6829309762083597E-001                 -3.9716301564417705E-001                  6.7316364053619422E+000                  5.7985617453991711E-001                  1.5435844090937533E+001                  6.9948398883847596E-001                  2.8051601111178798E-001                  2.0000000049736011E-002                  3.5123363676495011E-003                  8.2284861653747062E-010                  0.0000000000000000E+000 
                                     602                  7.6246726466625758E-001                 -4.0210842497684285E-001                  6.7365447809904531E+000                  6.0021930057122685E-001                  1.5461103708737193E+001                  6.9942764896387288E-001                  2.8057235096823829E-001                  2.0000000067888823E-002                  3.9293087682276823E-003                  1.1497950295261790E-009                  0.0000000000000000E+000 
                                     603                  7.5651614296266689E-001                 -4.0709704698626081E-001                  6.7402304807322579E+000                  6.1558018949027771E-001                  1.5480140588750533E+001                  6.9938163220857219E-001                  2.8061836770605803E-001                  2.0000000085369729E-002                  4.2746522506050847E-003                  1.4773673545056549E-009                  0.0000000000000000E+000 
                                     604                  7.5347700325584110E-001                 -4.0962085418399002E-001                  6.7426969017422147E+000                  6.2577152348470733E-001                  1.5492791639336392E+001                  6.9934873192168001E-001                  2.8065126797834011E-001                  2.0000000099979820E-002                  4.5212806930915892E-003                  1.7462062785420471E-009                  0.0000000000000000E+000 
                                     605                  7.5043786354901532E-001                 -4.1212934988733396E-001                  6.7451677322381940E+000                  6.3596480539332279E-001                  1.5505448787434737E+001                  6.9931419057727484E-001                  2.8068580930620796E-001                  2.0000000116517258E-002                  4.7821683661131943E-003                  2.0639259869391005E-009                  0.0000000000000000E+000 
                                     606                  7.4733421812169687E-001                 -4.1467573253981926E-001                  6.7476428100381725E+000                  6.4616181757040969E-001                  1.5518113557662884E+001                  6.9927772523750786E-001                  2.8072227462603672E-001                  2.0000000136455420E-002                  5.0581657251393582E-003                  2.4393916450264900E-009                  0.0000000000000000E+000 
                                     607                  7.4423057269437842E-001                 -4.1720703033927209E-001                  6.7513698806693263E+000                  6.6138046630867076E-001                  1.5537047827146662E+001                  6.9921925269810081E-001                  2.8078074712929607E-001                  2.0000000172603061E-002                  5.5018655189268293E-003                  3.1348024948182796E-009                  0.0000000000000000E+000 
                                     608                  7.3789243477693878E-001                 -4.2233188149200557E-001                  6.7563475978998646E+000                  6.8178919252278913E-001                  1.5562417408683903E+001                  6.9913422905111489E-001                  2.8086577071331287E-001                  2.0000000235572246E-002                  6.1560701452532396E-003                  4.3787998006216665E-009                  0.0000000000000000E+000 
                                     609                  7.3142163530662219E-001                 -4.2750454991475567E-001                  6.7613447574386605E+000                  7.0220634383567737E-001                  1.5587813066572195E+001                  6.9904001821346817E-001                  2.8095998146500750E-001                  2.0000000321524380E-002                  6.8892119493911648E-003                  6.1164597009773752E-009                  0.0000000000000000E+000 
                                     610                  7.2481638409482985E-001                 -4.3272634887219702E-001                  6.7663622175651215E+000                  7.2263081093553649E-001                  1.5613234272864842E+001                  6.9893564431415223E-001                  2.8106435524698647E-001                  2.0000000438861298E-002                  7.7116970270828950E-003                  8.5439872519930358E-009                  0.0000000000000000E+000 
                                     611                  7.1807491855628869E-001                 -4.3799866415601402E-001                  6.7701340065751605E+000                  7.3803595232474184E-001                  1.5632393890540078E+001                  6.9884996152275114E-001                  2.8115003792310123E-001                  2.0000000554147634E-002                  8.3955884050607808E-003                  1.0977782914332854E-008                  0.0000000000000000E+000 
                                     612                  7.1463521285550069E-001                 -4.4066731961859140E-001                  6.7726587916059877E+000                  7.4825267642867022E-001                  1.5645123200548420E+001                  6.9878914784718282E-001                  2.8121085150535896E-001                  2.0000000647458216E-002                  8.8856083715118175E-003                  1.2975419305892317E-008                  0.0000000000000000E+000 
                                     613                  7.1119550715471280E-001                 -4.4332229990103883E-001                  6.7751892451753157E+000                  7.5846965466525518E-001                  1.5657857733447186E+001                  6.9872515900724552E-001                  2.8127484023625055E-001                  2.0000000756503988E-002                  9.4057893531337665E-003                  1.5337053724923818E-008                  0.0000000000000000E+000 
                                     614                  7.0768598009057238E-001                 -4.4601753572037484E-001                  6.7777252788486937E+000                  7.6868873461255860E-001                  1.5670599195612041E+001                  6.9865783654245728E-001                  2.8134216257360029E-001                  2.0000000883942493E-002                  9.9584616174786065E-003                  1.8129065777385197E-008                  0.0000000000000000E+000 
                                     615                  7.0417645302643195E-001                 -4.4869944117505717E-001                  6.7815451759192600E+000                  7.8393454803550766E-001                  1.5689643140341936E+001                  6.9855036952634197E-001                  2.8144962935698781E-001                  2.0000001116670219E-002                  1.0852718021834349E-002                  2.3301505749714751E-008                  0.0000000000000000E+000 
                                     616                  6.9701609778251616E-001                 -4.5413240293474416E-001                  6.7866527340725824E+000                  8.0437812044802792E-001                  1.5715161847203346E+001                  6.9839368358441833E-001                  2.8160631489064197E-001                  2.0000001524939748E-002                  1.2188096378141059E-002                  3.2565681485705695E-008                  0.0000000000000000E+000 
                                     617                  6.8971282548313040E-001                 -4.5962224266280610E-001                  6.7904953123159251E+000                  8.1979709889281305E-001                  1.5734396308596033E+001                  6.9826529594589670E-001                  2.8173470212762353E-001                  2.0000001926479771E-002                  1.3314841807961889E-002                  4.1863983534243242E-008                  0.0000000000000000E+000 
                                     618                  6.8598894614926964E-001                 -4.6240223043133677E-001                  6.7930680147438620E+000                  8.3002052883234134E-001                  1.5747173199928291E+001                  6.9817435913406478E-001                  2.8182563861430654E-001                  2.0000002251628679E-002                  1.4132985600552742E-002                  4.9499887638986330E-008                  0.0000000000000000E+000 
                                     619                  6.8226506681540877E-001                 -4.6517007219229717E-001                  6.7956473507509907E+000                  8.4024328026724282E-001                  1.5759954924573343E+001                  6.9807885487523436E-001                  2.8192114249294525E-001                  2.0000002631820335E-002                  1.5012937415187944E-002                  5.8532595569464597E-008                  0.0000000000000000E+000 
                                     620                  6.7846818515765306E-001                 -4.6798013888082035E-001                  6.7982332993283334E+000                  8.5046727748176520E-001                  1.5772743326185784E+001                  6.9797860152224700E-001                  2.8202139540135185E-001                  2.0000003076401152E-002                  1.5962370167525896E-002                  6.9218471648369224E-008                  0.0000000000000000E+000 
                                     621                  6.7467130349989712E-001                 -4.7077851021377204E-001                  6.8008261528061427E+000                  8.6069010976527505E-001                  1.5785536498770753E+001                  6.9787420101110953E-001                  2.8212579540488558E-001                  2.0000003584004888E-002                  1.6990017470041901E-002                  8.1861719470216876E-008                  0.0000000000000000E+000 
                                     622                  6.7080068821210526E-001                 -4.7361966264440081E-001                  6.8034259091493841E+000                  8.7091434888653785E-001                  1.5798336323022255E+001                  6.9776360106773927E-001                  2.8223639472946010E-001                  2.0000004202800570E-002                  1.8107707646862037E-002                  9.6822210678928988E-008                  0.0000000000000000E+000 
                                     623                  6.6693007292431328E-001                 -4.7644960107391238E-001                  6.8073427914570193E+000                  8.8616318034276342E-001                  1.5817463522982289E+001                  6.9758817312012611E-001                  2.8241182156397893E-001                  2.0000005315894964E-002                  1.9978811509152691E-002                  1.2456193906469637E-007                  0.0000000000000000E+000 
                                     624                  6.5903997302085671E-001                 -4.8218626021141942E-001                  6.8112625425327877E+000                  9.0156166563303042E-001                  1.5836739937177136E+001                  6.9740081918398322E-001                  2.8259917409677759E-001                  2.0000006719239183E-002                  2.2140756646415780E-002                  1.6022588996664402E-007                  0.0000000000000000E+000 
                                     625                  6.5503867674496741E-001                 -4.8507923337924685E-001                  6.8138917164042843E+000                  9.1178425258509366E-001                  1.5849562167950966E+001                  6.9726902012684033E-001                  2.8273097201499536E-001                  2.0000007858164359E-002                  2.3777728126302546E-002                  1.8958205756866812E-007                  0.0000000000000000E+000 
                                     626                  6.5099966743156290E-001                 -4.8798928311876671E-001                  6.8165285933753017E+000                  9.2200621866018140E-001                  1.5862390080504811E+001                  6.9713170191571294E-001                  2.8286828889323989E-001                  2.0000009191047163E-002                  2.5602140625518438E-002                  2.2434168349428901E-007                  0.0000000000000000E+000 
                                     627                  6.4692278920054813E-001                 -4.9091671954957627E-001                  6.8191733205768923E+000                  9.3222740533720616E-001                  1.5875223686978121E+001                  6.9698891949091912E-001                  2.8301106975795698E-001                  2.0000010751123898E-002                  2.7645587259851199E-002                  2.6550537259049858E-007                  0.0000000000000000E+000 
                                     628                  6.4280789097915969E-001                 -4.9386186280275274E-001                  6.8218260456025908E+000                  9.4244763778059382E-001                  1.5888063005411858E+001                  6.9684079278798439E-001                  2.8315919463464501E-001                  2.0000012577370607E-002                  2.9944526079285622E-002                  3.1426039086365760E-007                  0.0000000000000000E+000 
                                     629                  6.3865482669080031E-001                 -4.9682504353876283E-001                  6.8244869165035169E+000                  9.5266671938625025E-001                  1.5900908060068515E+001                  6.9668752382200250E-001                  2.8331246146249600E-001                  2.0000014715501502E-002                  3.2540157012352570E-002                  3.7201578921125435E-007                  0.0000000000000000E+000 
                                     630                  6.3446345545002913E-001                 -4.9980660352906681E-001                  6.8271560817698758E+000                  9.6288443015032288E-001                  1.5913758881781956E+001                  6.9652940224593318E-001                  2.8347058053492180E-001                  2.0000017219145017E-002                  3.5477781076075875E-002                  4.4044419995026565E-007                  0.0000000000000000E+000 
                                     631                  6.3023364176398688E-001                 -5.0280689627866337E-001                  6.8298336903025403E+000                  9.7310052633212440E-001                  1.5926615508339582E+001                  6.9636680772734250E-001                  2.8363317212143091E-001                  2.0000020151226594E-002                  3.8805407868395564E-002                  5.2153159327733928E-007                  0.0000000000000000E+000 
                                     632                  6.2596525574052575E-001                 -5.0582628768302540E-001                  6.8318468797937593E+000                  9.8078369906062335E-001                  1.5936283500079947E+001                  6.9624229819635486E-001                  2.8375767914308037E-001                  2.0000022660564776E-002                  4.1588883248495537E-002                  5.9207040480872770E-007                  0.0000000000000000E+000 
                                     633                  6.2381171452186468E-001                 -5.0734662941570319E-001                  6.8331921665994590E+000                  9.8589026094951482E-001                  1.5942716201442083E+001                  6.9615810494182917E-001                  2.8384187053598042E-001                  2.0000024522190407E-002                  4.3588935008086034E-002                  6.4434115810104799E-007                  0.0000000000000000E+000 
                                     634                  6.2165817330320361E-001                 -5.0886505253370917E-001                  6.8352148380448092E+000                  9.9352652852838574E-001                  1.5952346097657294E+001                  6.9603012524723651E-001                  2.8396984714383045E-001                  2.0000027608933046E-002                  4.6821009590888432E-002                  7.3156024697710673E-007                  0.0000000000000000E+000 
                                     635                  6.1731227641251130E-001                 -5.1192379156430967E-001                  6.8379186700690697E+000                  1.0037361389923349E+000                  1.5965220437058827E+001                  6.9585713726625409E-001                  2.8414283041072130E-001                  2.0000032323024608E-002                  5.1591948383273814E-002                  8.6663210589495657E-007                  0.0000000000000000E+000 
                                     636                  6.1292745329386911E-001                 -5.1500280795457631E-001                  6.8399519212152811E+000                  1.0114141589343606E+000                  1.5974902190873223E+001                  6.9572589512181904E-001                  2.8427406851206477E-001                  2.0000036366116136E-002                  5.5531636694252789E-002                  9.8419481721192127E-007                  0.0000000000000000E+000 
                                     637                  6.1071552598360046E-001                 -5.1655342054537623E-001                  6.8413106590836374E+000                  1.0165168532152165E+000                  1.5981343890211930E+001                  6.9563774264570055E-001                  2.8436221799500799E-001                  2.0000039359291399E-002                  5.8327971239603177E-002                  1.0713378445483925E-006                  0.0000000000000000E+000 
                                     638                  6.0850359867333181E-001                 -5.1810241558697867E-001                  6.8433536169078080E+000                  1.0241466787372970E+000                  1.5990987018885605E+001                  6.9550461195513769E-001                  2.8449534372245866E-001                  2.0000044322403654E-002                  6.2778605612075850E-002                  1.2167896990626236E-006                  0.0000000000000000E+000 
                                     639                  6.0404061402141696E-001                 -5.2122326761139526E-001                  6.8460850267581206E+000                  1.0343474708768750E+000                  1.6003879705430741E+001                  6.9532589824107349E-001                  2.8467404984590861E-001                  2.0000051913017902E-002                  6.9184999019569954E-002                  1.4421695230225900E-006                  0.0000000000000000E+000 
                                     640                  5.9953840780536649E-001                 -5.2436570908791436E-001                  6.8481393629720300E+000                  1.0420188086099766E+000                  1.6013575775019547E+001                  6.9519097934067586E-001                  2.8480896222390423E-001                  2.0000058435419854E-002                  7.4323542887312702E-002                  1.6384450966639154E-006                  0.0000000000000000E+000 
                                     641                  5.9726765177796737E-001                 -5.2594854257125356E-001                  6.8495122332593894E+000                  1.0471167500614631E+000                  1.6020026853289028E+001                  6.9510054453306958E-001                  2.8489939221078581E-001                  2.0000063256144562E-002                  7.7888261153403512E-002                  1.7839816403817278E-006                  0.0000000000000000E+000 
                                     642                  5.9499689575056824E-001                 -5.2753009601158107E-001                  6.8508875265248621E+000                  1.0522137536014158E+000                  1.6026479403281325E+001                  6.9500968455280998E-001                  2.8499024698520659E-001                  2.0000068461983433E-002                  8.1558583323724579E-002                  1.9425334915384479E-006                  0.0000000000000000E+000 
                                     643                  5.9270644843127418E-001                 -5.2912413911242695E-001                  6.8522652606225858E+000                  1.0573101127120483E+000                  1.6032933715030694E+001                  6.9491833485929166E-001                  2.8508159102488284E-001                  2.0000074115825495E-002                  8.5320438693135894E-002                  2.1152747712928696E-006                  0.0000000000000000E+000 
                                     644                  5.9041600111198012E-001                 -5.3071702290871337E-001                  6.8543368593094707E+000                  1.0649300557721364E+000                  1.6042595437882291E+001                  6.9478013674968397E-001                  2.8521977975790713E-001                  2.0000083492408893E-002                  9.1110499382873147E-002                  2.4037283968516925E-006                  0.0000000000000000E+000 
                                     645                  5.8579565495277452E-001                 -5.3392710471307592E-001                  6.8571072006797120E+000                  1.0751185413371782E+000                  1.6055514035000726E+001                  6.9459312509307314E-001                  2.8540677705241235E-001                  2.0000097854514509E-002                  9.9061828766129220E-002                  2.8510483646093165E-006                  0.0000000000000000E+000 
                                     646                  5.8113579643168689E-001                 -5.3716074180952578E-001                  6.8591913160621809E+000                  1.0827815804914565E+000                  1.6065230419253147E+001                  6.9445005983534680E-001                  2.8554982994883332E-001                  2.0000110215819822E-002                  1.0515418113475715E-001                  3.2409206943725285E-006                  0.0000000000000000E+000 
                                     647                  5.7878608476586457E-001                 -5.3878992925547708E-001                  6.8605841542685528E+000                  1.0878740895212426E+000                  1.6071694841407265E+001                  6.9435296611673769E-001                  2.8564691453920626E-001                  2.0000119344055989E-002                  1.0925195737923574E-001                  3.5301442152816142E-006                  0.0000000000000000E+000 
                                     648                  5.7643637310004225E-001                 -5.4041834371814923E-001                  6.8619795900846068E+000                  1.0929660154006000E+000                  1.6078160872525277E+001                  6.9425427314483423E-001                  2.8574559764072027E-001                  2.0000129214445495E-002                  1.1337544199480491E-001                  3.8453711740652540E-006                  0.0000000000000000E+000 
                                     649                  5.7406685715445427E-001                 -5.4205977543185202E-001                  6.8633776513109108E+000                  1.0980577252724837E+000                  1.6084628817717032E+001                  6.9415371308909091E-001                  2.8584614698228261E-001                  2.0000139928626481E-002                  1.1751699169414850E-001                  4.1889626117129578E-006                  0.0000000000000000E+000 
                                     650                  5.7169734120886617E-001                 -5.4370057091870527E-001                  6.8654799301420253E+000                  1.1056711618057791E+000                  1.6094310700983844E+001                  6.9399889675708359E-001                  2.8600094554040911E-001                  2.0000157702507293E-002                  1.2375259524920923E-001                  4.7629938085419549E-006                  0.0000000000000000E+000 
                                     651                  5.6691866602639007E-001                 -5.4700810451567750E-001                  6.8682920930410498E+000                  1.1158534055531613E+000                  1.6107257527183656E+001                  6.9378372998475990E-001                  2.8621608505293472E-001                  2.0000184962305378E-002                  1.3213112355520093E-001                  5.6539647312227007E-006                  0.0000000000000000E+000 
                                     652                  5.6210032216797412E-001                 -5.5034139674621063E-001                  6.8704083006555541E+000                  1.1235137192919522E+000                  1.6116996141877916E+001                  6.9361468477875687E-001                  2.8638510676252787E-001                  2.0000208458715196E-002                  1.3847705498447446E-001                  6.4312199717398444E-006                  0.0000000000000000E+000 
                                     653                  5.5967130805239429E-001                 -5.5202125332819330E-001                  6.8725339198319304E+000                  1.1311371402616595E+000                  1.6126704926656785E+001                  6.9343773967181344E-001                  2.8656202517071722E-001                  2.0000235157469293E-002                  1.4487913130940086E-001                  7.3167339828005126E-006                  0.0000000000000000E+000 
                                     654                  5.5479343480543686E-001                 -5.5539429114952255E-001                  6.8746600031163743E+000                  1.1387879142098389E+000                  1.6136439379474009E+001                  6.9325360530356162E-001                  2.8674612974796465E-001                  2.0000264948473734E-002                  1.5138443477858149E-001                  8.3232746138238815E-006                  0.0000000000000000E+000 
                                     655                  5.5234457567405937E-001                 -5.5708749967873006E-001                  6.8767955614483034E+000                  1.1464017632227173E+000                  1.6146143547887231E+001                  6.9306014691669382E-001                  2.8693955432447976E-001                  2.0000298758826363E-002                  1.5800449671504477E-001                  9.4700757361369316E-006                  0.0000000000000000E+000 
                                     656                  5.4740717212020340E-001                 -5.6050166774358434E-001                  6.8796532322743165E+000                  1.1565871136918713E+000                  1.6159121679329136E+001                  6.9278717639293863E-001                  2.8721247292888830E-001                  2.0000350678173073E-002                  1.6710310122362609E-001                  1.1251862925633433E-005                  0.0000000000000000E+000 
                                     657                  5.4243009878830084E-001                 -5.6394405419965710E-001                  6.8818044639919309E+000                  1.1642515795141279E+000                  1.6168885017430934E+001                  6.9257037967497903E-001                  2.8742922483873040E-001                  2.0000395486290623E-002                  1.7417952145789756E-001                  1.2807856230076362E-005                  0.0000000000000000E+000 
                                     658                  5.3992174056886189E-001                 -5.6567939549094381E-001                  6.8839652541740950E+000                  1.1718789011244233E+000                  1.6178617290995732E+001                  6.9234237658906062E-001                  2.8765717711129857E-001                  2.0000446299640817E-002                  1.8149186022879382E-001                  1.4581658490049632E-005                  0.0000000000000000E+000 
                                     659                  5.3488522169022834E-001                 -5.6916535668427914E-001                  6.8861276726046325E+000                  1.1795362209842120E+000                  1.6188377964258237E+001                  6.9210393658593738E-001                  2.8789556013484108E-001                  2.0000503279221538E-002                  1.8908802233625144E-001                  1.6600178096822544E-005                  0.0000000000000000E+000 
                                     660                  5.3235706103103375E-001                 -5.7091601830798622E-001                  6.8882997304021565E+000                  1.1871561548032283E+000                  1.6198107103862217E+001                  6.9185339969459458E-001                  2.8814603245831666E-001                  2.0000567847088702E-002                  1.9698203430751954E-001                  1.8901464454199917E-005                  0.0000000000000000E+000 
                                     661                  5.2726118502912844E-001                 -5.7444712626140981E-001                  6.8912074232636051E+000                  1.1973515373179524E+000                  1.6211120382974290E+001                  6.9150007284641235E-001                  2.8849926003859716E-001                  2.0000667114990489E-002                  2.0805430292627844E-001                  2.2481069299623965E-005                  0.0000000000000000E+000 
                                     662                  5.2212581693335358E-001                 -5.7800924165805534E-001                  6.8933972299753146E+000                  1.2050249249863512E+000                  1.6220911529027639E+001                  6.9121999443915305E-001                  2.8877925266223808E-001                  2.0000752898608809E-002                  2.1680262727666813E-001                  2.5610705072813092E-005                  0.0000000000000000E+000 
                                     663                  5.1953842454966637E-001                 -5.7980550934919772E-001                  6.8948611380456706E+000                  1.2101251151702042E+000                  1.6227425315101417E+001                  6.9102606296625946E-001                  2.8897312081166043E-001                  2.0000816222080164E-002                  2.2284396698971931E-001                  2.7936635101655584E-005                  0.0000000000000000E+000 
                                     664                  5.1695103216597915E-001                 -5.8160297860120447E-001                  6.8970630499878212E+000                  1.2177522287711158E+000                  1.6237175307334354E+001                  6.9072393472171811E-001                  2.8927514380264130E-001                  2.0000921475640587E-002                  2.3223291992927997E-001                  3.1829176147811279E-005                  0.0000000000000000E+000 
                                     665                  5.1173691943544364E-001                 -5.8522941250657323E-001                  6.9000117110948080E+000                  1.2279585424329951E+000                  1.6250217972867055E+001                  6.9029903069161069E-001                  2.8969988586018958E-001                  2.0001083448199730E-002                  2.4543776825074695E-001                  3.7889537433971996E-005                  0.0000000000000000E+000 
                                     666                  5.0648358120508563E-001                 -5.8888921410893558E-001                  6.9029747550866540E+000                  1.2381689861207796E+000                  1.6263271090609823E+001                  6.8984863991103240E-001                  2.9015008622739591E-001                  2.0001273861571689E-002                  2.5944646888859141E-001                  4.5117332163511569E-005                  0.0000000000000000E+000 
                                     667                  5.0119113417769756E-001                 -5.9258323004675029E-001                  6.9059525563355431E+000                  1.2483842231575375E+000                  1.6276335015098407E+001                  6.8937075579457430E-001                  2.9062774580765660E-001                  2.0001498397769102E-002                  2.7430260291640285E-001                  5.3740176699922066E-005                  0.0000000000000000E+000 
                                     668                  4.9585970979582022E-001                 -5.9631233597208178E-001                  6.9089454844159199E+000                  1.2586046928210339E+000                  1.6289410118045993E+001                  6.8886410356846661E-001                  2.9113413320684361E-001                  2.0001763224689828E-002                  2.9005130189016470E-001                  6.4030570964256420E-005                  0.0000000000000000E+000 
                                     669                  4.9048945475941114E-001                 -6.0007744008133423E-001                  6.9119539027993717E+000                  1.2688305421585540E+000                  1.6302496789103408E+001                  6.8832834702934098E-001                  2.9166957814474598E-001                  2.0002074825913096E-002                  3.0674056258101573E-001                  7.6314862615753623E-005                  0.0000000000000000E+000 
                                     670                  4.8508053156223579E-001                 -6.0387948750620435E-001                  6.9149781693472328E+000                  1.2790626593545502E+000                  1.6315595436998933E+001                  6.8776103731026683E-001                  2.9223652019082996E-001                  2.0002442498903150E-002                  3.2442003280300874E-001                  9.0983425665830796E-005                  0.0000000000000000E+000 
                                     671                  4.7963311904736544E-001                 -6.0771945577179021E-001                  6.9180186366145708E+000                  1.2893015321696368E+000                  1.6328706489979510E+001                  6.8716098731885100E-001                  2.9283613657452678E-001                  2.0002876106622214E-002                  3.4314350908370617E-001                  1.0850369298283672E-004                  0.0000000000000000E+000 
                                     672                  4.7414741298262503E-001                 -6.1159836021864933E-001                  6.9203107814152638E+000                  1.2970116445995366E+000                  1.6338575150151748E+001                  6.8668797797914027E-001                  2.9330877015989038E-001                  2.0003251860969407E-002                  3.5793080084144141E-001                  1.2386177368311317E-004                  0.0000000000000000E+000 
                                     673                  4.7138551981981097E-001                 -6.1355602281547561E-001                  6.9226130899707972E+000                  1.3046825490640799E+000                  1.6348408290497318E+001                  6.8619521474683876E-001                  2.9380110766983697E-001                  2.0003677583324331E-002                  3.7332996048559280E-001                  1.4140508345806527E-004                  0.0000000000000000E+000 
                                     674                  4.6584280907770442E-001                 -6.1749530972358868E-001                  6.9249217796901865E+000                  1.3123934770772525E+000                  1.6358281263515142E+001                  6.8568206373020668E-001                  2.9431377769185840E-001                  2.0004158577934916E-002                  3.8941903644493231E-001                  1.6144614814588592E-004                  0.0000000000000000E+000 
                                     675                  4.6306199149841198E-001                 -6.1947705819311827E-001                  6.9272406795954327E+000                  1.3200651078135821E+000                  1.6368118180927631E+001                  6.8514777090302581E-001                  2.9484752565037270E-001                  2.0004703446601546E-002                  4.0616893761824530E-001                  1.8433707279244028E-004                  0.0000000000000000E+000 
                                     676                  4.5746275771361300E-001                 -6.2347925536235094E-001                  6.9303493754145071E+000                  1.3303382183911518E+000                  1.6381283552427043E+001                  6.8439962282576638E-001                  2.9559483288637489E-001                  2.0005544287858723E-002                  4.2967985778611334E-001                  2.2006358521322385E-004                  0.0000000000000000E+000 
                                     677                  4.5182619495309334E-001                 -6.2752485129518398E-001                  6.9334759668687918E+000                  1.3406220123227479E+000                  1.6394463794393435E+001                  6.8360965386238570E-001                  2.9638380910277684E-001                  2.0006537034837457E-002                  4.5456119304328291E-001                  2.6276599301449879E-004                  0.0000000000000000E+000 
                                     678                  4.4615259300189120E-001                 -6.3161507099700120E-001                  6.9366207809561731E+000                  1.3509175694715918E+000                  1.6407659470890493E+001                  6.8277545005379736E-001                  2.9721684024378114E-001                  2.0007709702421494E-002                  4.8089099760121601E-001                  3.1380338948727346E-004                  0.0000000000000000E+000 
                                     679                  4.4044226249740764E-001                 -6.3575118630448935E-001                  6.9397841410656698E+000                  1.3612256671884764E+000                  1.6420871171731601E+001                  6.8189558476675638E-001                  2.9809532160799873E-001                  2.0009093625244834E-002                  5.0875323263016237E-001                  3.7479426960925800E-004                  0.0000000000000000E+000 
                                     680                  4.3469553567568847E-001                 -6.3993452169215581E-001                  6.9429663671265534E+000                  1.3715477231562734E+000                  1.6434099513795701E+001                  6.8096684802942875E-001                  2.9902242351031444E-001                  2.0010728460256866E-002                  5.3823510268991059E-001                  4.4765867809150133E-004                  0.0000000000000000E+000 
                                     681                  4.2891276714761623E-001                 -6.4416645123563576E-001                  6.9461677755711975E+000                  1.3818848590080763E+000                  1.6447345141719392E+001                  6.7998700650681698E-001                  3.0000033446158164E-001                  2.0012659031601432E-002                  5.6943006343177183E-001                  5.3467185832203488E-004                  0.0000000000000000E+000 
                                     682                  4.2309433470604457E-001                 -6.4844840463662945E-001                  6.9485832742951610E+000                  1.3896765673644844E+000                  1.6457320673602464E+001                  6.7921592441428513E-001                  3.0076974149618591E-001                  2.0014334089528907E-002                  5.9405769129090324E-001                  6.1090571581941906E-004                  0.0000000000000000E+000 
                                     683                  4.2016748743600657E-001                 -6.5061174083804185E-001                  6.9510089424363501E+000                  1.3974291342555725E+000                  1.6467257026915512E+001                  6.7841467595494964E-001                  3.0156909357633144E-001                  2.0016230468718921E-002                  6.1967673753313623E-001                  6.9781249564737223E-004                  0.0000000000000000E+000 
                                     684                  4.1429637520293777E-001                 -6.5497151575371959E-001                  6.9534445033023591E+000                  1.4052338053185842E+000                  1.6477244411869894E+001                  6.7758037514211489E-001                  3.0240124824771730E-001                  2.0018376610167810E-002                  6.4645448052226562E-001                  7.9698208703839288E-004                  0.0000000000000000E+000 
                                     685                  4.1135211023990670E-001                 -6.5716817556020413E-001                  6.9558902154098368E+000                  1.4129995499448440E+000                  1.6487192007557013E+001                  6.7671369105327628E-001                  3.0326550434722799E-001                  2.0020804599495734E-002                  6.7430467664141824E-001                  9.0987340433409383E-004                  0.0000000000000000E+000 
                                     686                  4.0542919745047951E-001                 -6.6160936621415578E-001                  6.9591715097927906E+000                  1.4234108298524772E+000                  1.6500513812544519E+001                  6.7550150320664670E-001                  3.0447394728517108E-001                  2.0024549508182221E-002                  7.1339241044023383E-001                  1.0853602910387817E-003                  0.0000000000000000E+000 
                                     687                  3.9947238108229849E-001                 -6.6610690240692549E-001                  6.9624736412525063E+000                  1.4338445287633945E+000                  1.6513856582567186E+001                  6.7422334585586130E-001                  3.0574769058170903E-001                  2.0028963562429669E-002                  7.5474252883247206E-001                  1.2937558612675008E-003                  0.0000000000000000E+000 
                                     688                  3.9348216817542986E-001                 -6.7066253097102213E-001                  6.9657970062810017E+000                  1.4443022419496689E+000                  1.6527221152680902E+001                  6.7287603919720917E-001                  3.0708980009673664E-001                  2.0034160706054127E-002                  7.9848375547103922E-001                  1.5406944008296212E-003                  0.0000000000000000E+000 
                                     689                  3.8745909456307676E-001                 -6.7527807384319427E-001                  6.9691420290798396E+000                  1.4547857261330519E+000                  1.6540608394109857E+001                  6.7145598453468891E-001                  3.0850374287784604E-001                  2.0040272587465102E-002                  8.4475118863653653E-001                  1.8325099784356983E-003                  0.0000000000000000E+000 
                                     690                  3.8140372595545186E-001                 -6.7995543143639869E-001                  6.9725091619384481E+000                  1.4652969292639071E+000                  1.6554019215695103E+001                  6.6995908547301120E-001                  3.0999346392491728E-001                  2.0047450602071581E-002                  8.9368629816192435E-001                  2.1761897184514509E-003                  0.0000000000000000E+000 
                                     691                  3.7531665907219175E-001                 -6.8469658594527016E-001                  6.9758988856677426E+000                  1.4758377827102800E+000                  1.6567454565282134E+001                  6.6838136209572740E-001                  3.1156277308536856E-001                  2.0055864818903979E-002                  9.4543828582347544E-001                  2.5792569425398381E-003                  0.0000000000000000E+000 
                                     692                  3.6919852282693472E-001                 -6.8950360724347137E-001                  6.9793117101578943E+000                  1.4864102495897551E+000                  1.6580915431331302E+001                  6.6671881598883864E-001                  3.1321547972292935E-001                  2.0065704288231956E-002                  1.0001642420124532E+000                  3.0495300845894621E-003                  0.0000000000000000E+000 
                                     693                  3.6304997956741170E-001                 -6.9437865875316507E-001                  6.9827481750376759E+000                  1.4970164615132571E+000                  1.6594402844706639E+001                  6.6496703954762659E-001                  3.1495578295973770E-001                  2.0077177492635712E-002                  1.0580286411775714E+000                  3.5946991168161919E-003                  0.0000000000000000E+000 
                                     694                  3.5687172637451864E-001                 -6.9932400225221458E-001                  6.9862088504070492E+000                  1.5076587456465023E+000                  1.6607917880469259E+001                  6.6312114647240117E-001                  3.1678834341756645E-001                  2.0090510110032378E-002                  1.1192033239791190E+000                  4.2216589438510005E-003                  0.0000000000000000E+000 
                                     695                  3.5066449642442354E-001                 -7.0434200276748238E-001                  6.9896943376689871E+000                  1.5183394462648740E+000                  1.6621461659641479E+001                  6.6117629833356395E-001                  3.1871776469474045E-001                  2.0105936971695604E-002                  1.1838689497762125E+000                  4.9355484728607311E-003                  0.0000000000000000E+000 
                                     696                  3.4442906041801868E-001                 -7.0943513600727603E-001                  6.9932052705353547E+000                  1.5290609628475715E+000                  1.6635035351207559E+001                  6.5912760025313399E-001                  3.2074870689419893E-001                  2.0123692852667130E-002                  1.2522151658340068E+000                  5.7383773163824517E-003                  0.0000000000000000E+000 
                                     697                  3.3816622808041913E-001                 -7.1460599602637631E-001                  6.9967423162016438E+000                  1.5398258645372860E+000                  1.6648640174323162E+001                  6.5696977636419651E-001                  3.2288622369627212E-001                  2.0143999939531421E-002                  1.3244400555063285E+000                  6.6271531614399987E-003                  0.0000000000000000E+000 
                                     698                  3.3187684973596127E-001                 -7.1985730220164668E-001                  7.0003061766824395E+000                  1.5506369033563094E+000                  1.6662277400584088E+001                  6.5469713834870058E-001                  3.2513582267069757E-001                  2.0167038980601903E-002                  1.4007501679959380E+000                  7.5882262347574062E-003                  8.1546940546175573E-053 
                                     699                  3.2556181796426714E-001                 -7.2519190667828759E-001                  7.0038975849074507E+000                  1.5614968634856181E+000                  1.6675948356345792E+001                  6.5230403990568142E-001                  3.2750305446681083E-001                  2.0192905627507751E-002                  1.4813620115477735E+000                  8.6070039444122916E-003                  1.3812888958107538E-052 
                                     700                  3.1922206934305614E-001                 -7.3061280441954823E-001                  7.0075172834990376E+000                  1.5724086103105737E+000                  1.6689654425343214E+001                  6.4978482197899146E-001                  3.2999351375258801E-001                  2.0221664268420536E-002                  1.5665020425703831E+000                  9.6468949482452875E-003                  2.3831342549721742E-052 
                                     701                  3.1285858628396740E-001                 -7.3612314362093278E-001                  7.0111660052382012E+000                  1.5833751918058465E+000                  1.6703397051569858E+001                  6.4713356730725813E-001                  3.3261322710097335E-001                  2.0253205591768575E-002                  1.6564058070072631E+000                  1.0658075917177653E-002                  4.1265420864102230E-052 
                                     702                  3.0647239896877670E-001                 -7.4172623583188591E-001                  7.0148444708322168E+000                  1.5943998476711088E+000                  1.6717177742285859E+001                  6.4434409684432581E-001                  3.3536867930646269E-001                  2.0287223849211555E-002                  1.7513178862281991E+000                  1.1573270284554821E-002                  7.1721038035089862E-052 
                                     703                  3.0006458739226866E-001                 -7.4742556695511586E-001                  7.0176276537950466E+000                  1.6027448252443486E+000                  1.6727578528902821E+001                  6.4215305366138564E-001                  3.3753284672203093E-001                  2.0314099616583370E-002                  1.8261550080034203E+000                  1.2148130023659380E-002                  1.0892466270991878E-051 
                                     704                  2.9685043545598683E-001                 -7.5031450901809604E-001                  7.0204208361060356E+000                  1.6110565794196163E+000                  1.6737928240742804E+001                  6.3988651684124753E-001                  3.3977179714689698E-001                  2.0341686011855487E-002                  1.9036746712046499E+000                  1.2579180145920708E-002                  1.6556478795764328E-051 
                                     705                  2.9041247854401292E-001                 -7.5616504438279875E-001                  7.0241766575639240E+000                  1.6222407681827682E+000                  1.6751810790867729E+001                  6.3672525649650880E-001                  3.4289571672955627E-001                  2.0379026773934994E-002                  2.0122468322298666E+000                  1.2864682459995272E-002                  2.9059031391400964E-051 
                                     706                  2.8395583699553834E-001                 -7.6212138137370344E-001                  7.0270182686558300E+000                  1.6307091598137475E+000                  1.6762288122878193E+001                  6.3424563211192930E-001                  3.4534755849741683E-001                  2.0406809390653868E-002                  2.0977830690496932E+000                  1.2812037445196890E-002                  4.4460821234565035E-051 
                                     707                  2.8072300042275583E-001                 -7.6513834917250012E-001                  7.0298697149177869E+000                  1.6391455208717542E+000                  1.6772712486606828E+001                  6.3168379895067805E-001                  3.4788252527996893E-001                  2.0433675769353066E-002                  2.1863062473220376E+000                  1.2497322439446899E-002                  6.8080873439539612E-051 
                                     708                  2.7424056619526477E-001                 -7.7126149119549869E-001                  7.0337073782943431E+000                  1.6505123833617137E+000                  1.6786708550200473E+001                  6.2811228478027192E-001                  3.5142047617370276E-001                  2.0467239046025321E-002                  2.3102982135603329E+000                  1.1652617255174816E-002                  1.2074892479941134E-050 
                                     709                  2.6774273494298556E-001                 -7.7750144209508421E-001                  7.0375789452832151E+000                  1.6619592965005576E+000                  1.6800753254054591E+001                  6.2436518645893413E-001                  3.5513788008528702E-001                  2.0496933455778854E-002                  2.4409850216490798E+000                  1.0353199252574580E-002                  2.1509709400531541E-050 
                                     710                  2.6123093555545646E-001                 -7.8386306437020559E-001                  7.0414850972595868E+000                  1.6734907837259356E+000                  1.6814848657670762E+001                  6.2043535171479014E-001                  3.5904295737433128E-001                  2.0521690910878521E-002                  2.5786809289365231E+000                  8.7115099625566551E-003                  3.8487699681988931E-050 
                                     711                  2.5470666482673571E-001                 -7.9035151578005147E-001                  7.0454265150076107E+000                  1.6851119017802896E+000                  1.6828996919121685E+001                  6.1631474512855233E-001                  3.6314433433896792E-001                  2.0540920532479801E-002                  2.7237051828755758E+000                  6.9181738088983620E-003                  6.9181347710847253E-050 
                                     712                  2.4817149072883676E-001                 -7.9697226955052825E-001                  7.0494038783360633E+000                  1.6968283304713998E+000                  1.6843200300374900E+001                  6.1199428250458177E-001                  3.6745107017979195E-001                  2.0554647315626284E-002                  2.8763793141505509E+000                  5.2095750663963304E-003                  1.2493377408373315E-049 
                                     713                  2.4162705590489236E-001                 -8.0373113540483643E-001                  7.0534178662259661E+000                  1.7086462950771077E+000                  1.6857461172280569E+001                  6.0746410920214944E-001                  3.7197238261480264E-001                  2.0563508183047974E-002                  3.0370268801636571E+000                  3.8105685343066379E-003                  2.2669293455140819E-049 
                                     714                  2.3507508140263375E-001                 -8.1063428419105343E-001                  7.0564594494179049E+000                  1.7176251569089866E+000                  1.6868244281702662E+001                  6.0391320959023853E-001                  3.7551918671348250E-001                  2.0567603696278969E-002                  3.1633913813187067E+000                  3.0584225620651460E-003                  3.5594067554170093E-049 
                                     715                  2.3179622603691993E-001                 -8.1414233400461034E-001                  7.0595092434571285E+000                  1.7265784802810593E+000                  1.6878965939718817E+001                  6.0025242924812106E-001                  3.7917749179189320E-001                  2.0570078959985749E-002                  3.2936650784846675E+000                  2.5936258622530550E-003                  5.5918879056074687E-049 
                                     716                  2.2523659225923370E-001                 -8.2127408501903754E-001                  7.0636176454647144E+000                  1.7386789949227182E+000                  1.6893381114403269E+001                  5.9515132956353756E-001                  3.8427693602486818E-001                  2.0571734411594322E-002                  3.4756508989517454E+000                  2.3937609391408931E-003                  1.0272143622468841E-048 
                                     717                  2.1867410310350618E-001                 -8.2856731870007949E-001                  7.0667319179151189E+000                  1.7478829969586125E+000                  1.6904287362804329E+001                  5.9115221548926111E-001                  3.8827553958769390E-001                  2.0572244923044991E-002                  3.6186289946685894E+000                  2.5131317221991326E-003                  1.6282597947080757E-048 
                                     718                  2.1539239235975088E-001                 -8.3227656433293518E-001                  7.0698537257210514E+000                  1.7570636999623683E+000                  1.6915129207802870E+001                  5.8703177856041955E-001                  3.9239578295211414E-001                  2.0572438487466371E-002                  3.7657639189526280E+000                  2.8139094597005657E-003                  2.5821071025731502E-048 
                                     719                  2.0882918388644006E-001                 -8.3982701708766749E-001                  7.0730134364962929E+000                  1.7664189557212016E+000                  1.6926116570459740E+001                  5.8273856979096750E-001                  3.9668894822952649E-001                  2.0572481979506008E-002                  3.9194407569644629E+000                  3.2661706483241727E-003                  4.1173304743346618E-048 
                                     720                  2.0554877579303141E-001                 -8.4366899209100643E-001                  7.0761799180110225E+000                  1.7757521423265239E+000                  1.6937036572255991E+001                  5.7831806752791315E-001                  4.0110947414607101E-001                  2.0572458326015841E-002                  4.0773954161318544E+000                  3.8473111676186069E-003                  6.5673420381150704E-048 
                                     721                  1.9899029907169657E-001                 -8.5149533346625084E-001                  7.0804489487886970E+000                  1.7883944592204293E+000                  1.6951736600992916E+001                  5.7216024673548127E-001                  4.0726736626133825E-001                  2.0572387003180426E-002                  4.2976552783297572E+000                  4.8304708341321972E-003                  1.2319336685978220E-047 
                                     722                  1.9243770141881050E-001                 -8.5951760256044818E-001                  7.0836877712279183E+000                  1.7980338259183115E+000                  1.6962872990534898E+001                  5.6733475445951187E-001                  4.1209292592347713E-001                  2.0572319617011003E-002                  4.4704059681498052E+000                  5.7451477208507202E-003                  1.9848003010981421E-047 
                                     723                  1.8916317239385066E-001                 -8.6360645097485278E-001                  7.0869324116089656E+000                  1.8076547514065870E+000                  1.6973938322751732E+001                  5.6237177579025255E-001                  4.1705598010914186E-001                  2.0572244100605541E-002                  4.6476120343821465E+000                  6.8309671327939298E-003                  3.1981873681848185E-047 
                                     724                  1.8262371424958607E-001                 -8.7194258943189640E-001                  7.0902195206878540E+000                  1.8174819852836148E+000                  1.6985168785483882E+001                  5.5720271406728317E-001                  4.2222512686275609E-001                  2.0572159069960794E-002                  4.8324645353771691E+000                  8.1359335753836467E-003                  5.1851228140021434E-047 
                                     725                  1.7936010939026722E-001                 -8.7619088337980311E-001                  7.0935113720696110E+000                  1.8272919014969384E+000                  1.6996324314654473E+001                  5.5189097814042043E-001                  4.2753695790499519E-001                  2.0572063954584330E-002                  5.0218139783515250E+000                  9.6841933592285642E-003                  8.4060711752480646E-047 
                                     726                  1.7284041609028197E-001                 -8.8486588955241197E-001                  7.0979534677292309E+000                  1.8406151607489480E+000                  1.7011363509217780E+001                  5.4449684776727025E-001                  4.3493123555266094E-001                  2.0571916680068858E-002                  5.2853400667038093E+000                  1.2237470189098754E-002                  1.6126870956339022E-046 
                                     727                  1.6633722019590566E-001                 -8.9378313882633298E-001                  7.1013269022829695E+000                  1.8508019660905408E+000                  1.7022774739959473E+001                  5.3870622285130221E-001                  4.4072198973776189E-001                  2.0571787410935904E-002                  5.4916284608867469E+000                  1.4605490718125809E-002                  2.6441163808063041E-046 
                                     728                  1.6309011274219593E-001                 -8.9834010683745436E-001                  7.1047037168294844E+000                  1.8609758695460970E+000                  1.7034106251920068E+001                  5.3276337494868253E-001                  4.4666498518674180E-001                  2.0571639864575664E-002                  5.7024413511787539E+000                  1.7418991356814652E-002                  4.3339548207805766E-046 
                                     729                  1.5661694336559789E-001                 -9.0764825266010984E-001                  7.1092611073733183E+000                  1.8748125902862371E+000                  1.7049391264440235E+001                  5.2449804054879412E-001                  4.5493055325221404E-001                  2.0571406198991893E-002                  5.9953017695264315E+000                  2.2069752825828601E-002                  8.4392756073657216E-046 
                                     730                  1.5016806817212064E-001                 -9.1723636875408321E-001                  7.1138661936185050E+000                  1.8888762633378993E+000                  1.7064782275022051E+001                  5.1586205295795895E-001                  4.6356682644432806E-001                  2.0571120597713044E-002                  6.3003071208891734E+000                  2.7992333158153738E-002                  1.6534406892592938E-045 
                                     731                  1.4374691270131018E-001                 -9.2712200085801899E-001                  7.1185200876846766E+000                  1.9031806975834133E+000                  1.7080284227927990E+001                  5.0684199573149069E-001                  4.7258723544762787E-001                  2.0570768820881380E-002                  6.6176593347156558E+000                  3.5543143138527709E-002                  3.2597977051984962E-045 
                                     732                  1.3735709245219002E-001                 -9.3732439290462255E-001                  7.1232237337447177E+000                  1.9177405498673996E+000                  1.7095902330177811E+001                  4.9742394124545825E-001                  4.8200572619370236E-001                  2.0570332560839399E-002                  6.9475005495362403E+000                  4.5180542796043964E-002                  6.4678334809788261E-045 
                                     733                  1.3100242743259044E-001                 -9.4786472288901491E-001                  7.1279774429803693E+000                  1.9325639322674371E+000                  1.7111642066761252E+001                  4.8759361277732516E-001                  4.9183659874217600E-001                  2.0569788480498841E-002                  7.2897344528367931E+000                  5.7492092963465240E-002                  1.2914937484320017E-044 
                                     734                  1.2468695841729988E-001                 -9.5876657671458321E-001                  7.1327820334710941E+000                  1.9476643227161134E+000                  1.7127509244655620E+001                  4.7733628090917202E-001                  5.0209461259677268E-001                  2.0569106494055300E-002                  7.6442610568728426E+000                  7.3235799758428116E-002                  2.5955321539961281E-044 
                                     735                  1.1841496519473022E-001                 -9.7005620733595033E-001                  7.1376393142477266E+000                  1.9630589281415460E+000                  1.7143510027192750E+001                  4.6663655772623958E-001                  5.1279519427201847E-001                  2.0568248001741951E-002                  8.0109726733892170E+000                  9.3393876214293098E-002                  5.2511403636864134E-044 
                                     736                  1.1219098714121406E-001                 -9.8176288840281156E-001                  7.1425512144677992E+000                  1.9787667354711691E+000                  1.7159650962760931E+001                  4.5547795576909988E-001                  5.2395488081607711E-001                  2.0567163414823009E-002                  8.3896038290711576E+000                  1.1923878944928573E-001                  1.0697330773124802E-043 
                                     737                  1.0601984653656199E-001                 -9.9391939768956494E-001                  7.1475197661234553E+000                  1.9948086687864037E+000                  1.7175939014554650E+001                  4.4384300866012988E-001                  5.3559120233926572E-001                  2.0565789000604351E-002                  8.7796658091788089E+000                  1.5242265967024424E-001                  2.1948316571980633E-043 
                                     738                  9.9906675129011469E-002                 -1.0065626043750562E+000                  7.1525470784226446E+000                  2.0112079711629183E+000                  1.7192381591048445E+001                  4.3171292514773796E-001                  5.4772303182973758E-001                  2.0564043022524459E-002                  9.1803371295242471E+000                  1.9509557838970812E-001                  4.5367874624671153E-043 
                                     739                  9.3856944583421364E-002                 -1.0197341819546626E+000                  7.1576352644198842E+000                  2.0279905734526285E+000                  1.7208986575669556E+001                  4.1906746867206074E-001                  5.6037071080824175E-001                  2.0561820519697571E-002                  9.5903079571655390E+000                  2.5006259326817998E-001                  9.4501702304762440E-043 
                                     740                  8.7876501605415311E-002                 -1.0334814832949444E+000                  7.1627863307932857E+000                  2.0451855405681885E+000                  1.7225762353586997E+001                  4.0588481604900711E-001                  5.7355619685857395E-001                  2.0558987092418990E-002                  1.0007553252489602E+001                  3.2099228816022013E-001                  1.9842576234931301E-042 
                                     741                  8.1971608744083102E-002                 -1.0478586240238552E+000                  7.1680021025300285E+000                  2.0628200458803327E+000                  1.7242717832231246E+001                  3.9214149148083244E-001                  5.8730313746684015E-001                  2.0555371052327409E-002                  1.0428884079208698E+001                  4.1268994657042413E-001                  4.2008083578774726E-042 
                                     742                  7.6148992156167605E-002                 -1.0629280401637122E+000                  7.1745624357294249E+000                  2.0852502371033945E+000                  1.7263942546057333E+001                  3.7428686448989457E-001                  6.0516366867476534E-001                  2.0549466835340091E-002                  1.0947645420725571E+001                  5.6476697422394195E-001                  1.0769142777376937E-041 
                                     743                  6.7598028794153164E-002                 -1.0869674326122845E+000                  7.1826365702904242E+000                  2.1135122173785215E+000                  1.7290114559039335E+001                  3.5136726259987300E-001                  6.2809326210027727E-001                  2.0539475299849785E-002                  1.1552656793460843E+001                  8.2849218210646536E-001                  3.4256773037757154E-041 
                                     744                  5.9250278386207278E-002                 -1.1131132681738813E+000                  7.1895459005608471E+000                  2.1383451102919677E+000                  1.7312590303612190E+001                  3.3094870716611557E-001                  6.4852354153110070E-001                  2.0527751302783726E-002                  1.2018012593620073E+001                  1.1475672483913362E+000                  9.2109904339892400E-041 
                                     745                  5.3835522419266757E-002                 -1.1318268058090257E+000                  7.1964225992833715E+000                  2.1634970053468963E+000                  1.7334829279973597E+001                  3.0990394021418460E-001                  6.6958379196363516E-001                  2.0512267822180297E-002                  1.2395260001046223E+001                  1.5836565536053722E+000                  2.4600595339168662E-040 
                                     746                  4.5969549956672968E-002                 -1.1621862473967326E+000                  7.2035344939742094E+000                  2.1904076344947621E+000                  1.7358060826805609E+001                  2.8730516808708217E-001                  6.9220368260597975E-001                  2.0491149306938072E-002                  1.2655132061418785E+001                  2.2065316010397349E+000                  6.7966595358998815E-040 
                                     747                  4.0891008843016940E-002                 -1.1842884745746589E+000                  7.2085265742282374E+000                  2.2095469545905559E+000                  1.7374380733476809E+001                  2.7124384899705817E-001                  7.0828290411422790E-001                  2.0473246888713881E-002                  1.2740428299203954E+001                  2.7807277074670109E+000                  1.3833640464290935E-039 
                                     748                  3.7241679386019799E-002                 -1.2017155408380089E+000                  7.2128347102915900E+000                  2.2265004101279104E+000                  1.7388472415836461E+001                  2.5673851146193205E-001                  7.2280760758865614E-001                  2.0453880949411807E-002                  1.2694838743431539E+001                  3.3926288829588023E+000                  2.5587184802722461E-039 
                                     749                  3.3592349929022658E-002                 -1.2207206075673860E+000                  7.2171893793923054E+000                  2.2438666259547344E+000                  1.7402768187938193E+001                  2.4196513924645158E-001                  7.3760233832074051E-001                  2.0432522432807909E-002                  1.2551788676024609E+001                  4.1385727408740971E+000                  4.7576334133261433E-039 
                                     750                  3.0122159182653652E-002                 -1.2405773303316772E+000                  7.2215942246341873E+000                  2.2619863764487702E+000                  1.7417282852831956E+001                  2.2633322683187010E-001                  7.5326098339635117E-001                  2.0405789771778760E-002                  1.2246177580415781E+001                  5.0548592654411539E+000                  8.9313379394174694E-039 
                                     751                  2.6651968436284645E-002                 -1.2625813129570878E+000                  7.2260326354956064E+000                  2.2805550506438035E+000                  1.7431987667607565E+001                  2.1046975499050341E-001                  7.6915394760027800E-001                  2.0376297409218536E-002                  1.1802563215594729E+001                  6.1622204068311142E+000                  1.6827989737689465E-038 
                                     752                  2.3411162266049390E-002                 -1.2855796930932877E+000                  7.2305038119930201E+000                  2.2998053852180718E+000                  1.7446889473679253E+001                  1.9399799350282701E-001                  7.8565956943181570E-001                  2.0342437065357322E-002                  1.1173412390821285E+001                  7.4904959370018096E+000                  3.1900226551374972E-038 
                                     753                  2.0170356095814135E-002                 -1.3116351204759733E+000                  7.2338995580760015E+000                  2.3148941323280825E+000                  1.7458351346029392E+001                  1.8097484097947614E-001                  7.9871222633506045E-001                  2.0312932685463414E-002                  1.0549620757162609E+001                  8.6534669709418566E+000                  5.1958537114013229E-038 
                                     754                  1.8719134737701315E-002                 -1.3245405847318878E+000                  7.2360444035020199E+000                  2.3243506274349142E+000                  1.7465604100557233E+001                  1.7277411423461964E-001                  8.0693187084891038E-001                  2.0294014916469982E-002                  1.0110580973886671E+001                  9.4503264153811450E+000                  7.0608211031761583E-038 
                                     755                  1.7267913379588495E-002                 -1.3383898733310642E+000                  7.2382403726298676E+000                  2.3341784909526893E+000                  1.7473077033234055E+001                  1.6407830564642381E-001                  8.1564882800635885E-001                  2.0272866347217366E-002                  9.5965620559459257E+000                  1.0315194111054833E+001                  9.6755606299566971E-038 
                                     756                  1.5816692021475676E-002                 -1.3533445875153025E+000                  7.2404919254754665E+000                  2.3443411528189158E+000                  1.7480796532811063E+001                  1.5506056978014512E-001                  8.2468893905972895E-001                  2.0250491160125894E-002                  9.0254815799473640E+000                  1.1246632490150818E+001                  1.3364321174867858E-037 
                                     757                  1.4365470663362856E-002                 -1.3696157579447592E+000                  7.2424224939944573E+000                  2.3531099136558216E+000                  1.7487481438320714E+001                  1.4739333230621310E-001                  8.3237538794548982E-001                  2.0231279748297082E-002                  8.5188192119952202E+000                  1.2080722776485979E+001                  1.7617985986042407E-037 
                                     758                  1.3394650009621534E-002                 -1.3813702299493580E+000                  7.2439989360494472E+000                  2.3604613184109917E+000                  1.7492972111678888E+001                  1.4093817091458682E-001                  8.3884703261081628E-001                  2.0214796474596897E-002                  8.0718880774377890E+000                  1.2775359456989017E+001                  2.2103755005744244E-037 
                                     759                  1.2423829355880323E-002                 -1.3939398073806568E+000                  7.2456069379461372E+000                  2.3681357412240520E+000                  1.7498617061022024E+001                  1.3425261646620232E-001                  8.4554983285672092E-001                  2.0197550677076737E-002                  7.5955561428205263E+000                  1.3492397429815394E+001                  2.7880424009830200E-037 
                                     760                  1.1453008702139113E-002                 -1.4074527127961318E+000                  7.2472488577652960E+000                  2.3761806122951401E+000                  1.7504433336699197E+001                  1.2732849958204584E-001                  8.5249194219500912E-001                  2.0179558222945038E-002                  7.0910809211150125E+000                  1.4225986123250301E+001                  3.5372609441564288E-037 
                                     761                  1.0482188048397789E-002                 -1.4220701966942777E+000                  7.2485791074932724E+000                  2.3829132479528377E+000                  1.7509199821802465E+001                  1.2158976110380140E-001                  8.5824577236506261E-001                  2.0164466531136016E-002                  6.6653751223249191E+000                  1.4812556217407458E+001                  4.2946548538309189E-037 
                                     762                  9.9148176414607936E-003                 -1.4312030315267907E+000                  7.2495733507140967E+000                  2.3879981782990338E+000                  1.7512783053125450E+001                  1.1733260893909193E-001                  8.6251401605678313E-001                  2.0153375004124952E-002                  6.3484942982383776E+000                  1.5246007546353722E+001                  4.9646731870139071E-037 
                                     763                  9.3474472345237980E-003                 -1.4408337327890821E+000                  7.2510847561363372E+000                  2.3958629670297635E+000                  1.7518262844707600E+001                  1.1081472989429536E-001                  8.6904881222112929E-001                  2.0136457884575298E-002                  5.8605236287251250E+000                  1.5884236149135505E+001                  6.1919547119145024E-037 
                                     764                  8.2127064206496958E-003                 -1.4618467067195933E+000                  7.2525700549259993E+000                  2.4038504431632903E+000                  1.7523761476140550E+001                  1.0426935238458429E-001                  8.7561127319528820E-001                  2.0119374420127567E-002                  5.3682482328378045E+000                  1.6471943913375814E+001                  7.7039166590600601E-037 
                                     765                  7.7251793759365870E-003                 -1.4717145072505151E+000                  7.2534741319671898E+000                  2.4087490035651697E+000                  1.7527131412954308E+001                  1.0029279516683652E-001                  8.7959810893020018E-001                  2.0109095902963281E-002                  5.0701074996064390E+000                  1.6807036925837547E+001                  8.7994607874605923E-037 
                                     766                  7.2376523312234764E-003                 -1.4821812887587038E+000                  7.2548482687211315E+000                  2.4163209703297852E+000                  1.7532295585734524E+001                  9.4154741090405808E-002                  8.8575196840826309E-001                  2.0093290501331129E-002                  4.6112461390334696E+000                  1.7263923798662436E+001                  1.0777502114457513E-036 
                                     767                  6.2625982417971460E-003                 -1.5052607291052467E+000                  7.2567356302638375E+000                  2.4270180797593759E+000                  1.7539559945195002E+001                  8.5606787731515824E-002                  8.9432171013033501E-001                  2.0071502138149122E-002                  3.9813943701343035E+000                  1.7768776686366824E+001                  1.4257963306548769E-036 
                                     768                  5.2875441523708164E-003                 -1.5319965726653062E+000                  7.2586964469253035E+000                  2.4385416552135655E+000                  1.7547315362401815E+001                  7.6514905662169452E-002                  9.0343650144314369E-001                  2.0048592894686856E-002                  3.3293179272883773E+000                  1.8079153546375117E+001                  1.9108931750812104E-036 
                                     769                  4.3013421295173271E-003                 -1.5642612068164110E+000                  7.2611602021854313E+000                  2.4533082239813386E+000                  1.7557378419258345E+001                  6.5296277844066580E-002                  9.1468288178143253E-001                  2.0020840374500914E-002                  2.5679070762974630E+000                  1.8143534850076247E+001                  2.7604566435478423E-036 
                                     770                  2.9152762369129563E-003                 -1.6242301151076131E+000                  7.2640459684971024E+000                  2.4714409071624135E+000                  1.7569960729513728E+001                  5.2301301842605702E-002                  9.2770930825010689E-001                  1.9989389907287380E-002                  1.7642609089042318E+000                  1.7579515410374235E+001                  4.2576470950151531E-036 
                                     771                  1.7156846276596416E-003                 -1.7045988911359058E+000                  7.2665941499932867E+000                  2.4882460153650867E+000                  1.7581995499521405E+001                  4.1197044788199209E-002                  9.3883960200243943E-001                  1.9963353209361379E-002                  1.1643681394118242E+000                  1.6381944067348634E+001                  6.2532897942972291E-036 
                                     772                  8.5311415020711257E-004                 -1.8088891625402819E+000                  7.2683825388620091E+000                  2.5007422635310506E+000                  1.7591207876006752E+001                  3.3583124915112401E-002                  9.4647112966669678E-001                  1.9945745418190830E-002                  8.0915619152929208E-001                  1.5040797044851569E+001                  8.2094885731030245E-036 
                                     773                  4.7075807497126698E-004                 -1.8966271944738726E+000                  7.2694017542797518E+000                  2.5080248807597632E+000                  1.7596727158697213E+001                  2.9431078799325518E-002                  9.5063267446366118E-001                  1.9936246737013330E-002                  6.3768445057179213E-001                  1.4104342522521936E+001                  9.5874015355100280E-036 
                                     774                  2.4037935970394608E-004                 -1.9951537309889951E+000                  7.2700920532038653E+000                  2.5130656967252825E+000                  1.7600623374188601E+001                  2.6700444148806794E-002                  9.5336953613223430E-001                  1.9930019718958913E-002                  5.3421542570242719E-001                  1.3397160853171176E+001                  1.0652112715603827E-035 
                                     775                  1.2519000207028563E-004                 -2.0903498876941220E+000                  7.2705097098667419E+000                  2.5161542802678545E+000                  1.7603043915996221E+001                  2.5087006377746926E-002                  9.5498664543390299E-001                  1.9926348188350040E-002                  4.7671895296293787E-001                  1.2942513855841929E+001                  1.1353459276189875E-035 
                                     776                  6.7595323253455408E-005                 -2.1800282035219110E+000                  7.2707618510320033E+000                  2.5180336508386221E+000                  1.7604529817380062E+001                  2.4128211995548845E-002                  9.5594761977442611E-001                  1.9924168230025074E-002                  4.4387130891768184E-001                  1.2658660538338285E+001                  1.1799242135538330E-035 
                                     777                  3.8797983845040296E-005                 -2.2606748199839517E+000                  7.2709119754509333E+000                  2.5191580122666792E+000                  1.7605423635678410E+001                  2.3563067225100067E-002                  9.5651404904678028E-001                  1.9922883728119678E-002                  4.2497908394930939E-001                  1.2486410096754387E+001                  1.2073006172156996E-035 
                                     778                  2.4399314140832740E-005                 -2.3279815706987517E+000                  7.2709990454510196E+000                  2.5198119613486725E+000                  1.7605945199031797E+001                  2.3237313688889049E-002                  9.5684054288035592E-001                  1.9922143430755046E-002                  4.1424926911637211E-001                  1.2385427002240808E+001                  1.2234709939777476E-035 
                                     779                  1.7199979288728962E-005                 -2.3786905517075883E+000                  7.2710640348971021E+000                  2.5203006783472590E+000                  1.7606335811374947E+001                  2.2995248003152915E-002                  9.5708315865872762E-001                  1.9921593338119492E-002                  4.0635217756943703E-001                  1.2309583539551815E+001                  1.2356806726403455E-035 
                                     780                  1.0000644436680695E-005                 -2.4572986562655177E+000                  7.2711297353983317E+000                  2.5207959387525678E+000                  1.7606732372474724E+001                  2.2751257035832313E-002                  9.5732770405438639E-001                  1.9921038909781252E-002                  3.9845830596707388E-001                  1.2232412724116712E+001                  1.2481519686862938E-035 
                                     781                  5.0003222191730154E-006                 -2.5577351505972330E+000                  7.2711804454834930E+000                  2.5211789683513519E+000                  1.7607039568679802E+001                  2.2563458211363241E-002                  9.5751592960247744E-001                  1.9920612186159259E-002                  3.9242774736227787E-001                  1.2172517864764851E+001                  1.2578662433306093E-035 
                                     782                  2.5001611104746857E-006                 -2.6581370946422087E+000                  7.2712123181017692E+000                  2.5214199712191769E+000                  1.7607233083077013E+001                  2.2445685560825795E-002                  9.5763396985915461E-001                  1.9920344580019567E-002                  3.8866603239453568E-001                  1.2134737777159792E+001                  1.2640110283409097E-035 
                                     783                  1.2500805560700101E-006                 -2.7585173022310174E+000                  7.2712323677408000E+000                  2.5215716780458943E+000                  1.7607354986644022E+001                  2.2371704994317735E-002                  9.5770811852630666E-001                  1.9920176479375606E-002                  3.8631102845130039E-001                  1.2110919075605837E+001                  1.2678919891037067E-035 
                                     784                  6.2504027886767233E-007                 -2.8588838108975030E+000                  7.2712449867890392E+000                  2.5216672014641817E+000                  1.7607431779905095E+001                  2.2325184108042302E-002                  9.5775474511875369E-001                  1.9920070773204013E-002                  3.8483329543777572E-001                  1.2095906953454268E+001                  1.2703408061996529E-035 
                                     785                  3.1252014026650349E-007                 -2.9592416529473042E+000                  7.2712529317761962E+000                  2.5217273591667833E+000                  1.7607480156122143E+001                  2.2295911103699311E-002                  9.5778408463820142E-001                  1.9920004258099255E-002                  3.8390468977106734E-001                  1.2086447067915307E+001                  1.2718850400688921E-035 
                                     786                  1.5626007093816341E-007                 -3.0595939517182305E+000                  7.2712579350405262E+000                  2.5217652488110418E+000                  1.7607510630979739E+001                  2.2277483493359767E-002                  9.5780255412042037E-001                  1.9919962386219847E-002                  3.8332061975650256E-001                  1.2080486609474933E+001                  1.2728584748889433E-035 
                                     787                  7.8130036273993397E-008                 -3.1599425871295734E+000                  7.2712621366276231E+000                  2.5217970693682714E+000                  1.7607536227854265E+001                  2.2262013122013577E-002                  9.5781805964418321E-001                  1.9919927233803203E-002                  3.8283057620100475E-001                  1.2075479527363816E+001                  1.2736765034632528E-035 
