                                       1                                        2                                        3                                        4                                        5                                        6                                        7                                        8                                        9                                       10                                       11                                       12                                       13                                       14                                       15                                       16                                       17                                       18                                       19                                       20                                       21                                       22                                       23                                       24                                       25                                       26                                       27                                       28                                       29                                       30                                       31                                       32                                       33                                       34                                       35                                       36                                       37                                       38                                       39                                       40                                       41                                       42                                       43                                       44                                       45                                       46                                       47                                       48                                       49 
                            model_number                                num_zones                             initial_mass                                initial_z                                 star_age                                time_step                                     Teff                            photosphere_L                            photosphere_r                               center_eta                                center_h1                               center_he3                               center_he4                               center_c12                               center_n14                               center_o16                              center_ne20                                star_mass                                star_mdot                             star_mass_h1                            star_mass_he3                            star_mass_he4                            star_mass_c12                            star_mass_n14                            star_mass_o16                           star_mass_ne20                             he_core_mass                             co_core_mass                             fe_core_mass                   neutron_rich_core_mass                             dynamic_time                             kh_timescale                            nuc_timescale                           power_nuc_burn                             power_h_burn                            power_he_burn                                power_neu                                burn_min1                                burn_min2                             time_seconds                           version_number                                 compiler                                    build                         MESA_SDK_version                             math_backend                                     date                                     msun                                     rsun                                     lsun 
                                      50                                      700                  1.0000000000000000E+000                  2.0000000000000000E-002                  4.5497190750010669E-001                  7.5836984583351114E-002                  4.3821602222837646E+003                  1.1323388010838062E+000                  1.8461409291491933E+000                 -4.0635548042843830E+000                  6.9999999999999829E-001                  2.9797635253022751E-005                  2.7997020236474884E-001                  3.4468833607861236E-003                  1.0103427409336066E-003                  9.3805276451495410E-003                  2.0850244238750366E-003                  1.0000000000000000E+000                  0.0000000000000000E+000                  6.9999999999999962E-001                  2.9797635251291324E-005                  2.7997020236474884E-001                  3.4468833607861284E-003                  1.0103427409336066E-003                  9.3805276451495462E-003                  2.0850244238750362E-003                  0.0000000000000000E+000                  0.0000000000000000E+000                  0.0000000000000000E+000                  0.0000000000000000E+000                  2.5104659338615791E+004                  1.1265219758261416E+007                  8.8312791104823093E+009                  1.1866327756031077E-005                  1.1866327756031082E-005                  0.0000000000000000E+000                  4.7485860608396027E-007                  5.0000000000000000E+001                  1.0000000000000000E+003                  1.4357821468125368E+007                               "r25.12.1"                               "gfortran"                                 "13.3.0"                  "aarch64-macos-25.12.1"                                 "CRMATH"                               "20260306"                  1.9884098706980504E+033                  6.9570000000000000E+010                  3.8280000000000003E+033 

                                       1                                        2                                        3                                        4                                        5                                        6                                        7                                        8                                        9                                       10                                       11                                       12 
                                    zone                                     mass                                     logR                                     logT                                   logRho                                     logP                        x_mass_fraction_H                       y_mass_fraction_He                   z_mass_fraction_metals                                       pp                                      cno                                tri_alpha 
                                       1                  1.0000000000000000E+000                  2.6626485076122375E-001                  3.6417375869668711E+000                 -6.8157072903941813E+000                  4.6281996824472280E+000                  7.0000000000000007E-001                  2.8000000000000003E-001                  1.9999999999999907E-002                  2.2430936682122664E-026                  0.0000000000000000E+000                  0.0000000000000000E+000 
                                       2                  9.9999999999899991E-001                  2.6626463857000626E-001                  3.6418486693803889E+000                 -6.8149338283220660E+000                  4.6290863378419829E+000                  7.0000000000000007E-001                  2.8000000000000003E-001                  1.9999999999999907E-002                  2.2470935958674175E-026                  0.0000000000000000E+000                  0.0000000000000000E+000 
                                       3                  9.9999999999775002E-001                  2.6626437380250889E-001                  3.6419723384221823E+000                 -6.8140768027317007E+000                  4.6300693944733728E+000                  7.0000000000000007E-001                  2.8000000000000003E-001                  1.9999999999999907E-002                  2.2515340012426072E-026                  0.0000000000000000E+000                  0.0000000000000000E+000 
                                       4                  9.9999999999650002E-001                  2.6626410955649832E-001                  3.6421581922170869E+000                 -6.8127957964333890E+000                  4.6315398232581018E+000                  7.0000000000000007E-001                  2.8000000000000003E-001                  1.9999999999999907E-002                  2.2581874957063067E-026                  0.0000000000000000E+000                  0.0000000000000000E+000 
                                       5                  9.9999999999400002E-001                  2.6626358261959621E-001                  3.6425313264929833E+000                 -6.8102501476998869E+000                  4.6344658430600951E+000                  7.0000000000000007E-001                  2.8000000000000003E-001                  1.9999999999999907E-002                  2.2714679179380933E-026                  0.0000000000000000E+000                  0.0000000000000000E+000 
                                       6                  9.9999999998900002E-001                  2.6626253489938156E-001                  3.6434084981211829E+000                 -6.8043929191477392E+000                  4.6412175845280572E+000                  7.0000000000000007E-001                  2.8000000000000003E-001                  1.9999999999999907E-002                  2.3023219600399504E-026                  0.0000000000000000E+000                  0.0000000000000000E+000 
                                       7                  9.9999999997650002E-001                  2.6625995065517488E-001                  3.6446862305675292E+000                 -6.7962298503977090E+000                  4.6506846304215106E+000                  7.0000000000000007E-001                  2.8000000000000003E-001                  1.9999999999999907E-002                  2.3460228820349302E-026                  0.0000000000000000E+000                  0.0000000000000000E+000 
                                       8                  9.9999999996400013E-001                  2.6625741448633061E-001                  3.6466371818195906E+000                 -6.7843973383367766E+000                  4.6645094732872110E+000                  7.0000000000000007E-001                  2.8000000000000003E-001                  1.9999999999999907E-002                  2.4108452203274281E-026                  0.0000000000000000E+000                  0.0000000000000000E+000 
                                       9                  9.9999999993899991E-001                  2.6625247835330224E-001                  3.6506761172851574E+000                 -6.7621287988038352E+000                  4.6909062336886782E+000                  7.0000000000000007E-001                  2.8000000000000003E-001                  1.9999999999999907E-002                  2.5377371941645047E-026                  0.0000000000000000E+000                  0.0000000000000000E+000 
                                      10                  9.9999999988900001E-001                  2.6624309906717969E-001                  3.6553465719831144E+000                 -6.7400099647992429E+000                  4.7178030519089225E+000                  7.0000000000000007E-001                  2.8000000000000003E-001                  1.9999999999999907E-002                  2.6703883255381083E-026                  0.0000000000000000E+000                  0.0000000000000000E+000 
                                      11                  9.9999999985774990E-001                  2.6623752780760263E-001                  3.6590566836881706E+000                 -6.7241908909561960E+000                  4.7374166437579648E+000                  7.0000000000000007E-001                  2.8000000000000003E-001                  1.9999999999999907E-002                  2.7694914569171284E-026                  0.0000000000000000E+000                  0.0000000000000000E+000 
                                      12                  9.9999999982650001E-001                  2.6623215562538621E-001                  3.6647746781399948E+000                 -6.7021800306400747E+000                  4.7652713264027762E+000                  7.0000000000000007E-001                  2.8000000000000003E-001                  1.9999999999999907E-002                  2.9135346171519048E-026                  0.0000000000000000E+000                  0.0000000000000000E+000 
                                      13                  9.9999999976400000E-001                  2.6622194168662877E-001                  3.6707980862054943E+000                 -6.6821520411355415E+000                  4.7914490314140652E+000                  7.0000000000000007E-001                  2.8000000000000003E-001                  1.9999999999999907E-002                  3.0511027484873448E-026                  0.0000000000000000E+000                  0.0000000000000000E+000 
                                      14                  9.9999999973275000E-001                  2.6621706462884720E-001                  3.6748814631362801E+000                 -6.6697001755267644E+000                  4.8080641207194628E+000                  7.0000000000000007E-001                  2.8000000000000003E-001                  1.9999999999999907E-002                  3.1398881983125342E-026                  0.0000000000000000E+000                  0.0000000000000000E+000 
                                      15                  9.9999999970150000E-001                  2.6621232526054023E-001                  3.6790331171608939E+000                 -6.6579248871153025E+000                  4.8240675947597218E+000                  7.0000000000000007E-001                  2.8000000000000003E-001                  1.9999999999999907E-002                  3.2262255996701193E-026                  0.0000000000000000E+000                  0.0000000000000000E+000 
                                      16                  9.9999999967024988E-001                  2.6620771251816544E-001                  3.6832444383800866E+000                 -6.6467738309872040E+000                  4.8395028938006357E+000                  7.0000000000000007E-001                  2.8000000000000003E-001                  1.9999999999999907E-002                  3.3101740982401118E-026                  0.0000000000000000E+000                  0.0000000000000000E+000 
                                      17                  9.9999999963900010E-001                  2.6620321656470941E-001                  3.6896204279540652E+000                 -6.6310794628207663E+000                  4.8616744690271325E+000                  7.0000000000000007E-001                  2.8000000000000003E-001                  1.9999999999999907E-002                  3.4320406054383363E-026                  0.0000000000000000E+000                  0.0000000000000000E+000 
                                      18                  9.9999999957649999E-001                  2.6619454340811477E-001                  3.6982703972765125E+000                 -6.6119439237035591E+000                  4.8895808456643746E+000                  7.0000000000000007E-001                  2.8000000000000003E-001                  1.9999999999999907E-002                  3.5867154906365605E-026                  0.0000000000000000E+000                  0.0000000000000000E+000 
                                      19                  9.9999999951399998E-001                  2.6618624361803889E-001                  3.7069450935374477E+000                 -6.5944995045512638E+000                  4.9158037477438459E+000                  7.0000000000000007E-001                  2.8000000000000003E-001                  1.9999999999999907E-002                  3.7337883773716844E-026                  0.0000000000000000E+000                  0.0000000000000000E+000 
                                      20                  9.9999999945149987E-001                  2.6617827015291839E-001                  3.7134176738411431E+000                 -6.5823603522059324E+000                  4.9344828249718926E+000                  7.0000000000000007E-001                  2.8000000000000003E-001                  1.9999999999999907E-002                  3.8396776231937979E-026                  0.0000000000000000E+000                  0.0000000000000000E+000 
                                      21                  9.9999999942025009E-001                  2.6617439315358365E-001                  3.7176934146941090E+000                 -6.5746550894663383E+000                  4.9465040608746040E+000                  7.0000000000000007E-001                  2.8000000000000003E-001                  1.9999999999999907E-002                  3.9084433389185546E-026                  0.0000000000000000E+000                  0.0000000000000000E+000 
                                      22                  9.9999999938899997E-001                  2.6617058423234286E-001                  3.7240425218093733E+000                 -6.5636278012966898E+000                  4.9639347425134881E+000                  7.0000000000000007E-001                  2.8000000000000003E-001                  1.9999999999999907E-002                  4.0090049994857168E-026                  0.0000000000000000E+000                  0.0000000000000000E+000 
                                      23                  9.9999999932649997E-001                  2.6616315709330451E-001                  3.7323983793178233E+000                 -6.5498417463637875E+000                  4.9861395452838311E+000                  7.0000000000000007E-001                  2.8000000000000003E-001                  1.9999999999999907E-002                  4.1383728244338220E-026                  0.0000000000000000E+000                  0.0000000000000000E+000 
                                      24                  9.9999999926399996E-001                  2.6615596165202765E-001                  3.7406582129273112E+000                 -6.5370300612703929E+000                  5.0072654270350609E+000                  7.0000000000000007E-001                  2.8000000000000003E-001                  1.9999999999999907E-002                  4.2623378091080566E-026                  0.0000000000000000E+000                  0.0000000000000000E+000 
                                      25                  9.9999999920149996E-001                  2.6614897503366508E-001                  3.7468498786918714E+000                 -6.5280613979636479E+000                  5.0224626130964225E+000                  7.0000000000000007E-001                  2.8000000000000003E-001                  1.9999999999999907E-002                  4.3513216260543256E-026                  0.0000000000000000E+000                  0.0000000000000000E+000 
                                      26                  9.9999999917024995E-001                  2.6614555300238280E-001                  3.7509841120513538E+000                 -6.5223746156217368E+000                  5.0323067536713602E+000                  7.0000000000000007E-001                  2.8000000000000003E-001                  1.9999999999999907E-002                  4.4087040290680683E-026                  0.0000000000000000E+000                  0.0000000000000000E+000 
                                      27                  9.9999999913899995E-001                  2.6614217540878987E-001                  3.7572331144497975E+000                 -6.5142963400682579E+000                  5.0466672603978413E+000                  7.0000000000000007E-001                  2.8000000000000003E-001                  1.9999999999999907E-002                  4.4915214865569751E-026                  0.0000000000000000E+000                  0.0000000000000000E+000 
                                      28                  9.9999999907649995E-001                  2.6613554448364551E-001                  3.7658561955138414E+000                 -6.5045248011412662E+000                  5.0651056399279311E+000                  7.0000000000000007E-001                  2.8000000000000003E-001                  1.9999999999999907E-002                  4.5937803805243274E-026                  0.0000000000000000E+000                  0.0000000000000000E+000 
                                      29                  9.9999999901400005E-001                  2.6612906079340887E-001                  3.7725738168866720E+000                 -6.4979423665508254E+000                  5.0784390009595199E+000                  7.0000000000000007E-001                  2.8000000000000003E-001                  1.9999999999999907E-002                  4.6639748993779643E-026                  0.0000000000000000E+000                  0.0000000000000000E+000 
                                      30                  9.9999999898274994E-001                  2.6612586760647711E-001                  3.7771126103107941E+000                 -6.4938365810767467E+000                  5.0871060409660220E+000                  7.0000000000000007E-001                  2.8000000000000003E-001                  1.9999999999999907E-002                  4.7083009240080715E-026                  0.0000000000000000E+000                  0.0000000000000000E+000 
                                      31                  9.9999999895149994E-001                  2.6612270439598401E-001                  3.7839978556426819E+000                 -6.4880714546292921E+000                  5.0997910406986886E+000                  7.0000000000000007E-001                  2.8000000000000003E-001                  1.9999999999999907E-002                  4.7712533405276978E-026                  0.0000000000000000E+000                  0.0000000000000000E+000 
                                      32                  9.9999999888899993E-001                  2.6611646119852261E-001                  3.7944913174156731E+000                 -6.4802611119818376E+000                  5.1181508177888855E+000                  7.0000000000000007E-001                  2.8000000000000003E-001                  1.9999999999999907E-002                  4.8578835988579599E-026                  0.0000000000000000E+000                  0.0000000000000000E+000 
                                      33                  9.9999999881087498E-001                  2.6610879592592618E-001                  3.8031891640284652E+000                 -6.4742810006202740E+000                  5.1328801744036161E+000                  7.0000000000000007E-001                  2.8000000000000003E-001                  1.9999999999999907E-002                  4.9252754329800217E-026                  0.0000000000000000E+000                  0.0000000000000000E+000 
                                      34                  9.9999999877181245E-001                  2.6610501555281463E-001                  3.8088860786645853E+000                 -6.4704656497830637E+000                  5.1424296666524452E+000                  7.0000000000000007E-001                  2.8000000000000003E-001                  1.9999999999999907E-002                  4.9687597085833052E-026                  0.0000000000000000E+000                  0.0000000000000000E+000 
                                      35                  9.9999999873274992E-001                  2.6610126814803331E-001                  3.8172411002983444E+000                 -6.4649399249459787E+000                  5.1563718500493021E+000                  7.0000000000000007E-001                  2.8000000000000003E-001                  1.9999999999999907E-002                  5.0324191736295233E-026                  0.0000000000000000E+000                  0.0000000000000000E+000 
                                      36                  9.9999999865462497E-001                  2.6609386780930150E-001                  3.8252322432624331E+000                 -6.4594899376506207E+000                  5.1698812402400511E+000                  7.0000000000000007E-001                  2.8000000000000003E-001                  1.9999999999999907E-002                  5.0960051874890470E-026                  0.0000000000000000E+000                  0.0000000000000000E+000 
                                      37                  9.9999999861556244E-001                  2.6609021364392965E-001                  3.8303905325012000E+000                 -6.4559198239743907E+000                  5.1786598395046237E+000                  7.0000000000000007E-001                  2.8000000000000003E-001                  1.9999999999999907E-002                  5.1380933902456925E-026                  0.0000000000000000E+000                  0.0000000000000000E+000 
                                      38                  9.9999999857649990E-001                  2.6608658930334861E-001                  3.8378719193879145E+000                 -6.4506400343243726E+000                  5.1915041586245927E+000                  7.0000000000000007E-001                  2.8000000000000003E-001                  1.9999999999999907E-002                  5.2009752120784222E-026                  0.0000000000000000E+000                  0.0000000000000000E+000 
                                      39                  9.9999999849837484E-001                  2.6607942794532502E-001                  3.8472503255815851E+000                 -6.4435867137616611E+000                  5.2080606232860260E+000                  7.0000000000000007E-001                  2.8000000000000003E-001                  1.9999999999999907E-002                  5.2861823617054394E-026                  0.0000000000000000E+000                  0.0000000000000000E+000 
                                      40                  9.9999999842025000E-001                  2.6607238160885632E-001                  3.8538466993716138E+000                 -6.4382706793404125E+000                  5.2200772604813741E+000                  7.0000000000000007E-001                  2.8000000000000003E-001                  1.9999999999999907E-002                  5.3513239172654374E-026                  0.0000000000000000E+000                  0.0000000000000000E+000 
                                      41                  9.9999999838118747E-001                  2.6606890117698156E-001                  3.8580871909331678E+000                 -6.4347560867034792E+000                  5.2279077697794625E+000                  7.0000000000000007E-001                  2.8000000000000003E-001                  1.9999999999999907E-002                  5.3948312978333201E-026                  0.0000000000000000E+000                  0.0000000000000000E+000 
                                      42                  9.9999999834212494E-001                  2.6606544871468746E-001                  3.8642200785224432E+000                 -6.4295235474042105E+000                  5.2393953682359795E+000                  7.0000000000000007E-001                  2.8000000000000003E-001                  1.9999999999999907E-002                  5.4602616490233388E-026                  0.0000000000000000E+000                  0.0000000000000000E+000 
                                      43                  9.9999999826399999E-001                  2.6605862624188892E-001                  3.8718739467004215E+000                 -6.4224945587553801E+000                  5.2542551711119856E+000                  7.0000000000000007E-001                  2.8000000000000003E-001                  1.9999999999999907E-002                  5.5494068226135031E-026                  0.0000000000000000E+000                  0.0000000000000000E+000 
                                      44                  9.9999999818587504E-001                  2.6605191298713898E-001                  3.8790231334516379E+000                 -6.4154683676299484E+000                  5.2686241818960182E+000                  7.0000000000000007E-001                  2.8000000000000003E-001                  1.9999999999999907E-002                  5.6399714755546452E-026                  0.0000000000000000E+000                  0.0000000000000000E+000 
                                      45                  9.9999999810775020E-001                  2.6604530716440600E-001                  3.8857053960281953E+000                 -6.4084501826182638E+000                  5.2825338006150888E+000                  7.0000000000000007E-001                  2.8000000000000003E-001                  1.9999999999999907E-002                  5.7319088277312278E-026                  0.0000000000000000E+000                  0.0000000000000000E+000 
                                      46                  9.9999999802962514E-001                  2.6603880693940957E-001                  3.8919578167993074E+000                 -6.4014475766322674E+000                  5.2960125064882391E+000                  7.0000000000000007E-001                  2.8000000000000003E-001                  1.9999999999999907E-002                  5.8251362159375964E-026                  0.0000000000000000E+000                  0.0000000000000000E+000 
                                      47                  9.9999999795150019E-001                  2.6603241039928488E-001                  3.8978158411837778E+000                 -6.3944688537135894E+000                  5.3090862093430715E+000                  7.0000000000000007E-001                  2.8000000000000003E-001                  1.9999999999999907E-002                  5.9195546341700096E-026                  0.0000000000000000E+000                  0.0000000000000000E+000 
                                      48                  9.9999999787337523E-001                  2.6602611554845901E-001                  3.9033126750333822E+000                 -6.3875221148821675E+000                  5.3217785497226471E+000                  7.0000000000000007E-001                  2.8000000000000003E-001                  1.9999999999999907E-002                  6.0150606559592002E-026                  0.0000000000000000E+000                  0.0000000000000000E+000 
                                      49                  9.9999999779525039E-001                  2.6601992031839394E-001                  3.9084790185004064E+000                 -6.3806151538270006E+000                  5.3341111564167871E+000                  7.0000000000000007E-001                  2.8000000000000003E-001                  1.9999999999999907E-002                  6.1115479076459091E-026                  0.0000000000000000E+000                  0.0000000000000000E+000 
                                      50                  9.9999999771712533E-001                  2.6601382257818673E-001                  3.9157541941082661E+000                 -6.3704351138343398E+000                  5.3519782795792423E+000                  7.0000000000000007E-001                  2.8000000000000003E-001                  1.9999999999999907E-002                  6.2565883751874466E-026                  0.0000000000000000E+000                  0.0000000000000000E+000 
                                      51                  9.9999999756087532E-001                  2.6600190889930581E-001                  3.9222708397050825E+000                 -6.3602065528241791E+000                  5.3691411396226023E+000                  7.0000000000000007E-001                  2.8000000000000003E-001                  1.9999999999999907E-002                  6.4057881538734560E-026                  0.0000000000000000E+000                  0.0000000000000000E+000 
                                      52                  9.9999999748275037E-001                  2.6599609036054306E-001                  3.9263723576240688E+000                 -6.3535206344106632E+000                  5.3802180408750422E+000                  7.0000000000000007E-001                  2.8000000000000003E-001                  1.9999999999999907E-002                  6.5052311445763640E-026                  0.0000000000000000E+000                  0.0000000000000000E+000 
                                      53                  9.9999999740462542E-001                  2.6599036048305968E-001                  3.9302607043884730E+000                 -6.3469014121609586E+000                  5.3910199956017175E+000                  7.0000000000000007E-001                  2.8000000000000003E-001                  1.9999999999999907E-002                  6.6052032619839335E-026                  0.0000000000000000E+000                  0.0000000000000000E+000 
                                      54                  9.9999999732650036E-001                  2.6598471705265181E-001                  3.9357874916895219E+000                 -6.3371667117288286E+000                  5.4067360910655093E+000                  7.0000000000000007E-001                  2.8000000000000003E-001                  1.9999999999999907E-002                  6.7550282446715330E-026                  0.0000000000000000E+000                  0.0000000000000000E+000 
                                      55                  9.9999999717025045E-001                  2.6597367973631203E-001                  3.9424785912572449E+000                 -6.3243567832803569E+000                  5.4268455174658605E+000                  7.0000000000000007E-001                  2.8000000000000003E-001                  1.9999999999999907E-002                  6.9573759491947464E-026                  0.0000000000000000E+000                  0.0000000000000000E+000 
                                      56                  9.9999999701400044E-001                  2.6596296241642609E-001                  3.9470614150615337E+000                 -6.3148998856809966E+000                  5.4413405838387519E+000                  7.0000000000000007E-001                  2.8000000000000003E-001                  1.9999999999999907E-002                  7.1106389950744531E-026                  0.0000000000000000E+000                  0.0000000000000000E+000 
                                      57                  9.9999999693587549E-001                  2.6595771889265107E-001                  3.9514313532257153E+000                 -6.3057096328401299E+000                  5.4553681124850142E+000                  7.0000000000000007E-001                  2.8000000000000003E-001                  1.9999999999999907E-002                  7.2628158501132522E-026                  0.0000000000000000E+000                  0.0000000000000000E+000 
                                      58                  9.9999999677962537E-001                  2.6594745088339067E-001                  3.9567958346114436E+000                 -6.2936639164857340E+000                  5.4733950291472411E+000                  7.0000000000000007E-001                  2.8000000000000003E-001                  1.9999999999999907E-002                  7.4672193301215388E-026                  0.0000000000000000E+000                  0.0000000000000000E+000 
                                      59                  9.9999999662337546E-001                  2.6593746305851290E-001                  3.9605174092634079E+000                 -6.2847952992600904E+000                  5.4864417299753407E+000                  7.0000000000000007E-001                  2.8000000000000003E-001                  1.9999999999999907E-002                  7.6213797896826675E-026                  0.0000000000000000E+000                  0.0000000000000000E+000 
                                      60                  9.9999999654525051E-001                  2.6593256983980035E-001                  3.9640903154824327E+000                 -6.2761647639267428E+000                  5.4991084595495137E+000                  7.0000000000000007E-001                  2.8000000000000003E-001                  1.9999999999999907E-002                  7.7744578710835196E-026                  0.0000000000000000E+000                  0.0000000000000000E+000 
                                      61                  9.9999999638900050E-001                  2.6592297548401067E-001                  3.9685259815419989E+000                 -6.2648720338763004E+000                  5.5154438804692081E+000                  7.0000000000000007E-001                  2.8000000000000003E-001                  1.9999999999999907E-002                  7.9794094790627299E-026                  0.0000000000000000E+000                  0.0000000000000000E+000 
                                      62                  9.9999999623275038E-001                  2.6591362677797253E-001                  3.9726665975946585E+000                 -6.2538684891346747E+000                  5.5311884057224008E+000                  7.0000000000000007E-001                  2.8000000000000003E-001                  1.9999999999999907E-002                  8.1843105667268775E-026                  0.0000000000000000E+000                  0.0000000000000000E+000 
                                      63                  9.9999999607650047E-001                  2.6590451137955978E-001                  3.9765457173465455E+000                 -6.2431453564907855E+000                  5.5463833092952424E+000                  7.0000000000000007E-001                  2.8000000000000003E-001                  1.9999999999999907E-002                  8.3890529124419867E-026                  0.0000000000000000E+000                  0.0000000000000000E+000 
                                      64                  9.9999999592025046E-001                  2.6589561773975651E-001                  3.9801918459343444E+000                 -6.2326932476107881E+000                  5.5610656856443272E+000                  7.0000000000000007E-001                  2.8000000000000003E-001                  1.9999999999999907E-002                  8.5935506128394492E-026                  0.0000000000000000E+000                  0.0000000000000000E+000 
                                      65                  9.9999999576400045E-001                  2.6588693505982491E-001                  3.9836293524759010E+000                 -6.2225025101828386E+000                  5.5752689956798607E+000                  7.0000000000000007E-001                  2.8000000000000003E-001                  1.9999999999999907E-002                  8.7977348932155157E-026                  0.0000000000000000E+000                  0.0000000000000000E+000 
                                      66                  9.9999999560775055E-001                  2.6587845324471743E-001                  3.9868791855378007E+000                 -6.2125634877246902E+000                  5.5890235264009354E+000                  7.0000000000000007E-001                  2.8000000000000003E-001                  1.9999999999999907E-002                  9.0015497738020850E-026                  0.0000000000000000E+000                  0.0000000000000000E+000 
                                      67                  9.9999999545150042E-001                  2.6587016285517878E-001                  3.9899594478482845E+000                 -6.2028665917604098E+000                  5.6023567800699086E+000                  7.0000000000000007E-001                  2.8000000000000003E-001                  1.9999999999999907E-002                  9.2049509396040162E-026                  0.0000000000000000E+000                  0.0000000000000000E+000 
                                      68                  9.9999999529525041E-001                  2.6586205506243610E-001                  3.9928858683870430E+000                 -6.1934024040205626E+000                  5.6152938055035930E+000                  7.0000000000000007E-001                  2.8000000000000003E-001                  1.9999999999999907E-002                  9.4079037163147036E-026                  0.0000000000000000E+000                  0.0000000000000000E+000 
                                      69                  9.9999999513900040E-001                  2.6585412160469790E-001                  3.9970587362358336E+000                 -6.1796760614230211E+000                  5.6340056017468338E+000                  7.0000000000000007E-001                  2.8000000000000003E-001                  1.9999999999999907E-002                  9.7102360070179964E-026                  0.0000000000000000E+000                  0.0000000000000000E+000 
                                      70                  9.9999999482650037E-001                  2.6583874710021782E-001                  4.0021405463761717E+000                 -6.1620322825241240E+000                  5.6577662837702052E+000                  7.0000000000000007E-001                  2.8000000000000003E-001                  1.9999999999999907E-002                  1.0113172340545383E-025                  0.0000000000000000E+000                  0.0000000000000000E+000 
                                      71                  9.9999999451400035E-001                  2.6582398315054212E-001                  4.0056449687237370E+000                 -6.1492724449558844E+000                  5.6747730565547974E+000                  7.0000000000000007E-001                  2.8000000000000003E-001                  1.9999999999999907E-002                  1.0414955832408963E-025                  0.0000000000000000E+000                  0.0000000000000000E+000 
                                      72                  9.9999999435775044E-001                  2.6581681436444138E-001                  4.0078859310817379E+000                 -6.1410235488377660E+000                  5.6857525517905803E+000                  7.0000000000000007E-001                  2.8000000000000003E-001                  1.9999999999999907E-002                  1.0614828785352097E-025                  0.0000000000000000E+000                  0.0000000000000000E+000 
                                      73                  9.9999999420150032E-001                  2.6580978011069351E-001                  4.0111152148065043E+000                 -6.1290122072966549E+000                  5.7017192739788500E+000                  7.0000000000000007E-001                  2.8000000000000003E-001                  1.9999999999999907E-002                  1.0912748657440257E-025                  0.0000000000000000E+000                  0.0000000000000000E+000 
                                      74                  9.9999999388900029E-001                  2.6579609438709462E-001                  4.0151192877350779E+000                 -6.1135259408839779E+000                  5.7221367297460981E+000                  7.0000000000000007E-001                  2.8000000000000003E-001                  1.9999999999999907E-002                  1.1309236263024385E-025                  0.0000000000000000E+000                  0.0000000000000000E+000 
                                      75                  9.9999999357650016E-001                  2.6578288685002938E-001                  4.0188556223128487E+000                 -6.0986538724388364E+000                  5.7416395675735412E+000                  7.0000000000000007E-001                  2.8000000000000003E-001                  1.9999999999999907E-002                  1.1703557932094457E-025                  0.0000000000000000E+000                  0.0000000000000000E+000 
                                      76                  9.9999999326400024E-001                  2.6577012279325957E-001                  4.0232275687043986E+000                 -6.0809005398067262E+000                  5.7648501987329874E+000                  7.0000000000000007E-001                  2.8000000000000003E-001                  1.9999999999999907E-002                  1.2192324734208036E-025                  0.0000000000000000E+000                  0.0000000000000000E+000 
                                      77                  9.9999999279525020E-001                  2.6575174161396897E-001                  4.0280236492990440E+000                 -6.0606142186759522E+000                  5.7911628930242696E+000                  7.0000000000000007E-001                  2.8000000000000003E-001                  1.9999999999999907E-002                  1.2775875905534152E-025                  0.0000000000000000E+000                  0.0000000000000000E+000 
                                      78                  9.9999999232650005E-001                  2.6573419711627683E-001                  4.0317028263751249E+000                 -6.0444895928938491E+000                  5.8119376308989006E+000                  7.0000000000000007E-001                  2.8000000000000003E-001                  1.9999999999999907E-002                  1.3259580671527845E-025                  0.0000000000000000E+000                  0.0000000000000000E+000 
                                      79                  9.9999999201400014E-001                  2.6572292596503605E-001                  4.0344938736247320E+000                 -6.0321019505536011E+000                  5.8278719367651339E+000                  7.0000000000000007E-001                  2.8000000000000003E-001                  1.9999999999999907E-002                  1.3643592452454022E-025                  0.0000000000000000E+000                  0.0000000000000000E+000 
                                      80                  9.9999999170150022E-001                  2.6571197092486576E-001                  4.0371493356570234E+000                 -6.0201178543582250E+000                  5.8432437673908124E+000                  7.0000000000000007E-001                  2.8000000000000003E-001                  1.9999999999999907E-002                  1.4025679959651452E-025                  0.0000000000000000E+000                  0.0000000000000000E+000 
                                      81                  9.9999999138900009E-001                  2.6570131325416968E-001                  4.0396815175346603E+000                 -6.0085125296918074E+000                  5.8580914939894804E+000                  7.0000000000000007E-001                  2.8000000000000003E-001                  1.9999999999999907E-002                  1.4405891347631236E-025                  0.0000000000000000E+000                  0.0000000000000000E+000 
                                      82                  9.9999999107650017E-001                  2.6569093585492953E-001                  4.0433059541882193E+000                 -5.9918158031247444E+000                  5.8794546136397852E+000                  7.0000000000000007E-001                  2.8000000000000003E-001                  1.9999999999999907E-002                  1.4971067799017059E-025                  0.0000000000000000E+000                  0.0000000000000000E+000 
                                      83                  9.9999999045150012E-001                  2.6567096175026417E-001                  4.0477492669512314E+000                 -5.9706143043400779E+000                  5.9064011289759160E+000                  7.0000000000000007E-001                  2.8000000000000003E-001                  1.9999999999999907E-002                  1.5720810291867503E-025                  0.0000000000000000E+000                  0.0000000000000000E+000 
                                      84                  9.9999998982649996E-001                  2.6565193676534654E-001                  4.0508326680274935E+000                 -5.9554461083215555E+000                  5.9255708702802004E+000                  7.0000000000000007E-001                  2.8000000000000003E-001                  1.9999999999999907E-002                  1.6280142669962411E-025                  0.0000000000000000E+000                  0.0000000000000000E+000 
                                      85                  9.9999998951399993E-001                  2.6564274987680087E-001                  4.0528107351477578E+000                 -5.9456978785085193E+000                  5.9378972168763884E+000                  7.0000000000000007E-001                  2.8000000000000003E-001                  1.9999999999999907E-002                  1.6650077854891536E-025                  0.0000000000000000E+000                  0.0000000000000000E+000 
                                      86                  9.9999998920149991E-001                  2.6563376633747393E-001                  4.0553756734862052E+000                 -5.9330036323157440E+000                  5.9539463266045516E+000                  7.0000000000000007E-001                  2.8000000000000003E-001                  1.9999999999999907E-002                  1.7144447074527529E-025                  0.0000000000000000E+000                  0.0000000000000000E+000 
                                      87                  9.9999998867326600E-001                  2.6561901725492743E-001                  4.0587607537493167E+000                 -5.9159541209008042E+000                  5.9754375132766748E+000                  7.0000000000000007E-001                  2.8000000000000003E-001                  1.9999999999999907E-002                  1.7831616288390087E-025                  0.0000000000000000E+000                  0.0000000000000000E+000 
                                      88                  9.9999998802606460E-001                  2.6560164016826049E-001                  4.0628272558592009E+000                 -5.8951742271387095E+000                  6.0015778074514134E+000                  7.0000000000000007E-001                  2.8000000000000003E-001                  1.9999999999999907E-002                  1.8706505493924183E-025                  0.0000000000000000E+000                  0.0000000000000000E+000 
                                      89                  9.9999998716312943E-001                  2.6557955020414581E-001                  4.0660418449461471E+000                 -5.8781969043852875E+000                  6.0228001379891527E+000                  7.0000000000000007E-001                  2.8000000000000003E-001                  1.9999999999999907E-002                  1.9453081434634440E-025                  0.0000000000000000E+000                  0.0000000000000000E+000 
                                      90                  9.9999998673166191E-001                  2.6556892745902216E-001                  4.0681004092456101E+000                 -5.8673323872161793E+000                  6.0363945803854024E+000                  7.0000000000000007E-001                  2.8000000000000003E-001                  1.9999999999999907E-002                  1.9946417062826515E-025                  0.0000000000000000E+000                  0.0000000000000000E+000 
                                      91                  9.9999998630019415E-001                  2.6555856641020725E-001                  4.0710711040409508E+000                 -5.8516600784608439E+000                  6.0560220324716099E+000                  7.0000000000000007E-001                  2.8000000000000003E-001                  1.9999999999999907E-002                  2.0680200228720392E-025                  0.0000000000000000E+000                  0.0000000000000000E+000 
                                      92                  9.9999998543725888E-001                  2.6553857667999775E-001                  4.0738439553357475E+000                 -5.8365698117335132E+000                  6.0748040509917915E+000                  7.0000000000000007E-001                  2.8000000000000003E-001                  1.9999999999999907E-002                  2.1412244217623005E-025                  0.0000000000000000E+000                  0.0000000000000000E+000 
                                      93                  9.9999998500579113E-001                  2.6552892214998597E-001                  4.0756292785954704E+000                 -5.8268694124202698E+000                  6.0868898548698747E+000                  7.0000000000000007E-001                  2.8000000000000003E-001                  1.9999999999999907E-002                  2.1896454006879744E-025                  0.0000000000000000E+000                  0.0000000000000000E+000 
                                      94                  9.9999998457432360E-001                  2.6551948025029543E-001                  4.0782186717885436E+000                 -5.8128187225647574E+000                  6.1044119161310437E+000                  7.0000000000000007E-001                  2.8000000000000003E-001                  1.9999999999999907E-002                  2.2617308690084817E-025                  0.0000000000000000E+000                  0.0000000000000000E+000 
                                      95                  9.9999998371138843E-001                  2.6550119586866228E-001                  4.0814660147388331E+000                 -5.7948594776568259E+000                  6.1267300881155276E+000                  7.0000000000000007E-001                  2.8000000000000003E-001                  1.9999999999999907E-002                  2.3573364866440151E-025                  0.0000000000000000E+000                  0.0000000000000000E+000 
                                      96                  9.9999998284845304E-001                  2.6548365000389318E-001                  4.0837649530780702E+000                 -5.7819294505204324E+000                  6.1427494229930772E+000                  7.0000000000000007E-001                  2.8000000000000003E-001                  1.9999999999999907E-002                  2.4286631946777888E-025                  0.0000000000000000E+000                  0.0000000000000000E+000 
                                      97                  9.9999998241698540E-001                  2.6547513364708814E-001                  4.0852538804202529E+000                 -5.7735747446086227E+000                  6.1531106532275635E+000                  7.0000000000000007E-001                  2.8000000000000003E-001                  1.9999999999999907E-002                  2.4758951898124657E-025                  0.0000000000000000E+000                  0.0000000000000000E+000 
                                      98                  9.9999998198551765E-001                  2.6546677907041510E-001                  4.0874253674278229E+000                 -5.7614152763848354E+000                  6.1682043964408191E+000                  7.0000000000000007E-001                  2.8000000000000003E-001                  1.9999999999999907E-002                  2.5462839369579775E-025                  0.0000000000000000E+000                  0.0000000000000000E+000 
                                      99                  9.9999998112258248E-001                  2.6545052987424023E-001                  4.0901751712522998E+000                 -5.7457884402624222E+000                  6.1875493327627744E+000                  7.0000000000000007E-001                  2.8000000000000003E-001                  1.9999999999999907E-002                  2.6396928094160498E-025                  0.0000000000000000E+000                  0.0000000000000000E+000 
                                     100                  9.9999998025964720E-001                  2.6543485323606847E-001                  4.0927915093702332E+000                 -5.7308105949719756E+000                  6.2060718192723430E+000                  7.0000000000000007E-001                  2.8000000000000003E-001                  1.9999999999999907E-002                  2.7324389682099625E-025                  0.0000000000000000E+000                  0.0000000000000000E+000 
                                     101                  9.9999997939671192E-001                  2.6541970642094931E-001                  4.0946643447708739E+000                 -5.7199560021907390E+000                  6.2194648566699611E+000                  7.0000000000000007E-001                  2.8000000000000003E-001                  1.9999999999999907E-002                  2.8016843843701754E-025                  0.0000000000000000E+000                  0.0000000000000000E+000 
                                     102                  9.9999997896524417E-001                  2.6541231937948012E-001                  4.0964922713762801E+000                 -5.7094492810974948E+000                  6.2324580684462161E+000                  7.0000000000000007E-001                  2.8000000000000003E-001                  1.9999999999999907E-002                  2.8703826146785885E-025                  0.0000000000000000E+000                  0.0000000000000000E+000 
                                     103                  9.9999997810230901E-001                  2.6539789734514851E-001                  4.0988258279660208E+000                 -5.6958813273817706E+000                  6.2492011009955108E+000                  7.0000000000000007E-001                  2.8000000000000003E-001                  1.9999999999999907E-002                  2.9615965124830435E-025                  0.0000000000000000E+000                  0.0000000000000000E+000 
                                     104                  9.9999997723937373E-001                  2.6538391753820262E-001                  4.1016202495149212E+000                 -5.6796314993804895E+000                  6.2692636242967330E+000                  7.0000000000000007E-001                  2.8000000000000003E-001                  1.9999999999999907E-002                  3.0746651226921175E-025                  0.0000000000000000E+000                  0.0000000000000000E+000 
                                     105                  9.9999997594497092E-001                  2.6536371556095423E-001                  4.1042547892725549E+000                 -5.6640443877340410E+000                  6.2884436165018371E+000                  7.0000000000000007E-001                  2.8000000000000003E-001                  1.9999999999999907E-002                  3.1871794914299090E-025                  0.0000000000000000E+000                  0.0000000000000000E+000 
                                     106                  9.9999997508203553E-001                  2.6535072088954775E-001                  4.1071115608487441E+000                 -5.6472853136668730E+000                  6.3091157287337918E+000                  7.0000000000000007E-001                  2.8000000000000003E-001                  1.9999999999999907E-002                  3.3127543973379280E-025                  0.0000000000000000E+000                  0.0000000000000000E+000 
                                     107                  9.9999997351089309E-001                  2.6532795434060441E-001                  4.1097063489229866E+000                 -5.6317092736690464E+000                  6.3282387558836293E+000                  7.0000000000000007E-001                  2.8000000000000003E-001                  1.9999999999999907E-002                  3.4339001311646835E-025                  0.0000000000000000E+000                  0.0000000000000000E+000 
                                     108                  9.9999997272532193E-001                  2.6531697081433808E-001                  4.1113812087415686E+000                 -5.6217079837798085E+000                  6.3405363339655114E+000                  7.0000000000000007E-001                  2.8000000000000003E-001                  1.9999999999999907E-002                  3.5140143546735246E-025                  0.0000000000000000E+000                  0.0000000000000000E+000 
                                     109                  9.9999997193975076E-001                  2.6530623653037366E-001                  4.1134112623349939E+000                 -5.6095969604603013E+000                  6.3554356827357541E+000                  7.0000000000000007E-001                  2.8000000000000003E-001                  1.9999999999999907E-002                  3.6135364062004718E-025                  0.0000000000000000E+000                  0.0000000000000000E+000 
                                     110                  9.9999997076139391E-001                  2.6529057648893345E-001                  4.1157439997956056E+000                 -5.5955695236829204E+000                  6.3726677846982041E+000                  7.0000000000000007E-001                  2.8000000000000003E-001                  1.9999999999999907E-002                  3.7323373455717833E-025                  0.0000000000000000E+000                  0.0000000000000000E+000 
                                     111                  9.9999996958303705E-001                  2.6527541256119380E-001                  4.1183526954260063E+000                 -5.5798815468272132E+000                  6.3919467185384118E+000                  7.0000000000000007E-001                  2.8000000000000003E-001                  1.9999999999999907E-002                  3.8698379068198502E-025                  0.0000000000000000E+000                  0.0000000000000000E+000 
                                     112                  9.9999996801189461E-001                  2.6525590897531165E-001                  4.1211807984367184E+000                 -5.5627389160187173E+000                  6.4129839265868869E+000                  7.0000000000000007E-001                  2.8000000000000003E-001                  1.9999999999999907E-002                  4.0258910777858863E-025                  0.0000000000000000E+000                  0.0000000000000000E+000 
                                     113                  9.9999996644075217E-001                  2.6523715776872925E-001                  4.1238698332540045E+000                 -5.5463779910940474E+000                  6.4330523886292204E+000                  7.0000000000000007E-001                  2.8000000000000003E-001                  1.9999999999999907E-002                  4.1806983691493426E-025                  0.0000000000000000E+000                  0.0000000000000000E+000 
                                     114                  9.9999996486960974E-001                  2.6521909752900019E-001                  4.1264330529708504E+000                 -5.5307307567009252E+000                  6.4522374372059916E+000                  7.0000000000000007E-001                  2.8000000000000003E-001                  1.9999999999999907E-002                  4.3343231080508072E-025                  0.0000000000000000E+000                  0.0000000000000000E+000 
                                     115                  9.9999996329846730E-001                  2.6520167426562669E-001                  4.1282709952188466E+000                 -5.5194114062894082E+000                  6.4660919411078384E+000                  7.0000000000000007E-001                  2.8000000000000003E-001                  1.9999999999999907E-002                  4.4489666958663800E-025                  0.0000000000000000E+000                  0.0000000000000000E+000 
                                     116                  9.9999996251289613E-001                  2.6519318599879815E-001                  4.1300663772855586E+000                 -5.5084695327473590E+000                  6.4795191332123876E+000                  7.0000000000000007E-001                  2.8000000000000003E-001                  1.9999999999999907E-002                  4.5626710513827263E-025                  0.0000000000000000E+000                  0.0000000000000000E+000 
                                     117                  9.9999996094175370E-001                  2.6517663040696066E-001                  4.1323619321497480E+000                 -5.4943616257223917E+000                  6.4968023116785476E+000                  7.0000000000000007E-001                  2.8000000000000003E-001                  1.9999999999999907E-002                  4.7135788657106184E-025                  0.0000000000000000E+000                  0.0000000000000000E+000 
                                     118                  9.9999995937061126E-001                  2.6516060217276366E-001                  4.1345657209292064E+000                 -5.4807881690265390E+000                  6.5134263399053953E+000                  7.0000000000000007E-001                  2.8000000000000003E-001                  1.9999999999999907E-002                  4.8634830767963794E-025                  0.0000000000000000E+000                  0.0000000000000000E+000 
                                     119                  9.9999995779946882E-001                  2.6514506544449146E-001                  4.1372131215871768E+000                 -5.4645343455445063E+000                  6.5333524165119741E+000                  7.0000000000000007E-001                  2.8000000000000003E-001                  1.9999999999999907E-002                  5.0492800251635975E-025                  0.0000000000000000E+000                  0.0000000000000000E+000 
                                     120                  9.9999995544275522E-001                  2.6512261349851218E-001                  4.1407182350452096E+000                 -5.4429506184927376E+000                  6.5598022331971784E+000                  7.0000000000000007E-001                  2.8000000000000003E-001                  1.9999999999999907E-002                  5.3070291868345216E-025                  0.0000000000000000E+000                  0.0000000000000000E+000 
                                     121                  9.9999995230047034E-001                  2.6509412396027654E-001                  4.1439909274857261E+000                 -5.4225496513821385E+000                  6.5847395941003803E+000                  7.0000000000000007E-001                  2.8000000000000003E-001                  1.9999999999999907E-002                  5.5627495693337183E-025                  0.0000000000000000E+000                  0.0000000000000000E+000 
                                     122                  9.9999994994375674E-001                  2.6507373387574723E-001                  4.1471191003210341E+000                 -5.4031966360259585E+000                  6.6084427451632752E+000                  7.0000000000000007E-001                  2.8000000000000003E-001                  1.9999999999999907E-002                  5.8167243943950381E-025                  0.0000000000000000E+000                  0.0000000000000000E+000 
                                     123                  9.9999994677369097E-001                  2.6504749788866022E-001                  4.1496516783182056E+000                 -5.3872969563643887E+000                  6.6278542345875886E+000                  7.0000000000000007E-001                  2.8000000000000003E-001                  1.9999999999999907E-002                  6.0340417068755192E-025                  0.0000000000000000E+000                  0.0000000000000000E+000 
                                     124                  9.9999994518865809E-001                  2.6503484976626079E-001                  4.1521054612853394E+000                 -5.3721335664649494E+000                  6.6464372094467228E+000                  7.0000000000000007E-001                  2.8000000000000003E-001                  1.9999999999999907E-002                  6.2488622798589887E-025                  0.0000000000000000E+000                  0.0000000000000000E+000 
                                     125                  9.9999994201859232E-001                  2.6501041837018446E-001                  4.1551995923034770E+000                 -5.3528313253952922E+000                  6.6700439754706551E+000                  7.0000000000000007E-001                  2.8000000000000003E-001                  1.9999999999999907E-002                  6.5334289063238375E-025                  0.0000000000000000E+000                  0.0000000000000000E+000 
                                     126                  9.9999993884852656E-001                  2.6498704519305472E-001                  4.1581324529054733E+000                 -5.3345194519117634E+000                  6.6924381404233495E+000                  7.0000000000000007E-001                  2.8000000000000003E-001                  1.9999999999999907E-002                  6.8153763903805744E-025                  0.0000000000000000E+000                  0.0000000000000000E+000 
                                     127                  9.9999993567846079E-001                  2.6496463350576610E-001                  4.1602251347641568E+000                 -5.3213555956060121E+000                  6.7085103622770692E+000                  7.0000000000000007E-001                  2.8000000000000003E-001                  1.9999999999999907E-002                  7.0255549219445603E-025                  0.0000000000000000E+000                  0.0000000000000000E+000 
                                     128                  9.9999993409342791E-001                  2.6495376097541340E-001                  4.1622642491392039E+000                 -5.3087013647307142E+000                  6.7240104791062443E+000                  7.0000000000000007E-001                  2.8000000000000003E-001                  1.9999999999999907E-002                  7.2337106674367433E-025                  0.0000000000000000E+000                  0.0000000000000000E+000 
                                     129                  9.9999993092336215E-001                  2.6493263803438616E-001                  4.1648605545429618E+000                 -5.2924731206743907E+000                  6.7438563636851034E+000                  7.0000000000000007E-001                  2.8000000000000003E-001                  1.9999999999999907E-002                  7.5097178923438847E-025                  0.0000000000000000E+000                  0.0000000000000000E+000 
                                     130                  9.9999992775329638E-001                  2.6491228691258234E-001                  4.1679674174316643E+000                 -5.2731700409312285E+000                  6.7674975729218776E+000                  7.0000000000000007E-001                  2.8000000000000003E-001                  1.9999999999999907E-002                  7.8517825403568009E-025                  0.0000000000000000E+000                  0.0000000000000000E+000 
                                     131                  9.9999992298418527E-001                  2.6488299627036038E-001                  4.1714833886244005E+000                 -5.2511892318222753E+000                  6.7943804169581883E+000                  7.0000000000000007E-001                  2.8000000000000003E-001                  1.9999999999999907E-002                  8.2603322571741074E-025                  0.0000000000000000E+000                  0.0000000000000000E+000 
                                     132                  9.9999991818704970E-001                  2.6485498204521712E-001                  4.1742533269568716E+000                 -5.2337824573710936E+000                  6.8156436530042290E+000                  7.0000000000000007E-001                  2.8000000000000003E-001                  1.9999999999999907E-002                  8.5989122648691310E-025                  0.0000000000000000E+000                  0.0000000000000000E+000 
                                     133                  9.9999991498895924E-001                  2.6483703679489762E-001                  4.1763856924938381E+000                 -5.2204625488934875E+000                  6.8319377524996119E+000                  7.0000000000000007E-001                  2.8000000000000003E-001                  1.9999999999999907E-002                  8.8673524184172398E-025                  0.0000000000000000E+000                  0.0000000000000000E+000 
                                     134                  9.9999991179086878E-001                  2.6481963144981474E-001                  4.1784419437389619E+000                 -5.2076236292139297E+000                  6.8476450364129091E+000                  7.0000000000000007E-001                  2.8000000000000003E-001                  1.9999999999999907E-002                  9.1340370144609172E-025                  0.0000000000000000E+000                  0.0000000000000000E+000 
                                     135                  9.9999990859277821E-001                  2.6480273112011760E-001                  4.1809224601508781E+000                 -5.1922189931405374E+000                  6.8665153626649529E+000                  7.0000000000000007E-001                  2.8000000000000003E-001                  1.9999999999999907E-002                  9.4646341107716427E-025                  0.0000000000000000E+000                  0.0000000000000000E+000 
                                     136                  9.9999990379564263E-001                  2.6477826056305315E-001                  4.1832843030548901E+000                 -5.1774211721160395E+000                  6.8846037849014836E+000                  7.0000000000000007E-001                  2.8000000000000003E-001                  1.9999999999999907E-002                  9.7934845807747322E-025                  0.0000000000000000E+000                  0.0000000000000000E+000 
                                     137                  9.9999990059755217E-001                  2.6476249116425987E-001                  4.1851193716822905E+000                 -5.1659869598443979E+000                  6.8985985696627941E+000                  7.0000000000000007E-001                  2.8000000000000003E-001                  1.9999999999999907E-002                  1.0055400420444392E-024                  0.0000000000000000E+000                  0.0000000000000000E+000 
                                     138                  9.9999989737819672E-001                  2.6474702772983105E-001                  4.1869099868103259E+000                 -5.1548373218715478E+000                  6.9122467944962978E+000                  7.0000000000000007E-001                  2.8000000000000003E-001                  1.9999999999999907E-002                  1.0317549840960080E-024                  0.0000000000000000E+000                  0.0000000000000000E+000 
                                     139                  9.9999989413757628E-001                  2.6473185507743813E-001                  4.1890874838625098E+000                 -5.1413458144205908E+000                  6.9287806724554759E+000                  7.0000000000000007E-001                  2.8000000000000003E-001                  1.9999999999999907E-002                  1.0643927527745934E-024                  0.0000000000000000E+000                  0.0000000000000000E+000 
                                     140                  9.9999988927664563E-001                  2.6470978940752815E-001                  4.1920056819085723E+000                 -5.1232798245784643E+000                  6.9509234394157069E+000                  7.0000000000000007E-001                  2.8000000000000003E-001                  1.9999999999999907E-002                  1.1097215207405662E-024                  0.0000000000000000E+000                  0.0000000000000000E+000 
                                     141                  9.9999988279540475E-001                  2.6468156236987045E-001                  4.1943758796784678E+000                 -5.1084534394920755E+000                  6.9690485059512977E+000                  7.0000000000000007E-001                  2.8000000000000003E-001                  1.9999999999999907E-002                  1.1483623452704553E-024                  0.0000000000000000E+000                  0.0000000000000000E+000 
                                     142                  9.9999987955478420E-001                  2.6466792056837585E-001                  4.1962969302414033E+000                 -5.0965878779417997E+000                  6.9835973070296387E+000                  7.0000000000000007E-001                  2.8000000000000003E-001                  1.9999999999999907E-002                  1.1802549346564768E-024                  0.0000000000000000E+000                  0.0000000000000000E+000 
                                     143                  9.9999987469385365E-001                  2.6464800706115366E-001                  4.1985165846689689E+000                 -5.0828425203628109E+000                  7.0004390078321999E+000                  7.0000000000000007E-001                  2.8000000000000003E-001                  1.9999999999999907E-002                  1.2183105141470315E-024                  0.0000000000000000E+000                  0.0000000000000000E+000 
                                     144                  9.9999986983292299E-001                  2.6462871133120908E-001                  4.2010116870911540E+000                 -5.0674661694869618E+000                  7.0192994526295989E+000                  7.0000000000000007E-001                  2.8000000000000003E-001                  1.9999999999999907E-002                  1.2623395894308944E-024                  0.0000000000000000E+000                  0.0000000000000000E+000 
                                     145                  9.9999986335168212E-001                  2.6460387486542136E-001                  4.2037338484967037E+000                 -5.0506607337293001E+000                  7.0399012683344839E+000                  7.0000000000000007E-001                  2.8000000000000003E-001                  1.9999999999999907E-002                  1.3122851871620016E-024                  0.0000000000000000E+000                  0.0000000000000000E+000 
                                     146                  9.9999985687044113E-001                  2.6457997709075992E-001                  4.2063373269633537E+000                 -5.0346181168637418E+000                  7.0595741210833056E+000                  7.0000000000000007E-001                  2.8000000000000003E-001                  1.9999999999999907E-002                  1.3618088373672181E-024                  0.0000000000000000E+000                  0.0000000000000000E+000 
                                     147                  9.9999985038920036E-001                  2.6455694224843557E-001                  4.2088434716470635E+000                 -5.0192061786915536E+000                  7.0784799828532039E+000                  7.0000000000000007E-001                  2.8000000000000003E-001                  1.9999999999999907E-002                  1.4111474278845137E-024                  0.0000000000000000E+000                  0.0000000000000000E+000 
                                     148                  9.9999984385042040E-001                  2.6453450962517194E-001                  4.2112702225802101E+000                 -5.0043110732993332E+000                  7.0967575504716391E+000                  7.0000000000000007E-001                  2.8000000000000003E-001                  1.9999999999999907E-002                  1.4605319030803623E-024                  0.0000000000000000E+000                  0.0000000000000000E+000 
                                     149                  9.9999983725410169E-001                  2.6451263924474427E-001                  4.2136130493022819E+000                 -4.9899575773498448E+000                  7.1143756321958245E+000                  7.0000000000000007E-001                  2.8000000000000003E-001                  1.9999999999999907E-002                  1.5097575548194507E-024                  0.0000000000000000E+000                  0.0000000000000000E+000 
                                     150                  9.9999983065778286E-001                  2.6449147672428636E-001                  4.2158686530201779E+000                 -4.9761654601532266E+000                  7.1313100122738984E+000                  7.0000000000000007E-001                  2.8000000000000003E-001                  1.9999999999999907E-002                  1.5586226483310720E-024                  0.0000000000000000E+000                  0.0000000000000000E+000 
                                     151                  9.9999982406146393E-001                  2.6447097276298681E-001                  4.2185855807522668E+000                 -4.9596724040108668E+000                  7.1515933997521559E+000                  7.0000000000000007E-001                  2.8000000000000003E-001                  1.9999999999999907E-002                  1.6191411373989237E-024                  0.0000000000000000E+000                  0.0000000000000000E+000 
                                     152                  9.9999981416698580E-001                  2.6444135780271688E-001                  4.2216824213006294E+000                 -4.9408253452114632E+000                  7.1747517354634853E+000                  7.0000000000000007E-001                  2.8000000000000003E-001                  1.9999999999999907E-002                  1.6911838765078091E-024                  0.0000000000000000E+000                  0.0000000000000000E+000 
                                     153                  9.9999980427250745E-001                  2.6441299487471887E-001                  4.2241404898612851E+000                 -4.9258382748670773E+000                  7.1931542879490094E+000                  7.0000000000000007E-001                  2.8000000000000003E-001                  1.9999999999999907E-002                  1.7507565891575323E-024                  0.0000000000000000E+000                  0.0000000000000000E+000 
                                     154                  9.9999979767618874E-001                  2.6439472470073361E-001                  4.2260577754220661E+000                 -4.9142296925441187E+000                  7.2074305099488214E+000                  7.0000000000000007E-001                  2.8000000000000003E-001                  1.9999999999999907E-002                  1.7983407662024090E-024                  0.0000000000000000E+000                  0.0000000000000000E+000 
                                     155                  9.9999979099152381E-001                  2.6437669591164692E-001                  4.2284144834364525E+000                 -4.9000532607310152E+000                  7.2248898413259726E+000                  7.0000000000000007E-001                  2.8000000000000003E-001                  1.9999999999999907E-002                  1.8582111249709492E-024                  0.0000000000000000E+000                  0.0000000000000000E+000 
                                     156                  9.9999978083200691E-001                  2.6435017121904353E-001                  4.2315857934396126E+000                 -4.8810228759605199E+000                  7.2483352474311902E+000                  7.0000000000000007E-001                  2.8000000000000003E-001                  1.9999999999999907E-002                  1.9417317121212963E-024                  0.0000000000000000E+000                  0.0000000000000000E+000 
                                     157                  9.9999976728598461E-001                  2.6431631415588885E-001                  4.2341584705058768E+000                 -4.8654464459508215E+000                  7.2674765126986811E+000                  7.0000000000000007E-001                  2.8000000000000003E-001                  1.9999999999999907E-002                  2.0128846382290391E-024                  0.0000000000000000E+000                  0.0000000000000000E+000 
                                     158                  9.9999976051297335E-001                  2.6429997919320358E-001                  4.2358262423973461E+000                 -4.8554535680051165E+000                  7.2797859997965171E+000                  7.0000000000000007E-001                  2.8000000000000003E-001                  1.9999999999999907E-002                  2.0599012818136359E-024                  0.0000000000000000E+000                  0.0000000000000000E+000 
                                     159                  9.9999975373996219E-001                  2.6428401401689339E-001                  4.2382608615758075E+000                 -4.8410064526399950E+000                  7.2976223572520817E+000                  7.0000000000000007E-001                  2.8000000000000003E-001                  1.9999999999999907E-002                  2.1298268761338279E-024                  0.0000000000000000E+000                  0.0000000000000000E+000 
                                     160                  9.9999974019393978E-001                  2.6425312337858381E-001                  4.2405803297374058E+000                 -4.8270801283822031E+000                  7.3147597671940101E+000                  7.0000000000000007E-001                  2.8000000000000003E-001                  1.9999999999999907E-002                  2.1994817519078171E-024                  0.0000000000000000E+000                  0.0000000000000000E+000 
                                     161                  9.9999973342092863E-001                  2.6423816311175669E-001                  4.2428405317461664E+000                 -4.8137342676618360E+000                  7.3312487520133578E+000                  7.0000000000000007E-001                  2.8000000000000003E-001                  1.9999999999999907E-002                  2.2683737997445725E-024                  0.0000000000000000E+000                  0.0000000000000000E+000 
                                     162                  9.9999971987490610E-001                  2.6420914364395592E-001                  4.2457199871517508E+000                 -4.7966667475900309E+000                  7.3523087236593554E+000                  7.0000000000000007E-001                  2.8000000000000003E-001                  1.9999999999999907E-002                  2.3596364927966643E-024                  0.0000000000000000E+000                  0.0000000000000000E+000 
                                     163                  9.9999970632888380E-001                  2.6418123701920421E-001                  4.2491612019071345E+000                 -4.7764736868608662E+000                  7.3772803228805905E+000                  7.0000000000000007E-001                  2.8000000000000003E-001                  1.9999999999999907E-002                  2.4723743623231816E-024                  0.0000000000000000E+000                  0.0000000000000000E+000 
                                     164                  9.9999968600985023E-001                  2.6414126948811156E-001                  4.2530956235441302E+000                 -4.7533610173997785E+000                  7.4058406466078726E+000                  7.0000000000000007E-001                  2.8000000000000003E-001                  1.9999999999999907E-002                  2.6080511694236475E-024                  0.0000000000000000E+000                  0.0000000000000000E+000 
                                     165                  9.9999966514824323E-001                  2.6410235084480260E-001                  4.2562270569182079E+000                 -4.7349435767761507E+000                  7.4285811682300080E+000                  7.0000000000000007E-001                  2.8000000000000003E-001                  1.9999999999999907E-002                  2.7214872763555699E-024                  0.0000000000000000E+000                  0.0000000000000000E+000 
                                     166                  9.9999965124050527E-001                  2.6407747689907013E-001                  4.2598539184230164E+000                 -4.7140539196791247E+000                  7.4545031915346902E+000                  7.0000000000000007E-001                  2.8000000000000003E-001                  1.9999999999999907E-002                  2.8561455221014053E-024                  0.0000000000000000E+000                  0.0000000000000000E+000 
                                     167                  9.9999962323882630E-001                  2.6402973589835155E-001                  4.2632695861652214E+000                 -4.6940707876526062E+000                  7.4791866055281115E+000                  7.0000000000000007E-001                  2.8000000000000003E-001                  1.9999999999999907E-002                  2.9912040350944105E-024                  0.0000000000000000E+000                  0.0000000000000000E+000 
                                     168                  9.9999960895868245E-001                  2.6400647837857394E-001                  4.2654959749300208E+000                 -4.6812271737733706E+000                  7.4951028804906592E+000                  7.0000000000000007E-001                  2.8000000000000003E-001                  1.9999999999999907E-002                  3.0813690002478273E-024                  0.0000000000000000E+000                  0.0000000000000000E+000 
                                     169                  9.9999959467853827E-001                  2.6398389501915775E-001                  4.2681866826020327E+000                 -4.6658320340700215E+000                  7.5142153437360513E+000                  7.0000000000000007E-001                  2.8000000000000003E-001                  1.9999999999999907E-002                  3.1930423470416297E-024                  0.0000000000000000E+000                  0.0000000000000000E+000 
                                     170                  9.9999957325832245E-001                  2.6395119352528701E-001                  4.2712678171105543E+000                 -4.6481945048986972E+000                  7.5360989932393121E+000                  7.0000000000000007E-001                  2.8000000000000003E-001                  1.9999999999999907E-002                  3.3259754073945763E-024                  0.0000000000000000E+000                  0.0000000000000000E+000 
                                     171                  9.9999955183810652E-001                  2.6391978654180087E-001                  4.2737237471848983E+000                 -4.6341363448042383E+000                  7.5535339785771534E+000                  7.0000000000000007E-001                  2.8000000000000003E-001                  1.9999999999999907E-002                  3.4358921607174797E-024                  0.0000000000000000E+000                  0.0000000000000000E+000 
                                     172                  9.9999953755796256E-001                  2.6389951184678601E-001                  4.2761072963366438E+000                 -4.6206563561331890E+000                  7.5702990288239844E+000                  7.0000000000000007E-001                  2.8000000000000003E-001                  1.9999999999999907E-002                  3.5447059040230944E-024                  0.0000000000000000E+000                  0.0000000000000000E+000 
                                     173                  9.9999951613774662E-001                  2.6387002419132249E-001                  4.2783092618031597E+000                 -4.6081385105564072E+000                  7.5858400208729995E+000                  7.0000000000000007E-001                  2.8000000000000003E-001                  1.9999999999999907E-002                  3.6488435529662434E-024                  0.0000000000000000E+000                  0.0000000000000000E+000 
                                     174                  9.9999950321974407E-001                  2.6385274338228587E-001                  4.2807313824157260E+000                 -4.5945766124182086E+000                  7.6027390776445429E+000                  7.0000000000000007E-001                  2.8000000000000003E-001                  1.9999999999999907E-002                  3.7651302986976952E-024                  0.0000000000000000E+000                  0.0000000000000000E+000 
                                     175                  9.9999947738373896E-001                  2.6381923848071548E-001                  4.2830479967144708E+000                 -4.5814796076544990E+000                  7.6190100481727692E+000                  7.0000000000000007E-001                  2.8000000000000003E-001                  1.9999999999999907E-002                  3.8809553006976021E-024                  0.0000000000000000E+000                  0.0000000000000000E+000 
                                     176                  9.9999946446573640E-001                  2.6380298089732007E-001                  4.2853095600410436E+000                 -4.5689050702126233E+000                  7.6346956785639346E+000                  7.0000000000000007E-001                  2.8000000000000003E-001                  1.9999999999999907E-002                  3.9955190030835689E-024                  0.0000000000000000E+000                  0.0000000000000000E+000 
                                     177                  9.9999943862973151E-001                  2.6377138845341275E-001                  4.2882006874671870E+000                 -4.5527940543731162E+000                  7.6547714078474236E+000                  7.0000000000000007E-001                  2.8000000000000003E-001                  1.9999999999999907E-002                  4.1472705000193445E-024                  0.0000000000000000E+000                  0.0000000000000000E+000 
                                     178                  9.9999941279372651E-001                  2.6374093999786141E-001                  4.2916157725129560E+000                 -4.5339625007943001E+000                  7.6782906329347886E+000                  7.0000000000000007E-001                  2.8000000000000003E-001                  1.9999999999999907E-002                  4.3319861455382692E-024                  0.0000000000000000E+000                  0.0000000000000000E+000 
                                     179                  9.9999937499457303E-001                  2.6369827221243569E-001                  4.2952739348318731E+000                 -4.5137719989448000E+000                  7.7034842274795672E+000                  7.0000000000000007E-001                  2.8000000000000003E-001                  1.9999999999999907E-002                  4.5392032064786526E-024                  0.0000000000000000E+000                  0.0000000000000000E+000 
                                     180                  9.9999934072317631E-001                  2.6366133375627082E-001                  4.2991702654281898E+000                 -4.4925396958225035E+000                  7.7300509675074105E+000                  7.0000000000000007E-001                  2.8000000000000003E-001                  1.9999999999999907E-002                  4.7678410613849250E-024                  0.0000000000000000E+000                  0.0000000000000000E+000 
                                     181                  9.9999929435555790E-001                  2.6361372835420133E-001                  4.3023365075162223E+000                 -4.4751620559158836E+000                  7.7517372729834495E+000                  7.0000000000000007E-001                  2.8000000000000003E-001                  1.9999999999999907E-002                  4.9635370254154305E-024                  0.0000000000000000E+000                  0.0000000000000000E+000 
                                     182                  9.9999927117174869E-001                  2.6359085371127261E-001                  4.3044871113739314E+000                 -4.4635269738173067E+000                  7.7663066490232264E+000                  7.0000000000000007E-001                  2.8000000000000003E-001                  1.9999999999999907E-002                  5.0990450893420473E-024                  0.0000000000000000E+000                  0.0000000000000000E+000 
                                     183                  9.9999924565061615E-001                  2.6356633455733131E-001                  4.3073664295336016E+000                 -4.4480922244414840E+000                  7.7856732906052919E+000                  7.0000000000000007E-001                  2.8000000000000003E-001                  1.9999999999999907E-002                  5.2845471755918818E-024                  0.0000000000000000E+000                  0.0000000000000000E+000 
                                     184                  9.9999920386293262E-001                  2.6352758078389199E-001                  4.3113405128945725E+000                 -4.4268944212853345E+000                  7.8122890739371273E+000                  7.0000000000000007E-001                  2.8000000000000003E-001                  1.9999999999999907E-002                  5.5503909662440081E-024                  0.0000000000000000E+000                  0.0000000000000000E+000 
                                     185                  9.9999914814602109E-001                  2.6347835565103400E-001                  4.3145841590828935E+000                 -4.4094874498277941E+000                  7.8340921175353628E+000                  7.0000000000000007E-001                  2.8000000000000003E-001                  1.9999999999999907E-002                  5.7786919617753835E-024                  0.0000000000000000E+000                  0.0000000000000000E+000 
                                     186                  9.9999911945308118E-001                  2.6345399559301841E-001                  4.3167222880059049E+000                 -4.3981668361882598E+000                  7.8483166778670554E+000                  7.0000000000000007E-001                  2.8000000000000003E-001                  1.9999999999999907E-002                  5.9321971882514570E-024                  0.0000000000000000E+000                  0.0000000000000000E+000 
                                     187                  9.9999909076014126E-001                  2.6343025837325623E-001                  4.3193177934945863E+000                 -4.3845408670735164E+000                  7.8654699147853533E+000                  7.0000000000000007E-001                  2.8000000000000003E-001                  1.9999999999999907E-002                  6.1223956495233141E-024                  0.0000000000000000E+000                  0.0000000000000000E+000 
                                     188                  9.9999904772073145E-001                  2.6339574538884636E-001                  4.3221910922483557E+000                 -4.3694587286823969E+000                  7.8844457720871057E+000                  7.0000000000000007E-001                  2.8000000000000003E-001                  1.9999999999999907E-002                  6.3400594439627652E-024                  0.0000000000000000E+000                  0.0000000000000000E+000 
                                     189                  9.9999900806057951E-001                  2.6336502078445156E-001                  4.3252142111037779E+000                 -4.3537390629125934E+000                  7.9042632767902763E+000                  7.0000000000000007E-001                  2.8000000000000003E-001                  1.9999999999999907E-002                  6.5751885085321605E-024                  0.0000000000000000E+000                  0.0000000000000000E+000 
                                     190                  9.9999895743321554E-001                  2.6332718520271997E-001                  4.3287521218664500E+000                 -4.3354473008771084E+000                  7.9273436828985968E+000                  7.0000000000000007E-001                  2.8000000000000003E-001                  1.9999999999999907E-002                  6.8598224875676767E-024                  0.0000000000000000E+000                  0.0000000000000000E+000 
                                     191                  9.9999889761883853E-001                  2.6328431554862369E-001                  4.3316308262688672E+000                 -4.3205368569540887E+000                  7.9461344453567753E+000                  7.0000000000000007E-001                  2.8000000000000003E-001                  1.9999999999999907E-002                  7.1009600690377730E-024                  0.0000000000000000E+000                  0.0000000000000000E+000 
                                     192                  9.9999886311814346E-001                  2.6326041752708518E-001                  4.3344878422016100E+000                 -4.3060001932091163E+000                  7.9645348352042067E+000                  7.0000000000000007E-001                  2.8000000000000003E-001                  1.9999999999999907E-002                  7.3442362749244486E-024                  0.0000000000000000E+000                  0.0000000000000000E+000 
                                     193                  9.9999880124429619E-001                  2.6321896007624968E-001                  4.3371181549310913E+000                 -4.2925186741402763E+000                  7.9815534447653187E+000                  7.0000000000000007E-001                  2.8000000000000003E-001                  1.9999999999999907E-002                  7.5773207713889466E-024                  0.0000000000000000E+000                  0.0000000000000000E+000 
                                     194                  9.9999877030737250E-001                  2.6319886066130643E-001                  4.3394567380463247E+000                 -4.2807277303602387E+000                  7.9964990249715227E+000                  7.0000000000000007E-001                  2.8000000000000003E-001                  1.9999999999999907E-002                  7.7872521384543373E-024                  0.0000000000000000E+000                  0.0000000000000000E+000 
                                     195                  9.9999871670036478E-001                  2.6316495923951272E-001                  4.3420950787169099E+000                 -4.2674073736161473E+000                  8.0133667611657788E+000                  7.0000000000000007E-001                  2.8000000000000003E-001                  1.9999999999999907E-002                  8.0314417214054119E-024                  0.0000000000000000E+000                  0.0000000000000000E+000 
                                     196                  9.9999867136019693E-001                  2.6313714599287774E-001                  4.3448091086117051E+000                 -4.2538396655141577E+000                  8.0305854833576724E+000                  7.0000000000000007E-001                  2.8000000000000003E-001                  1.9999999999999907E-002                  8.2880650578396710E-024                  0.0000000000000000E+000                  0.0000000000000000E+000 
                                     197                  9.9999861167827298E-001                  2.6310165332641000E-001                  4.3472156663428825E+000                 -4.2417895231504765E+000                  8.0458618190043616E+000                  7.0000000000000007E-001                  2.8000000000000003E-001                  1.9999999999999907E-002                  8.5228748261612835E-024                  0.0000000000000000E+000                  0.0000000000000000E+000 
                                     198                  9.9999857466643283E-001                  2.6308024061295754E-001                  4.3499593068943012E+000                 -4.2282757595637559E+000                  8.0630643884196243E+000                  7.0000000000000007E-001                  2.8000000000000003E-001                  1.9999999999999907E-002                  8.7941541593614586E-024                  0.0000000000000000E+000                  0.0000000000000000E+000 
                                     199                  9.9999849866422974E-001                  2.6303760823917627E-001                  4.3526091355678984E+000                 -4.2151222163558435E+000                  8.0797599649293641E+000                  7.0000000000000007E-001                  2.8000000000000003E-001                  1.9999999999999907E-002                  9.0665210075729698E-024                  0.0000000000000000E+000                  0.0000000000000000E+000 
                                     200                  9.9999846066312792E-001                  2.6301692345694455E-001                  4.3543356341942463E+000                 -4.2066471989919023E+000                  8.0905461430291137E+000                  7.0000000000000007E-001                  2.8000000000000003E-001                  1.9999999999999907E-002                  9.2464785853214010E-024                  0.0000000000000000E+000                  0.0000000000000000E+000 
                                     201                  9.9999842266202632E-001                  2.6299663554296887E-001                  4.3569245695885037E+000                 -4.1940776482904916E+000                  8.1065861225868137E+000                  7.0000000000000007E-001                  2.8000000000000003E-001                  1.9999999999999907E-002                  9.5200004387164480E-024                  0.0000000000000000E+000                  0.0000000000000000E+000 
                                     202                  9.9999834411431066E-001                  2.6295588843701134E-001                  4.3600885027108971E+000                 -4.1786888266710740E+000                  8.1261994460142901E+000                  7.0000000000000007E-001                  2.8000000000000003E-001                  1.9999999999999907E-002                  9.8659520479052381E-024                  0.0000000000000000E+000                  0.0000000000000000E+000 
                                     203                  9.9999827422878529E-001                  2.6292088785685169E-001                  4.3629615566573916E+000                 -4.1648238009368193E+000                  8.1438976147190143E+000                  7.0000000000000007E-001                  2.8000000000000003E-001                  1.9999999999999907E-002                  1.0188439958368105E-023                  0.0000000000000000E+000                  0.0000000000000000E+000 
                                     204                  9.9999820434325992E-001                  2.6288697896620900E-001                  4.3659888092137189E+000                 -4.1503329664453270E+000                  8.1624248641496351E+000                  7.0000000000000007E-001                  2.8000000000000003E-001                  1.9999999999999907E-002                  1.0536796219177721E-023                  0.0000000000000000E+000                  0.0000000000000000E+000 
                                     205                  9.9999812172527758E-001                  2.6284819795471714E-001                  4.3691437670602316E+000                 -4.1353046698850404E+000                  8.1816518467611576E+000                  7.0000000000000007E-001                  2.8000000000000003E-001                  1.9999999999999907E-002                  1.0910707003370674E-023                  0.0000000000000000E+000                  0.0000000000000000E+000 
                                     206                  9.9999803910729534E-001                  2.6281072609779865E-001                  4.3718343202125043E+000                 -4.1225396044069829E+000                  8.1979902752673084E+000                  7.0000000000000007E-001                  2.8000000000000003E-001                  1.9999999999999907E-002                  1.1238750443694703E-023                  0.0000000000000000E+000                  0.0000000000000000E+000 
                                     207                  9.9999797549856129E-001                  2.6278270529623204E-001                  4.3747059151132319E+000                 -4.1090871250617367E+000                  8.2152607229599237E+000                  7.0000000000000007E-001                  2.8000000000000003E-001                  1.9999999999999907E-002                  1.1595180226842310E-023                  0.0000000000000000E+000                  0.0000000000000000E+000 
                                     208                  9.9999787848144905E-001                  2.6274126108622986E-001                  4.3784376717587605E+000                 -4.0917056861023013E+000                  8.2375942697309501E+000                  7.0000000000000007E-001                  2.8000000000000003E-001                  1.9999999999999907E-002                  1.2072565284243253E-023                  0.0000000000000000E+000                  0.0000000000000000E+000 
                                     209                  9.9999775816588365E-001                  2.6269186504336689E-001                  4.3831012387222392E+000                 -4.0702289923728792E+000                  8.2652526039437948E+000                  7.0000000000000007E-001                  2.8000000000000003E-001                  1.9999999999999907E-002                  1.2689770729626711E-023                  0.0000000000000000E+000                  0.0000000000000000E+000 
                                     210                  9.9999759349953499E-001                  2.6262749717183637E-001                  4.3869864217871113E+000                 -4.0522768662681150E+000                  8.2883227148340701E+000                  7.0000000000000007E-001                  2.8000000000000003E-001                  1.9999999999999907E-002                  1.3229930081995133E-023                  0.0000000000000000E+000                  0.0000000000000000E+000 
                                     211                  9.9999750632545248E-001                  2.6259478983619788E-001                  4.3896965067300284E+000                 -4.0399574238669773E+000                  8.3042179082818919E+000                  7.0000000000000007E-001                  2.8000000000000003E-001                  1.9999999999999907E-002                  1.3613907884300474E-023                  0.0000000000000000E+000                  0.0000000000000000E+000 
                                     212                  9.9999741208727699E-001                  2.6256041300548077E-001                  4.3924358901677047E+000                 -4.0275731516021374E+000                  8.3202115797153802E+000                  7.0000000000000007E-001                  2.8000000000000003E-001                  1.9999999999999907E-002                  1.4011186400081835E-023                  0.0000000000000000E+000                  0.0000000000000000E+000 
                                     213                  9.9999731702299655E-001                  2.6252670180709897E-001                  4.3951387198901886E+000                 -4.0154309065311216E+000                  8.3359110461754948E+000                  7.0000000000000007E-001                  2.8000000000000003E-001                  1.9999999999999907E-002                  1.4412002111985870E-023                  0.0000000000000000E+000                  0.0000000000000000E+000 
                                     214                  9.9999721942182629E-001                  2.6249303742331165E-001                  4.3976553017115609E+000                 -4.0041791895555736E+000                  8.3504698389542309E+000                  7.0000000000000007E-001                  2.8000000000000003E-001                  1.9999999999999907E-002                  1.4793693716802990E-023                  0.0000000000000000E+000                  0.0000000000000000E+000 
                                     215                  9.9999713208101049E-001                  2.6246367609425408E-001                  4.4003092962410504E+000                 -3.9924192437595916E+000                  8.3657170317254721E+000                  7.0000000000000007E-001                  2.8000000000000003E-001                  1.9999999999999907E-002                  1.5203481187692807E-023                  0.0000000000000000E+000                  0.0000000000000000E+000 
                                     216                  9.9999701902649574E-001                  2.6242667743641385E-001                  4.4030770635555596E+000                 -3.9801928241343427E+000                  8.3815721196508441E+000                  7.0000000000000007E-001                  2.8000000000000003E-001                  1.9999999999999907E-002                  1.5641616248257584E-023                  0.0000000000000000E+000                  0.0000000000000000E+000 
                                     217                  9.9999691617170017E-001                  2.6239394330776072E-001                  4.4063216200709538E+000                 -3.9660318972044730E+000                  8.3999883449118382E+000                  7.0000000000000007E-001                  2.8000000000000003E-001                  1.9999999999999907E-002                  1.6164950012469176E-023                  0.0000000000000000E+000                  0.0000000000000000E+000 
                                     218                  9.9999675822113177E-001                  2.6234527361433913E-001                  4.4101346100659677E+000                 -3.9494540987059952E+000                  8.4215523850902620E+000                  7.0000000000000007E-001                  2.8000000000000003E-001                  1.9999999999999907E-002                  1.6799993089117754E-023                  0.0000000000000000E+000                  0.0000000000000000E+000 
                                     219                  9.9999659653721451E-001                  2.6229730342847818E-001                  4.4134069208321529E+000                 -3.9353003505771591E+000                  8.4399746385175671E+000                  7.0000000000000007E-001                  2.8000000000000003E-001                  1.9999999999999907E-002                  1.7361974837502945E-023                  0.0000000000000000E+000                  0.0000000000000000E+000 
                                     220                  9.9999647242553502E-001                  2.6226165101632704E-001                  4.4166685529940048E+000                 -3.9213805879345656E+000                  8.4581509520143214E+000                  7.0000000000000007E-001                  2.8000000000000003E-001                  1.9999999999999907E-002                  1.7933084101789218E-023                  0.0000000000000000E+000                  0.0000000000000000E+000 
                                     221                  9.9999630251885541E-001                  2.6221436950438481E-001                  4.4198742776978301E+000                 -3.9077212864643056E+000                  8.4759801874777772E+000                  7.0000000000000007E-001                  2.8000000000000003E-001                  1.9999999999999907E-002                  1.8511852310264929E-023                  0.0000000000000000E+000                  0.0000000000000000E+000 
                                     222                  9.9999617194669854E-001                  2.6217914897061284E-001                  4.4233562368063497E+000                 -3.8931069762981476E+000                  8.4951277454486469E+000                  7.0000000000000007E-001                  2.8000000000000003E-001                  1.9999999999999907E-002                  1.9151884964555940E-023                  0.0000000000000000E+000                  0.0000000000000000E+000 
                                     223                  9.9999596589351214E-001                  2.6212539087854231E-001                  4.4266128709995378E+000                 -3.8794085381743733E+000                  8.5130467795705353E+000                  7.0000000000000007E-001                  2.8000000000000003E-001                  1.9999999999999907E-002                  1.9771982927250031E-023                  0.0000000000000000E+000                  0.0000000000000000E+000 
                                     224                  9.9999584335090674E-001                  2.6209440382360205E-001                  4.4289785730476599E+000                 -3.8695726466841665E+000                  8.5259499762094215E+000                  7.0000000000000007E-001                  2.8000000000000003E-001                  1.9999999999999907E-002                  2.0229639287419766E-023                  0.0000000000000000E+000                  0.0000000000000000E+000 
                                     225                  9.9999572080830135E-001                  2.6206410426229287E-001                  4.4325177819604109E+000                 -3.8550641097496325E+000                  8.5450520933848626E+000                  7.0000000000000007E-001                  2.8000000000000003E-001                  1.9999999999999907E-002                  2.0924215470547078E-023                  0.0000000000000000E+000                  0.0000000000000000E+000 
                                     226                  9.9999546699231057E-001                  2.6200338923509819E-001                  4.4359768566977955E+000                 -3.8407973959289183E+000                  8.5637823292301132E+000                  7.0000000000000007E-001                  2.8000000000000003E-001                  1.9999999999999907E-002                  2.1630583966555832E-023                  0.0000000000000000E+000                  0.0000000000000000E+000 
                                     227                  9.9999533556450160E-001                  2.6197295695507550E-001                  4.4394640889455506E+000                 -3.8267228591881541E+000                  8.5823691015615555E+000                  7.0000000000000007E-001                  2.8000000000000003E-001                  1.9999999999999907E-002                  2.2350921065894987E-023                  0.0000000000000000E+000                  0.0000000000000000E+000 
                                     228                  9.9999506802922900E-001                  2.6191296550373278E-001                  4.4428381398977930E+000                 -3.8130259209409205E+000                  8.6004074848085903E+000                  7.0000000000000007E-001                  2.8000000000000003E-001                  1.9999999999999907E-002                  2.3075078383451929E-023                  0.0000000000000000E+000                  0.0000000000000000E+000 
                                     229                  9.9999493192176536E-001                  2.6188338349335205E-001                  4.4450982979070890E+000                 -3.8039718761743484E+000                  8.6123723679467723E+000                  7.0000000000000007E-001                  2.8000000000000003E-001                  1.9999999999999907E-002                  2.3566667487594633E-023                  0.0000000000000000E+000                  0.0000000000000000E+000 
                                     230                  9.9999479096920041E-001                  2.6185337431742089E-001                  4.4485041583111338E+000                 -3.7905032091573783E+000                  8.6302307459076086E+000                  7.0000000000000007E-001                  2.8000000000000003E-001                  1.9999999999999907E-002                  2.4317496665239191E-023                  0.0000000000000000E+000                  0.0000000000000000E+000 
                                     231                  9.9999450404772172E-001                  2.6179413509492433E-001                  4.4518054816750920E+000                 -3.7773764715680196E+000                  8.6475901041667207E+000                  7.0000000000000007E-001                  2.8000000000000003E-001                  1.9999999999999907E-002                  2.5072401553163510E-023                  0.0000000000000000E+000                  0.0000000000000000E+000 
                                     232                  9.9999435807880821E-001                  2.6176488598446113E-001                  4.4551406421189759E+000                 -3.7643842639404652E+000                  8.6648690261630055E+000                  7.0000000000000007E-001                  2.8000000000000003E-001                  1.9999999999999907E-002                  2.5842770481681559E-023                  0.0000000000000000E+000                  0.0000000000000000E+000 
                                     233                  9.9999405575378530E-001                  2.6170607394187950E-001                  4.4584152236276573E+000                 -3.7515608396857663E+000                  8.6818800076549820E+000                  7.0000000000000007E-001                  2.8000000000000003E-001                  1.9999999999999907E-002                  2.6626468866288648E-023                  0.0000000000000000E+000                  0.0000000000000000E+000 
                                     234                  9.9999389921421677E-001                  2.6167649889380890E-001                  4.4605982214905486E+000                 -3.7431158923582157E+000                  8.6931185010094705E+000                  7.0000000000000007E-001                  2.8000000000000003E-001                  1.9999999999999907E-002                  2.7155585931074461E-023                  0.0000000000000000E+000                  0.0000000000000000E+000 
                                     235                  9.9999374267464847E-001                  2.6164748751354483E-001                  4.4638749585194040E+000                 -3.7305974281635645E+000                  8.7098332653833381E+000                  7.0000000000000007E-001                  2.8000000000000003E-001                  1.9999999999999907E-002                  2.7959446219930158E-023                  0.0000000000000000E+000                  0.0000000000000000E+000 
                                     236                  9.9999341846162870E-001                  2.6158909094119642E-001                  4.4681902670846654E+000                 -3.7141487263475139E+000                  8.7317901046499795E+000                  7.0000000000000007E-001                  2.8000000000000003E-001                  1.9999999999999907E-002                  2.9052180201607990E-023                  0.0000000000000000E+000                  0.0000000000000000E+000 
                                     237                  9.9999308272166021E-001                  2.6153084224397344E-001                  4.4724748592659980E+000                 -3.6979723562337399E+000                  8.7534261681712895E+000                  7.0000000000000007E-001                  2.8000000000000003E-001                  1.9999999999999907E-002                  3.0168712569673488E-023                  0.0000000000000000E+000                  0.0000000000000000E+000 
                                     238                  9.9999273504792074E-001                  2.6147270515679411E-001                  4.4767315047559961E+000                 -3.6820523912645147E+000                  8.7747611984953267E+000                  7.0000000000000007E-001                  2.8000000000000003E-001                  1.9999999999999907E-002                  3.1309686611471972E-023                  0.0000000000000000E+000                  0.0000000000000000E+000 
                                     239                  9.9999237501935390E-001                  2.6141464573972745E-001                  4.4809627540740902E+000                 -3.6663741579586606E+000                  8.7958133292759797E+000                  7.0000000000000007E-001                  2.8000000000000003E-001                  1.9999999999999907E-002                  3.2475759234949589E-023                  0.0000000000000000E+000                  0.0000000000000000E+000 
                                     240                  9.9999200220017781E-001                  2.6135663213812405E-001                  4.4851709618786941E+000                 -3.6509241560443315E+000                  8.8165992532443163E+000                  7.0000000000000007E-001                  2.8000000000000003E-001                  1.9999999999999907E-002                  3.3667597807902911E-023                  0.0000000000000000E+000                  0.0000000000000000E+000 
                                     241                  9.9999161613937371E-001                  2.6129863436591433E-001                  4.4893583122622642E+000                 -3.6356900081483547E+000                  8.8371343687982495E+000                  7.0000000000000007E-001                  2.8000000000000003E-001                  1.9999999999999907E-002                  3.4885875055083195E-023                  0.0000000000000000E+000                  0.0000000000000000E+000 
                                     242                  9.9999121637015920E-001                  2.6124062410593396E-001                  4.4935268391172976E+000                 -3.6206602749156231E+000                  8.8574329083946068E+000                  7.0000000000000007E-001                  2.8000000000000003E-001                  1.9999999999999907E-002                  3.6131275317417926E-023                  0.0000000000000000E+000                  0.0000000000000000E+000 
                                     243                  9.9999080240944349E-001                  2.6118257454345151E-001                  4.4976784391594808E+000                 -3.6058243495946809E+000                  8.8775080513907323E+000                  7.0000000000000007E-001                  2.8000000000000003E-001                  1.9999999999999907E-002                  3.7404496329826115E-023                  0.0000000000000000E+000                  0.0000000000000000E+000 
                                     244                  9.9999037375726230E-001                  2.6112446022083752E-001                  4.5018148830788371E+000                 -3.5911723769184047E+000                  8.8973720235437277E+000                  7.0000000000000007E-001                  2.8000000000000003E-001                  1.9999999999999907E-002                  3.8706250024928913E-023                  0.0000000000000000E+000                  0.0000000000000000E+000 
                                     245                  9.9998992989619595E-001                  2.6106625690888291E-001                  4.5059378291545729E+000                 -3.5766952202549263E+000                  8.9170361850182918E+000                  7.0000000000000007E-001                  2.8000000000000003E-001                  1.9999999999999907E-002                  4.0037259708733098E-023                  0.0000000000000000E+000                  0.0000000000000000E+000 
                                     246                  9.9998947029076535E-001                  2.6100794148740786E-001                  4.5100488396234830E+000                 -3.5623844206187303E+000                  8.9365111084619322E+000                  7.0000000000000007E-001                  2.8000000000000003E-001                  1.9999999999999907E-002                  4.1398258073360251E-023                  0.0000000000000000E+000                  0.0000000000000000E+000 
                                     247                  9.9998899438680922E-001                  2.6094949183533889E-001                  4.5141493921185702E+000                 -3.5482321103366843E+000                  8.9558066484650638E+000                  7.0000000000000007E-001                  2.8000000000000003E-001                  1.9999999999999907E-002                  4.2789989975195419E-023                  0.0000000000000000E+000                  0.0000000000000000E+000 
                                     248                  9.9998850161083885E-001                  2.6089088673567268E-001                  4.5182408858191865E+000                 -3.5342309573413448E+000                  8.9749320035226994E+000                  7.0000000000000007E-001                  2.8000000000000003E-001                  1.9999999999999907E-002                  4.4213213226388585E-023                  0.0000000000000000E+000                  0.0000000000000000E+000 
                                     249                  9.9998799136937189E-001                  2.6083210579068772E-001                  4.5223246470114518E+000                 -3.5203741179521990E+000                  8.9938957714497718E+000                  7.0000000000000007E-001                  2.8000000000000003E-001                  1.9999999999999907E-002                  4.5668699139741600E-023                  0.0000000000000000E+000                  0.0000000000000000E+000 
                                     250                  9.9998746304824260E-001                  2.6077312934578095E-001                  4.5264019374600926E+000                 -3.5066552080162059E+000                  9.0127059990638649E+000                  7.0000000000000007E-001                  2.8000000000000003E-001                  1.9999999999999907E-002                  4.7157231597454191E-023                  0.0000000000000000E+000                  0.0000000000000000E+000 
                                     251                  9.9998691601188905E-001                  2.6071393841910440E-001                  4.5304739647974159E+000                 -3.4930682785350742E+000                  9.0313702268337863E+000                  7.0000000000000007E-001                  2.8000000000000003E-001                  1.9999999999999907E-002                  4.8679605819254009E-023                  0.0000000000000000E+000                  0.0000000000000000E+000 
                                     252                  9.9998634960261779E-001                  2.6065451463597977E-001                  4.5345418890720621E+000                 -3.4796077808795203E+000                  9.0498955290958829E+000                  7.0000000000000007E-001                  2.8000000000000003E-001                  1.9999999999999907E-002                  5.0236628494197171E-023                  0.0000000000000000E+000                  0.0000000000000000E+000 
                                     253                  9.9998576313983956E-001                  2.6059484016926787E-001                  4.5386068261079213E+000                 -3.4662685340961965E+000                  9.0682885503617392E+000                  7.0000000000000007E-001                  2.8000000000000003E-001                  1.9999999999999907E-002                  5.1829118055369509E-023                  0.0000000000000000E+000                  0.0000000000000000E+000 
                                     254                  9.9998515591928328E-001                  2.6053489768512228E-001                  4.5426698506638354E+000                 -3.4530456947260495E+000                  9.0865555381686338E+000                  7.0000000000000007E-001                  2.8000000000000003E-001                  1.9999999999999907E-002                  5.3457905031464014E-023                  0.0000000000000000E+000                  0.0000000000000000E+000 
                                     255                  9.9998452721218056E-001                  2.6047467029361132E-001                  4.5467320010554699E+000                 -3.4399347231761368E+000                  9.1047023728568348E+000                  7.0000000000000007E-001                  2.8000000000000003E-001                  1.9999999999999907E-002                  5.5123833216407769E-023                  0.0000000000000000E+000                  0.0000000000000000E+000 
                                     256                  9.9998387626442298E-001                  2.6041414150460107E-001                  4.5507942846616887E+000                 -3.4269313724729709E+000                  9.1227345946105824E+000                  7.0000000000000007E-001                  2.8000000000000003E-001                  1.9999999999999907E-002                  5.6827758356677735E-023                  0.0000000000000000E+000                  0.0000000000000000E+000 
                                     257                  9.9998320229569149E-001                  2.6035329518561967E-001                  4.5548576816661770E+000                 -3.4140316774038322E+000                  9.1406574280606705E+000                  7.0000000000000007E-001                  2.8000000000000003E-001                  1.9999999999999907E-002                  5.8570546777409743E-023                  0.0000000000000000E+000                  0.0000000000000000E+000 
                                     258                  9.9998250449855597E-001                  2.6029211552154702E-001                  4.5589231475085983E+000                 -3.4012319346454492E+000                  9.1584758047088233E+000                  7.0000000000000007E-001                  2.8000000000000003E-001                  1.9999999999999907E-002                  6.0353075271790263E-023                  0.0000000000000000E+000                  0.0000000000000000E+000 
                                     259                  9.9998178203754395E-001                  2.6023058697722823E-001                  4.5629916150918728E+000                 -3.3885286823718821E+000                  9.1761943834018052E+000                  7.0000000000000007E-001                  2.8000000000000003E-001                  1.9999999999999907E-002                  6.2176231294812018E-023                  0.0000000000000000E+000                  0.0000000000000000E+000 
                                     260                  9.9998103404817817E-001                  2.6016869426305206E-001                  4.5670639963543005E+000                 -3.3759186663685874E+000                  9.1938175690560193E+000                  7.0000000000000007E-001                  2.8000000000000003E-001                  1.9999999999999907E-002                  6.4040915450496691E-023                  0.0000000000000000E+000                  0.0000000000000000E+000 
                                     261                  9.9998025963598258E-001                  2.6010642230532749E-001                  4.5711411837012745E+000                 -3.3633988346294998E+000                  9.2113495298090413E+000                  7.0000000000000007E-001                  2.8000000000000003E-001                  1.9999999999999907E-002                  6.5948040237709553E-023                  0.0000000000000000E+000                  0.0000000000000000E+000 
                                     262                  9.9997945787545284E-001                  2.6004375621744913E-001                  4.5752240520812402E+000                 -3.3509663343724547E+000                  9.2287942127547762E+000                  7.0000000000000007E-001                  2.8000000000000003E-001                  1.9999999999999907E-002                  6.7898528345111182E-023                  0.0000000000000000E+000                  0.0000000000000000E+000 
                                     263                  9.9997862780899349E-001                  2.5998068127138224E-001                  4.5793134612634399E+000                 -3.3386185005021902E+000                  9.2461553584010225E+000                  7.0000000000000007E-001                  2.8000000000000003E-001                  1.9999999999999907E-002                  6.9893312213990673E-023                  0.0000000000000000E+000                  0.0000000000000000E+000 
                                     264                  9.9997776844581943E-001                  2.5991718287062060E-001                  4.5834102575714235E+000                 -3.3263528459550642E+000                  9.2634365139723602E+000                  7.0000000000000007E-001                  2.8000000000000003E-001                  1.9999999999999907E-002                  7.1933333392032012E-023                  0.0000000000000000E+000                  0.0000000000000000E+000 
                                     265                  9.9997687876081942E-001                  2.5985324652433861E-001                  4.5875152728999540E+000                 -3.3141670331679727E+000                  9.2806410456677764E+000                  7.0000000000000007E-001                  2.8000000000000003E-001                  1.9999999999999907E-002                  7.4019545232844284E-023                  0.0000000000000000E+000                  0.0000000000000000E+000 
                                     266                  9.9997595769338243E-001                  2.5978885782544553E-001                  4.5916293231217100E+000                 -3.3020588645309910E+000                  9.2977721499710970E+000                  7.0000000000000007E-001                  2.8000000000000003E-001                  1.9999999999999907E-002                  7.6152912853030537E-023                  0.0000000000000000E+000                  0.0000000000000000E+000 
                                     267                  9.9997500414618390E-001                  2.5972400242986021E-001                  4.5957532092777837E+000                 -3.2900262783835483E+000                  9.3148328641049165E+000                  7.0000000000000007E-001                  2.8000000000000003E-001                  1.9999999999999907E-002                  7.8334412189923514E-023                  0.0000000000000000E+000                  0.0000000000000000E+000 
                                     268                  9.9997401698393085E-001                  2.5965866603607413E-001                  4.5998877197804040E+000                 -3.2780673414097898E+000                  9.3318260757060347E+000                  7.0000000000000007E-001                  2.8000000000000003E-001                  1.9999999999999907E-002                  8.0565029699120093E-023                  0.0000000000000000E+000                  0.0000000000000000E+000 
                                     269                  9.9997299503206472E-001                  2.5959283436556507E-001                  4.6040336315576695E+000                 -3.2661802403299065E+000                  9.3487545317880834E+000                  7.0000000000000007E-001                  2.8000000000000003E-001                  1.9999999999999907E-002                  8.2845762265489852E-023                  0.0000000000000000E+000                  0.0000000000000000E+000 
                                     270                  9.9997193707542109E-001                  2.5952649314416654E-001                  4.6081917070710432E+000                 -3.2543632686103252E+000                  9.3656208470530569E+000                  7.0000000000000007E-001                  2.8000000000000003E-001                  1.9999999999999907E-002                  8.5177618221413117E-023                  0.0000000000000000E+000                  0.0000000000000000E+000 
                                     271                  9.9997084185684348E-001                  2.5945962808513107E-001                  4.6123626911061342E+000                 -3.2426148125196255E+000                  9.3824275116082134E+000                  7.0000000000000007E-001                  2.8000000000000003E-001                  1.9999999999999907E-002                  8.7561618792259312E-023                  0.0000000000000000E+000                  0.0000000000000000E+000 
                                     272                  9.9996970807575158E-001                  2.5939222487405267E-001                  4.6165473116759070E+000                 -3.2309333455135558E+000                  9.3991768981387569E+000                  7.0000000000000007E-001                  2.8000000000000003E-001                  1.9999999999999907E-002                  8.9998798122724447E-023                  0.0000000000000000E+000                  0.0000000000000000E+000 
                                     273                  9.9996853438666056E-001                  2.5932426915440071E-001                  4.6207462819388070E+000                 -3.2193174249913712E+000                  9.4158712685817072E+000                  7.0000000000000007E-001                  2.8000000000000003E-001                  1.9999999999999907E-002                  9.2490202865816428E-023                  0.0000000000000000E+000                  0.0000000000000000E+000 
                                     274                  9.9996731939765215E-001                  2.5925574651326555E-001                  4.6249603002688460E+000                 -3.2077656921849251E+000                  9.4325127803425257E+000                  7.0000000000000007E-001                  2.8000000000000003E-001                  1.9999999999999907E-002                  9.5036891073335077E-023                  0.0000000000000000E+000                  0.0000000000000000E+000 
                                     275                  9.9996606166879287E-001                  2.5918664246686857E-001                  4.6291900460348323E+000                 -3.1962768656622913E+000                  9.4491034920915400E+000                  7.0000000000000007E-001                  2.8000000000000003E-001                  1.9999999999999907E-002                  9.7639932441599982E-023                  0.0000000000000000E+000                  0.0000000000000000E+000 
                                     276                  9.9996475971050069E-001                  2.5911694244672123E-001                  4.6334361762937952E+000                 -3.1848497146307406E+000                  9.4656453691741156E+000                  7.0000000000000007E-001                  2.8000000000000003E-001                  1.9999999999999907E-002                  1.0030041344951055E-022                  0.0000000000000000E+000                  0.0000000000000000E+000 
                                     277                  9.9996341198185656E-001                  2.5904663178983411E-001                  4.6376993265594715E+000                 -3.1734830515341486E+000                  9.4821402886644996E+000                  7.0000000000000007E-001                  2.8000000000000003E-001                  1.9999999999999907E-002                  1.0301943873975725E-022                  0.0000000000000000E+000                  0.0000000000000000E+000 
                                     278                  9.9996201688885922E-001                  2.5897569572992807E-001                  4.6419801119520150E+000                 -3.1621757291442858E+000                  9.4985900440911060E+000                  7.0000000000000007E-001                  2.8000000000000003E-001                  1.9999999999999907E-002                  1.0579813161240360E-022                  0.0000000000000000E+000                  0.0000000000000000E+000 
                                     279                  9.9996057278262362E-001                  2.5890411938901181E-001                  4.6462791257327316E+000                 -3.1509266552754873E+000                  9.5149963498586718E+000                  7.0000000000000007E-001                  2.8000000000000003E-001                  1.9999999999999907E-002                  1.0863763007924558E-022                  0.0000000000000000E+000                  0.0000000000000000E+000 
                                     280                  9.9995907795751660E-001                  2.5883188776635457E-001                  4.6505969349579415E+000                 -3.1397347877558861E+000                  9.5313608453926033E+000                  7.0000000000000007E-001                  2.8000000000000003E-001                  1.9999999999999907E-002                  1.1153908745069004E-022                  0.0000000000000000E+000                  0.0000000000000000E+000 
                                     281                  9.9995753064923265E-001                  2.5875898572804634E-001                  4.6549340782799522E+000                 -3.1285991077257056E+000                  9.5476850990279392E+000                  7.0000000000000007E-001                  2.8000000000000003E-001                  1.9999999999999907E-002                  1.1450367890079750E-022                  0.0000000000000000E+000                  0.0000000000000000E+000 
                                     282                  9.9995592903280395E-001                  2.5868539800079399E-001                  4.6592910664260812E+000                 -3.1175186175432166E+000                  9.5639706116595686E+000                  7.0000000000000007E-001                  2.8000000000000003E-001                  1.9999999999999907E-002                  1.1753260229786885E-022                  0.0000000000000000E+000                  0.0000000000000000E+000 
                                     283                  9.9995427122054459E-001                  2.5861110916601970E-001                  4.6636683823685923E+000                 -3.1064923432786804E+000                  9.5802188201701561E+000                  7.0000000000000007E-001                  2.8000000000000003E-001                  1.9999999999999907E-002                  1.2062707780897486E-022                  0.0000000000000000E+000                  0.0000000000000000E+000 
                                     284                  9.9995255525992699E-001                  2.5853610365348861E-001                  4.6680664790527988E+000                 -3.0955193513065162E+000                  9.5964311006524206E+000                  7.0000000000000007E-001                  2.8000000000000003E-001                  1.9999999999999907E-002                  1.2378834326674233E-022                  0.0000000000000000E+000                  0.0000000000000000E+000 
                                     285                  9.9995077913138675E-001                  2.5846036573194153E-001                  4.6724857762140219E+000                 -3.0845987180549179E+000                  9.6126087714408932E+000                  7.0000000000000007E-001                  2.8000000000000003E-001                  1.9999999999999907E-002                  1.2701766278553875E-022                  0.0000000000000000E+000                  0.0000000000000000E+000 
                                     286                  9.9994894074605545E-001                  2.5838387950481356E-001                  4.6769266592320591E+000                 -3.0737295126374891E+000                  9.6287530959657950E+000                  7.0000000000000007E-001                  2.8000000000000003E-001                  1.9999999999999907E-002                  1.3031633278421567E-022                  0.0000000000000000E+000                  0.0000000000000000E+000 
                                     287                  9.9994703794341711E-001                  2.5830662890906914E-001                  4.6813894787546442E+000                 -3.0629107948729746E+000                  9.6448652854408650E+000                  7.0000000000000007E-001                  2.8000000000000003E-001                  1.9999999999999907E-002                  1.3368568400595425E-022                  0.0000000000000000E+000                  0.0000000000000000E+000 
                                     288                  9.9994506848888876E-001                  2.5822859771453688E-001                  4.6858745497211203E+000                 -3.0521416295830539E+000                  9.6609465013964719E+000                  7.0000000000000007E-001                  2.8000000000000003E-001                  1.9999999999999907E-002                  1.3712707842671321E-022                  0.0000000000000000E+000                  0.0000000000000000E+000 
                                     289                  9.9994303007131913E-001                  2.5814976952087204E-001                  4.6903821494477826E+000                 -3.0414210956272072E+000                  9.6769978580688161E+000                  7.0000000000000007E-001                  2.8000000000000003E-001                  1.9999999999999907E-002                  1.4064190725924498E-022                  0.0000000000000000E+000                  0.0000000000000000E+000 
                                     290                  9.9994092030040560E-001                  2.5807012775289440E-001                  4.6949125159216472E+000                 -3.0307482594730049E+000                  9.6930204246549021E+000                  7.0000000000000007E-001                  2.8000000000000003E-001                  1.9999999999999907E-002                  1.4423160060441290E-022                  0.0000000000000000E+000                  0.0000000000000000E+000 
                                     291                  9.9993873670402533E-001                  2.5798965566081783E-001                  4.6994658467662713E+000                 -3.0201221709364461E+000                  9.7090152274416059E+000                  7.0000000000000007E-001                  2.8000000000000003E-001                  1.9999999999999907E-002                  1.4789763075184747E-022                  0.0000000000000000E+000                  0.0000000000000000E+000 
                                     292                  9.9993647672547858E-001                  2.5790833632152987E-001                  4.7040422983495516E+000                 -3.0095418677609715E+000                  9.7249832518167949E+000                  7.0000000000000007E-001                  2.8000000000000003E-001                  1.9999999999999907E-002                  1.5164151262374620E-022                  0.0000000000000000E+000                  0.0000000000000000E+000 
                                     293                  9.9993413772064121E-001                  2.5782615263927128E-001                  4.7086419856316031E+000                 -2.9990064043442182E+000                  9.7409254441710100E+000                  7.0000000000000007E-001                  2.8000000000000003E-001                  1.9999999999999907E-002                  1.5546479519110047E-022                  0.0000000000000000E+000                  0.0000000000000000E+000 
                                     294                  9.9993171695502325E-001                  2.5774308734108237E-001                  4.7132649820969945E+000                 -2.9885148314365138E+000                  9.7568427136977363E+000                  7.0000000000000007E-001                  2.8000000000000003E-001                  1.9999999999999907E-002                  1.5936906984357058E-022                  0.0000000000000000E+000                  0.0000000000000000E+000 
                                     295                  9.9992921160072956E-001                  2.5765912297614163E-001                  4.7179113187766406E+000                 -2.9780661825032104E+000                  9.7727359340970530E+000                  7.0000000000000007E-001                  2.8000000000000003E-001                  1.9999999999999907E-002                  1.6335597735141324E-022                  0.0000000000000000E+000                  0.0000000000000000E+000 
                                     296                  9.9992661873332211E-001                  2.5757424191795791E-001                  4.7225809829750602E+000                 -2.9676594713991542E+000                  9.7886059451885021E+000                  7.0000000000000007E-001                  2.8000000000000003E-001                  1.9999999999999907E-002                  1.6742721121096588E-022                  0.0000000000000000E+000                  0.0000000000000000E+000 
                                     297                  9.9992393532857826E-001                  2.5748842636734043E-001                  4.7272739183528687E+000                 -2.9572936931737672E+000                  9.8044535544398475E+000                  7.0000000000000007E-001                  2.8000000000000003E-001                  1.9999999999999907E-002                  1.7158451997042545E-022                  0.0000000000000000E+000                  0.0000000000000000E+000 
                                     298                  9.9992115825914207E-001                  2.5740165835559586E-001                  4.7319900261735492E+000                 -2.9469678240953674E+000                  9.8202795384165800E+000                  7.0000000000000007E-001                  2.8000000000000003E-001                  1.9999999999999907E-002                  1.7582970995645792E-022                  0.0000000000000000E+000                  0.0000000000000000E+000 
                                     299                  9.9991828429106677E-001                  2.5731391974809115E-001                  4.7367291651551628E+000                 -2.9366808199722132E+000                  9.8360846441570118E+000                  7.0000000000000007E-001                  2.8000000000000003E-001                  1.9999999999999907E-002                  1.8016464885379243E-022                  0.0000000000000000E+000                  0.0000000000000000E+000 
                                     300                  9.9991531008024226E-001                  2.5722519224856566E-001                  4.7414911500664196E+000                 -2.9264316147955696E+000                  9.8518695904771416E+000                  7.0000000000000007E-001                  2.8000000000000003E-001                  1.9999999999999907E-002                  1.8459126938439348E-022                  0.0000000000000000E+000                  0.0000000000000000E+000 
                                     301                  9.9991223216870728E-001                  2.5713545740414889E-001                  4.7462757519957828E+000                 -2.9162191254656449E+000                  9.8676350692091521E+000                  7.0000000000000007E-001                  2.8000000000000003E-001                  1.9999999999999907E-002                  1.8911157049462065E-022                  0.0000000000000000E+000                  0.0000000000000000E+000 
                                     302                  9.9990904698083882E-001                  2.5704469660987966E-001                  4.7510827015443935E+000                 -2.9060422605641461E+000                  9.8833817463776068E+000                  7.0000000000000007E-001                  2.8000000000000003E-001                  1.9999999999999907E-002                  1.9372761652707625E-022                  0.0000000000000000E+000                  0.0000000000000000E+000 
                                     303                  9.9990575081941868E-001                  2.5695289111180131E-001                  4.7559116907727343E+000                 -2.8958999192594623E+000                  9.8991102633168389E+000                  7.0000000000000007E-001                  2.8000000000000003E-001                  1.9999999999999907E-002                  1.9844154058611282E-022                  0.0000000000000000E+000                  0.0000000000000000E+000 
                                     304                  9.9990233986157029E-001                  2.5686002201063379E-001                  4.7607623723622234E+000                 -2.8857909898187111E+000                  9.9148212377328750E+000                  7.0000000000000007E-001                  2.8000000000000003E-001                  1.9999999999999907E-002                  2.0325554829039195E-022                  0.0000000000000000E+000                  0.0000000000000000E+000 
                                     305                  9.9989881015456361E-001                  2.5676607026616022E-001                  4.7656343598212727E+000                 -2.8757143544913415E+000                  9.9305152647127901E+000                  7.0000000000000007E-001                  2.8000000000000003E-001                  1.9999999999999907E-002                  2.0817191861563819E-022                  0.0000000000000000E+000                  0.0000000000000000E+000 
                                     306                  9.9989515761148284E-001                  2.5667101670093301E-001                  4.7705272310492521E+000                 -2.8656689015499421E+000                  9.9461929176842307E+000                  7.0000000000000007E-001                  2.8000000000000003E-001                  1.9999999999999907E-002                  2.1319300090595979E-022                  0.0000000000000000E+000                  0.0000000000000000E+000 
                                     307                  9.9989137800675365E-001                  2.5657484200170405E-001                  4.7754405313431940E+000                 -2.8556535199192079E+000                  9.9618547493260863E+000                  7.0000000000000007E-001                  2.8000000000000003E-001                  1.9999999999999907E-002                  2.1832122014798590E-022                  0.0000000000000000E+000                  0.0000000000000000E+000 
                                     308                  9.9988746697152564E-001                  2.5647752672226987E-001                  4.7803737731980886E+000                 -2.8456670968678459E+000                  9.9775012924333595E+000                  7.0000000000000007E-001                  2.8000000000000003E-001                  1.9999999999999907E-002                  2.2355908111285396E-022                  0.0000000000000000E+000                  0.0000000000000000E+000 
                                     309                  9.9988341998890473E-001                  2.5637905128715177E-001                  4.7853264361944605E+000                 -2.8357085090419001E+000                  9.9931330607409556E+000                  7.0000000000000007E-001                  2.8000000000000003E-001                  1.9999999999999907E-002                  2.2890917641019764E-022                  0.0000000000000000E+000                  0.0000000000000000E+000 
                                     310                  9.9987923238903131E-001                  2.5627939599765143E-001                  4.7902979687382414E+000                 -2.8257766055332585E+000                  1.0008750549709076E+001                  7.0000000000000007E-001                  2.8000000000000003E-001                  1.9999999999999907E-002                  2.3437419981339580E-022                  0.0000000000000000E+000                  0.0000000000000000E+000 
                                     311                  9.9987489934399776E-001                  2.5617854104229981E-001                  4.7952877897644335E+000                 -2.8158702315482418E+000                  1.0024354237271540E+001                  7.0000000000000007E-001                  2.8000000000000003E-001                  1.9999999999999907E-002                  2.3995693796941034E-022                  0.0000000000000000E+000                  0.0000000000000000E+000 
                                     312                  9.9987041586260206E-001                  2.5607646650245486E-001                  4.8002952887491048E+000                 -2.8059882338426596E+000                  1.0039944584549684E+001                  7.0000000000000007E-001                  2.8000000000000003E-001                  1.9999999999999907E-002                  2.4566027106271494E-022                  0.0000000000000000E+000                  0.0000000000000000E+000 
                                     313                  9.9986577678493027E-001                  2.5597315235700280E-001                  4.8053198258563397E+000                 -2.7961294590679837E+000                  1.0055522036533459E+001                  7.0000000000000007E-001                  2.8000000000000003E-001                  1.9999999999999907E-002                  2.5148717742280786E-022                  0.0000000000000000E+000                  0.0000000000000000E+000 
                                     314                  9.9986097677676500E-001                  2.5586857848780142E-001                  4.8103607335951484E+000                 -2.7862927512345341E+000                  1.0071087022731476E+001                  7.0000000000000007E-001                  2.8000000000000003E-001                  1.9999999999999907E-002                  2.5744073895909486E-022                  0.0000000000000000E+000                  0.0000000000000000E+000 
                                     315                  9.9985601032381188E-001                  2.5576272468610506E-001                  4.8154173184912423E+000                 -2.7764769579211848E+000                  1.0086639957791187E+001                  7.0000000000000007E-001                  2.8000000000000003E-001                  1.9999999999999907E-002                  2.6352414149262847E-022                  0.0000000000000000E+000                  0.0000000000000000E+000 
                                     316                  9.9985087172574050E-001                  2.5565557065786121E-001                  4.8204888614036250E+000                 -2.7666809312806007E+000                  1.0102181242090866E+001                  7.0000000000000007E-001                  2.8000000000000003E-001                  1.9999999999999907E-002                  2.6974067804918327E-022                  0.0000000000000000E+000                  0.0000000000000000E+000 
                                     317                  9.9984555509003226E-001                  2.5554709602910947E-001                  4.8255746184552759E+000                 -2.7569035267035455E+000                  1.0117711262304612E+001                  7.0000000000000007E-001                  2.8000000000000003E-001                  1.9999999999999907E-002                  2.7609375375455228E-022                  0.0000000000000000E+000                  0.0000000000000000E+000 
                                     318                  9.9984005432563183E-001                  2.5543728035201724E-001                  4.8306738246465537E+000                 -2.7471436029060619E+000                  1.0133230391939977E+001                  7.0000000000000007E-001                  2.8000000000000003E-001                  1.9999999999999907E-002                  2.8258689005527307E-022                  0.0000000000000000E+000                  0.0000000000000000E+000 
                                     319                  9.9983436313639329E-001                  2.5532610311128295E-001                  4.8357856972981539E+000                 -2.7374000299893591E+000                  1.0148738991845903E+001                  7.0000000000000007E-001                  2.8000000000000003E-001                  1.9999999999999907E-002                  2.8922372360788829E-022                  0.0000000000000000E+000                  0.0000000000000000E+000 
                                     320                  9.9982847501431982E-001                  2.5521354372884814E-001                  4.8409094369881096E+000                 -2.7276716906245837E+000                  1.0164237410693291E+001                  7.0000000000000007E-001                  2.8000000000000003E-001                  1.9999999999999907E-002                  2.9600800940512099E-022                  0.0000000000000000E+000                  0.0000000000000000E+000 
                                     321                  9.9982238323258732E-001                  2.5509958156854323E-001                  4.8460442293123718E+000                 -2.7179574725082039E+000                  1.0179725985433985E+001                  7.0000000000000007E-001                  2.8000000000000003E-001                  1.9999999999999907E-002                  3.0294363023103896E-022                  0.0000000000000000E+000                  0.0000000000000000E+000 
                                     322                  9.9981608083834550E-001                  2.5498419594296434E-001                  4.8511892497493232E+000                 -2.7082562619275405E+000                  1.0195205041740319E+001                  7.0000000000000007E-001                  2.8000000000000003E-001                  1.9999999999999907E-002                  3.1003460621344989E-022                  0.0000000000000000E+000                  0.0000000000000000E+000 
                                     323                  9.9980956064528637E-001                  2.5486736612238198E-001                  4.8563436678894440E+000                 -2.6985669665268532E+000                  1.0210674894425896E+001                  7.0000000000000007E-001                  2.8000000000000003E-001                  1.9999999999999907E-002                  3.1728508313764028E-022                  0.0000000000000000E+000                  0.0000000000000000E+000 
                                     324                  9.9980281522597669E-001                  2.5474907133791047E-001                  4.8615066487109395E+000                 -2.6888885187681768E+000                  1.0226135847849200E+001                  7.0000000000000007E-001                  2.8000000000000003E-001                  1.9999999999999907E-002                  3.2469933350878429E-022                  0.0000000000000000E+000                  0.0000000000000000E+000 
                                     325                  9.9979583690394513E-001                  2.5462929078377428E-001                  4.8666773550788571E+000                 -2.6792198675978169E+000                  1.0241588196300951E+001                  7.0000000000000007E-001                  2.8000000000000003E-001                  1.9999999999999907E-002                  3.3228176669988894E-022                  0.0000000000000000E+000                  0.0000000000000000E+000 
                                     326                  9.9978861774551619E-001                  2.5450800362190751E-001                  4.8718549531692723E+000                 -2.6695599766614908E+000                  1.0257032224375518E+001                  7.0000000000000007E-001                  2.8000000000000003E-001                  1.9999999999999907E-002                  3.4003693481073580E-022                  0.0000000000000000E+000                  0.0000000000000000E+000 
                                     327                  9.9978114955138453E-001                  2.5438518898716000E-001                  4.8770386166732704E+000                 -2.6599078449979516E+000                  1.0272468207327005E+001                  7.0000000000000007E-001                  2.8000000000000003E-001                  1.9999999999999907E-002                  3.4796952018835603E-022                  0.0000000000000000E+000                  0.0000000000000000E+000 
                                     328                  9.9977342384792056E-001                  2.5426082598676447E-001                  4.8822275281974035E+000                 -2.6502625091223675E+000                  1.0287896411411424E+001                  7.0000000000000007E-001                  2.8000000000000003E-001                  1.9999999999999907E-002                  3.5608433650667544E-022                  0.0000000000000000E+000                  0.0000000000000000E+000 
                                     329                  9.9976543187819966E-001                  2.5413489369894698E-001                  4.8874208825303240E+000                 -2.6406230393390158E+000                  1.0303317094214856E+001                  7.0000000000000007E-001                  2.8000000000000003E-001                  1.9999999999999907E-002                  3.6438633464838312E-022                  0.0000000000000000E+000                  0.0000000000000000E+000 
                                     330                  9.9975716459274733E-001                  2.5400737117236483E-001                  4.8926178925224137E+000                 -2.6309885420229313E+000                  1.0318730504963323E+001                  7.0000000000000007E-001                  2.8000000000000003E-001                  1.9999999999999907E-002                  3.7288060372701974E-022                  0.0000000000000000E+000                  0.0000000000000000E+000 
                                     331                  9.9974861263999515E-001                  2.5387823742470278E-001                  4.8978177929973024E+000                 -2.6213581688529324E+000                  1.0334136884811249E+001                  7.0000000000000007E-001                  2.8000000000000003E-001                  1.9999999999999907E-002                  3.8157236550295477E-022                  0.0000000000000000E+000                  0.0000000000000000E+000 
                                     332                  9.9973976635644257E-001                  2.5374747143829074E-001                  4.9030198421475255E+000                 -2.6117311162895192E+000                  1.0349536467114858E+001                  7.0000000000000007E-001                  2.8000000000000003E-001                  1.9999999999999907E-002                  3.9046697673025830E-022                  0.0000000000000000E+000                  0.0000000000000000E+000 
                                     333                  9.9973061575650679E-001                  2.5361505215537383E-001                  4.9082233256672207E+000                 -2.6021066104169677E+000                  1.0364929477696155E+001                  7.0000000000000007E-001                  2.8000000000000003E-001                  1.9999999999999907E-002                  3.9956994551280786E-022                  0.0000000000000000E+000                  0.0000000000000000E+000 
                                     334                  9.9972115052205313E-001                  2.5348095847756558E-001                  4.9134275631579767E+000                 -2.5924839197787626E+000                  1.0380316135098202E+001                  7.0000000000000007E-001                  2.8000000000000003E-001                  1.9999999999999907E-002                  4.0888692222982097E-022                  0.0000000000000000E+000                  0.0000000000000000E+000 
                                     335                  9.9971135999159677E-001                  2.5334516926102973E-001                  4.9186319116358037E+000                 -2.5828623755401008E+000                  1.0395696650832582E+001                  7.0000000000000007E-001                  2.8000000000000003E-001                  1.9999999999999907E-002                  4.1842368136765694E-022                  0.0000000000000000E+000                  0.0000000000000000E+000 
                                     336                  9.9970123314916337E-001                  2.5320766330476763E-001                  4.9238357670832871E+000                 -2.5732413685751467E+000                  1.0411071229620410E+001                  7.0000000000000007E-001                  2.8000000000000003E-001                  1.9999999999999907E-002                  4.2818612409563232E-022                  0.0000000000000000E+000                  0.0000000000000000E+000 
                                     337                  9.9969075861280032E-001                  2.5306841933886765E-001                  4.9290385709556990E+000                 -2.5636203256476473E+000                  1.0426440069627018E+001                  7.0000000000000007E-001                  2.8000000000000003E-001                  1.9999999999999907E-002                  4.3818030298883203E-022                  0.0000000000000000E+000                  0.0000000000000000E+000 
                                     338                  9.9967992462272703E-001                  2.5292741601956131E-001                  4.9342398188803989E+000                 -2.5539987349434905E+000                  1.0441803362689832E+001                  7.0000000000000007E-001                  2.8000000000000003E-001                  1.9999999999999907E-002                  4.4841239696886838E-022                  0.0000000000000000E+000                  0.0000000000000000E+000 
                                     339                  9.9966871902911336E-001                  2.5278463191538814E-001                  4.9394390640817649E+000                 -2.5443761671468450E+000                  1.0457161294540679E+001                  7.0000000000000007E-001                  2.8000000000000003E-001                  1.9999999999999907E-002                  4.5888868718363228E-022                  0.0000000000000000E+000                  0.0000000000000000E+000 
                                     340                  9.9965712927947592E-001                  2.5264004548527841E-001                  4.9446359190778804E+000                 -2.5347522697290561E+000                  1.0472514045023097E+001                  7.0000000000000007E-001                  2.8000000000000003E-001                  1.9999999999999907E-002                  4.6961555948251877E-022                  0.0000000000000000E+000                  0.0000000000000000E+000 
                                     341                  9.9964514240568003E-001                  2.5249363505706307E-001                  4.9498300638399275E+000                 -2.5251267449121992E+000                  1.0487861788297867E+001                  7.0000000000000007E-001                  2.8000000000000003E-001                  1.9999999999999907E-002                  4.8059952613203984E-022                  0.0000000000000000E+000                  0.0000000000000000E+000 
                                     342                  9.9963274501054855E-001                  2.5234537881212965E-001                  4.9550212550468844E+000                 -2.5154993835370973E+000                  1.0503204693030854E+001                  7.0000000000000007E-001                  2.8000000000000003E-001                  1.9999999999999907E-002                  4.9184718457169548E-022                  0.0000000000000000E+000                  0.0000000000000000E+000 
                                     343                  9.9961992325406313E-001                  2.5219525475746130E-001                  4.9602093284760329E+000                 -2.5058700799803102E+000                  1.0518542922571552E+001                  7.0000000000000007E-001                  2.8000000000000003E-001                  1.9999999999999907E-002                  5.0336519305511837E-022                  0.0000000000000000E+000                  0.0000000000000000E+000 
                                     344                  9.9960666283914223E-001                  2.5204324069062456E-001                  4.9653941991340060E+000                 -2.4962388198987826E+000                  1.0533876635130886E+001                  7.0000000000000007E-001                  2.8000000000000003E-001                  1.9999999999999907E-002                  5.1516027667524930E-022                  0.0000000000000000E+000                  0.0000000000000000E+000 
                                     345                  9.9959294899697704E-001                  2.5188931416685445E-001                  4.9705758619181619E+000                 -2.4866056506059913E+000                  1.0549205983959141E+001                  7.0000000000000007E-001                  2.8000000000000003E-001                  1.9999999999999907E-002                  5.2723925669156821E-022                  0.0000000000000000E+000                  0.0000000000000000E+000 
                                     346                  9.9957876647191524E-001                  2.5173345247471945E-001                  4.9757543921073086E+000                 -2.4769707140472428E+000                  1.0564531117522856E+001                  7.0000000000000007E-001                  2.8000000000000003E-001                  1.9999999999999907E-002                  5.3960900309077447E-022                  0.0000000000000000E+000                  0.0000000000000000E+000 
                                     347                  9.9956409950587610E-001                  2.5157563259833038E-001                  4.9809299450890663E+000                 -2.4673342549337645E+000                  1.0579852179682716E+001                  7.0000000000000007E-001                  2.8000000000000003E-001                  1.9999999999999907E-002                  5.5227641348769026E-022                  0.0000000000000000E+000                  0.0000000000000000E+000 
                                     348                  9.9954893182228743E-001                  2.5141583117429633E-001                  4.9861027515760243E+000                 -2.4576965904415262E+000                  1.0595169309873132E+001                  7.0000000000000007E-001                  2.8000000000000003E-001                  1.9999999999999907E-002                  5.6524844184866882E-022                  0.0000000000000000E+000                  0.0000000000000000E+000 
                                     349                  9.9953324660952469E-001                  2.5125402445739559E-001                  4.9912731024288428E+000                 -2.4480580592474701E+000                  1.0610482643282314E+001                  7.0000000000000007E-001                  2.8000000000000003E-001                  1.9999999999999907E-002                  5.7853216083318709E-022                  0.0000000000000000E+000                  0.0000000000000000E+000 
                                     350                  9.9951702650384244E-001                  2.5109018830357016E-001                  4.9964413362063214E+000                 -2.4384190544698452E+000                  1.0625792311030185E+001                  7.0000000000000007E-001                  2.8000000000000003E-001                  1.9999999999999907E-002                  5.9213471371203163E-022                  0.0000000000000000E+000                  0.0000000000000000E+000 
                                     351                  9.9950025357177896E-001                  2.5092429813955447E-001                  5.0016078372798631E+000                 -2.4287800288236383E+000                  1.0641098440341613E+001                  7.0000000000000007E-001                  2.8000000000000003E-001                  1.9999999999999907E-002                  6.0606329989831216E-022                  0.0000000000000000E+000                  0.0000000000000000E+000 
                                     352                  9.9948290929203254E-001                  2.5075632892898503E-001                  5.0067730283967302E+000                 -2.4191414609448367E+000                  1.0656401154704856E+001                  7.0000000000000007E-001                  2.8000000000000003E-001                  1.9999999999999907E-002                  6.2032521685512134E-022                  0.0000000000000000E+000                  0.0000000000000000E+000 
                                     353                  9.9946497453680705E-001                  2.5058625515020250E-001                  5.0119373514549190E+000                 -2.4095038150199466E+000                  1.0671700574014874E+001                  7.0000000000000007E-001                  2.8000000000000003E-001                  1.9999999999999907E-002                  6.3492791874305779E-022                  0.0000000000000000E+000                  0.0000000000000000E+000 
                                     354                  9.9944642955260277E-001                  2.5041405078910201E-001                  5.0171012543576108E+000                 -2.3998675604155344E+000                  1.0686996814710676E+001                  7.0000000000000007E-001                  2.8000000000000003E-001                  1.9999999999999907E-002                  6.4987898939817519E-022                  0.0000000000000000E+000                  0.0000000000000000E+000 
                                     355                  9.9942725394042298E-001                  2.5023968932415075E-001                  5.0222651900118525E+000                 -2.3902331737464779E+000                  1.0702289989912373E+001                  7.0000000000000007E-001                  2.8000000000000003E-001                  1.9999999999999907E-002                  6.6518613924035176E-022                  0.0000000000000000E+000                  0.0000000000000000E+000 
                                     356                  9.9940742663538340E-001                  2.5006314371000121E-001                  5.0274296138822363E+000                 -2.3806011208235014E+000                  1.0717580209558397E+001                  7.0000000000000007E-001                  2.8000000000000003E-001                  1.9999999999999907E-002                  6.8085723470194618E-022                  0.0000000000000000E+000                  0.0000000000000000E+000 
                                     357                  9.9938692588570477E-001                  2.4988438636796623E-001                  5.0325949786307431E+000                 -2.3709718451726252E+000                  1.0732867580542202E+001                  7.0000000000000007E-001                  2.8000000000000003E-001                  1.9999999999999907E-002                  6.9690032069961237E-022                  0.0000000000000000E+000                  0.0000000000000000E+000 
                                     358                  9.9936572923107048E-001                  2.4970338918112997E-001                  5.0377617313905274E+000                 -2.3613457800968343E+000                  1.0748152206847601E+001                  7.0000000000000007E-001                  2.8000000000000003E-001                  1.9999999999999907E-002                  7.1332360534104007E-022                  0.0000000000000000E+000                  0.0000000000000000E+000 
                                     359                  9.9934381348033174E-001                  2.4952012348453895E-001                  5.0429303142048933E+000                 -2.3517233485549851E+000                  1.0763434189683942E+001                  7.0000000000000007E-001                  2.8000000000000003E-001                  1.9999999999999907E-002                  7.3013546342722112E-022                  0.0000000000000000E+000                  0.0000000000000000E+000 
                                     360                  9.9932115468854088E-001                  2.4933456005526150E-001                  5.0481011626841328E+000                 -2.3421049391563753E+000                  1.0778713627620666E+001                  7.0000000000000007E-001                  2.8000000000000003E-001                  1.9999999999999907E-002                  7.4734448332098020E-022                  0.0000000000000000E+000                  0.0000000000000000E+000 
                                     361                  9.9929772813329287E-001                  2.4914666911271161E-001                  5.0532747027047487E+000                 -2.3324909075483542E+000                  1.0793990616713252E+001                  7.0000000000000007E-001                  2.8000000000000003E-001                  1.9999999999999907E-002                  7.6495947310659771E-022                  0.0000000000000000E+000                  0.0000000000000000E+000 
                                     362                  9.9927350829037842E-001                  2.4895642031899901E-001                  5.0584513485125111E+000                 -2.3228815940081873E+000                  1.0809265250608599E+001                  7.0000000000000007E-001                  2.8000000000000003E-001                  1.9999999999999907E-002                  7.8298943609293992E-022                  0.0000000000000000E+000                  0.0000000000000000E+000 
                                     363                  9.9924846880874962E-001                  2.4876378277231781E-001                  5.0636315024761602E+000                 -2.3132773212211233E+000                  1.0824537620634262E+001                  7.0000000000000007E-001                  2.8000000000000003E-001                  1.9999999999999907E-002                  8.0144358050382204E-022                  0.0000000000000000E+000                  0.0000000000000000E+000 
                                     364                  9.9922258248475659E-001                  2.4856872500144636E-001                  5.0688155565004100E+000                 -2.3036783745901546E+000                  1.0839807815884345E+001                  7.0000000000000007E-001                  2.8000000000000003E-001                  1.9999999999999907E-002                  8.2033136479279709E-022                  0.0000000000000000E+000                  0.0000000000000000E+000 
                                     365                  9.9919582123562511E-001                  2.4837121496934156E-001                  5.0740038943968875E+000                 -2.2940850144000193E+000                  1.0855075923305066E+001                  7.0000000000000007E-001                  2.8000000000000003E-001                  1.9999999999999907E-002                  8.3966248393134935E-022                  0.0000000000000000E+000                  0.0000000000000000E+000 
                                     366                  9.9916815607215181E-001                  2.4817122007180026E-001                  5.0791968927521802E+000                 -2.2844974902393740E+000                  1.0870342027780882E+001                  7.0000000000000007E-001                  2.8000000000000003E-001                  1.9999999999999907E-002                  8.5944684801930802E-022                  0.0000000000000000E+000                  0.0000000000000000E+000 
                                     367                  9.9913955707059376E-001                  2.4796870712976268E-001                  5.0843949206343373E+000                 -2.2749160390496539E+000                  1.0885606212222374E+001                  7.0000000000000007E-001                  2.8000000000000003E-001                  1.9999999999999907E-002                  8.7969459199537943E-022                  0.0000000000000000E+000                  0.0000000000000000E+000 
                                     368                  9.9910999334373396E-001                  2.4776364238245144E-001                  5.0895983380985772E+000                 -2.2653408745861796E+000                  1.0900868557655594E+001                  7.0000000000000007E-001                  2.8000000000000003E-001                  1.9999999999999907E-002                  9.0041610495267338E-022                  0.0000000000000000E+000                  0.0000000000000000E+000 
                                     369                  9.9907943301109281E-001                  2.4755599148557825E-001                  5.0948074943529829E+000                 -2.2557721909503283E+000                  1.0916129143312451E+001                  7.0000000000000007E-001                  2.8000000000000003E-001                  1.9999999999999907E-002                  9.2162203147152287E-022                  0.0000000000000000E+000                  0.0000000000000000E+000 
                                     370                  9.9904784316826845E-001                  2.4734571950813491E-001                  5.1000227270598559E+000                 -2.2462101655630069E+000                  1.0931388046718212E+001                  7.0000000000000007E-001                  2.8000000000000003E-001                  1.9999999999999907E-002                  9.4332327354300331E-022                  0.0000000000000000E+000                  0.0000000000000000E+000 
                                     371                  9.9901518985539395E-001                  2.4713279092807780E-001                  5.1052443624877126E+000                 -2.2366549637797961E+000                  1.0946645343762256E+001                  7.0000000000000007E-001                  2.8000000000000003E-001                  1.9999999999999907E-002                  9.6553098805025273E-022                  0.0000000000000000E+000                  0.0000000000000000E+000 
                                     372                  9.9898143802473705E-001                  2.4691716962626398E-001                  5.1104727173712119E+000                 -2.2271067539130436E+000                  1.0961901108749462E+001                  7.0000000000000007E-001                  2.8000000000000003E-001                  1.9999999999999907E-002                  9.8825655798247970E-022                  0.0000000000000000E+000                  0.0000000000000000E+000 
                                     373                  9.9894655150739886E-001                  2.4669881887309569E-001                  5.1157081010332650E+000                 -2.2175656956985410E+000                  1.0977155414447502E+001                  7.0000000000000007E-001                  2.8000000000000003E-001                  1.9999999999999907E-002                  1.0115116242110323E-021                  0.0000000000000000E+000                  0.0000000000000000E+000 
                                     374                  9.9891049297906032E-001                  2.4647770132061145E-001                  5.1209508160192900E+000                 -2.2080319362581733E+000                  1.0992408332136959E+001                  7.0000000000000007E-001                  2.8000000000000003E-001                  1.9999999999999907E-002                  1.0353081024270044E-021                  0.0000000000000000E+000                  0.0000000000000000E+000 
                                     375                  9.9887322392474753E-001                  2.4625377899658585E-001                  5.1262011592704386E+000                 -2.1985056217680641E+000                  1.1007659931664444E+001                  7.0000000000000007E-001                  2.8000000000000003E-001                  1.9999999999999907E-002                  1.0596581611574104E-021                  0.0000000000000000E+000                  0.0000000000000000E+000 
                                     376                  9.9883470460259027E-001                  2.4602701329260881E-001                  5.1314594254406192E+000                 -2.1889869163214808E+000                  1.1022910281499657E+001                  7.0000000000000007E-001                  2.8000000000000003E-001                  1.9999999999999907E-002                  1.0845741766945933E-021                  0.0000000000000000E+000                  0.0000000000000000E+000 
                                     377                  9.9879489400654564E-001                  2.4579736494181983E-001                  5.1367259094761906E+000                 -2.1794759839633628E+000                  1.1038159448797945E+001                  7.0000000000000007E-001                  2.8000000000000003E-001                  1.9999999999999907E-002                  1.1100687807940220E-021                  0.0000000000000000E+000                  0.0000000000000000E+000 
                                     378                  9.9875374982805998E-001                  2.4556479400529474E-001                  5.1420009067824832E+000                 -2.1699729852812348E+000                  1.1053407499466729E+001                  7.0000000000000007E-001                  2.8000000000000003E-001                  1.9999999999999907E-002                  1.1361548746216109E-021                  0.0000000000000000E+000                  0.0000000000000000E+000 
                                     379                  9.9871122841664051E-001                  2.4532925985983470E-001                  5.1472847103631807E+000                 -2.1604780921439950E+000                  1.1068654498227888E+001                  7.0000000000000007E-001                  2.8000000000000003E-001                  1.9999999999999907E-002                  1.1628455924931752E-021                  0.0000000000000000E+000                  0.0000000000000000E+000 
                                     380                  9.9866728473935129E-001                  2.4509072117761865E-001                  5.1525776042132829E+000                 -2.1509914871067033E+000                  1.1083900508662859E+001                  7.0000000000000007E-001                  2.8000000000000003E-001                  1.9999999999999907E-002                  1.1901543043630292E-021                  0.0000000000000000E+000                  0.0000000000000000E+000 
                                     381                  9.9862187233925470E-001                  2.4484913590579763E-001                  5.1578798590244626E+000                 -2.1415133341777106E+000                  1.1099145593244772E+001                  7.0000000000000007E-001                  2.8000000000000003E-001                  1.9999999999999907E-002                  1.2180947037626074E-021                  0.0000000000000000E+000                  0.0000000000000000E+000 
                                     382                  9.9857494329272289E-001                  2.4460446126188493E-001                  5.1631917313103637E+000                 -2.1320437762498767E+000                  1.1114389813370279E+001                  7.0000000000000007E-001                  2.8000000000000003E-001                  1.9999999999999907E-002                  1.2466808266360751E-021                  0.0000000000000000E+000                  0.0000000000000000E+000 
                                     383                  9.9852644816556502E-001                  2.4435665373085813E-001                  5.1685134581238659E+000                 -2.1225829349764895E+000                  1.1129633229395477E+001                  7.0000000000000007E-001                  2.8000000000000003E-001                  1.9999999999999907E-002                  1.2759270641658644E-021                  0.0000000000000000E+000                  0.0000000000000000E+000 
                                     384                  9.9847633596794005E-001                  2.4410566906266290E-001                  5.1738452485100606E+000                 -2.1131309007972021E+000                  1.1144875900675961E+001                  7.0000000000000007E-001                  2.8000000000000003E-001                  1.9999999999999907E-002                  1.3058482078041110E-021                  0.0000000000000000E+000                  0.0000000000000000E+000 
                                     385                  9.9842455410802333E-001                  2.4385146227591289E-001                  5.1791872797644638E+000                 -2.1036877245353152E+000                  1.1160117885610180E+001                  7.0000000000000007E-001                  2.8000000000000003E-001                  1.9999999999999907E-002                  1.3364594943843210E-021                  0.0000000000000000E+000                  0.0000000000000000E+000 
                                     386                  9.9837104834439505E-001                  2.4359398766733684E-001                  5.1845396975987850E+000                 -2.0942534126436207E+000                  1.1175359241685038E+001                  7.0000000000000007E-001                  2.8000000000000003E-001                  1.9999999999999907E-002                  1.3677766438835082E-021                  0.0000000000000000E+000                  0.0000000000000000E+000 
                                     387                  9.9831576273711864E-001                  2.4333319882520238E-001                  5.1899026173075322E+000                 -2.0848279024878313E+000                  1.1190600025517611E+001                  7.0000000000000007E-001                  2.8000000000000003E-001                  1.9999999999999907E-002                  1.3998159693676774E-021                  0.0000000000000000E+000                  0.0000000000000000E+000 
                                     388                  9.9825863959751648E-001                  2.4306904865935500E-001                  5.1952761250720778E+000                 -2.0754110853134029E+000                  1.1205840292876221E+001                  7.0000000000000007E-001                  2.8000000000000003E-001                  1.9999999999999907E-002                  1.4325943326468581E-021                  0.0000000000000000E+000                  0.0000000000000000E+000 
                                     389                  9.9819961943668978E-001                  2.4280148942005084E-001                  5.2006602782263087E+000                 -2.0660028198864566E+000                  1.1221080098683968E+001                  7.0000000000000007E-001                  2.8000000000000003E-001                  1.9999999999999907E-002                  1.4661291241370734E-021                  0.0000000000000000E+000                  0.0000000000000000E+000 
                                     390                  9.9813864091268978E-001                  2.4253047271010444E-001                  5.2060551067485177E+000                 -2.0566029136751016E+000                  1.1236319497021467E+001                  7.0000000000000007E-001                  2.8000000000000003E-001                  1.9999999999999907E-002                  1.5004383571699253E-021                  0.0000000000000000E+000                  0.0000000000000000E+000 
                                     391                  9.9807564077627176E-001                  2.4225594951006296E-001                  5.2114606192225299E+000                 -2.0472110933810854E+000                  1.1251558541132534E+001                  7.0000000000000007E-001                  2.8000000000000003E-001                  1.9999999999999907E-002                  1.5355408138984491E-021                  0.0000000000000000E+000                  0.0000000000000000E+000 
                                     392                  9.9801055381519010E-001                  2.4197787022428388E-001                  5.2168768077724668E+000                 -2.0378270613368006E+000                  1.1266797283430314E+001                  7.0000000000000007E-001                  2.8000000000000003E-001                  1.9999999999999907E-002                  1.5714558766855836E-021                  0.0000000000000000E+000                  0.0000000000000000E+000 
                                     393                  9.9794331279700255E-001                  2.4169618469367685E-001                  5.2223036483019047E+000                 -2.0284505056385127E+000                  1.1282035775508326E+001                  7.0000000000000007E-001                  2.8000000000000003E-001                  1.9999999999999907E-002                  1.6082035145596684E-021                  0.0000000000000000E+000                  0.0000000000000000E+000 
                                     394                  9.9787384841034255E-001                  2.4141084220284845E-001                  5.2277411058461070E+000                 -2.0190810673165287E+000                  1.1297274068156536E+001                  7.0000000000000007E-001                  2.8000000000000003E-001                  1.9999999999999907E-002                  1.6458044396811641E-021                  0.0000000000000000E+000                  0.0000000000000000E+000 
                                     395                  9.9780208920462821E-001                  2.4112179150971763E-001                  5.2331891468122302E+000                 -2.0097183473890818E+000                  1.1312512211370210E+001                  7.0000000000000007E-001                  2.8000000000000003E-001                  1.9999999999999907E-002                  1.6842801182020954E-021                  0.0000000000000000E+000                  0.0000000000000000E+000 
                                     396                  9.9772796152825205E-001                  2.4082898087285617E-001                  5.2386477449841955E+000                 -2.0003619625847007E+000                  1.1327750254342080E+001                  7.0000000000000007E-001                  2.8000000000000003E-001                  1.9999999999999907E-002                  1.7236525719159426E-021                  0.0000000000000000E+000                  0.0000000000000000E+000 
                                     397                  9.9765138946524512E-001                  2.4053235804302053E-001                  5.2441168811441425E+000                 -1.9910115476723274E+000                  1.1342988245451195E+001                  7.0000000000000007E-001                  2.8000000000000003E-001                  1.9999999999999907E-002                  1.7639443806672636E-021                  0.0000000000000000E+000                  0.0000000000000000E+000 
                                     398                  9.9757229477029730E-001                  2.4023187025258372E-001                  5.2495965550489299E+000                 -1.9816667616985870E+000                  1.1358226232260748E+001                  7.0000000000000007E-001                  2.8000000000000003E-001                  1.9999999999999907E-002                  1.8051786660215873E-021                  0.0000000000000000E+000                  0.0000000000000000E+000 
                                     399                  9.9749059680207064E-001                  2.3992746419982161E-001                  5.2550868022042732E+000                 -1.9723273110124449E+000                  1.1373464261527332E+001                  7.0000000000000007E-001                  2.8000000000000003E-001                  1.9999999999999907E-002                  1.8473789942400535E-021                  0.0000000000000000E+000                  0.0000000000000000E+000 
                                     400                  9.9740621245476246E-001                  2.3961908601573714E-001                  5.2605876968298526E+000                 -1.9629929571151976E+000                  1.1388702379224259E+001                  7.0000000000000007E-001                  2.8000000000000003E-001                  1.9999999999999907E-002                  1.8905693349506287E-021                  0.0000000000000000E+000                  0.0000000000000000E+000 
                                     401                  9.9731905608786797E-001                  2.3930668122298596E-001                  5.2660993475061746E+000                 -1.9536635613422297E+000                  1.1403940630579704E+001                  7.0000000000000007E-001                  2.8000000000000003E-001                  1.9999999999999907E-002                  1.9347738367932003E-021                  0.0000000000000000E+000                  0.0000000000000000E+000 
                                     402                  9.9722903945409669E-001                  2.3899019465941254E-001                  5.2716218925304101E+000                 -1.9443391682176916E+000                  1.1419179060131006E+001                  7.0000000000000007E-001                  2.8000000000000003E-001                  1.9999999999999907E-002                  1.9800163807500693E-021                  0.0000000000000000E+000                  0.0000000000000000E+000 
                                     403                  9.9713607162543261E-001                  2.3866957033502703E-001                  5.2771554972062384E+000                 -1.9350198741565237E+000                  1.1434417711794980E+001                  7.0000000000000007E-001                  2.8000000000000003E-001                  1.9999999999999907E-002                  2.0263211501783043E-021                  0.0000000000000000E+000                  0.0000000000000000E+000 
                                     404                  9.9704005891736347E-001                  2.3834475137814498E-001                  5.2827003524240759E+000                 -1.9257058059095011E+000                  1.1449656628940756E+001                  7.0000000000000007E-001                  2.8000000000000003E-001                  1.9999999999999907E-002                  2.0737127237069521E-021                  0.0000000000000000E+000                  0.0000000000000000E+000 
                                     405                  9.9694090481119191E-001                  2.3801567999483764E-001                  5.2882566531895794E+000                 -1.9163972712875499E+000                  1.1464895854470695E+001                  7.0000000000000007E-001                  2.8000000000000003E-001                  1.9999999999999907E-002                  2.1222152737942000E-021                  0.0000000000000000E+000                  0.0000000000000000E+000 
                                     406                  9.9683850987434064E-001                  2.3768229731027177E-001                  5.2938245585516546E+000                 -1.9070947107104081E+000                  1.1480135430929636E+001                  7.0000000000000007E-001                  2.8000000000000003E-001                  1.9999999999999907E-002                  2.1718527249025757E-021                  0.0000000000000000E+000                  0.0000000000000000E+000 
                                     407                  9.9673277167859031E-001                  2.3734454323754853E-001                  5.2994041745033282E+000                 -1.8977984903206864E+000                  1.1495375400638975E+001                  7.0000000000000007E-001                  2.8000000000000003E-001                  1.9999999999999907E-002                  2.2226498173609166E-021                  0.0000000000000000E+000                  0.0000000000000000E+000 
                                     408                  9.9662358471618528E-001                  2.3700235650154933E-001                  5.3049955570108018E+000                 -1.8885089151768177E+000                  1.1510615805835339E+001                  7.0000000000000007E-001                  2.8000000000000003E-001                  1.9999999999999907E-002                  2.6891585104456187E-021                  0.0000000000000000E+000                  0.0000000000000000E+000 
                                     409                  9.9651084031373016E-001                  2.3665567465474818E-001                  5.3105986986754123E+000                 -1.8792263042580295E+000                  1.1525856688819781E+001                  7.0000000000000007E-001                  2.8000000000000003E-001                  1.9999999999999907E-002                  3.4832726200653072E-021                  0.0000000000000000E+000                  0.0000000000000000E+000 
                                     410                  9.9639442654375343E-001                  2.3630443403397372E-001                  5.3162135107950546E+000                 -1.8699509108886576E+000                  1.1541098092118624E+001                  7.0000000000000007E-001                  2.8000000000000003E-001                  1.9999999999999907E-002                  4.5092663346858417E-021                  0.0000000000000000E+000                  0.0000000000000000E+000 
                                     411                  9.9627422813402289E-001                  2.3594856978062190E-001                  5.3218398218069289E+000                 -1.8606828852523924E+000                  1.1556340058632211E+001                  7.0000000000000007E-001                  2.8000000000000003E-001                  1.9999999999999907E-002                  5.8340152618575422E-021                  0.0000000000000000E+000                  0.0000000000000000E+000 
                                     412                  9.9615012637463429E-001                  2.3558801589470915E-001                  5.3274773901624615E+000                 -1.8514222242200449E+000                  1.1571582631767003E+001                  7.0000000000000007E-001                  2.8000000000000003E-001                  1.9999999999999907E-002                  7.5434037673750173E-021                  0.0000000000000000E+000                  0.0000000000000000E+000 
                                     413                  9.9602199902276745E-001                  2.3522270533600953E-001                  5.3331259287758730E+000                 -1.8421687732637395E+000                  1.1586825855550224E+001                  7.0000000000000007E-001                  2.8000000000000003E-001                  1.9999999999999907E-002                  9.7476419631022826E-021                  0.0000000000000000E+000                  0.0000000000000000E+000 
                                     414                  9.9588972020503586E-001                  2.3485257013143590E-001                  5.3387851189503230E+000                 -1.8329223459457968E+000                  1.1602069774729435E+001                  7.0000000000000007E-001                  2.8000000000000003E-001                  1.9999999999999907E-002                  1.2588038951460316E-020                  0.0000000000000000E+000                  0.0000000000000000E+000 
                                     415                  9.9575316031734751E-001                  2.3447754138717211E-001                  5.3444546112263902E+000                 -1.8236827157347766E+000                  1.1617314434882193E+001                  7.0000000000000007E-001                  2.8000000000000003E-001                  1.9999999999999907E-002                  1.6245622707739818E-020                  0.0000000000000000E+000                  0.0000000000000000E+000 
                                     416                  9.9561218592202383E-001                  2.3409754930881124E-001                  5.3501340415849681E+000                 -1.8144495111483359E+000                  1.1632559882547474E+001                  7.0000000000000007E-001                  2.8000000000000003E-001                  1.9999999999999907E-002                  2.0952117510818726E-020                  0.0000000000000000E+000                  0.0000000000000000E+000 
                                     417                  9.9546665964201719E-001                  2.3371252331574632E-001                  5.3558230535815881E+000                 -1.8052223177794657E+000                  1.1647806165341327E+001                  7.0000000000000007E-001                  2.8000000000000003E-001                  1.9999999999999907E-002                  2.7003903888703541E-020                  0.0000000000000000E+000                  0.0000000000000000E+000 
                                     418                  9.9531644005263098E-001                  2.3332239207280656E-001                  5.3615213035797300E+000                 -1.7960007502558291E+000                  1.1663053332042166E+001                  7.0000000000000007E-001                  2.8000000000000003E-001                  1.9999999999999907E-002                  3.4779743369242767E-020                  0.0000000000000000E+000                  0.0000000000000000E+000 
                                     419                  9.9516138157073131E-001                  2.3292708345943122E-001                  5.3672284604381124E+000                 -1.7867844169671190E+000                  1.1678301432656685E+001                  7.0000000000000007E-001                  2.8000000000000003E-001                  1.9999999999999907E-002                  4.4763272718935268E-020                  0.0000000000000000E+000                  0.0000000000000000E+000 
                                     420                  9.9500133434139026E-001                  2.3252652457008302E-001                  5.3729442104028005E+000                 -1.7775728913435889E+000                  1.1693550518466004E+001                  7.0000000000000007E-001                  2.8000000000000003E-001                  1.9999999999999907E-002                  5.7571537618233762E-020                  0.0000000000000000E+000                  0.0000000000000000E+000 
                                     421                  9.9483614412190124E-001                  2.3212064174232036E-001                  5.3786682611139103E+000                 -1.7683657719831056E+000                  1.1708800642060147E+001                  7.0000000000000007E-001                  2.8000000000000003E-001                  1.9999999999999907E-002                  7.3991138997454940E-020                  0.0000000000000000E+000                  0.0000000000000000E+000 
                                     422                  9.9466565216291847E-001                  2.3170936053001956E-001                  5.3844003411534676E+000                 -1.7591626873513668E+000                  1.1724051857397692E+001                  7.0000000000000007E-001                  2.8000000000000003E-001                  1.9999999999999907E-002                  9.5023988338286001E-020                  0.0000000000000000E+000                  0.0000000000000000E+000 
                                     423                  9.9448969508620400E-001                  2.3129260566931198E-001                  5.3901401980926567E+000                 -1.7499632780922600E+000                  1.1739304219882360E+001                  7.0000000000000007E-001                  2.8000000000000003E-001                  1.9999999999999907E-002                  1.2194517647186244E-019                  0.0000000000000000E+000                  0.0000000000000000E+000 
                                     424                  9.9430810475947040E-001                  2.3087030106000242E-001                  5.3958875965606232E+000                 -1.7407672002697270E+000                  1.1754557786412903E+001                  7.0000000000000007E-001                  2.8000000000000003E-001                  1.9999999999999907E-002                  1.5637609268576242E-019                  0.0000000000000000E+000                  0.0000000000000000E+000 
                                     425                  9.9412070816863585E-001                  2.3044236974396828E-001                  5.4016423177715636E+000                 -1.7315741321625027E+000                  1.1769812615393601E+001                  7.0000000000000007E-001                  2.8000000000000003E-001                  1.9999999999999907E-002                  2.0037674175738785E-019                  0.0000000000000000E+000                  0.0000000000000000E+000 
                                     426                  9.9392732728751221E-001                  2.3000873387680210E-001                  5.4074041586656705E+000                 -1.7223837724032840E+000                  1.1785068766708012E+001                  7.0000000000000007E-001                  2.8000000000000003E-001                  1.9999999999999907E-002                  2.5656219568535886E-019                  0.0000000000000000E+000                  0.0000000000000000E+000 
                                     427                  9.9372777894495157E-001                  2.2956931470088146E-001                  5.4131729293637383E+000                 -1.7131958355788430E+000                  1.1800326301665738E+001                  7.0000000000000007E-001                  2.8000000000000003E-001                  1.9999999999999907E-002                  3.2824934278553266E-019                  0.0000000000000000E+000                  0.0000000000000000E+000 
                                     428                  9.9352187468926523E-001                  2.2912403252218169E-001                  5.4189484514803752E+000                 -1.7040100512012590E+000                  1.1815585282956798E+001                  7.0000000000000007E-001                  2.8000000000000003E-001                  1.9999999999999907E-002                  4.1964166443987259E-019                  0.0000000000000000E+000                  0.0000000000000000E+000 
                                     429                  9.9330942064919292E-001                  2.2867280668613110E-001                  5.4247305580361171E+000                 -1.6948261639099493E+000                  1.1830845774625159E+001                  7.0000000000000007E-001                  2.8000000000000003E-001                  1.9999999999999907E-002                  5.3606170983155002E-019                  0.0000000000000000E+000                  0.0000000000000000E+000 
                                     430                  9.9309021739169079E-001                  2.2821555555199638E-001                  5.4305190921639790E+000                 -1.6856439325610577E+000                  1.1846107842024963E+001                  7.0000000000000007E-001                  2.8000000000000003E-001                  1.9999999999999907E-002                  6.8424328995701497E-019                  0.0000000000000000E+000                  0.0000000000000000E+000 
                                     431                  9.9286405977714909E-001                  2.2775219646827788E-001                  5.4363139053848935E+000                 -1.6764631270192734E+000                  1.1861371551734756E+001                  7.0000000000000007E-001                  2.8000000000000003E-001                  1.9999999999999907E-002                  8.7269839913637557E-019                  0.0000000000000000E+000                  0.0000000000000000E+000 
                                     432                  9.9263073681221103E-001                  2.2728264575192944E-001                  5.4421148572602975E+000                 -1.6672835273741662E+000                  1.1876636971426173E+001                  7.0000000000000007E-001                  2.8000000000000003E-001                  1.9999999999999907E-002                  1.1121776190903214E-018                  0.0000000000000000E+000                  0.0000000000000000E+000 
                                     433                  9.9239003150032401E-001                  2.2680681866921398E-001                  5.4479218150155102E+000                 -1.6581049249131661E+000                  1.1891904169693470E+001                  7.0000000000000007E-001                  2.8000000000000003E-001                  1.9999999999999907E-002                  1.4162472762040245E-018                  0.0000000000000000E+000                  0.0000000000000000E+000 
                                     434                  9.9214172068994866E-001                  2.2632462941595982E-001                  5.4537346522643917E+000                 -1.6489271208741905E+000                  1.1907173215878329E+001                  7.0000000000000007E-001                  2.8000000000000003E-001                  1.9999999999999907E-002                  1.8020122871433827E-018                  0.0000000000000000E+000                  0.0000000000000000E+000 
                                     435                  9.9188557491961149E-001                  2.2583599109801841E-001                  5.4595532482623996E+000                 -1.6397499237077655E+000                  1.1922444179910759E+001                  7.0000000000000007E-001                  2.8000000000000003E-001                  1.9999999999999907E-002                  2.2910207099395284E-018                  0.0000000000000000E+000                  0.0000000000000000E+000 
                                     436                  9.9162135825993825E-001                  2.2534081571397424E-001                  5.4653774880013648E+000                 -1.6305731495144085E+000                  1.1937717132139358E+001                  7.0000000000000007E-001                  2.8000000000000003E-001                  1.9999999999999907E-002                  2.9103947137880645E-018                  0.0000000000000000E+000                  0.0000000000000000E+000 
                                     437                  9.9134882815338021E-001                  2.2483901413804275E-001                  5.4712072620678542E+000                 -1.6213966232007386E+000                  1.1952992143127283E+001                  7.0000000000000007E-001                  2.8000000000000003E-001                  1.9999999999999907E-002                  3.6942433619832706E-018                  0.0000000000000000E+000                  0.0000000000000000E+000 
                                     438                  9.9106773525189329E-001                  2.2433049610259875E-001                  5.4770424663760204E+000                 -1.6122201771862146E+000                  1.1968269283408851E+001                  7.0000000000000007E-001                  2.8000000000000003E-001                  1.9999999999999907E-002                  4.6854258758797887E-018                  0.0000000000000000E+000                  0.0000000000000000E+000 
                                     439                  9.9077782325282893E-001                  2.2381517018338723E-001                  5.4828830021242423E+000                 -1.6030436511180768E+000                  1.1983548623207756E+001                  7.0000000000000007E-001                  2.8000000000000003E-001                  1.9999999999999907E-002                  5.9377504451565475E-018                  0.0000000000000000E+000                  0.0000000000000000E+000 
                                     440                  9.9047882873313642E-001                  2.2329294378631276E-001                  5.4887287762552139E+000                 -1.5938668931442388E+000                  1.1998830232145210E+001                  7.0000000000000007E-001                  2.8000000000000003E-001                  1.9999999999999907E-002                  7.5187138957063368E-018                  0.0000000000000000E+000                  0.0000000000000000E+000 
                                     441                  9.9017048098106664E-001                  2.2276372313229584E-001                  5.4945797022983962E+000                 -1.5846897611193249E+000                  1.2014114178957673E+001                  7.0000000000000007E-001                  2.8000000000000003E-001                  1.9999999999999907E-002                  9.5129124029464295E-018                  0.0000000000000000E+000                  0.0000000000000000E+000 
                                     442                  9.8985250182563878E-001                  2.2222741324047210E-001                  5.5004357007310611E+000                 -1.5755121227206861E+000                  1.2029400531208042E+001                  7.0000000000000007E-001                  2.8000000000000003E-001                  1.9999999999999907E-002                  1.2026283875722883E-017                  0.0000000000000000E+000                  0.0000000000000000E+000 
                                     443                  9.8952460546440590E-001                  2.2168391791179062E-001                  5.5062966991670974E+000                 -1.5663338565389058E+000                  1.2044689354977608E+001                  7.0000000000000007E-001                  2.8000000000000003E-001                  1.9999999999999907E-002                  1.5191380347974913E-017                  0.0000000000000000E+000                  0.0000000000000000E+000 
                                     444                  9.8918649828982042E-001                  2.2113313971195744E-001                  5.5121626334607257E+000                 -1.5571548549755594E+000                  1.2059980714528198E+001                  7.0000000000000007E-001                  2.8000000000000003E-001                  1.9999999999999907E-002                  1.9173915518729974E-017                  0.0000000000000000E+000                  0.0000000000000000E+000 
                                     445                  9.8883787871479745E-001                  2.2057497995203137E-001                  5.5180334486239664E+000                 -1.5479750236751486E+000                  1.2075274671930092E+001                  7.0000000000000007E-001                  2.8000000000000003E-001                  1.9999999999999907E-002                  2.4180889147710619E-017                  0.0000000000000000E+000                  0.0000000000000000E+000 
                                     446                  9.8847843699768667E-001                  2.2000933867079139E-001                  5.5239090986957038E+000                 -1.5387942819429958E+000                  1.2090571286680627E+001                  7.0000000000000007E-001                  2.8000000000000003E-001                  1.9999999999999907E-002                  3.0470658927640589E-017                  0.0000000000000000E+000                  0.0000000000000000E+000 
                                     447                  9.8810785506590204E-001                  2.1943611461614038E-001                  5.5297895463846976E+000                 -1.5296125697785676E+000                  1.2105870615332517E+001                  7.0000000000000007E-001                  2.8000000000000003E-001                  1.9999999999999907E-002                  3.8365416025704431E-017                  0.0000000000000000E+000                  0.0000000000000000E+000 
                                     448                  9.8772580633850549E-001                  2.1885520521678228E-001                  5.5356747627468472E+000                 -1.5204298438503951E+000                  1.2121172711127512E+001                  7.0000000000000007E-001                  2.8000000000000003E-001                  1.9999999999999907E-002                  4.8266626664338729E-017                  0.0000000000000000E+000                  0.0000000000000000E+000 
                                     449                  9.8733195554807129E-001                  2.1826650655862101E-001                  5.5415647269497326E+000                 -1.5112460722359760E+000                  1.2136477623624073E+001                  7.0000000000000007E-001                  2.8000000000000003E-001                  1.9999999999999907E-002                  6.0674129434249534E-017                  0.0000000000000000E+000                  0.0000000000000000E+000 
                                     450                  9.8692595856248977E-001                  2.1766991336863739E-001                  5.5474594246346047E+000                 -1.5020612425885205E+000                  1.2151785398293725E+001                  7.0000000000000007E-001                  2.8000000000000003E-001                  1.9999999999999907E-002                  7.6209728790192201E-017                  0.0000000000000000E+000                  0.0000000000000000E+000 
                                     451                  9.8650746220794472E-001                  2.1706531898949369E-001                  5.5533588437673806E+000                 -1.4928753649878992E+000                  1.2167096076094376E+001                  7.0000000000000007E-001                  2.8000000000000003E-001                  1.9999999999999907E-002                  9.5646313186433058E-017                  0.0000000000000000E+000                  0.0000000000000000E+000 
                                     452                  9.8607610409236635E-001                  2.1645261534986532E-001                  5.5592629719594653E+000                 -1.4836884521278504E+000                  1.2182409693055755E+001                  7.0000000000000007E-001                  2.8000000000000003E-001                  1.9999999999999907E-002                  1.1994377216026418E-016                  0.0000000000000000E+000                  0.0000000000000000E+000 
                                     453                  9.8563151242893732E-001                  2.1583169296157023E-001                  5.5651717960088440E+000                 -1.4745005204261963E+000                  1.2197726279885922E+001                  7.0000000000000007E-001                  2.8000000000000003E-001                  1.9999999999999907E-002                  1.5029325986472894E-016                  0.0000000000000000E+000                  0.0000000000000000E+000 
                                     454                  9.8517330585987695E-001                  2.1520244091542559E-001                  5.5710852977801393E+000                 -1.4653116006944662E+000                  1.2213045861590921E+001                  7.0000000000000007E-001                  2.8000000000000003E-001                  1.9999999999999907E-002                  1.8817166829964646E-016                  0.0000000000000000E+000                  0.0000000000000000E+000 
                                     455                  9.8470109328120514E-001                  2.1456474686226554E-001                  5.5770034493233629E+000                 -1.4561217217947544E+000                  1.2228368457081807E+001                  7.0000000000000007E-001                  2.8000000000000003E-001                  1.9999999999999907E-002                  2.3540861623568954E-016                  0.0000000000000000E+000                  0.0000000000000000E+000 
                                     456                  9.8421447367009929E-001                  2.1391849701980079E-001                  5.5829262120683882E+000                 -1.4469309037936828E+000                  1.2243694078764182E+001                  7.0000000000000007E-001                  2.8000000000000003E-001                  1.9999999999999907E-002                  2.9426877502122743E-016                  0.0000000000000000E+000                  0.0000000000000000E+000 
                                     457                  9.8371303591428738E-001                  2.1326357619169875E-001                  5.5888535368355496E+000                 -1.4377391587383850E+000                  1.2259022732143688E+001                  7.0000000000000007E-001                  2.8000000000000003E-001                  1.9999999999999907E-002                  3.6755293831430896E-016                  0.0000000000000000E+000                  0.0000000000000000E+000 
                                     458                  9.8319635864271393E-001                  2.1259986778662734E-001                  5.5947853629270083E+000                 -1.4285464920313458E+000                  1.2274354415467119E+001                  7.0000000000000007E-001                  2.8000000000000003E-001                  1.9999999999999907E-002                  4.5872197196763715E-016                  0.0000000000000000E+000                  0.0000000000000000E+000 
                                     459                  9.8266401005750781E-001                  2.1192725383601313E-001                  5.6007216174485936E+000                 -1.4193529028924945E+000                  1.2289689119394231E+001                  7.0000000000000007E-001                  2.8000000000000003E-001                  1.9999999999999907E-002                  5.7204868728151318E-016                  0.0000000000000000E+000                  0.0000000000000000E+000 
                                     460                  9.8211554776795074E-001                  2.1124561501236766E-001                  5.6066622159428317E+000                 -1.4101583798440731E+000                  1.2305026826678880E+001                  7.0000000000000007E-001                  2.8000000000000003E-001                  1.9999999999999907E-002                  7.1280378331983905E-016                  0.0000000000000000E+000                  0.0000000000000000E+000 
                                     461                  9.8155051862775111E-001                  2.1055483065725453E-001                  5.6126070650466486E+000                 -1.4009628955032623E+000                  1.2320367511859459E+001                  7.0000000000000007E-001                  2.8000000000000003E-001                  1.9999999999999907E-002                  8.8748333522180606E-016                  0.0000000000000000E+000                  0.0000000000000000E+000 
                                     462                  9.8096845857499415E-001                  2.0985477881952358E-001                  5.6185560645106314E+000                 -1.3917664230641433E+000                  1.2335711140983975E+001                  7.0000000000000007E-001                  2.8000000000000003E-001                  1.9999999999999907E-002                  1.1040867717992294E-015                  0.0000000000000000E+000                  0.0000000000000000E+000 
                                     463                  9.8036889247408687E-001                  2.0914533626774920E-001                  5.6245091071709936E+000                 -1.3825689372149395E+000                  1.2351057671390597E+001                  7.0000000000000007E-001                  2.8000000000000003E-001                  1.9999999999999907E-002                  1.3724562289434032E-015                  0.0000000000000000E+000                  0.0000000000000000E+000 
                                     464                  9.7975133395935243E-001                  2.0842637849989112E-001                  5.6304660806096107E+000                 -1.3733704024906963E+000                  1.2366407051543399E+001                  7.0000000000000007E-001                  2.8000000000000003E-001                  1.9999999999999907E-002                  1.7046905981675964E-015                  0.0000000000000000E+000                  0.0000000000000000E+000 
                                     465                  9.7911528528073555E-001                  2.0769777977142323E-001                  5.6364268696889344E+000                 -1.3641707843733619E+000                  1.2381759220901925E+001                  7.0000000000000007E-001                  2.8000000000000003E-001                  1.9999999999999907E-002                  2.1156501678129545E-015                  0.0000000000000000E+000                  0.0000000000000000E+000 
                                     466                  9.7846023715275132E-001                  2.0695941310587801E-001                  5.6423913570993376E+000                 -1.3549700576381136E+000                  1.2397114109825743E+001                  7.0000000000000007E-001                  2.8000000000000003E-001                  1.9999999999999907E-002                  2.6235710155116918E-015                  0.0000000000000000E+000                  0.0000000000000000E+000 
                                     467                  9.7778566860595373E-001                  2.0621115028980413E-001                  5.6483594235828578E+000                 -1.3457682002976707E+000                  1.2412471639537419E+001                  7.0000000000000007E-001                  2.8000000000000003E-001                  1.9999999999999907E-002                  3.2508124644591376E-015                  0.0000000000000000E+000                  0.0000000000000000E+000 
                                     468                  9.7709104683998571E-001                  2.0545286187486961E-001                  5.6543309491633824E+000                 -1.3365651926323407E+000                  1.2427831722161752E+001                  7.0000000000000007E-001                  2.8000000000000003E-001                  1.9999999999999907E-002                  4.0247656494355622E-015                  0.0000000000000000E+000                  0.0000000000000000E+000 
                                     469                  9.7637582707721082E-001                  2.0468441717767810E-001                  5.6603058139098330E+000                 -1.3273610254738615E+000                  1.2443194260824447E+001                  7.0000000000000007E-001                  2.8000000000000003E-001                  1.9999999999999907E-002                  4.9789567356659017E-015                  0.0000000000000000E+000                  0.0000000000000000E+000 
                                     470                  9.7563945241892935E-001                  2.0390568426288630E-001                  5.6662838979302119E+000                 -1.3181556994889343E+000                  1.2458559149786993E+001                  7.0000000000000007E-001                  2.8000000000000003E-001                  1.9999999999999907E-002                  6.1543853256139210E-015                  0.0000000000000000E+000                  0.0000000000000000E+000 
                                     471                  9.7488135370427609E-001                  2.0311652992461612E-001                  5.6722650816690505E+000                 -1.3089492222895383E+000                  1.2473926274629148E+001                  7.0000000000000007E-001                  2.8000000000000003E-001                  1.9999999999999907E-002                  7.6011468198601561E-015                  0.0000000000000000E+000                  0.0000000000000000E+000 
                                     472                  9.7410094937054836E-001                  2.0231681966867912E-001                  5.6782492463212195E+000                 -1.2997416111118796E+000                  1.2489295512503729E+001                  7.0000000000000007E-001                  2.8000000000000003E-001                  1.9999999999999907E-002                  9.3803970692995906E-015                  0.0000000000000000E+000                  0.0000000000000000E+000 
                                     473                  9.7329764531328922E-001                  2.0150641768383745E-001                  5.6842362740080823E+000                 -1.2905328934374205E+000                  1.2504666732452053E+001                  7.0000000000000007E-001                  2.8000000000000003E-001                  1.9999999999999907E-002                  1.1566729380359322E-014                  0.0000000000000000E+000                  0.0000000000000000E+000 
                                     474                  9.7247083474824536E-001                  2.0068518680766556E-001                  5.6902260477859796E+000                 -1.2813231063405259E+000                  1.2520039795748813E+001                  7.0000000000000007E-001                  2.8000000000000003E-001                  1.9999999999999907E-002                  1.4251047779128858E-014                  0.0000000000000000E+000                  0.0000000000000000E+000 
                                     475                  9.7161989807578442E-001                  1.9985298848976821E-001                  5.6962184516579075E+000                 -1.2721122958374789E+000                  1.2535414556281394E+001                  7.0000000000000007E-001                  2.8000000000000003E-001                  1.9999999999999907E-002                  1.7544036979687263E-014                  0.0000000000000000E+000                  0.0000000000000000E+000 
                                     476                  9.7074420274640039E-001                  1.9900968275083908E-001                  5.7022133707755156E+000                 -1.2629005166937424E+000                  1.2550790860985249E+001                  7.0000000000000007E-001                  2.8000000000000003E-001                  1.9999999999999907E-002                  2.1580349247977001E-014                  0.0000000000000000E+000                  0.0000000000000000E+000 
                                     477                  9.6984310312573874E-001                  1.9815512813521102E-001                  5.7082106915221162E+000                 -1.2536878321413978E+000                  1.2566168550326859E+001                  7.0000000000000007E-001                  2.8000000000000003E-001                  1.9999999999999907E-002                  2.6523651556440775E-014                  0.0000000000000000E+000                  0.0000000000000000E+000 
                                     478                  9.6891594036077111E-001                  1.9728918165859605E-001                  5.7142103013036403E+000                 -1.2444743130894729E+000                  1.2581547458809991E+001                  7.0000000000000007E-001                  2.8000000000000003E-001                  1.9999999999999907E-002                  3.2572704048641365E-014                  0.0000000000000000E+000                  0.0000000000000000E+000 
                                     479                  9.6796204224757443E-001                  1.9641169875240397E-001                  5.7202120885515138E+000                 -1.2352600373464591E+000                  1.2596927415510036E+001                  7.0000000000000007E-001                  2.8000000000000003E-001                  1.9999999999999907E-002                  3.9968674169415539E-014                  0.0000000000000000E+000                  0.0000000000000000E+000 
                                     480                  9.6698072309917604E-001                  1.9552253320317670E-001                  5.7262159430646156E+000                 -1.2260450891767392E+000                  1.2612308244654708E+001                  7.0000000000000007E-001                  2.8000000000000003E-001                  1.9999999999999907E-002                  4.9003929980523799E-014                  0.0000000000000000E+000                  0.0000000000000000E+000 
                                     481                  9.6597128361193385E-001                  1.9462153708515442E-001                  5.7322217563732423E+000                 -1.2168295585328484E+000                  1.2627689766246561E+001                  7.0000000000000007E-001                  2.8000000000000003E-001                  1.9999999999999907E-002                  6.0032602221293024E-014                  0.0000000000000000E+000                  0.0000000000000000E+000 
                                     482                  9.6493301073136528E-001                  1.9370856068759965E-001                  5.7382294220258734E+000                 -1.2076135412299274E+000                  1.2643071796712226E+001                  7.0000000000000007E-001                  2.8000000000000003E-001                  1.9999999999999907E-002                  7.3483259232278938E-014                  0.0000000000000000E+000                  0.0000000000000000E+000 
                                     483                  9.6386517751732892E-001                  1.9278345243490450E-001                  5.7442388358764740E+000                 -1.1983971387841093E+000                  1.2658454149587390E+001                  7.0000000000000007E-001                  2.8000000000000003E-001                  1.9999999999999907E-002                  8.9874104048798083E-014                  0.0000000000000000E+000                  0.0000000000000000E+000 
                                     484                  9.6276704300637628E-001                  1.9184605879826727E-001                  5.7502498969569995E+000                 -1.1891804592161983E+000                  1.2673836636253634E+001                  7.0000000000000007E-001                  2.8000000000000003E-001                  1.9999999999999907E-002                  1.0983118099943373E-013                  0.0000000000000000E+000                  0.0000000000000000E+000 
                                     485                  9.6163785206973706E-001                  1.9089622419566504E-001                  5.7562625086034300E+000                 -1.1799636167377552E+000                  1.2689219066723535E+001                  7.0000000000000007E-001                  2.8000000000000003E-001                  1.9999999999999907E-002                  1.3411016971521238E-013                  0.0000000000000000E+000                  0.0000000000000000E+000 
                                     486                  9.6047683526710903E-001                  1.8993379088276563E-001                  5.7622765789416190E+000                 -1.1707467309563249E+000                  1.2704601250466578E+001                  7.0000000000000007E-001                  2.8000000000000003E-001                  1.9999999999999907E-002                  1.6362244827008442E-013                  0.0000000000000000E+000                  0.0000000000000000E+000 
                                     487                  9.5928320869517947E-001                  1.8895859883518587E-001                  5.7682920205057702E+000                 -1.1615299290376433E+000                  1.2719982997287740E+001                  7.0000000000000007E-001                  2.8000000000000003E-001                  1.9999999999999907E-002                  1.9946623013375819E-013                  0.0000000000000000E+000                  0.0000000000000000E+000 
                                     488                  9.5805617382800823E-001                  1.8797048561332164E-001                  5.7743087492701912E+000                 -1.1523133444149405E+000                  1.2735364118269509E+001                  7.0000000000000007E-001                  2.8000000000000003E-001                  1.9999999999999907E-002                  2.4296373009153127E-013                  0.0000000000000000E+000                  0.0000000000000000E+000 
                                     489                  9.5679491734794897E-001                  1.8696928621658696E-001                  5.7803266843903565E+000                 -1.1430971105427008E+000                  1.2750744426772217E+001                  7.0000000000000007E-001                  2.8000000000000003E-001                  1.9999999999999907E-002                  2.9570549661343890E-013                  0.0000000000000000E+000                  0.0000000000000000E+000 
                                     490                  9.5549861096610644E-001                  1.8595483293844936E-001                  5.7863457478855924E+000                 -1.1338813609764824E+000                  1.2766123739488082E+001                  7.0000000000000007E-001                  2.8000000000000003E-001                  1.9999999999999907E-002                  3.5960323697394706E-013                  0.0000000000000000E+000                  0.0000000000000000E+000 
                                     491                  9.5416641123059265E-001                  1.8492695520749558E-001                  5.7939092056250940E+000                 -1.1223568555018788E+000                  1.2785391679849452E+001                  7.0000000000000007E-001                  2.8000000000000003E-001                  1.9999999999999907E-002                  4.5921038661768590E-013                  0.0000000000000000E+000                  0.0000000000000000E+000 
                                     492                  9.5209892866075585E-001                  1.8335955037930829E-001                  5.8021682030160209E+000                 -1.1096916070269627E+000                  1.2806508441260345E+001                  7.0000000000000007E-001                  2.8000000000000003E-001                  1.9999999999999907E-002                  5.9895382359894585E-013                  0.0000000000000000E+000                  0.0000000000000000E+000 
                                     493                  9.5031071956180102E-001                  1.8202958903413247E-001                  5.8089267159221025E+000                 -1.0993298215564786E+000                  1.2823784112423793E+001                  7.0000000000000007E-001                  2.8000000000000003E-001                  1.9999999999999907E-002                  7.4353871678952333E-013                  0.0000000000000000E+000                  0.0000000000000000E+000 
                                     494                  9.4883614270574768E-001                  1.8094979356283911E-001                  5.8149500188324561E+000                 -1.0901179916564601E+000                  1.2839156377782135E+001                  7.0000000000000007E-001                  2.8000000000000003E-001                  1.9999999999999907E-002                  9.0072507097906436E-013                  0.0000000000000000E+000                  0.0000000000000000E+000 
                                     495                  9.4732145219227437E-001                  1.7985571894587016E-001                  5.8209739518713022E+000                 -1.0809072421483965E+000                  1.2854526716865980E+001                  7.0000000000000007E-001                  2.8000000000000003E-001                  1.9999999999999907E-002                  1.0902574402501477E-012                  0.0000000000000000E+000                  0.0000000000000000E+000 
                                     496                  9.4576571283394695E-001                  1.7874717471248933E-001                  5.8269984154606211E+000                 -1.0716976213669223E+000                  1.2869895000444272E+001                  7.0000000000000007E-001                  2.8000000000000003E-001                  1.9999999999999907E-002                  1.3186037086884886E-012                  0.0000000000000000E+000                  0.0000000000000000E+000 
                                     497                  9.4416797252795792E-001                  1.7762396626948007E-001                  5.8330233091797945E+000                 -1.0624891521838193E+000                  1.2885261112330197E+001                  7.0000000000000007E-001                  2.8000000000000003E-001                  1.9999999999999907E-002                  1.5934860544771686E-012                  0.0000000000000000E+000                  0.0000000000000000E+000 
                                     498                  9.4252726192059189E-001                  1.7648589469590656E-001                  5.8390485337558067E+000                 -1.0532818443298020E+000                  1.2900624950647664E+001                  7.0000000000000007E-001                  2.8000000000000003E-001                  1.9999999999999907E-002                  1.9241163954752389E-012                  0.0000000000000000E+000                  0.0000000000000000E+000 
                                     499                  9.4084259405067261E-001                  1.7533275649394331E-001                  5.8450739921130959E+000                 -1.0440756937224829E+000                  1.2915986429081412E+001                  7.0000000000000007E-001                  2.8000000000000003E-001                  1.9999999999999907E-002                  2.3214745549366765E-012                  0.0000000000000000E+000                  0.0000000000000000E+000 
                                     500                  9.3911296396864263E-001                  1.7416434332610786E-001                  5.8510995939534736E+000                 -1.0348706736453932E+000                  1.2931345478057658E+001                  7.0000000000000007E-001                  2.8000000000000003E-001                  1.9999999999999907E-002                  2.7986369549199484E-012                  0.0000000000000000E+000                  0.0000000000000000E+000 
                                     501                  9.3733734834386184E-001                  1.7298044177021321E-001                  5.8571252608446667E+000                 -1.0256667486836273E+000                  1.2946702045783574E+001                  7.0000000000000007E-001                  2.8000000000000003E-001                  1.9999999999999907E-002                  3.3711645213537185E-012                  0.0000000000000000E+000                  0.0000000000000000E+000 
                                     502                  9.3551470506290835E-001                  1.7178083303256947E-001                  5.8631509271874682E+000                 -1.0164638809022928E+000                  1.2962056099171894E+001                  7.0000000000000007E-001                  2.8000000000000003E-001                  1.9999999999999907E-002                  4.0575598909486055E-012                  0.0000000000000000E+000                  0.0000000000000000E+000 
                                     503                  9.3364397281325462E-001                  1.7056529263381043E-001                  5.8691765442666748E+000                 -1.0072620353809407E+000                  1.2977407624669789E+001                  7.0000000000000007E-001                  2.8000000000000003E-001                  1.9999999999999907E-002                  4.8798065027029750E-012                  0.0000000000000000E+000                  0.0000000000000000E+000 
                                     504                  9.3172407065555718E-001                  1.6933359006940407E-001                  5.8752020885049614E+000                 -9.9806118521170484E-001                  1.2992756628921850E+001                  7.0000000000000007E-001                  2.8000000000000003E-001                  1.9999999999999907E-002                  5.8640043866694482E-012                  0.0000000000000000E+000                  0.0000000000000000E+000 
                                     505                  9.2975389760139504E-001                  1.6808548845514726E-001                  5.8812275649672738E+000                 -9.8886131123277510E-001                  1.3008103139223765E+001                  7.0000000000000007E-001                  2.8000000000000003E-001                  1.9999999999999907E-002                  7.0411187185006968E-012                  0.0000000000000000E+000                  0.0000000000000000E+000 
                                     506                  9.2773233219665141E-001                  1.6682074417048007E-001                  5.8872530040667810E+000                 -9.7966241430424983E-001                  1.3023447203813248E+001                  7.0000000000000007E-001                  2.8000000000000003E-001                  1.9999999999999907E-002                  8.4478594194018129E-012                  0.0000000000000000E+000                  0.0000000000000000E+000 
                                     507                  9.2565823210573184E-001                  1.6553910645803582E-001                  5.8932784542613286E+000                 -9.7046452396336980E-001                  1.3038788892025712E+001                  7.0000000000000007E-001                  2.8000000000000003E-001                  1.9999999999999907E-002                  1.0127713775878116E-011                  0.0000000000000000E+000                  0.0000000000000000E+000 
                                     508                  9.2353043370185317E-001                  1.6424031698897429E-001                  5.8993039781560928E+000                 -9.6126766099232630E-001                  1.3054128294273578E+001                  7.0000000000000007E-001                  2.8000000000000003E-001                  1.9999999999999907E-002                  1.2132160326365115E-011                  0.0000000000000000E+000                  0.0000000000000000E+000 
                                     509                  9.2134775167718841E-001                  1.6292410953872552E-001                  5.9053296523983567E+000                 -9.5207183560486131E-001                  1.3069465521805229E+001                  7.0000000000000007E-001                  2.8000000000000003E-001                  1.9999999999999907E-002                  1.4522094030555208E-011                  0.0000000000000000E+000                  0.0000000000000000E+000 
                                     510                  9.1910897867658159E-001                  1.6159020967338750E-001                  5.9113555568907028E+000                 -9.4287705052590753E-001                  1.3084800706287218E+001                  7.0000000000000007E-001                  2.8000000000000003E-001                  1.9999999999999907E-002                  1.7369493380146094E-011                  0.0000000000000000E+000                  0.0000000000000000E+000 
                                     511                  9.1681288494929991E-001                  1.6023833442673049E-001                  5.9173817614088113E+000                 -9.3368328127158318E-001                  1.3100133999275814E+001                  7.0000000000000007E-001                  2.8000000000000008E-001                  1.9999999999999796E-002                  2.0759370184355529E-011                  0.0000000000000000E+000                  0.0000000000000000E+000 
                                     512                  9.1445821801468830E-001                  1.5886819203506872E-001                  5.9234083233526365E+000                 -9.2449046819992609E-001                  1.3115465571556848E+001                  7.0000000000000007E-001                  2.8000000000000008E-001                  1.9999999999999796E-002                  2.4792053346864585E-011                  0.0000000000000000E+000                  0.0000000000000000E+000 
                                     513                  9.1204370235740662E-001                  1.5747948170540338E-001                  5.9294352928103962E+000                 -9.1529850240832522E-001                  1.3130795612301066E+001                  7.0000000000000007E-001                  2.8000000000000008E-001                  1.9999999999999796E-002                  2.9585864404470894E-011                  0.0000000000000000E+000                  0.0000000000000000E+000 
                                     514                  9.0956803916128215E-001                  1.5607189344251832E-001                  5.9354627190412268E+000                 -9.0610724074665461E-001                  1.3146124328060385E+001                  7.0000000000000007E-001                  2.8000000000000008E-001                  1.9999999999999796E-002                  3.5280246792278663E-011                  0.0000000000000000E+000                  0.0000000000000000E+000 
                                     515                  9.0702990607439216E-001                  1.5464510783705929E-001                  5.9414906517884312E+000                 -8.9691652747076711E-001                  1.3161451941714295E+001                  7.0000000000000007E-001                  2.8000000000000008E-001                  1.9999999999999796E-002                  4.2039418649107643E-011                  0.0000000000000000E+000                  0.0000000000000000E+000 
                                     516                  9.0442795698927014E-001                  1.5319879577746065E-001                  5.9475191425293543E+000                 -8.8772618782190715E-001                  1.3176778691383786E+001                  7.0000000000000007E-001                  2.8000000000000008E-001                  1.9999999999999796E-002                  5.0056639906774895E-011                  0.0000000000000000E+000                  0.0000000000000000E+000 
                                     517                  9.0176082185804474E-001                  1.5173261818410591E-001                  5.9535482525792061E+000                 -8.7853602808454734E-001                  1.3192104829234099E+001                  7.0000000000000007E-001                  2.8000000000000008E-001                  1.9999999999999796E-002                  5.9559202039235765E-011                  0.0000000000000000E+000                  0.0000000000000000E+000 
                                     518                  8.9902710655584750E-001                  1.5024622575081856E-001                  5.9595780589067155E+000                 -8.6934585809646903E-001                  1.3207430620172284E+001                  7.0000000000000007E-001                  2.8000000000000008E-001                  1.9999999999999796E-002                  7.0814249758624274E-011                  0.0000000000000000E+000                  0.0000000000000000E+000 
                                     519                  8.9622539278807822E-001                  1.4873925861067835E-001                  5.9656086531328976E+000                 -8.6015549429889115E-001                  1.3222756340557510E+001                  7.0000000000000007E-001                  2.8000000000000008E-001                  1.9999999999999796E-002                  8.4135564600116140E-011                  0.0000000000000000E+000                  0.0000000000000000E+000 
                                     520                  8.9335423801728697E-001                  1.4721134597260924E-001                  5.9716401394060838E+000                 -8.5096476095098061E-001                  1.3238082276956995E+001                  7.0000000000000007E-001                  2.8000000000000008E-001                  1.9999999999999796E-002                  9.9891467504900632E-011                  0.0000000000000000E+000                  0.0000000000000000E+000 
                                     521                  8.9041217542764572E-001                  1.4566210574202620E-001                  5.9776726328537038E+000                 -8.4177348587232759E-001                  1.3253408724871170E+001                  7.0000000000000007E-001                  2.8000000000000008E-001                  1.9999999999999796E-002                  1.1851402342424586E-010                  0.0000000000000000E+000                  0.0000000000000000E+000 
                                     522                  8.8739771394313494E-001                  1.4409114415111576E-001                  5.9852473280677234E+000                 -8.3028590958582560E-001                  1.3272598926996560E+001                  7.0000000000000007E-001                  2.8000000000000008E-001                  1.9999999999999796E-002                  1.4671903193519466E-010                  0.0000000000000000E+000                  0.0000000000000000E+000 
                                     523                  8.8273695256983542E-001                  1.4169299633453747E-001                  5.9927595473865241E+000                 -8.1879235683238250E-001                  1.3291729020049194E+001                  7.0000000000000007E-001                  2.8000000000000008E-001                  1.9999999999999796E-002                  1.8115518160181202E-010                  0.0000000000000000E+000                  0.0000000000000000E+000 
                                     524                  8.7953481196248839E-001                  1.4006592560010431E-001                  5.9972679982404546E+000                 -8.1189485868510158E-001                  1.3303208829238391E+001                  7.0000000000000007E-001                  2.8000000000000008E-001                  1.9999999999999796E-002                  2.0547964097160366E-010                  0.0000000000000000E+000                  0.0000000000000000E+000 
                                     525                  8.7790466329934058E-001                  1.3924373720893643E-001                  6.0010496227859322E+000                 -8.0614840767535456E-001                  1.3312798779240410E+001                  7.0000000000000007E-001                  2.8000000000000008E-001                  1.9999999999999796E-002                  2.2829193661249416E-010                  3.9773852357574126E-036                  0.0000000000000000E+000 
                                     526                  8.7542253287769456E-001                  1.3799944827836830E-001                  6.0063449503681596E+000                 -7.9810270469324474E-001                  1.3326225799371082E+001                  7.0000000000000007E-001                  2.8000000000000008E-001                  1.9999999999999796E-002                  2.6442774285403150E-010                  6.9785737610667612E-036                  0.0000000000000000E+000 
                                     527                  8.7204307494665478E-001                  1.3631954930902473E-001                  6.0123857070451239E+000                 -7.8890502534894669E-001                  1.3341561236292108E+001                  7.0000000000000007E-001                  2.8000000000000008E-001                  1.9999999999999796E-002                  3.1248905526192964E-010                  1.3217495420852254E-035                  0.0000000000000000E+000 
                                     528                  8.6858217992024167E-001                  1.3461541884633724E-001                  6.0184283072366167E+000                 -7.7970563024845507E-001                  1.3356899314033893E+001                  7.0000000000000007E-001                  2.8000000000000008E-001                  1.9999999999999796E-002                  3.6904008177652597E-010                  2.4966695483336028E-035                  0.0000000000000000E+000 
                                     529                  8.6503819723110009E-001                  1.3288657408029267E-001                  6.0244728589882195E+000                 -7.7050432877535324E-001                  1.3372240353873433E+001                  7.0000000000000007E-001                  2.8000000000000008E-001                  1.9999999999999796E-002                  4.3553760392160966E-010                  4.7034003910904354E-035                  0.0000000000000000E+000 
                                     530                  8.6140945393940804E-001                  1.3113251737774217E-001                  6.0305194654011292E+000                 -7.6130092384269488E-001                  1.3387584675087441E+001                  7.0000000000000007E-001                  2.8000000000000008E-001                  1.9999999999999796E-002                  5.1368106754495580E-010                  8.8371272155985319E-035                  0.0000000000000000E+000 
                                     531                  8.5769425523864384E-001                  1.2935273581837736E-001                  6.0365682251322434E+000                 -7.5209521529553836E-001                  1.3402932593785659E+001                  7.0000000000000007E-001                  2.8000000000000008E-001                  1.9999999999999796E-002                  6.0545178779362943E-010                  1.6560274137192998E-034                  0.0000000000000000E+000 
                                     532                  8.5389088504893440E-001                  1.2754670070434013E-001                  6.0426192321954204E+000                 -7.4288700243741279E-001                  1.3418284421740323E+001                  7.0000000000000007E-001                  2.8000000000000008E-001                  1.9999999999999796E-002                  7.1315828031889584E-010                  3.0952083720976553E-034                  0.0000000000000000E+000 
                                     533                  8.4999760668638302E-001                  1.2571386703672219E-001                  6.0486725763203015E+000                 -7.3367608382428517E-001                  1.3433640465271832E+001                  7.0000000000000007E-001                  2.8000000000000008E-001                  1.9999999999999796E-002                  8.3948866401291980E-010                  5.7701438273669327E-034                  0.0000000000000000E+000 
                                     534                  8.4601266359993810E-001                  1.2385367296221864E-001                  6.0547283443511315E+000                 -7.2446225966459887E-001                  1.3449001024206691E+001                  7.0000000000000007E-001                  2.8000000000000008E-001                  1.9999999999999796E-002                  9.8757121264485536E-010                  1.0729166230723591E-033                  0.0000000000000000E+000 
                                     535                  8.4193428018151173E-001                  1.2196553917791544E-001                  6.0607866208342189E+000                 -7.1524533556910808E-001                  1.3464366390856773E+001                  7.0000000000000007E-001                  2.8000000000000008E-001                  1.9999999999999796E-002                  1.1610442515646904E-009                  1.9899213920228806E-033                  0.0000000000000000E+000 
                                     536                  8.3776066267671667E-001                  1.2004886829606526E-001                  6.0668474877480705E+000                 -7.0602512259831252E-001                  1.3479736848985620E+001                  7.0000000000000007E-001                  2.8000000000000008E-001                  1.9999999999999796E-002                  1.3641367932876177E-009                  3.6813262336028874E-033                  0.0000000000000000E+000 
                                     537                  8.3349000019805941E-001                  1.1810304418038862E-001                  6.0729110247832034E+000                 -6.9680143704830444E-001                  1.3495112672821376E+001                  7.0000000000000007E-001                  2.8000000000000008E-001                  1.9999999999999796E-002                  1.6017615344118543E-009                  6.7932684101898585E-033                  0.0000000000000000E+000 
                                     538                  8.2912046581724241E-001                  1.1612743123986267E-001                  6.0789773096349702E+000                 -6.8757410341430958E-001                  1.3510494126173031E+001                  7.0000000000000007E-001                  2.8000000000000008E-001                  1.9999999999999796E-002                  1.8796220238629579E-009                  1.2504513603798929E-032                  0.0000000000000000E+000 
                                     539                  8.2465021773470581E-001                  1.1412137366020313E-001                  6.0850464178866073E+000                 -6.7834295527195798E-001                  1.3525881461611299E+001                  7.0000000000000007E-001                  2.8000000000000008E-001                  1.9999999999999796E-002                  2.2043360869660161E-009                  2.2960201546858528E-032                  0.0000000000000000E+000 
                                     540                  8.2007740055520983E-001                  1.1208419458969403E-001                  6.0911184233713938E+000                 -6.6910783533255735E-001                  1.3541274919653336E+001                  7.0000000000000007E-001                  2.8000000000000008E-001                  1.9999999999999796E-002                  2.5835779242955573E-009                  4.2054512512431157E-032                  0.0000000000000000E+000 
                                     541                  8.1540014668404004E-001                  1.1001519528413309E-001                  6.0971933987087352E+000                 -6.5986859743340021E-001                  1.3556674727996091E+001                  7.0000000000000007E-001                  2.8000000000000008E-001                  1.9999999999999796E-002                  3.0262416010680256E-009                  7.6839502802146480E-032                  0.0000000000000000E+000 
                                     542                  8.1061657781319141E-001                  1.0791365418216696E-001                  6.1032714153269145E+000                 -6.5062510769644011E-001                  1.3572081100875220E+001                  7.0000000000000007E-001                  2.8000000000000008E-001                  1.9999999999999796E-002                  3.5426290103224558E-009                  1.4005493470907849E-031                  0.0000000000000000E+000 
                                     543                  8.0572480648857348E-001                  1.0577882590448889E-001                  6.1093525436393090E+000                 -6.4137724486036629E-001                  1.3587494238525359E+001                  7.0000000000000007E-001                  2.8000000000000008E-001                  1.9999999999999796E-002                  4.1446658882138544E-009                  2.5466014304892135E-031                  0.0000000000000000E+000 
                                     544                  8.0072293778453241E-001                  1.0360994018595471E-001                  6.1154368535145673E+000                 -6.3212490115842146E-001                  1.3602914326675988E+001                  7.0000000000000007E-001                  2.8000000000000008E-001                  1.9999999999999796E-002                  4.8461499425113129E-009                  4.6193290541916771E-031                  0.0000000000000000E+000 
                                     545                  7.9560907110639634E-001                  1.0140620073990619E-001                  6.1215244143840142E+000                 -6.2286798315375735E-001                  1.3618341536113098E+001                  7.0000000000000007E-001                  2.8000000000000008E-001                  1.9999999999999796E-002                  5.6630356566971890E-009                  8.3590850479778382E-031                  0.0000000000000000E+000 
                                     546                  7.9038130208966362E-001                  9.9166784033530381E-002                  6.1276152945350750E+000                 -6.1360641201612720E-001                  1.3633776022381277E+001                  7.0000000000000007E-001                  2.8000000000000008E-001                  1.9999999999999796E-002                  6.6137609217499073E-009                  1.5090615364256433E-030                  0.0000000000000000E+000 
                                     547                  7.8503772458304288E-001                  9.6890837963640938E-002                  6.1337095594384285E+000                 -6.0434012244160207E-001                  1.3649217925608776E+001                  7.0000000000000007E-001                  2.8000000000000008E-001                  1.9999999999999796E-002                  7.7196213271856654E-009                  2.7178768420669427E-030                  0.0000000000000000E+000 
                                     548                  7.7957643274049693E-001                  9.4577480442646564E-002                  6.1398072705580047E+000                 -5.9506906017782546E-001                  1.3664667370392658E+001                  7.0000000000000007E-001                  2.8000000000000008E-001                  1.9999999999999796E-002                  9.0051989652451620E-009                  4.8835230166991047E-030                  0.0000000000000000E+000 
                                     549                  7.7399552324285292E-001                  9.2225797902657086E-002                  6.1459084848318595E+000                 -5.8579318186159068E-001                  1.3680124465762432E+001                  7.0000000000000007E-001                  2.8000000000000008E-001                  1.9999999999999796E-002                  1.0498853394705467E-008                  8.7543342096886090E-030                  0.0000000000000000E+000 
                                     550                  7.6829309762083453E-001                  8.9834843684879179E-002                  6.1520132524341866E+000                 -5.7651245418470476E-001                  1.3695589305284267E+001                  7.0000000000000007E-001                  2.8000000000000008E-001                  1.9999999999999796E-002                  1.2233282935788767E-008                  1.5656867147437907E-029                  0.0000000000000000E+000 
                                     551                  7.6246726466625614E-001                  8.7403636302231483E-002                  6.1581216145156263E+000                 -5.6722684977897164E-001                  1.3711061967280695E+001                  7.0000000000000007E-001                  2.8000000000000008E-001                  1.9999999999999796E-002                  1.4246166206431676E-008                  2.7937240442401066E-029                  0.0000000000000000E+000 
                                     552                  7.5651614296266545E-001                  8.4931157596599832E-002                  6.1642336029199845E+000                 -5.5793634609706577E-001                  1.3726542515106834E+001                  7.0000000000000007E-001                  2.8000000000000008E-001                  1.9999999999999796E-002                  1.6580895328288263E-008                  4.9735177741177500E-029                  0.0000000000000000E+000 
                                     553                  7.5043786354901387E-001                  8.2416350769404151E-002                  6.1703492402963036E+000                 -5.4864092524769414E-001                  1.3742030997501850E+001                  7.0000000000000007E-001                  2.8000000000000008E-001                  1.9999999999999796E-002                  1.9287413147767732E-008                  8.8338417085949797E-029                  0.0000000000000000E+000 
                                     554                  7.4423057269437698E-001                  7.9858118258280361E-002                  6.1764685401132784E+000                 -5.3934057375920241E-001                  1.3757527449057664E+001                  6.9999999999999996E-001                  2.8000000000000008E-001                  2.0000000000000018E-002                  2.2423168503035185E-008                  1.5654715240311527E-028                  0.0000000000000000E+000 
                                     555                  7.3789243477693756E-001                  7.7255319443279416E-002                  6.1825915068162010E+000                 -5.3003528222481444E-001                  1.3773031890767365E+001                  6.9999999999999996E-001                  2.8000000000000008E-001                  2.0000000000000018E-002                  2.6054205569979702E-008                  2.7679218760587454E-028                  0.0000000000000000E+000 
                                     556                  7.3142163530662074E-001                  7.4606768184049627E-002                  6.1887181367497828E+000                 -5.2072504449405088E-001                  1.3788544330609072E+001                  6.9999999999999996E-001                  2.8000000000000008E-001                  2.0000000000000018E-002                  3.0256405766640868E-008                  4.8829102127204976E-028                  0.0000000000000000E+000 
                                     557                  7.2481638409482851E-001                  7.1911230175191354E-002                  6.1948484198840452E+000                 -5.1140985876200562E-001                  1.3804064764190780E+001                  6.9999999999999996E-001                  2.8000000000000008E-001                  2.0000000000000018E-002                  3.5116902899822083E-008                  8.5945434863727667E-028                  0.0000000000000000E+000 
                                     558                  7.1807491855628736E-001                  6.9167420083198219E-002                  6.2009823408944902E+000                 -5.0208972950398745E-001                  1.3819593175471427E+001                  6.9999999999999996E-001                  2.8000000000000008E-001                  2.0000000000000018E-002                  4.0735694011428926E-008                  1.5093457896274855E-027                  0.0000000000000000E+000 
                                     559                  7.1119550715471158E-001                  6.6373998442470494E-002                  6.2071198797092659E+000                 -4.9276466651317380E-001                  1.3835129537518485E+001                  6.9999999999999996E-001                  2.8000000000000008E-001                  2.0000000000000018E-002                  4.7227472074942400E-008                  2.6447160354923636E-027                  0.0000000000000000E+000 
                                     560                  7.0417645302643073E-001                  6.3529568318743207E-002                  6.2132610127921284E+000                 -4.8343468427082592E-001                  1.3850673813278942E+001                  6.9999999999999996E-001                  2.8000000000000008E-001                  2.0000000000000018E-002                  5.4723710764189156E-008                  4.6237687455214938E-027                  0.0000000000000000E+000 
                                     561                  6.9701609778251494E-001                  6.0632671713091182E-002                  6.2194057142672312E+000                 -4.7409980419309145E-001                  1.3866225956388938E+001                  6.9999999999999996E-001                  2.8000000000000008E-001                  2.0000000000000018E-002                  6.3375033664992753E-008                  8.0657029363226885E-027                  0.0000000000000000E+000 
                                     562                  6.8971282548312907E-001                  5.7681785656397783E-002                  6.2255539563529245E+000                 -4.6476005423002431E-001                  1.3881785912015944E+001                  6.9999999999999996E-001                  2.8000000000000008E-001                  2.0000000000000018E-002                  7.3353905028109128E-008                  1.4038465197371940E-026                  0.0000000000000000E+000 
                                     563                  6.8226506681540733E-001                  5.4675317992193509E-002                  6.2317057100755662E+000                 -4.5541546736171662E-001                  1.3897353617695620E+001                  7.0000000000000007E-001                  2.8000000000000008E-001                  1.9999999999999796E-002                  8.4857684971039441E-008                  2.4379821238469672E-026                  0.0000000000000000E+000 
                                     564                  6.7467130349989568E-001                  5.1611602831274646E-002                  6.2378609460583778E+000                 -4.4606608277604742E-001                  1.3912929004164392E+001                  7.0000000000000007E-001                  2.8000000000000008E-001                  1.9999999999999796E-002                  9.8112095795486571E-008                  4.2245171677448404E-026                  0.0000000000000000E+000 
                                     565                  6.6693007292431172E-001                  4.8488895621058355E-002                  6.2440196349314645E+000                 -4.3671194593468421E-001                  1.3928511996202548E+001                  7.0000000000000007E-001                  2.8000000000000008E-001                  1.9999999999999796E-002                  1.1337515226790305E-007                  7.3040125220772523E-026                  0.0000000000000000E+000 
                                     566                  6.5903997302085526E-001                  4.5305367800337247E-002                  6.2486276538820009E+000                 -4.2968153494247824E-001                  1.3940202328144423E+001                  7.0000000000000007E-001                  2.8000000000000008E-001                  1.9999999999999796E-002                  1.2628679185255699E-007                  1.0984927964446583E-025                  0.0000000000000000E+000 
                                     567                  6.5503867674496585E-001                  4.3690262304913588E-002                  6.2517096135860966E+000                 -4.2500080464335249E-001                  1.3947999652651195E+001                  7.0000000000000007E-001                  2.8000000000000008E-001                  1.9999999999999796E-002                  1.3570002586223056E-007                  1.4420260169339450E-025                  0.0000000000000000E+000 
                                     568                  6.5099966743156135E-001                  4.2059226569330643E-002                  6.2547924208757060E+000                 -4.2031891878023769E-001                  1.3955798829831261E+001                  7.0000000000000007E-001                  2.8000000000000008E-001                  1.9999999999999796E-002                  1.4579519631923093E-007                  1.8919502152280046E-025                  0.0000000000000000E+000 
                                     569                  6.4692278920054658E-001                  4.0412005779294061E-002                  6.2578760723627775E+000                 -4.1563588492404563E-001                  1.3963599848625488E+001                  7.0000000000000007E-001                  2.8000000000000008E-001                  1.9999999999999796E-002                  1.5662022795867788E-007                  2.4808889527399009E-025                  0.0000000000000000E+000 
                                     570                  6.4280789097915814E-001                  3.8748338697002831E-002                  6.2609605647360613E+000                 -4.1095171093662741E-001                  1.3971402697784074E+001                  7.0000000000000007E-001                  2.8000000000000008E-001                  1.9999999999999796E-002                  1.6822630592299363E-007                  3.2513689082734563E-025                  0.0000000000000000E+000 
                                     571                  6.3865482669079876E-001                  3.7067957434940610E-002                  6.2640458947566238E+000                 -4.0626640492984473E-001                  1.3979207365887779E+001                  7.0000000000000007E-001                  2.8000000000000008E-001                  1.9999999999999796E-002                  1.8066808997336287E-007                  4.2587952899737594E-025                  0.0000000000000000E+000 
                                     572                  6.3446345545002758E-001                  3.5370587220246698E-002                  6.2671320592352515E+000                 -4.0157997521181127E-001                  1.3987013841367572E+001                  7.0000000000000007E-001                  2.8000000000000008E-001                  1.9999999999999796E-002                  1.9400394219522224E-007                  5.5753119213458316E-025                  0.0000000000000000E+000 
                                     573                  6.3023364176398533E-001                  3.3655946149278117E-002                  6.2702190550184245E+000                 -3.9689243027511745E-001                  1.3994822112522547E+001                  7.0000000000000007E-001                  2.8000000000000008E-001                  1.9999999999999796E-002                  2.0829616907099862E-007                  7.2948062531547114E-025                  0.0000000000000000E+000 
                                     574                  6.2596525574052420E-001                  3.1923744931702608E-002                  6.2733068789915434E+000                 -3.9220377878562840E-001                  1.4002632167536262E+001                  7.0000000000000007E-001                  2.8000000000000008E-001                  1.9999999999999796E-002                  2.2361127884390910E-007                  9.5393951930138412E-025                  0.0000000000000000E+000 
                                     575                  6.2165817330320206E-001                  3.0173686623522579E-002                  6.2763955280835271E+000                 -3.8751402957118458E-001                  1.4010443994492336E+001                  7.0000000000000007E-001                  2.8000000000000008E-001                  1.9999999999999796E-002                  2.4002025506031502E-007                  1.2467825298216598E-024                  0.0000000000000000E+000 
                                     576                  6.1731227641250974E-001                  2.8405466348071864E-002                  6.2794849992713004E+000                 -3.8282319161086453E-001                  1.4018257581389811E+001                  7.0000000000000007E-001                  2.8000000000000008E-001                  1.9999999999999796E-002                  2.5759884725974162E-007                  1.6286346317147300E-024                  0.0000000000000000E+000 
                                     577                  6.1292745329386755E-001                  2.6618771004475173E-002                  6.2825752895789728E+000                 -3.7813127403108127E-001                  1.4026072916157460E+001                  6.9999999999999996E-001                  2.8000000000000008E-001                  2.0000000000000018E-002                  2.7642787981271591E-007                  2.1262778524313436E-024                  0.0000000000000000E+000 
                                     578                  6.0850359867333026E-001                  2.4813278963127541E-002                  6.2856663960440891E+000                 -3.7343828611928331E-001                  1.4033889986666237E+001                  6.9999999999999996E-001                  2.8000000000000008E-001                  2.0000000000000018E-002                  2.9659357982271399E-007                  2.7744701998205806E-024                  0.0000000000000000E+000 
                                     579                  6.0404061402141540E-001                  2.2988659747477335E-002                  6.2887583156750324E+000                 -3.6874423722293231E-001                  1.4041708780739908E+001                  6.9999999999999996E-001                  2.8000000000000008E-001                  2.0000000000000018E-002                  3.1818792538212855E-007                  3.6182962295650969E-024                  0.0000000000000000E+000 
                                     580                  5.9953840780536494E-001                  2.1144573701815435E-002                  6.2918510454403576E+000                 -3.6404913669943728E-001                  1.4049529286163374E+001                  6.9999999999999996E-001                  2.8000000000000008E-001                  2.0000000000000018E-002                  3.4130901552810128E-007                  4.7162029551793908E-024                  0.0000000000000000E+000 
                                     581                  5.9499689575056658E-001                  1.9280671644283629E-002                  6.2949445822702961E+000                 -3.5935299391208969E-001                  1.4057351490688045E+001                  6.9999999999999996E-001                  2.8000000000000008E-001                  2.0000000000000018E-002                  3.6606146312225470E-007                  6.1439187915618991E-024                  0.0000000000000000E+000 
                                     582                  5.9041600111197856E-001                  1.7396594504249289E-002                  6.2980389230579856E+000                 -3.5465581822655945E-001                  1.4065175382036436E+001                  6.9999999999999996E-001                  2.8000000000000008E-001                  2.0000000000000018E-002                  3.9255681197400582E-007                  7.9995095666858651E-024                  0.0000000000000000E+000 
                                     583                  5.8579565495277297E-001                  1.5491972941859436E-002                  6.3011340646607721E+000                 -3.4995761900824146E-001                  1.4073000947907776E+001                  6.9999999999999996E-001                  2.8000000000000014E-001                  1.9999999999999907E-002                  4.2091397964592621E-007                  1.0409897969754616E-023                  0.0000000000000000E+000 
                                     584                  5.8113579643168534E-001                  1.3566426949242970E-002                  6.3042300038880361E+000                 -3.4525840568379179E-001                  1.4080828175982910E+001                  6.9999999999999996E-001                  2.8000000000000014E-001                  1.9999999999999907E-002                  4.5125972727392738E-007                  1.3539265414276765E-023                  0.0000000000000000E+000 
                                     585                  5.7643637310004070E-001                  1.1619565432274256E-002                  6.3073267374700990E+000                 -3.4055818773703544E-001                  1.4088657053928044E+001                  6.9999999999999996E-001                  2.8000000000000014E-001                  1.9999999999999907E-002                  4.8372915798715572E-007                  1.7599873609592924E-023                  0.0000000000000000E+000 
                                     586                  5.7169734120886462E-001                  9.6509857720346835E-003                  6.3104242620387172E+000                 -3.3585697457849800E-001                  1.4096487569397333E+001                  6.9999999999999996E-001                  2.8000000000000014E-001                  1.9999999999999907E-002                  5.1846624594469558E-007                  2.2865995283116676E-023                  0.0000000000000000E+000 
                                     587                  5.6691866602638852E-001                  7.6602733653695744E-003                  6.3135225741256269E+000                 -3.3115477553497830E-001                  1.4104319710033060E+001                  6.9999999999999996E-001                  2.8000000000000014E-001                  1.9999999999999907E-002                  5.5562439761587502E-007                  2.9691837470203651E-023                  0.0000000000000000E+000 
                                     588                  5.6210032216797257E-001                  5.6470011433773955E-003                  6.3166216701617381E+000                 -3.2645159985062966E-001                  1.4112153463463784E+001                  6.9999999999999996E-001                  2.8000000000000014E-001                  1.9999999999999907E-002                  5.9536704715000757E-007                  3.8534589076079249E-023                  0.0000000000000000E+000 
                                     589                  5.5724229393681268E-001                  3.6107290655585994E-003                  6.3197215464767735E+000                 -3.2174745668731181E-001                  1.4119988817303666E+001                  6.9999999999999996E-001                  2.8000000000000014E-001                  1.9999999999999907E-002                  6.3786828783491330E-007                  4.9984041840191100E-023                  0.0000000000000000E+000 
                                     590                  5.5234457567405770E-001                  1.5510035874197730E-003                  6.3228221992975424E+000                 -3.1704235515387569E-001                  1.4127825759153099E+001                  6.9999999999999996E-001                  2.8000000000000014E-001                  1.9999999999999907E-002                  6.8331354162707223E-007                  6.4800637513049055E-023                  0.0000000000000000E+000 
                                     591                  5.4740717212020162E-001                 -5.3264289967966080E-004                  6.3259236247364026E+000                 -3.1233630442633448E-001                  1.4135664276599487E+001                  6.9999999999999996E-001                  2.8000000000000014E-001                  1.9999999999999907E-002                  7.3190026873163101E-007                  8.3964312141865651E-023                  0.0000000000000000E+000 
                                     592                  5.4243009878829906E-001                 -2.6406926585704820E-003                  6.3290258187786010E+000                 -3.0762931361920637E-001                  1.4143504357218024E+001                  6.9999999999999996E-001                  2.8000000000000014E-001                  1.9999999999999907E-002                  7.8383872015883368E-007                  1.0873716727456273E-022                  0.0000000000000000E+000 
                                     593                  5.3741338234942115E-001                 -4.7736432268481281E-003                  6.3321287772797605E+000                 -3.0292139172757099E-001                  1.4151345988572453E+001                  6.9999999999999996E-001                  2.8000000000000014E-001                  1.9999999999999907E-002                  8.3935273543715268E-007                  1.4074383867385549E-022                  0.0000000000000000E+000 
                                     594                  5.3235706103103198E-001                 -6.9320080703062382E-003                  6.3352324959664710E+000                 -2.9821254762763694E-001                  1.4159189158215344E+001                  6.9999999999999996E-001                  2.8000000000000014E-001                  1.9999999999999907E-002                  8.9868058799612447E-007                  1.8207450500772207E-022                  0.0000000000000000E+000 
                                     595                  5.2726118502912667E-001                 -9.1163172713999083E-003                  6.3383369704369779E+000                 -2.9350279007703228E-001                  1.4167033853688674E+001                  6.9999999999999996E-001                  2.8000000000000014E-001                  1.9999999999999907E-002                  9.6207588093466870E-007                  2.3541683781653700E-022                  0.0000000000000000E+000 
                                     596                  5.2212581693335181E-001                 -1.1327118255681758E-002                  6.3414421961622391E+000                 -2.8879212771907431E-001                  1.4174880062525455E+001                  6.9999999999999996E-001                  2.8000000000000014E-001                  1.9999999999999907E-002                  1.0298084960835299E-006                  3.0422493499792295E-022                  0.0000000000000000E+000 
                                     597                  5.1695103216597738E-001                 -1.3564976558587682E-002                  6.3445481684857468E+000                 -2.8408056919807473E-001                  1.4182727772252171E+001                  6.9999999999999996E-001                  2.8000000000000014E-001                  1.9999999999999907E-002                  1.1021655990741449E-006                  3.9293548572394150E-022                  0.0000000000000000E+000 
                                     598                  5.1173691943544186E-001                 -1.5830476635791162E-002                  6.3476548826221304E+000                 -2.7936812316258169E-001                  1.4190576970391756E+001                  6.9999999999999996E-001                  2.8000000000000014E-001                  1.9999999999999907E-002                  1.1794527040731998E-006                  5.0724422432396273E-022                  0.0000000000000000E+000 
                                     599                  5.0648358120508385E-001                 -1.8124222719522833E-002                  6.3507623336577428E+000                 -2.7465479813270710E-001                  1.4198427644467390E+001                  6.9999999999999996E-001                  2.8000000000000014E-001                  1.9999999999999907E-002                  1.2619948017872240E-006                  6.5445929636695877E-022                  0.0000000000000000E+000 
                                     600                  5.0119113417769579E-001                 -2.0446839723285880E-002                  6.3538705165534903E+000                 -2.6994060249153251E-001                  1.4206279782007375E+001                  6.9999999999999996E-001                  2.8000000000000014E-001                  1.9999999999999907E-002                  1.3501375536021112E-006                  8.4395267554974760E-022                  0.0000000000000000E+000 
                                     601                  4.9585970979581845E-001                 -2.2798974199301731E-002                  6.3569794261481700E+000                 -2.6522554448273594E-001                  1.4214133370551243E+001                  6.9999999999999996E-001                  2.8000000000000014E-001                  1.9999999999999907E-002                  1.4442485558759146E-006                  1.0877365381521650E-021                  0.0000000000000000E+000 
                                     602                  4.9048945475940936E-001                 -2.5181295352064634E-002                  6.3600890571617779E+000                 -2.6050963220827172E-001                  1.4221988397655805E+001                  6.9999999999999996E-001                  2.8000000000000014E-001                  1.9999999999999907E-002                  1.5447186783030362E-006                  1.4011987838750641E-021                  0.0000000000000000E+000 
                                     603                  4.8508053156223402E-001                 -2.7594496111687530E-002                  6.3631994041988564E+000                 -2.5579287367313258E-001                  1.4229844850901182E+001                  6.9999999999999996E-001                  2.8000000000000014E-001                  1.9999999999999907E-002                  1.6519634803393185E-006                  1.8040411553052146E-021                  0.0000000000000000E+000 
                                     604                  4.7963311904736367E-001                 -3.0039294271854769E-002                  6.3663104617522093E+000                 -2.5107527690652032E-001                  1.4237702717897200E+001                  6.9999999999999996E-001                  2.8000000000000014E-001                  1.9999999999999907E-002                  1.7664247097693394E-006                  2.3214750825520631E-021                  0.0000000000000000E+000 
                                     605                  4.7414741298262325E-001                 -3.2516433697508722E-002                  6.3694222242067351E+000                 -2.4635684982225606E-001                  1.4245561986290136E+001                  6.9999999999999996E-001                  2.8000000000000014E-001                  1.9999999999999907E-002                  1.8885718893153794E-006                  2.9857452254629776E-021                  0.0000000000000000E+000 
                                     606                  4.6862362665699508E-001                 -3.5026685605896390E-002                  6.3725346858432550E+000                 -2.4163760017545638E-001                  1.4253422643770234E+001                  6.9999999999999996E-001                  2.8000000000000014E-001                  1.9999999999999907E-002                  2.0189039949966111E-006                  3.8380694922802400E-021                  0.0000000000000000E+000 
                                     607                  4.6306199149841015E-001                 -3.7570849927269438E-002                  6.3756478408427695E+000                 -2.3691753555853581E-001                  1.4261284678080481E+001                  6.9999999999999996E-001                  2.8000000000000014E-001                  1.9999999999999907E-002                  2.1579512314505975E-006                  4.9311080613960632E-021                  0.0000000000000000E+000 
                                     608                  4.5746275771361117E-001                 -4.0149756751594205E-002                  6.3787616832907927E+000                 -2.3219666339693024E-001                  1.4269148077025751E+001                  6.9999999999999996E-001                  2.8000000000000014E-001                  1.9999999999999907E-002                  2.3062769097114711E-006                  6.3321039928237308E-021                  0.0000000000000000E+000 
                                     609                  4.5182619495309156E-001                 -4.2764267867048004E-002                  6.3818762071810884E+000                 -2.2747499095383197E-001                  1.4277012828481141E+001                  6.9999999999999996E-001                  2.8000000000000014E-001                  1.9999999999999907E-002                  2.4644794328384544E-006                  8.1268757821970129E-021                  0.0000000000000000E+000 
                                     610                  4.4615259300188942E-001                 -4.5415278397587001E-002                  6.3849914064150228E+000                 -2.2275252544308141E-001                  1.4284878920400052E+001                  6.9999999999999996E-001                  2.8000000000000014E-001                  1.9999999999999907E-002                  2.6331943946347464E-006                  1.0424890355013961E-020                  0.0000000000000000E+000 
                                     611                  4.4044226249740587E-001                 -4.8103718548160243E-002                  6.3881072747979397E+000                 -2.1802927398374011E-001                  1.4292746340822108E+001                  6.9999999999999996E-001                  2.8000000000000014E-001                  1.9999999999999907E-002                  2.8130967990805225E-006                  1.3365705420258090E-020                  0.0000000000000000E+000 
                                     612                  4.3469553567568670E-001                 -5.0830555465063751E-002                  6.3912238060396538E+000                 -2.1330524349456767E-001                  1.4300615077880892E+001                  6.9999999999999996E-001                  2.8000000000000014E-001                  1.9999999999999907E-002                  3.0049034071185689E-006                  1.7127146604372776E-020                  0.0000000000000000E+000 
                                     613                  4.2891276714761445E-001                 -5.3596795220344461E-002                  6.3943409937582807E+000                 -2.0858044068798023E-001                  1.4308485119811829E+001                  6.9999999999999996E-001                  2.8000000000000014E-001                  1.9999999999999907E-002                  3.2093752165383026E-006                  2.1935680510408128E-020                  0.0000000000000000E+000 
                                     614                  4.2309433470604280E-001                 -5.6403484931294733E-002                  6.3974588314842098E+000                 -2.0385487206642655E-001                  1.4316356454960392E+001                  6.9999999999999996E-001                  2.8000000000000014E-001                  1.9999999999999907E-002                  3.4273200826224515E-006                  2.8079566417197639E-020                  0.0000000000000000E+000 
                                     615                  4.1724064016596690E-001                 -5.9251715025963152E-002                  6.4005773126639491E+000                 -1.9912854391907475E-001                  1.4324229071790043E+001                  6.9999999999999996E-001                  2.8000000000000014E-001                  1.9999999999999907E-002                  3.6595954872495396E-006                  3.5925522212263204E-020                  0.0000000000000000E+000 
                                     616                  4.1135211023990498E-001                 -6.2142621666824188E-002                  6.4036964306631301E+000                 -1.9440146237127409E-001                  1.4332102958889646E+001                  6.9999999999999996E-001                  2.8000000000000014E-001                  1.9999999999999907E-002                  3.9071114639558674E-006                  4.5939832628205710E-020                  0.0000000000000000E+000 
                                     617                  4.0542919745047773E-001                 -6.5077389346326522E-002                  6.4068161787679792E+000                 -1.8967363344924196E-001                  1.4339978104980396E+001                  6.9999999999999996E-001                  2.8000000000000014E-001                  1.9999999999999907E-002                  4.1708336872964834E-006                  5.8715069015994291E-020                  0.0000000000000000E+000 
                                     618                  3.9947238108229671E-001                 -6.8057253669295548E-002                  6.4099365501872319E+000                 -1.8494506296773974E-001                  1.4347854498922255E+001                  6.9999999999999996E-001                  2.8000000000000014E-001                  1.9999999999999907E-002                  4.4517867372144958E-006                  7.5003893651588809E-020                  0.0000000000000000E+000 
                                     619                  3.9348216817542814E-001                 -7.1083504337256950E-002                  6.4130575380553401E+000                 -1.8021575651036179E-001                  1.4355732129719632E+001                  6.9999999999999996E-001                  2.8000000000000014E-001                  1.9999999999999907E-002                  4.7510575458023890E-006                  9.5761805238677429E-020                  0.0000000000000000E+000 
                                     620                  3.8745909456307498E-001                 -7.4157488353156012E-002                  6.4161791354356703E+000                 -1.7548571942799338E-001                  1.4363610986526712E+001                  6.9999999999999996E-001                  2.8000000000000014E-001                  1.9999999999999907E-002                  5.0697990366265372E-006                  1.2220116230585851E-019                  0.0000000000000000E+000 
                                     621                  3.8140372595545008E-001                 -7.7280613466771814E-002                  6.4193013353237953E+000                 -1.7075495683724179E-001                  1.4371491058652921E+001                  6.9999999999999996E-001                  2.8000000000000014E-001                  1.9999999999999907E-002                  5.4092339669388890E-006                  1.5585942331654826E-019                  0.0000000000000000E+000 
                                     622                  3.7531665907218997E-001                 -8.0454351883083641E-002                  6.4224241306525434E+000                 -1.6602347362825315E-001                  1.4379372335568544E+001                  6.9999999999999996E-001                  2.8000000000000019E-001                  1.9999999999999796E-002                  5.7706589832789809E-006                  1.9868529528229516E-019                  0.0000000000000000E+000 
                                     623                  3.6919852282693300E-001                 -8.3680244257765421E-002                  6.4255475143107939E+000                 -1.6129127453383907E-001                  1.4387254806910017E+001                  6.9999999999999996E-001                  2.8000000000000019E-001                  1.9999999999999796E-002                  6.1554489026410550E-006                  2.5314743663853214E-019                  0.0000000000000000E+000 
                                     624                  3.6304997956740998E-001                 -8.6959904007286717E-002                  6.4286714791670763E+000                 -1.5655836411663515E-001                  1.4395138462484750E+001                  6.9999999999999984E-001                  2.8000000000000019E-001                  2.0000000000000018E-002                  6.5650612324946969E-006                  3.2237154784360271E-019                  0.0000000000000000E+000 
                                     625                  3.5687172637451686E-001                 -9.0295021963238117E-002                  6.4317960180790505E+000                 -1.5182474674499807E-001                  1.4403023292275542E+001                  6.9999999999999984E-001                  2.8000000000000019E-001                  2.0000000000000018E-002                  7.0010409395275075E-006                  4.1031317163464731E-019                  0.0000000000000000E+000 
                                     626                  3.5066449642442182E-001                 -9.3687371404145986E-002                  6.4349211238959905E+000                 -1.4709042659213978E-001                  1.4410909286444150E+001                  6.9999999999999984E-001                  2.8000000000000019E-001                  2.0000000000000018E-002                  7.4650254795626250E-006                  5.2197537799358989E-019                  0.0000000000000000E+000 
                                     627                  3.4442906041801696E-001                 -9.7138813502239227E-002                  6.4380467894613158E+000                 -1.4235540763527482E-001                  1.4418796435335080E+001                  6.9999999999999984E-001                  2.8000000000000019E-001                  2.0000000000000018E-002                  7.9587501037513384E-006                  6.6368285749999804E-019                  0.0000000000000000E+000 
                                     628                  3.3816622808041730E-001                 -1.0065130322796637E-001                  6.4411730076158218E+000                 -1.3761969365452464E-001                  1.4426684729480227E+001                  6.9999999999999984E-001                  2.8000000000000019E-001                  2.0000000000000018E-002                  8.4840534555718261E-006                  8.4342686144760408E-019                  0.0000000000000000E+000 
                                     629                  3.3187684973595943E-001                 -1.0422689575879970E-001                  6.4442997712160484E+000                 -1.3288328824389278E-001                  1.4434574159603896E+001                  6.9999999999999984E-001                  2.8000000000000019E-001                  2.0000000000000018E-002                  9.0428834756988544E-006                  1.0712990743108856E-018                  0.0000000000000000E+000 
                                     630                  3.2556181796426537E-001                 -1.0786775344479994E-001                  6.4474270731731940E+000                 -1.2814619484572348E-001                  1.4442464716627940E+001                  6.9999999999999984E-001                  2.8000000000000019E-001                  2.0000000000000018E-002                  9.6373036315399998E-006                  1.3600370311435763E-018                  0.0000000000000000E+000 
                                     631                  3.1922206934305436E-001                 -1.1157615339024317E-001                  6.4505549064786365E+000                 -1.2340841677621017E-001                  1.4450356391677175E+001                  6.9999999999999984E-001                  2.8000000000000019E-001                  2.0000000000000018E-002                  1.0269499485035382E-005                  1.7257094218322395E-018                  0.0000000000000000E+000 
                                     632                  3.1285858628396562E-001                 -1.1535449571774559E-001                  6.4536832642085553E+000                 -1.1866995722525986E-001                  1.4458249176084710E+001                  6.9999999999999984E-001                  2.8000000000000019E-001                  2.0000000000000018E-002                  1.0941785614790460E-005                  2.1885767183465254E-018                  0.0000000000000000E+000 
                                     633                  3.0647239896877493E-001                 -1.1920531258943559E-001                  6.4568121395271927E+000                 -1.1393081925422303E-001                  1.4466143061397631E+001                  6.9999999999999984E-001                  2.8000000000000019E-001                  2.0000000000000018E-002                  1.1656612912811492E-005                  2.7741714087656062E-018                  0.0000000000000000E+000 
                                     634                  3.0006458739226688E-001                 -1.2313127807063537E-001                  6.4599415256907049E+000                 -1.0919100579285922E-001                  1.4474038039384101E+001                  6.9999999999999984E-001                  2.8000000000000019E-001                  2.0000000000000018E-002                  1.2416576274748386E-005                  3.5146530941044786E-018                  0.0000000000000000E+000 
                                     635                  2.9363628351970322E-001                 -1.2713521893248059E-001                  6.4630714160576694E+000                 -1.0445051962572863E-001                  1.4481934102041770E+001                  6.9999999999999996E-001                  2.8000000000000019E-001                  1.9999999999999796E-002                  1.3224422706388647E-005                  4.4505075694807197E-018                  0.0000000000000000E+000 
                                     636                  2.8718867356831917E-001                 -1.3122012650235121E-001                  6.4662018041260723E+000                 -9.9709363369184539E-002                  1.4489831241607185E+001                  6.9999999999999996E-001                  2.8000000000000019E-001                  1.9999999999999796E-002                  1.4083059873104525E-005                  5.6326761466601209E-018                  0.0000000000000000E+000 
                                     637                  2.8072300042275405E-001                 -1.3538916968641951E-001                  6.4693326835716620E+000                 -9.4967539550174965E-002                  1.4497729450566634E+001                  6.9999999999999996E-001                  2.8000000000000019E-001                  1.9999999999999796E-002                  1.4995565106991900E-005                  7.1252227234431537E-018                  0.0000000000000000E+000 
                                     638                  2.7424056619526299E-001                 -1.3964570930731671E-001                  6.4724640482609459E+000                 -9.0225050624966413E-002                  1.4505628721668273E+001                  6.9999999999999996E-001                  2.8000000000000019E-001                  1.9999999999999796E-002                  1.5965194892671666E-005                  9.0086725246391821E-018                  0.0000000000000000E+000 
                                     639                  2.6774273494298378E-001                 -1.4399331391877870E-001                  6.4755958922579602E+000                 -8.5481898972251127E-002                  1.4513529047935814E+001                  6.9999999999999996E-001                  2.8000000000000019E-001                  1.9999999999999796E-002                  1.6995394859807099E-005                  1.1384189678476126E-017                  0.0000000000000000E+000 
                                     640                  2.6123093555545468E-001                 -1.4843577728354362E-001                  6.4787282098319210E+000                 -8.0738086884882473E-002                  1.4521430422684485E+001                  6.9999999999999996E-001                  2.8000000000000019E-001                  1.9999999999999796E-002                  1.8089810309205699E-005                  1.4378801803297951E-017                  0.0000000000000000E+000 
                                     641                  2.5470666482673393E-001                 -1.5297713772928856E-001                  6.4818609954668638E+000                 -7.5993616554804286E-002                  1.4529332839539517E+001                  6.9999999999999996E-001                  2.8000000000000019E-001                  1.9999999999999796E-002                  1.9252297299460259E-005                  1.8151930363116133E-017                  0.0000000000000000E+000 
                                     642                  2.4817149072883499E-001                 -1.5762169962985670E-001                  6.4849942438865993E+000                 -7.1248489987534594E-002                  1.4537236292457541E+001                  6.9999999999999996E-001                  2.8000000000000019E-001                  1.9999999999999796E-002                  2.0486934330347473E-005                  2.2903548834103511E-017                  0.0000000000000000E+000 
                                     643                  2.4162705590489059E-001                 -1.6237405729737162E-001                  6.4881279500909192E+000                 -6.6502709034743979E-002                  1.4545140775751056E+001                  6.9999999999999996E-001                  2.8000000000000019E-001                  1.9999999999999796E-002                  2.1798034646593371E-005                  2.8884369608331457E-017                  0.0000000000000000E+000 
                                     644                  2.3507508140263197E-001                 -1.6723912161882731E-001                  6.4912621093790213E+000                 -6.1756275462329598E-002                  1.4553046284116542E+001                  6.9999999999999996E-001                  2.8000000000000019E-001                  1.9999999999999796E-002                  2.3190159188759281E-005                  3.6408557922760571E-017                  0.0000000000000000E+000 
                                     645                  2.2851737067120434E-001                 -1.7222214982486592E-001                  6.4943967173633634E+000                 -5.7009190933720887E-002                  1.4560952812666935E+001                  6.9999999999999984E-001                  2.8000000000000025E-001                  1.9999999999999907E-002                  2.4668130228381659E-005                  4.5869590490106942E-017                  0.0000000000000000E+000 
                                     646                  2.2195581384725954E-001                 -1.7732877884229670E-001                  6.4975317699850805E+000                 -5.2261456987941046E-002                  1.4568860356968925E+001                  6.9999999999999984E-001                  2.8000000000000025E-001                  1.9999999999999907E-002                  2.6237045723242934E-005                  5.7760026972370071E-017                  0.0000000000000000E+000 
                                     647                  2.1539239235974911E-001                 -1.8256506276078013E-001                  6.5006672635315086E+000                 -4.7513075013931420E-002                  1.4576768913085772E+001                  6.9999999999999984E-001                  2.8000000000000025E-001                  1.9999999999999907E-002                  2.7902294430659000E-005                  7.2696147997929577E-017                  0.0000000000000000E+000 
                                     648                  2.0882918388643829E-001                 -1.8793751503816297E-001                  6.5038031946536696E+000                 -4.2764046158520565E-002                  1.4584678477626767E+001                  6.9999999999999984E-001                  2.8000000000000025E-001                  1.9999999999999907E-002                  2.9669571820954109E-005                  9.1448642455623773E-017                  0.0000000000000000E+000 
                                     649                  2.0226836769962103E-001                 -1.9345315618171263E-001                  6.5069395603806219E+000                 -3.8014371214030312E-002                  1.4592589047804235E+001                  6.9999999999999984E-001                  2.8000000000000025E-001                  1.9999999999999907E-002                  3.1544896826345454E-005                  1.1498080707469094E-016                  0.0000000000000000E+000 
                                     650                  1.9571223044376856E-001                 -1.9911956778052448E-001                  6.5100763581378915E+000                 -3.3264050683671449E-002                  1.4600500621499410E+001                  6.9999999999999984E-001                  2.8000000000000025E-001                  1.9999999999999907E-002                  3.3534629458330377E-005                  1.4449607571501221E-016                  0.0000000000000000E+000 
                                     651                  1.8916317239384889E-001                 -2.0494495393482851E-001                  6.5132135857748645E+000                 -2.8513084749035654E-002                  1.4608413197339203E+001                  6.9999999999999984E-001                  2.8000000000000025E-001                  1.9999999999999907E-002                  3.5645489359542528E-005                  1.8149712929617605E-016                  0.0000000000000000E+000 
                                     652                  1.8262371424958429E-001                 -2.1093821133091589E-001                  6.5163512415976070E+000                 -2.3761473213499529E-002                  1.4616326774785653E+001                  6.9999999999999984E-001                  2.8000000000000025E-001                  1.9999999999999907E-002                  3.7884575332200425E-005                  2.2785936947043544E-016                  0.0000000000000000E+000 
                                     653                  1.7609650453094666E-001                 -2.1710900946307937E-001                  6.5194893244070080E+000                 -1.9009215436974071E-002                  1.4624241354239402E+001                  6.9999999999999984E-001                  2.8000000000000025E-001                  1.9999999999999907E-002                  4.0259385892090209E-005                  2.8592219720684427E-016                  0.0000000000000000E+000 
                                     654                  1.6958432764961368E-001                 -2.2346788281820107E-001                  6.5226278335381398E+000                 -1.4256310241758030E-002                  1.4632156937159964E+001                  6.9999999999999984E-001                  2.8000000000000025E-001                  1.9999999999999907E-002                  4.2777840904010731E-005                  3.5860236112570783E-016                  0.0000000000000000E+000 
                                     655                  1.6309011274219415E-001                 -2.3002633723000193E-001                  6.5257667688735808E+000                 -9.5027557114684899E-003                  1.4640073526206516E+001                  6.9999999999999984E-001                  2.8000000000000025E-001                  1.9999999999999907E-002                  4.5448304344910468E-005                  4.4953464603389025E-016                  0.0000000000000000E+000 
                                     656                  1.5661694336559612E-001                 -2.3679697309857059E-001                  6.5289061308565337E+000                 -4.7485490933037887E-003                  1.4647991125403047E+001                  6.9999999999999984E-001                  2.8000000000000025E-001                  1.9999999999999907E-002                  4.8279608243241245E-005                  5.6324639771768201E-016                  0.0000000000000000E+000 
                                     657                  1.5016806817211886E-001                 -2.4379362879233579E-001                  6.5320459205479056E+000                  6.3133048933039476E-006                  1.4655909740333897E+001                  6.9999999999999984E-001                  2.8000000000000025E-001                  1.9999999999999907E-002                  5.1281077900502319E-005                  7.0537392221255116E-016                  0.0000000000000000E+000 
                                     658                  1.4374691270130840E-001                 -2.5103154833615499E-001                  6.5351861397109419E+000                  4.7618362627304192E-003                  1.4663829378376713E+001                  6.9999999999999984E-001                  2.8000000000000025E-001                  1.9999999999999907E-002                  5.4462558466465572E-005                  8.8293068973398664E-016                  0.0000000000000000E+000 
                                     659                  1.3735709245218825E-001                 -2.5852757849447305E-001                  6.5383267909126870E+000                  9.5180258223376106E-003                  1.4671750048979581E+001                  6.9999999999999984E-001                  2.8000000000000025E-001                  1.9999999999999907E-002                  5.7834442936927535E-005                  1.1046395874320038E-015                  0.0000000000000000E+000 
                                     660                  1.3100242743258866E-001                 -2.6630040165588781E-001                  6.5414678776447177E+000                  1.4274889497086989E-002                  1.4679671763991513E+001                  6.9999999999999984E-001                  2.8000000000000025E-001                  1.9999999999999907E-002                  6.1407701656605325E-005                  1.3813442909718765E-015                  0.0000000000000000E+000 
                                     661                  1.2468695841729810E-001                 -2.7437081262082452E-001                  6.5446094044417746E+000                  1.9032436542410797E-002                  1.4687594538060353E+001                  6.9999999999999984E-001                  2.8000000000000025E-001                  1.9999999999999907E-002                  6.5193913404652204E-005                  1.7265183881032770E-015                  0.0000000000000000E+000 
                                     662                  1.1841496519472844E-001                 -2.8276204961592905E-001                  6.5477513770036309E+000                  2.3790678311739359E-002                  1.4695518389115071E+001                  6.9999999999999984E-001                  2.8000000000000025E-001                  1.9999999999999907E-002                  6.9205298163867876E-005                  2.1568952149014702E-015                  0.0000000000000000E+000 
                                     663                  1.1219098714121228E-001                 -2.9150019280691974E-001                  6.5508938023844232E+000                  2.8549628661973581E-002                  1.4703443338955637E+001                  6.9999999999999984E-001                  2.8000000000000030E-001                  1.9999999999999796E-002                  7.3454751736966206E-005                  2.6932466321238703E-015                  0.0000000000000000E+000 
                                     664                  1.0601984653656021E-001                 -3.0061464753541989E-001                  6.5540366892650095E+000                  3.3309304407641800E-002                  1.4711369413981009E+001                  6.9999999999999984E-001                  2.8000000000000030E-001                  1.9999999999999796E-002                  7.7955882364131164E-005                  3.3613455402721914E-015                  0.0000000000000000E+000 
                                     665                  9.9906675129009692E-002                 -3.1013873486539073E-001                  6.5571800482951401E+000                  3.8069725882820725E-002                  1.4719296646095639E+001                  6.9999999999999984E-001                  2.8000000000000030E-001                  1.9999999999999796E-002                  8.2723049497703395E-005                  4.1931550493847206E-015                  0.0000000000000000E+000 
                                     666                  9.3856944583419588E-002                 -3.2011041937207751E-001                  6.5603238925242051E+000                  4.2830917645139382E-002                  1.4727225073847203E+001                  6.9999999999999973E-001                  2.8000000000000030E-001                  2.0000000000000018E-002                  8.7771404938805981E-005                  5.2282970990129132E-015                  0.0000000000000000E+000 
                                     667                  8.7876501605413548E-002                 -3.3057321432882902E-001                  6.5634682379437859E+000                  4.7592909343081871E-002                  1.4735154743869900E+001                  6.9999999999999973E-001                  2.8000000000000030E-001                  2.0000000000000018E-002                  9.3116936573392307E-005                  6.5158653450563167E-015                  0.0000000000000000E+000 
                                     668                  8.1971608744081326E-002                 -3.4157731886501919E-001                  6.5666131041722133E+000                  5.2355736819161572E-002                  1.4743085712736464E+001                  6.9999999999999973E-001                  2.8000000000000030E-001                  2.0000000000000018E-002                  9.8776515022368927E-005                  8.1166623714748220E-015                  0.0000000000000000E+000 
                                     669                  7.6148992156165829E-002                 -3.5318106232272839E-001                  6.5697585153560372E+000                  5.7119443678307610E-002                  1.4751018049365458E+001                  6.9999999999999973E-001                  2.8000000000000030E-001                  2.0000000000000018E-002                  1.0476794368645168E-004                  1.0105959811155950E-014                  0.0000000000000000E+000 
                                     670                  7.0415897993402587E-002                 -3.6545276114035408E-001                  6.5729045013810756E+000                  6.1884083255925953E-002                  1.4758951838192896E+001                  6.9999999999999973E-001                  2.8000000000000030E-001                  2.0000000000000018E-002                  1.1111001273558887E-004                  1.2576902486220685E-014                  0.0000000000000000E+000 
                                     671                  6.4780159594900188E-002                 -3.7847313830923918E-001                  6.5760510994989660E+000                  6.6649721226079095E-002                  1.4766887183418168E+001                  6.9999999999999973E-001                  2.8000000000000030E-001                  2.0000000000000018E-002                  1.1782255783438595E-004                  1.5644706044690837E-014                  0.0000000000000000E+000 
                                     672                  5.9250278386205502E-002                 -3.9233852328564983E-001                  6.5791983565448797E+000                  7.1416439152503688E-002                  1.4774824214787881E+001                  6.9999999999999973E-001                  2.8000000000000030E-001                  2.0000000000000018E-002                  1.2492652475274457E-004                  1.9451832974875193E-014                  0.0000000000000000E+000 
                                     673                  5.3835522419264981E-002                 -4.0716515555038607E-001                  6.5823463320197435E+000                  7.6184339404457513E-002                  1.4782763095623027E+001                  6.9999999999999973E-001                  2.8000000000000030E-001                  2.0000000000000018E-002                  1.3244404154786292E-004                  2.4174375411191510E-014                  0.0000000000000000E+000 
                                     674                  4.8546047982890472E-002                 -4.2309508286593739E-001                  6.5854951024782169E+000                  8.0953552054432679E-002                  1.4790704034197525E+001                  6.9999999999999973E-001                  2.8000000000000030E-001                  2.0000000000000018E-002                  1.4039850090122894E-004                  3.0029927620591301E-014                  0.0000000000000000E+000 
                                     675                  4.3393051930452016E-002                 -4.4030442087910415E-001                  6.5886447679063860E+000                  8.5724245014838066E-002                  1.4798647300263886E+001                  6.9999999999999973E-001                  2.8000000000000030E-001                  2.0000000000000018E-002                  1.4881465675604586E-004                  3.7287302458040111E-014                  0.0000000000000000E+000 
                                     676                  3.8388965755578319E-002                 -4.5901520869974799E-001                  6.5917463547819759E+000                  9.0546519101436559E-002                  1.4806593249732488E+001                  6.9999999999999896E-001                  2.8000000000000097E-001                  2.0000000000000018E-002                  1.5762172008103713E-004                  4.6137424741538095E-014                  0.0000000000000000E+000 
                                     677                  3.3547707771310609E-002                 -4.7951039235400800E-001                  6.5947960691651950E+000                  9.5424518263680966E-002                  1.4814542179281611E+001                  6.9999999999999896E-001                  2.8000000000000103E-001                  2.0000000000000018E-002                  1.6682294543916056E-004                  5.6877404324961676E-014                  0.0000000000000000E+000 
                                     678                  2.8885018417884104E-002                 -5.0216160013657918E-001                  6.5978036604290748E+000                  1.0034852554199601E-001                  1.4822494280860608E+001                  6.9999999999999896E-001                  2.8000000000000108E-001                  2.0000000000000018E-002                  1.7644951847820941E-004                  6.9902586092509162E-014                  0.0000000000000000E+000 
                                     679                  2.4418918454681637E-002                 -5.2747153151663539E-001                  6.6007736683378537E+000                  1.0531399684857244E-001                  1.4830449626825146E+001                  6.9999999999999885E-001                  2.8000000000000125E-001                  1.9999999999999907E-002                  1.8652491524570039E-004                  8.5673057548834300E-014                  0.0000000000000000E+000 
                                     680                  2.0170356095812358E-002                 -5.5614333746830436E-001                  6.6050303944509787E+000                  1.1253999824470511E-001                  1.4841960406524272E+001                  6.9999999999999885E-001                  2.8000000000000136E-001                  1.9999999999999796E-002                  2.0198953690185120E-004                  1.1461826593251172E-013                  0.0000000000000000E+000 
                                     681                  1.2430508852543987E-002                 -6.2828037169338158E-001                  6.6107360411526175E+000                  1.2264854679328388E-001                  1.4857810706719233E+001                  6.9999999999999873E-001                  2.8000000000000153E-001                  1.9999999999999796E-002                  2.2489006164485672E-004                  1.6924965465226928E-013                  0.0000000000000000E+000 
                                     682                  5.9450121676047352E-003                 -7.3721031887510680E-001                  6.6152333994289041E+000                  1.3094147205250473E-001                  1.4870628314414446E+001                  6.9999999999999851E-001                  2.8000000000000158E-001                  1.9999999999999907E-002                  2.4487253518154994E-004                  2.3004160287231386E-013                  0.0000000000000000E+000 
                                     683                  3.3151401066622839E-003                 -8.2282539130507404E-001                  6.6177153710393775E+000                  1.3557562372174090E-001                  1.4877759308325929E+001                  6.9999999999999840E-001                  2.8000000000000164E-001                  2.0000000000000018E-002                  2.5665786635134562E-004                  2.7241657446327364E-013                  0.0000000000000000E+000 
                                     684                  1.7156846276579765E-003                 -9.1897830966640826E-001                  6.6194893689820757E+000                  1.3892669048783329E-001                  1.4882894866942605E+001                  6.9999999999999829E-001                  2.8000000000000175E-001                  2.0000000000000018E-002                  2.6543916555330280E-004                  3.0738027496990551E-013                  0.0000000000000000E+000 
                                     685                  8.5311415020544734E-004                 -1.0206619758704489E+000                  6.6206109073250730E+000                  1.4106103583457805E-001                  1.4886157330293535E+001                  6.9999999999999829E-001                  2.8000000000000180E-001                  1.9999999999999907E-002                  2.7114971169450372E-004                  3.3175122640157902E-013                  0.0000000000000000E+000 
                                     686                  4.7075807496960165E-004                 -1.1070257272540980E+000                  6.6212802438506273E+000                  1.4233904180864082E-001                  1.4888108584655580E+001                  6.9999999999999829E-001                  2.8000000000000180E-001                  1.9999999999999907E-002                  2.7461683217186705E-004                  3.4720031578141721E-013                  0.0000000000000000E+000 
                                     687                  2.4037935970228078E-004                 -1.2045458089663785E+000                  6.6217507411998300E+000                  1.4324013743407116E-001                  1.4889482917960276E+001                  6.9999999999999829E-001                  2.8000000000000186E-001                  1.9999999999999796E-002                  2.7708134048545481E-004                  3.5848626897460103E-013                  0.0000000000000000E+000 
                                     688                  1.2519000206862030E-004                 -1.2991251682612481E+000                  6.6220424293427849E+000                  1.4379973291197923E-001                  1.4890335897158950E+001                  6.9999999999999829E-001                  2.8000000000000186E-001                  1.9999999999999796E-002                  2.7862056365166791E-004                  3.6566539135733501E-013                  0.0000000000000000E+000 
                                     689                  6.7595323251790074E-005                 -1.3884271579492813E+000                  6.6222212665359770E+000                  1.4414318698262341E-001                  1.4890859226753690E+001                  6.9999999999999829E-001                  2.8000000000000186E-001                  1.9999999999999796E-002                  2.7956859383174767E-004                  3.7013745927093980E-013                  0.0000000000000000E+000 
                                     690                  3.8797983843374961E-005                 -1.4688473660641777E+000                  6.6223287649379632E+000                  1.4434976699743587E-001                  1.4891173928854077E+001                  6.9999999999999829E-001                  2.8000000000000186E-001                  1.9999999999999796E-002                  2.8014003562513312E-004                  3.7285171634430756E-013                  0.0000000000000000E+000 
                                     691                  2.4399314139167405E-005                 -1.5360212740580417E+000                  6.6223914668204387E+000                  1.4447030652466747E-001                  1.4891357533890982E+001                  6.9999999999999829E-001                  2.8000000000000186E-001                  1.9999999999999796E-002                  2.8047389767135614E-004                  3.7444401794987357E-013                  0.0000000000000000E+000 
                                     692                  1.7199979287063627E-005                 -1.5866549233849849E+000                  6.6224384199188631E+000                  1.4456058593038199E-001                  1.4891495038634817E+001                  6.9999999999999829E-001                  2.8000000000000186E-001                  1.9999999999999796E-002                  2.8072416576444876E-004                  3.7564080009592353E-013                  0.0000000000000000E+000 
                                     693                  1.0000644435015360E-005                 -1.6651749184598414E+000                  6.6224860676983477E+000                  1.4465222952578496E-001                  1.4891634606180549E+001                  6.9999999999999829E-001                  2.8000000000000186E-001                  1.9999999999999796E-002                  2.8097837580909194E-004                  3.7685918380125877E-013                  0.0000000000000000E+000 
                                     694                  5.0003222175076800E-006                 -1.7655355202059368E+000                  6.6225229655949978E+000                  1.4472321507689354E-001                  1.4891742703431222E+001                  6.9999999999999829E-001                  2.8000000000000186E-001                  1.9999999999999796E-002                  2.8117539759387584E-004                  3.7780538792965080E-013                  0.0000000000000000E+000 
                                     695                  2.5001611088093512E-006                 -1.8658897287137048E+000                  6.6225462053808828E+000                  1.4476793066010157E-001                  1.4891810793441234E+001                  6.9999999999999829E-001                  2.8000000000000186E-001                  1.9999999999999796E-002                  2.8129956231003333E-004                  3.7840255695824073E-013                  0.0000000000000000E+000 
                                     696                  1.2500805544046756E-006                 -1.9662399081600244E+000                  6.6225608437688814E+000                  1.4479609871526544E-001                  1.4891853684684405E+001                  6.9999999999999829E-001                  2.8000000000000186E-001                  1.9999999999999796E-002                  2.8137780053215589E-004                  3.7877918609082585E-013                  0.0000000000000000E+000 
                                     697                  6.2504027720233779E-007                 -2.0665875456171139E+000                  6.6225700646757399E+000                  1.4481384308192796E-001                  1.4891880703371255E+001                  6.9999999999999829E-001                  2.8000000000000186E-001                  1.9999999999999796E-002                  2.8142709519799429E-004                  3.7901662080334930E-013                  0.0000000000000000E+000 
                                     698                  3.1252013860116890E-007                 -2.1669335737765816E+000                  6.6225758732034476E+000                  1.4482502117473084E-001                  1.4891897723637124E+001                  6.9999999999999829E-001                  2.8000000000000186E-001                  1.9999999999999796E-002                  2.8145815192899039E-004                  3.7916626403440747E-013                  0.0000000000000000E+000 
                                     699                  1.5626006927282887E-007                 -2.2672785721712700E+000                  6.6225795322332734E+000                  1.4483206286858946E-001                  1.4891908445554858E+001                  6.9999999999999829E-001                  2.8000000000000186E-001                  1.9999999999999796E-002                  2.8147771763878821E-004                  3.7926056059186438E-013                  0.0000000000000000E+000 
                                     700                  7.8130034608658860E-008                 -2.3676228898288945E+000                  6.6225826055581871E+000                  1.4483797746623170E-001                  1.4891917451278648E+001                  6.9999999999999829E-001                  2.8000000000000186E-001                  1.9999999999999796E-002                  2.8149415250875635E-004                  3.7933978099228498E-013                  0.0000000000000000E+000 
