                                       1                                        2                                        3                                        4                                        5                                        6                                        7                                        8                                        9                                       10                                       11                                       12                                       13                                       14                                       15                                       16                                       17                                       18                                       19                                       20                                       21                                       22                                       23                                       24                                       25                                       26                                       27                                       28                                       29                                       30                                       31                                       32                                       33                                       34                                       35                                       36                                       37                                       38                                       39                                       40                                       41                                       42                                       43                                       44                                       45                                       46                                       47                                       48                                       49 
                            model_number                                num_zones                             initial_mass                                initial_z                                 star_age                                time_step                                     Teff                            photosphere_L                            photosphere_r                               center_eta                                center_h1                               center_he3                               center_he4                               center_c12                               center_n14                               center_o16                              center_ne20                                star_mass                                star_mdot                             star_mass_h1                            star_mass_he3                            star_mass_he4                            star_mass_c12                            star_mass_n14                            star_mass_o16                           star_mass_ne20                             he_core_mass                             co_core_mass                             fe_core_mass                   neutron_rich_core_mass                             dynamic_time                             kh_timescale                            nuc_timescale                           power_nuc_burn                             power_h_burn                            power_he_burn                                power_neu                                burn_min1                                burn_min2                             time_seconds                           version_number                                 compiler                                    build                         MESA_SDK_version                             math_backend                                     date                                     msun                                     rsun                                     lsun 
                                     200                                      768                  1.0000000000000000E+000                  2.0000000000000000E-002                  2.7557120877128162E+009                  1.2903113179438053E+008                  5.7120395674057481E+003                  8.6702473407599145E-001                  9.5079412617679304E-001                 -1.6033761988787332E+000                  4.9636426414163964E-001                  1.9990988625257437E-005                  4.8306301542281227E-001                  1.7560253095929493E-005                  5.1429905304182936E-003                  9.2299324102777681E-003                  2.0850244238750358E-003                  1.0000000000000000E+000                  0.0000000000000000E+000                  6.7874281981396434E-001                  6.6182469049815354E-004                  3.0046918418697949E-001                  2.6882541055667166E-003                  1.8972785098749314E-003                  9.3783924399853270E-003                  2.0850244238750371E-003                  0.0000000000000000E+000                  0.0000000000000000E+000                  0.0000000000000000E+000                  0.0000000000000000E+000                  9.2786926976583018E+003                  2.8566887938025467E+007                  1.1533696337575922E+010                  8.6688299931790802E-001                  8.6688299931790780E-001                  2.9057624999169761E-045                  1.9476446029584180E-002                  5.0000000000000000E+001                  1.0000000000000000E+003                  8.6963659779205968E+016                               "r25.12.1"                               "gfortran"                                 "13.3.0"                  "aarch64-macos-25.12.1"                                 "CRMATH"                               "20260306"                  1.9884098706980504E+033                  6.9570000000000000E+010                  3.8280000000000003E+033 

                                       1                                        2                                        3                                        4                                        5                                        6                                        7                                        8                                        9                                       10                                       11                                       12 
                                    zone                                     mass                                     logR                                     logT                                   logRho                                     logP                        x_mass_fraction_H                       y_mass_fraction_He                   z_mass_fraction_metals                                       pp                                      cno                                tri_alpha 
                                       1                  1.0000000000000000E+000                 -2.1913509923333713E-002                  3.7572673578287765E+000                 -6.7628769594109297E+000                  4.7982434658772366E+000                  7.0000000000000007E-001                  2.8000000000000003E-001                  1.9999999999999907E-002                  2.5333674476862617E-026                  0.0000000000000000E+000                  0.0000000000000000E+000 
                                       2                  9.9999999999899991E-001                 -2.1914885338786865E-002                  3.7583461464139800E+000                 -6.7555116202412648E+000                  4.8066893051588702E+000                  7.0000000000000007E-001                  2.8000000000000003E-001                  1.9999999999999907E-002                  2.5767155292513117E-026                  0.0000000000000000E+000                  0.0000000000000000E+000 
                                       3                  9.9999999999775002E-001                 -2.1916575714221353E-002                  3.7595677920764481E+000                 -6.7475396794820490E+000                  4.8158850100127593E+000                  7.0000000000000007E-001                  2.8000000000000003E-001                  1.9999999999999907E-002                  2.6244701439871810E-026                  0.0000000000000000E+000                  0.0000000000000000E+000 
                                       4                  9.9999999999650002E-001                 -2.1918235363251173E-002                  3.7614341241807008E+000                 -6.7359708842058330E+000                  4.8293236870388263E+000                  7.0000000000000007E-001                  2.8000000000000003E-001                  1.9999999999999907E-002                  2.6953499438601492E-026                  0.0000000000000000E+000                  0.0000000000000000E+000 
                                       5                  9.9999999999400002E-001                 -2.1921467463291135E-002                  3.7640217507246216E+000                 -6.7212687456001339E+000                  4.8466190542649210E+000                  7.0000000000000007E-001                  2.8000000000000003E-001                  1.9999999999999907E-002                  2.7881966135646917E-026                  0.0000000000000000E+000                  0.0000000000000000E+000 
                                       6                  9.9999999999150002E-001                 -2.1924592047195539E-002                  3.7667113214140242E+000                 -6.7073315034396535E+000                  4.8632524176504379E+000                  7.0000000000000007E-001                  2.8000000000000003E-001                  1.9999999999999907E-002                  2.8791647323122601E-026                  0.0000000000000000E+000                  0.0000000000000000E+000 
                                       7                  9.9999999998900002E-001                 -2.1927618014106743E-002                  3.7698573325220646E+000                 -6.6925042544730262E+000                  4.8812341965250514E+000                  7.0000000000000007E-001                  2.8000000000000003E-001                  1.9999999999999907E-002                  2.9792031479623435E-026                  0.0000000000000000E+000                  0.0000000000000000E+000 
                                       8                  9.9999999998587508E-001                 -2.1931273599735499E-002                  3.7735342678937172E+000                 -6.6770480802646750E+000                  4.9003784143437876E+000                  7.0000000000000007E-001                  2.8000000000000003E-001                  1.9999999999999907E-002                  3.0871876849096243E-026                  0.0000000000000000E+000                  0.0000000000000000E+000 
                                       9                  9.9999999998275013E-001                 -2.1934801461519823E-002                  3.7774040809560860E+000                 -6.6625944289776040E+000                  4.9187148250895403E+000                  7.0000000000000007E-001                  2.8000000000000003E-001                  1.9999999999999907E-002                  3.1917075923276596E-026                  0.0000000000000000E+000                  0.0000000000000000E+000 
                                      10                  9.9999999997962519E-001                 -2.1938213927428101E-002                  3.7814820586565774E+000                 -6.6490933895058024E+000                  4.9363088546617933E+000                  7.0000000000000007E-001                  2.8000000000000003E-001                  1.9999999999999907E-002                  3.2925336514961539E-026                  0.0000000000000000E+000                  0.0000000000000000E+000 
                                      11                  9.9999999997650024E-001                 -2.1941522017779259E-002                  3.7857867351136401E+000                 -6.6365060345162581E+000                  4.9532182891730132E+000                  7.0000000000000007E-001                  2.8000000000000003E-001                  1.9999999999999907E-002                  3.3894039950247075E-026                  0.0000000000000000E+000                  0.0000000000000000E+000 
                                      12                  9.9999999997337530E-001                 -2.1944735676767593E-002                  3.7903412879515015E+000                 -6.6248047139826856E+000                  4.9694944200110740E+000                  7.0000000000000007E-001                  2.8000000000000003E-001                  1.9999999999999907E-002                  3.4820105823243416E-026                  0.0000000000000000E+000                  0.0000000000000000E+000 
                                      13                  9.9999999997025035E-001                 -2.1947863973800139E-002                  3.7951748694164218E+000                 -6.6139734780900641E+000                  4.9851829821040132E+000                  7.0000000000000007E-001                  2.8000000000000003E-001                  1.9999999999999907E-002                  3.5699851793666557E-026                  0.0000000000000000E+000                  0.0000000000000000E+000 
                                      14                  9.9999999996712541E-001                 -2.1950915281578557E-002                  3.8003243759454288E+000                 -6.6040091315970297E+000                  5.0003249286478617E+000                  6.9999998787002360E-001                  2.8000001212997655E-001                  1.9999999999999796E-002                  3.6528806583842074E-026                  0.0000000000000000E+000                  0.0000000000000000E+000 
                                      15                  9.9999999996400046E-001                 -2.1953897440061924E-002                  3.8058341958430120E+000                 -6.5949204678745259E+000                  5.0149570753554888E+000                  6.9999998787002360E-001                  2.8000001212997655E-001                  1.9999999999999796E-002                  3.7301690780429102E-026                  0.0000000000000000E+000                  0.0000000000000000E+000 
                                      16                  9.9999999996087552E-001                 -2.1956817897695574E-002                  3.8117469971014777E+000                 -6.5867186239726916E+000                  5.0291126397401893E+000                  6.9999998787002360E-001                  2.8000001212997655E-001                  1.9999999999999796E-002                  3.8013192450083211E-026                  0.0000000000000000E+000                  0.0000000000000000E+000 
                                      17                  9.9999999995775057E-001                 -2.1959683776003897E-002                  3.8180940513225186E+000                 -6.5794069722437918E+000                  5.0428216953032328E+000                  6.9999998787002360E-001                  2.8000001212997655E-001                  1.9999999999999796E-002                  3.8658907640484126E-026                  0.0000000000000000E+000                  0.0000000000000000E+000 
                                      18                  9.9999999995462563E-001                 -2.1962501864453966E-002                  3.8248948949456527E+000                 -6.5729805209701206E+000                  5.0561115562397703E+000                  6.9999998787002360E-001                  2.8000001212997655E-001                  1.9999999999999796E-002                  3.9235501036873655E-026                  0.0000000000000000E+000                  0.0000000000000000E+000 
                                      19                  9.9999999995150080E-001                 -2.1965278613049633E-002                  3.8321606905599981E+000                 -6.5674294082952995E+000                  5.0690071050400265E+000                  6.9999998787002360E-001                  2.8000001212997655E-001                  1.9999999999999796E-002                  3.9740476995833198E-026                  0.0000000000000000E+000                  0.0000000000000000E+000 
                                      20                  9.9999999994837585E-001                 -2.1968020147613905E-002                  3.8398917605090235E+000                 -6.5627362991391500E+000                  5.0815310728675049E+000                  6.9999998787002360E-001                  2.8000001212997655E-001                  1.9999999999999796E-002                  4.0172469691550368E-026                  0.0000000000000000E+000                  0.0000000000000000E+000 
                                      21                  9.9999999994525091E-001                 -2.1970732266962618E-002                  3.8480576631345418E+000                 -6.5588560754474132E+000                  5.0937042806525472E+000                  6.9999998787002360E-001                  2.8000001212997655E-001                  1.9999999999999796E-002                  4.0533182632764509E-026                  0.0000000000000000E+000                  0.0000000000000000E+000 
                                      22                  9.9999999994212596E-001                 -2.1973420312822012E-002                  3.8565583512604533E+000                 -6.5556763611856512E+000                  5.1055458473129800E+000                  6.9999998787002360E-001                  2.8000001212997655E-001                  1.9999999999999796E-002                  4.0831188770645070E-026                  0.0000000000000000E+000                  0.0000000000000000E+000 
                                      23                  9.9999999993900102E-001                 -2.1976088799224341E-002                  3.8652038197329861E+000                 -6.5529946120029710E+000                  5.1170733703110258E+000                  6.9999998787002360E-001                  2.8000001212997655E-001                  1.9999999999999796E-002                  4.1084228048265983E-026                  0.0000000000000000E+000                  0.0000000000000000E+000 
                                      24                  9.9999999993587607E-001                 -2.1978740907346965E-002                  3.8737524521148829E+000                 -6.5505550935662606E+000                  5.1283030828242389E+000                  6.9999998787002360E-001                  2.8000001212997655E-001                  1.9999999999999796E-002                  4.1315773547799075E-026                  0.0000000000000000E+000                  0.0000000000000000E+000 
                                      25                  9.9999999993275113E-001                 -2.1981378207994524E-002                  3.8819876563783686E+000                 -6.5481248039806514E+000                  5.1392499910898772E+000                  6.9999998787002360E-001                  2.8000001212997655E-001                  1.9999999999999796E-002                  4.1547740981462610E-026                  0.0000000000000000E+000                  0.0000000000000000E+000 
                                      26                  9.9999999992962618E-001                 -2.1984000839305011E-002                  3.8897726042915757E+000                 -6.5455492578526755E+000                  5.1499279948911223E+000                  6.9999998787002360E-001                  2.8000001212997655E-001                  1.9999999999999796E-002                  4.1794994922134315E-026                  0.0000000000000000E+000                  0.0000000000000000E+000 
                                      27                  9.9999999992650124E-001                 -2.1986608010448137E-002                  3.8970521594676995E+000                 -6.5427563404957025E+000                  5.1603499936418720E+000                  6.9999998787002360E-001                  2.8000001212997655E-001                  1.9999999999999796E-002                  4.2064780278329141E-026                  0.0000000000000000E+000                  0.0000000000000000E+000 
                                      28                  9.9999999992337629E-001                 -2.1989198515355725E-002                  3.9038246823064857E+000                 -6.5397279298857933E+000                  5.1705279800939437E+000                  6.9999998787002360E-001                  2.8000001212997655E-001                  1.9999999999999796E-002                  4.2359282162150445E-026                  0.0000000000000000E+000                  0.0000000000000000E+000 
                                      29                  9.9999999992025135E-001                 -2.1991771064934881E-002                  3.9132244320404914E+000                 -6.5349131702931107E+000                  5.1853615763705694E+000                  6.9999998787002360E-001                  2.8000001212997655E-001                  1.9999999999999796E-002                  4.2831751772633463E-026                  0.0000000000000000E+000                  0.0000000000000000E+000 
                                      30                  9.9999999991400124E-001                 -2.1996859573163795E-002                  3.9214133347893458E+000                 -6.5293984846612920E+000                  5.1997058721702576E+000                  6.9999998787002360E-001                  2.8000001212997655E-001                  1.9999999999999796E-002                  4.3379384572526446E-026                  0.0000000000000000E+000                  0.0000000000000000E+000 
                                      31                  9.9999999991087629E-001                 -2.1999371790459060E-002                  3.9264926127228610E+000                 -6.5256230409597258E+000                  5.2090123228497429E+000                  6.9999998787002360E-001                  2.8000001212997655E-001                  1.9999999999999796E-002                  4.3758336238488507E-026                  0.0000000000000000E+000                  0.0000000000000000E+000 
                                      32                  9.9999999990775135E-001                 -2.2001862306029088E-002                  3.9312438384321777E+000                 -6.5217262579614026E+000                  5.2181237300837511E+000                  6.9999998787002360E-001                  2.8000001212997655E-001                  1.9999999999999796E-002                  4.4152940026488614E-026                  0.0000000000000000E+000                  0.0000000000000000E+000 
                                      33                  9.9999999990462640E-001                 -2.2004330617244810E-002                  3.9356996859350115E+000                 -6.5177306596924955E+000                  5.2270481041210184E+000                  6.9999998787002360E-001                  2.8000001212997655E-001                  1.9999999999999796E-002                  4.4561246450915138E-026                  0.0000000000000000E+000                  0.0000000000000000E+000 
                                      34                  9.9999999990150146E-001                 -2.2006776365146509E-002                  3.9419680952723746E+000                 -6.5116803944285984E+000                  5.2401002477493455E+000                  6.9999998787002360E-001                  2.8000001212997655E-001                  1.9999999999999796E-002                  4.5186718200950013E-026                  0.0000000000000000E+000                  0.0000000000000000E+000 
                                      35                  9.9999999989525146E-001                 -2.2011600309886574E-002                  3.9494276174087841E+000                 -6.5033065488950008E+000                  5.2569151965144432E+000                  6.9999998787002360E-001                  2.8000001212997655E-001                  1.9999999999999796E-002                  4.6066913908925003E-026                  0.0000000000000000E+000                  0.0000000000000000E+000 
                                      36                  9.9999999988900146E-001                 -2.2016332288931753E-002                  3.9548822457823123E+000                 -6.4963604977842717E+000                  5.2701142041432600E+000                  6.9999998787002360E-001                  2.8000001212997655E-001                  1.9999999999999796E-002                  4.6810029323753705E-026                  0.0000000000000000E+000                  0.0000000000000000E+000 
                                      37                  9.9999999988509536E-001                 -2.2019242927252391E-002                  3.9607713502177284E+000                 -6.4884490197972271E+000                  5.2848618717066795E+000                  6.9999998787002360E-001                  2.8000001212997655E-001                  1.9999999999999796E-002                  4.7671047021192567E-026                  0.0000000000000000E+000                  0.0000000000000000E+000 
                                      38                  9.9999999987728261E-001                 -2.2024959288956519E-002                  3.9677711845117010E+000                 -6.4777735584651701E+000                  5.3037783124116258E+000                  6.9999998787002360E-001                  2.8000001212997655E-001                  1.9999999999999796E-002                  4.8858037161316050E-026                  0.0000000000000000E+000                  0.0000000000000000E+000 
                                      39                  9.9999999986947019E-001                 -2.2030537066390510E-002                  3.9724965722006571E+000                 -6.4697445784629863E+000                  5.3174445222410842E+000                  6.9999998787002360E-001                  2.8000001212997655E-001                  1.9999999999999796E-002                  4.9770207664632939E-026                  0.0000000000000000E+000                  0.0000000000000000E+000 
                                      40                  9.9999999986556409E-001                 -2.2033274948088512E-002                  3.9769744076149336E+000                 -6.4618989650640923E+000                  5.3306941054043824E+000                  6.9999998787002360E-001                  2.8000001212997655E-001                  1.9999999999999796E-002                  5.0677999331595846E-026                  0.0000000000000000E+000                  0.0000000000000000E+000 
                                      41                  9.9999999985775134E-001                 -2.2038652829663861E-002                  3.9824141044701471E+000                 -6.4514798339882118E+000                  5.3477547820287317E+000                  6.9999998787002360E-001                  2.8000001212997655E-001                  1.9999999999999796E-002                  5.1909218520263035E-026                  0.0000000000000000E+000                  0.0000000000000000E+000 
                                      42                  9.9999999984993893E-001                 -2.2043903418928881E-002                  3.9873961723389000E+000                 -6.4412239270826106E+000                  5.3641712880829147E+000                  6.9999998787002360E-001                  2.8000001212997655E-001                  1.9999999999999796E-002                  5.3150367588739618E-026                  0.0000000000000000E+000                  0.0000000000000000E+000 
                                      43                  9.9999999984212640E-001                 -2.2049031651439739E-002                  3.9919867501216530E+000                 -6.4311483743569058E+000                  5.3799905138915296E+000                  6.9999998787002360E-001                  2.8000001212997655E-001                  1.9999999999999796E-002                  5.4398592643898400E-026                  0.0000000000000000E+000                  0.0000000000000000E+000 
                                      44                  9.9999999983431387E-001                 -2.2054042454838715E-002                  3.9962391679661393E+000                 -6.4212632897037807E+000                  5.3952544086957905E+000                  6.9999998787002360E-001                  2.8000001212997655E-001                  1.9999999999999796E-002                  5.5651713805854782E-026                  0.0000000000000000E+000                  0.0000000000000000E+000 
                                      45                  9.9999999982650134E-001                 -2.2058940661926252E-002                  4.0001969618549120E+000                 -6.4115738946954135E+000                  5.4100006514404244E+000                  6.9999998787002360E-001                  2.8000001212997655E-001                  1.9999999999999796E-002                  5.6908047000672444E-026                  0.0000000000000000E+000                  0.0000000000000000E+000 
                                      46                  9.9999999981868881E-001                 -2.2063730957153655E-002                  4.0038960729529531E+000                 -6.4020819807810145E+000                  5.4242632114485616E+000                  6.9999998787002360E-001                  2.8000001212997655E-001                  1.9999999999999796E-002                  5.8166279232305195E-026                  0.0000000000000000E+000                  0.0000000000000000E+000 
                                      47                  9.9999999981087639E-001                 -2.2068417845223200E-002                  4.0073664756259557E+000                 -6.3927869203281356E+000                  5.4380728199889870E+000                  6.9999998787002360E-001                  2.8000001212997655E-001                  1.9999999999999796E-002                  5.9425380996364948E-026                  0.0000000000000000E+000                  0.0000000000000000E+000 
                                      48                  9.9999999980306375E-001                 -2.2073005634199172E-002                  4.0106333967508716E+000                 -6.3836864320798963E+000                  5.4514573692087573E+000                  6.9999998787002360E-001                  2.8000001212997655E-001                  1.9999999999999796E-002                  6.0684535768700706E-026                  0.0000000000000000E+000                  0.0000000000000000E+000 
                                      49                  9.9999999979525123E-001                 -2.2077498428817736E-002                  4.0152525177852967E+000                 -6.3704710575350871E+000                  5.4707919489886541E+000                  6.9999998787002360E-001                  2.8000001212997655E-001                  1.9999999999999796E-002                  6.2560700396061926E-026                  0.0000000000000000E+000                  0.0000000000000000E+000 
                                      50                  9.9999999977962628E-001                 -2.2086215106780726E-002                  4.0194185932137989E+000                 -6.3575237279194621E+000                  5.4893037803776306E+000                  6.9999998787002360E-001                  2.8000001212997655E-001                  1.9999999999999796E-002                  6.4455069375052539E-026                  0.0000000000000000E+000                  0.0000000000000000E+000 
                                      51                  9.9999999977181386E-001                 -2.2090445620396453E-002                  4.0220571586200586E+000                 -6.3491608024941595E+000                  5.5012211307974992E+000                  6.9999998787002360E-001                  2.8000001212997655E-001                  1.9999999999999796E-002                  6.5709071918972541E-026                  0.0000000000000000E+000                  0.0000000000000000E+000 
                                      52                  9.9999999976400122E-001                 -2.2094595569229193E-002                  4.0258259096823936E+000                 -6.3369931201732363E+000                  5.5185062077067890E+000                  6.9999998787002360E-001                  2.8000001212997655E-001                  1.9999999999999796E-002                  6.7577303509502971E-026                  0.0000000000000000E+000                  0.0000000000000000E+000 
                                      53                  9.9999999974837628E-001                 -2.2102666495626398E-002                  4.0292823147259496E+000                 -6.3250886126307542E+000                  5.5351307966479846E+000                  6.9999998787002360E-001                  2.8000001212997655E-001                  1.9999999999999796E-002                  6.9456540072829201E-026                  0.0000000000000000E+000                  0.0000000000000000E+000 
                                      54                  9.9999999974056375E-001                 -2.2106593007180667E-002                  4.0314888163769886E+000                 -6.3173820846779138E+000                  5.5458709001184356E+000                  6.9999998787002360E-001                  2.8000001212997655E-001                  1.9999999999999796E-002                  7.0700871343560586E-026                  0.0000000000000000E+000                  0.0000000000000000E+000 
                                      55                  9.9999999973275133E-001                 -2.2110450561302578E-002                  4.0346635252237446E+000                 -6.3061459281647050E+000                  5.5614994421526118E+000                  6.9999998787002360E-001                  2.8000001212997655E-001                  1.9999999999999796E-002                  7.2555180840979442E-026                  0.0000000000000000E+000                  0.0000000000000000E+000 
                                      56                  9.9999999971712628E-001                 -2.2117968918080239E-002                  4.0385891153544531E+000                 -6.2916077758047377E+000                  5.5815007053804182E+000                  6.9999998787002360E-001                  2.8000001212997655E-001                  1.9999999999999796E-002                  7.5026802375124543E-026                  0.0000000000000000E+000                  0.0000000000000000E+000 
                                      57                  9.9999999970150122E-001                 -2.2125240132686904E-002                  4.0422438709249704E+000                 -6.2776078195611751E+000                  5.6006224841947239E+000                  6.9999998787002360E-001                  2.8000001212997655E-001                  1.9999999999999796E-002                  7.7486499290904105E-026                  0.0000000000000000E+000                  0.0000000000000000E+000 
                                      58                  9.9999999968587638E-001                 -2.2132281037529400E-002                  4.0456618621257832E+000                 -6.2641111524126041E+000                  5.6189388898937160E+000                  6.9999998787002360E-001                  2.8000001212997655E-001                  1.9999999999999796E-002                  7.9934112098081011E-026                  0.0000000000000000E+000                  0.0000000000000000E+000 
                                      59                  9.9999999967025144E-001                 -2.2139106822576821E-002                  4.0488712351282032E+000                 -6.2510854360706443E+000                  5.6365150430021123E+000                  6.9999998787002360E-001                  2.8000001212997655E-001                  1.9999999999999796E-002                  8.2369632512860165E-026                  0.0000000000000000E+000                  0.0000000000000000E+000 
                                      60                  9.9999999965462649E-001                 -2.2145731230482888E-002                  4.0518954914433456E+000                 -6.2385009807964993E+000                  5.6534084712602910E+000                  6.9999998787002360E-001                  2.8000001212997655E-001                  1.9999999999999796E-002                  8.4793128400775479E-026                  0.0000000000000000E+000                  0.0000000000000000E+000 
                                      61                  9.9999999963900155E-001                 -2.2152166729099289E-002                  4.0561769311222502E+000                 -6.2204761758599627E+000                  5.6775783501184680E+000                  6.9999998787002360E-001                  2.8000001212997655E-001                  1.9999999999999796E-002                  8.8389095741432685E-026                  0.0000000000000000E+000                  0.0000000000000000E+000 
                                      62                  9.9999999960775143E-001                 -2.2164515267822243E-002                  4.0600472461375912E+000                 -6.2031436996046008E+000                  5.7004762535929050E+000                  6.9999998787002360E-001                  2.8000001212997655E-001                  1.9999999999999796E-002                  9.1990747032721135E-026                  0.0000000000000000E+000                  0.0000000000000000E+000 
                                      63                  9.9999999959212660E-001                 -2.2170448352117053E-002                  4.0625020320366669E+000                 -6.1920731242169529E+000                  5.7150979639688195E+000                  6.9999998787002360E-001                  2.8000001212997655E-001                  1.9999999999999796E-002                  9.4367651285132366E-026                  0.0000000000000000E+000                  0.0000000000000000E+000 
                                      64                  9.9999999957650165E-001                 -2.2176232341922852E-002                  4.0648460650310616E+000                 -6.1813278156687321E+000                  5.7292441279633337E+000                  6.9999998787002360E-001                  2.8000001212997655E-001                  1.9999999999999796E-002                  9.6733462759835078E-026                  0.0000000000000000E+000                  0.0000000000000000E+000 
                                      65                  9.9999999956087671E-001                 -2.2181875202896027E-002                  4.0670888034333617E+000                 -6.1708897051696807E+000                  5.7429447118574322E+000                  6.9999998787002360E-001                  2.8000001212997655E-001                  1.9999999999999796E-002                  9.9088438805844466E-026                  0.0000000000000000E+000                  0.0000000000000000E+000 
                                      66                  9.9999999954525176E-001                 -2.2187384268802662E-002                  4.0703094737691945E+000                 -6.1558229600345742E+000                  5.7627187583769244E+000                  6.9999998787002360E-001                  2.8000001212997655E-001                  1.9999999999999796E-002                  1.0258920263234434E-025                  0.0000000000000000E+000                  0.0000000000000000E+000 
                                      67                  9.9999999951400165E-001                 -2.2198027302729781E-002                  4.0742794622627079E+000                 -6.1365950242423715E+000                  5.7877594795810223E+000                  6.9999998787002360E-001                  2.8000001212997655E-001                  1.9999999999999796E-002                  1.0723711140748144E-025                  0.0000000000000000E+000                  0.0000000000000000E+000 
                                      68                  9.9999999948275187E-001                 -2.2208210138735640E-002                  4.0779665515118158E+000                 -6.1183349145881083E+000                  5.8114369254522229E+000                  6.9999998787002360E-001                  2.8000001212997655E-001                  1.9999999999999796E-002                  1.1184595218146515E-025                  0.0000000000000000E+000                  0.0000000000000000E+000 
                                      69                  9.9999999945150175E-001                 -2.2217974381320140E-002                  4.0814082567487224E+000                 -6.1009516616377546E+000                  5.8338919273345917E+000                  6.9999998787002360E-001                  2.8000001212997655E-001                  1.9999999999999796E-002                  1.1641746811670153E-025                  0.0000000000000000E+000                  0.0000000000000000E+000 
                                      70                  9.9999999942025175E-001                 -2.2227356135005535E-002                  4.0846351558740253E+000                 -6.0843660795465944E+000                  5.8552445604648797E+000                  6.9999998787002360E-001                  2.8000001212997655E-001                  1.9999999999999796E-002                  1.2095336619888407E-025                  0.0000000000000000E+000                  0.0000000000000000E+000 
                                      71                  9.9999999938900175E-001                 -2.2236386931658220E-002                  4.0876724946977978E+000                 -6.0685088433497123E+000                  5.8755980325866997E+000                  6.9999998787002360E-001                  2.8000001212997655E-001                  1.9999999999999796E-002                  1.2545531130086043E-025                  0.0000000000000000E+000                  0.0000000000000000E+000 
                                      72                  9.9999999935775175E-001                 -2.2245094470785501E-002                  4.0905413518783797E+000                 -6.0533192601098254E+000                  5.8950417024922341E+000                  6.9999998787002360E-001                  2.8000001212997655E-001                  1.9999999999999796E-002                  1.2992482661940556E-025                  0.0000000000000000E+000                  0.0000000000000000E+000 
                                      73                  9.9999999932650174E-001                 -2.2253503222434426E-002                  4.0925815574418820E+000                 -6.0423107732474319E+000                  5.9090747551193843E+000                  6.9999998787002360E-001                  2.8000001212997655E-001                  1.9999999999999796E-002                  1.3326330245486873E-025                  0.0000000000000000E+000                  0.0000000000000000E+000 
                                      74                  9.9999999931087680E-001                 -2.2257602542283834E-002                  4.0939058623281257E+000                 -6.0351686506957671E+000                  5.9181847202397364E+000                  6.9999998787002360E-001                  2.8000001212997655E-001                  1.9999999999999796E-002                  1.3547501542937119E-025                  0.0000000000000000E+000                  0.0000000000000000E+000 
                                      75                  9.9999999929525185E-001                 -2.2261635111966147E-002                  4.0958413482271796E+000                 -6.0247341731488850E+000                  5.9315015743582453E+000                  6.9999998787002360E-001                  2.8000001212997655E-001                  1.9999999999999796E-002                  1.3877246444842647E-025                  0.0000000000000000E+000                  0.0000000000000000E+000 
                                      76                  9.9999999926400174E-001                 -2.2269509109214183E-002                  4.0995260507775111E+000                 -6.0047657080210870E+000                  5.9569713202360663E+000                  6.9999998787002360E-001                  2.8000001212997655E-001                  1.9999999999999796E-002                  1.4530832171101073E-025                  0.0000000000000000E+000                  0.0000000000000000E+000 
                                      77                  9.9999999920150184E-001                 -2.2284550609708045E-002                  4.1029006028513280E+000                 -5.9857200456236690E+000                  5.9810329899439187E+000                  6.9999998787002360E-001                  2.8000001212997655E-001                  1.9999999999999796E-002                  1.5182888618773613E-025                  0.0000000000000000E+000                  0.0000000000000000E+000 
                                      78                  9.9999999917025184E-001                 -2.2291749223341355E-002                  4.1050542311938036E+000                 -5.9736008612631659E+000                  5.9963650122571810E+000                  6.9999998787002360E-001                  2.8000001212997655E-001                  1.9999999999999796E-002                  1.5612966062370637E-025                  0.0000000000000000E+000                  0.0000000000000000E+000 
                                      79                  9.9999999913900184E-001                 -2.2298750076675585E-002                  4.1081524867550749E+000                 -5.9562079716360392E+000                  6.0183949721095331E+000                  6.9999998787002360E-001                  2.8000001212997655E-001                  1.9999999999999796E-002                  1.6251579035361317E-025                  0.0000000000000000E+000                  0.0000000000000000E+000 
                                      80                  9.9999999907650183E-001                 -2.2312203065026168E-002                  4.1119840159559526E+000                 -5.9341913983571573E+000                  6.0461342019879822E+000                  6.9999998787002360E-001                  2.8000001212997655E-001                  1.9999999999999796E-002                  1.7097573554434104E-025                  0.0000000000000000E+000                  0.0000000000000000E+000 
                                      81                  9.9999999901400194E-001                 -2.2324992211343955E-002                  4.1146638344155440E+000                 -5.9184832037099167E+000                  6.0658367550628212E+000                  6.9999998787002360E-001                  2.8000001212997655E-001                  1.9999999999999796E-002                  1.7727968143753513E-025                  0.0000000000000000E+000                  0.0000000000000000E+000 
                                      82                  9.9999999898275183E-001                 -2.2331160032911145E-002                  4.1163896206419057E+000                 -5.9084063732403234E+000                  6.0784928139754282E+000                  6.9999998787002360E-001                  2.8000001212997655E-001                  1.9999999999999796E-002                  1.8144558107662882E-025                  0.0000000000000000E+000                  0.0000000000000000E+000 
                                      83                  9.9999999895150182E-001                 -2.2337186645335048E-002                  4.1188932421478208E+000                 -5.8938380226534823E+000                  6.0968121333594896E+000                  6.9999998787002360E-001                  2.8000001212997655E-001                  1.9999999999999796E-002                  1.8764210308023163E-025                  0.0000000000000000E+000                  0.0000000000000000E+000 
                                      84                  9.9999999888900182E-001                 -2.2348842964537114E-002                  4.1224254023040210E+000                 -5.8730144457792406E+000                  6.1229216945845142E+000                  6.9999998787002360E-001                  2.8000001212997655E-001                  1.9999999999999796E-002                  1.9686864011701823E-025                  0.0000000000000000E+000                  0.0000000000000000E+000 
                                      85                  9.9999999881087687E-001                 -2.2362732450929294E-002                  4.1251683584215302E+000                 -5.8564815152904668E+000                  6.1435437838259013E+000                  6.9999998787002360E-001                  2.8000001212997655E-001                  1.9999999999999796E-002                  2.0451626821947544E-025                  0.0000000000000000E+000                  0.0000000000000000E+000 
                                      86                  9.9999999877181434E-001                 -2.2369418262362151E-002                  4.1269338449432453E+000                 -5.8458962389079705E+000                  6.1567679722742383E+000                  6.9999998787002360E-001                  2.8000001212997655E-001                  1.9999999999999796E-002                  2.0956805939515173E-025                  0.0000000000000000E+000                  0.0000000000000000E+000 
                                      87                  9.9999999873275180E-001                 -2.2375943384775596E-002                  4.1294937860928256E+000                 -5.8306200259766703E+000                  6.1758797093212641E+000                  6.9999998787002360E-001                  2.8000001212997655E-001                  1.9999999999999796E-002                  2.1707950112303603E-025                  0.0000000000000000E+000                  0.0000000000000000E+000 
                                      88                  9.9999999865462685E-001                 -2.2388543401861409E-002                  4.1319028997999778E+000                 -5.8159021846105121E+000                  6.1941878197278966E+000                  6.9999998787002360E-001                  2.8000001212997655E-001                  1.9999999999999796E-002                  2.2457107433775831E-025                  0.0000000000000000E+000                  0.0000000000000000E+000 
                                      89                  9.9999999861556432E-001                 -2.2394633879213890E-002                  4.1334603252154469E+000                 -5.8064375702724424E+000                  6.2059786925116409E+000                  6.9999998787002360E-001                  2.8000001212997655E-001                  1.9999999999999796E-002                  2.2952480080582980E-025                  0.0000000000000000E+000                  0.0000000000000000E+000 
                                      90                  9.9999999857650179E-001                 -2.2400593310180236E-002                  4.1357278662062420E+000                 -5.7927236257078079E+000                  6.2230866009850736E+000                  6.9999998787002360E-001                  2.8000001212997655E-001                  1.9999999999999796E-002                  2.3689723420517722E-025                  0.0000000000000000E+000                  0.0000000000000000E+000 
                                      91                  9.9999999849837673E-001                 -2.2412142382664393E-002                  4.1385909314684435E+000                 -5.7751844642632220E+000                  6.2448990341605315E+000                  6.9999998787002360E-001                  2.8000001212997655E-001                  1.9999999999999796E-002                  2.4667238743649545E-025                  0.0000000000000000E+000                  0.0000000000000000E+000 
                                      92                  9.9999999842025189E-001                 -2.2423235201197052E-002                  4.1406304088874828E+000                 -5.7625497716537648E+000                  6.2605698004796571E+000                  6.9999998787002360E-001                  2.8000001212997655E-001                  1.9999999999999796E-002                  2.5396326496341600E-025                  0.0000000000000000E+000                  0.0000000000000000E+000 
                                      93                  9.9999999838118936E-001                 -2.2428622883033416E-002                  4.1419553134957070E+000                 -5.7543838107502907E+000                  6.2707118980854659E+000                  6.9999998787002360E-001                  2.8000001212997655E-001                  1.9999999999999796E-002                  2.5878977446842539E-025                  0.0000000000000000E+000                  0.0000000000000000E+000 
                                      94                  9.9999999834212683E-001                 -2.2433910402666069E-002                  4.1438932076139983E+000                 -5.7424962373597586E+000                  6.2854950309941708E+000                  6.9999998787002360E-001                  2.8000001212997655E-001                  1.9999999999999796E-002                  2.6598048725866391E-025                  0.0000000000000000E+000                  0.0000000000000000E+000 
                                      95                  9.9999999826400188E-001                 -2.2444200459689423E-002                  4.1463600194185126E+000                 -5.7272113644427094E+000                  6.3044560116982646E+000                  6.9999998787002360E-001                  2.8000001212997655E-001                  1.9999999999999796E-002                  2.7552077870161646E-025                  0.0000000000000000E+000                  0.0000000000000000E+000 
                                      96                  9.9999999818587693E-001                 -2.2454135353877681E-002                  4.1487186166820802E+000                 -5.7125547758893678E+000                  6.3226253125099445E+000                  6.9999998787002360E-001                  2.8000001212997655E-001                  1.9999999999999796E-002                  2.8499035814771381E-025                  0.0000000000000000E+000                  0.0000000000000000E+000 
                                      97                  9.9999999810775209E-001                 -2.2463741207592203E-002                  4.1509783498636583E+000                 -5.6984770354905878E+000                  6.3400664146283932E+000                  6.9999998787002360E-001                  2.8000001212997655E-001                  1.9999999999999796E-002                  2.9439245397015884E-025                  0.0000000000000000E+000                  0.0000000000000000E+000 
                                      98                  9.9999999802962702E-001                 -2.2473041285509143E-002                  4.1531474042386645E+000                 -5.6849343415770930E+000                  6.3568354568711678E+000                  6.9999998787002360E-001                  2.8000001212997655E-001                  1.9999999999999796E-002                  3.0373001125178606E-025                  0.0000000000000000E+000                  0.0000000000000000E+000 
                                      99                  9.9999999795150207E-001                 -2.2482056402478065E-002                  4.1552329855585652E+000                 -5.6718876994062608E+000                  6.3729823261080538E+000                  6.9999998787002360E-001                  2.8000001212997655E-001                  1.9999999999999796E-002                  3.1300572729481269E-025                  0.0000000000000000E+000                  0.0000000000000000E+000 
                                     100                  9.9999999787337712E-001                 -2.2490805260519213E-002                  4.1572414702153004E+000                 -5.6593022392909074E+000                  6.3885515524893917E+000                  6.9999998787002360E-001                  2.8000001212997655E-001                  1.9999999999999796E-002                  3.2222208236806509E-025                  0.0000000000000000E+000                  0.0000000000000000E+000 
                                     101                  9.9999999779525228E-001                 -2.2499304729281040E-002                  4.1591785277468603E+000                 -5.6471466534660717E+000                  6.4035830499579083E+000                  6.9999998787002360E-001                  2.8000001212997655E-001                  1.9999999999999796E-002                  3.3138136443075915E-025                  0.0000000000000000E+000                  0.0000000000000000E+000 
                                     102                  9.9999999771712722E-001                 -2.2507570081087731E-002                  4.1619815437599739E+000                 -5.6297025235836822E+000                  6.4251992605713442E+000                  6.9999998787002360E-001                  2.8000001212997655E-001                  1.9999999999999796E-002                  3.4498269277299620E-025                  0.0000000000000000E+000                  0.0000000000000000E+000 
                                     103                  9.9999999756087721E-001                 -2.2523451285252596E-002                  4.1646108868297169E+000                 -5.6129934351929389E+000                  6.4457933260425673E+000                  6.9999998787002360E-001                  2.8000001212997655E-001                  1.9999999999999796E-002                  3.5853446166640539E-025                  0.0000000000000000E+000                  0.0000000000000000E+000 
                                     104                  9.9999999748275226E-001                 -2.2531092803053689E-002                  4.1663079796566445E+000                 -5.6023001042176714E+000                  6.4590003452254754E+000                  6.9999998787002360E-001                  2.8000001212997655E-001                  1.9999999999999796E-002                  3.6748546622068407E-025                  0.0000000000000000E+000                  0.0000000000000000E+000 
                                     105                  9.9999999740462731E-001                 -2.2538548855335749E-002                  4.1679543811627369E+000                 -5.5919191623762448E+000                  6.4718184274526216E+000                  6.9999998787002360E-001                  2.8000001212997655E-001                  1.9999999999999796E-002                  3.7638886034174150E-025                  0.0000000000000000E+000                  0.0000000000000000E+000 
                                     106                  9.9999999732650224E-001                 -2.2545829169276197E-002                  4.1703503058664797E+000                 -5.5769275568775747E+000                  6.4903641725052825E+000                  6.9999998787002360E-001                  2.8000001212997655E-001                  1.9999999999999796E-002                  3.8962902236701551E-025                  0.0000000000000000E+000                  0.0000000000000000E+000 
                                     107                  9.9999999717025234E-001                 -2.2559896785738102E-002                  4.1733734047501621E+000                 -5.5578348267374169E+000                  6.5139236908614562E+000                  6.9999998787002360E-001                  2.8000001212997655E-001                  1.9999999999999796E-002                  4.0716815559308581E-025                  0.0000000000000000E+000                  0.0000000000000000E+000 
                                     108                  9.9999999701400233E-001                 -2.2573360630211130E-002                  4.1755257275157645E+000                 -5.5441343581163149E+000                  6.5307928386361516E+000                  6.9999998787002360E-001                  2.8000001212997655E-001                  1.9999999999999796E-002                  4.2023869667006256E-025                  0.0000000000000000E+000                  0.0000000000000000E+000 
                                     109                  9.9999999693587738E-001                 -2.2579883949002004E-002                  4.1776207610336531E+000                 -5.5309930333810939E+000                  6.5470321279107351E+000                  6.9999998787002360E-001                  2.8000001212997655E-001                  1.9999999999999796E-002                  4.3317019358240819E-025                  0.0000000000000000E+000                  0.0000000000000000E+000 
                                     110                  9.9999999677962725E-001                 -2.2592542559781846E-002                  4.1802834907971711E+000                 -5.5141652922335043E+000                  6.5677834173269138E+000                  6.9999998787002360E-001                  2.8000001212997655E-001                  1.9999999999999796E-002                  4.5031241296137906E-025                  0.0000000000000000E+000                  0.0000000000000000E+000 
                                     111                  9.9999999662337735E-001                 -2.2604721109157976E-002                  4.1821916643744332E+000                 -5.5020286004496946E+000                  6.5827226978019473E+000                  6.9999998787002360E-001                  2.8000001212997655E-001                  1.9999999999999796E-002                  4.6309581349869368E-025                  0.0000000000000000E+000                  0.0000000000000000E+000 
                                     112                  9.9999999654525240E-001                 -2.2610642940365303E-002                  4.1840550846373974E+000                 -5.4903330971686302E+000                  6.5971659011149493E+000                  6.9999998787002360E-001                  2.8000001212997655E-001                  1.9999999999999796E-002                  4.7575803556564367E-025                  0.0000000000000000E+000                  0.0000000000000000E+000 
                                     113                  9.9999999638900239E-001                 -2.2622172605501523E-002                  4.1864367374363409E+000                 -5.4752922516758789E+000                  6.6157073256209982E+000                  6.9999998787002360E-001                  2.8000001212997655E-001                  1.9999999999999796E-002                  4.9255280497169543E-025                  0.0000000000000000E+000                  0.0000000000000000E+000 
                                     114                  9.9999999623275226E-001                 -2.2633310673117916E-002                  4.1887225136558790E+000                 -5.4608646960410319E+000                  6.6334912504755597E+000                  6.9999998787002360E-001                  2.8000001212997655E-001                  1.9999999999999796E-002                  5.0922009738116359E-025                  0.0000000000000000E+000                  0.0000000000000000E+000 
                                     115                  9.9999999607650236E-001                 -2.2644085620647052E-002                  4.1909201432764744E+000                 -5.4470026302104140E+000                  6.6505771611550708E+000                  6.9999998787002360E-001                  2.8000001212997655E-001                  1.9999999999999796E-002                  5.2576562590086451E-025                  0.0000000000000000E+000                  0.0000000000000000E+000 
                                     116                  9.9999999592025235E-001                 -2.2654522842537102E-002                  4.1930364511400775E+000                 -5.4336636398689802E+000                  6.6670177997037445E+000                  6.9999998787002360E-001                  2.8000001212997655E-001                  1.9999999999999796E-002                  5.4219462323688600E-025                  0.0000000000000000E+000                  0.0000000000000000E+000 
                                     117                  9.9999999576400234E-001                 -2.2664645085682358E-002                  4.1950774931696122E+000                 -5.4208099172164239E+000                  6.6828601470255276E+000                  6.9999998787002360E-001                  2.8000001212997655E-001                  1.9999999999999796E-002                  5.5851189700946617E-025                  0.0000000000000000E+000                  0.0000000000000000E+000 
                                     118                  9.9999999560775243E-001                 -2.2674472810048963E-002                  4.1970486678820302E+000                 -5.4084076164349337E+000                  6.6981462325816068E+000                  6.9999998787002360E-001                  2.8000001212997655E-001                  1.9999999999999796E-002                  5.7472187865573432E-025                  0.0000000000000000E+000                  0.0000000000000000E+000 
                                     119                  9.9999999545150231E-001                 -2.2684024489423235E-002                  4.1989548083899493E+000                 -5.3964263169109818E+000                  6.7129138066528080E+000                  6.9999998787002360E-001                  2.8000001212997655E-001                  1.9999999999999796E-002                  5.9082866690104083E-025                  0.0000000000000000E+000                  0.0000000000000000E+000 
                                     120                  9.9999999529525230E-001                 -2.2693316863883529E-002                  4.2008002588547599E+000                 -5.3848385757358832E+000                  6.7271969022436995E+000                  6.9999998787002360E-001                  2.8000001212997655E-001                  1.9999999999999796E-002                  6.0683606325882647E-025                  0.0000000000000000E+000                  0.0000000000000000E+000 
                                     121                  9.9999999513900228E-001                 -2.2702365153067689E-002                  4.2034805165016467E+000                 -5.3681800134783861E+000                  6.7477793004966369E+000                  6.9999998787002360E-001                  2.8000001212997655E-001                  1.9999999999999796E-002                  6.3061195823162970E-025                  0.0000000000000000E+000                  0.0000000000000000E+000 
                                     122                  9.9999999482650226E-001                 -2.2719782323585701E-002                  4.2068514208235372E+000                 -5.3470787882606556E+000                  6.7737918334407317E+000                  6.9999998787002360E-001                  2.8000001212997655E-001                  1.9999999999999796E-002                  6.6207192302619872E-025                  0.0000000000000000E+000                  0.0000000000000000E+000 
                                     123                  9.9999999451400223E-001                 -2.2736375418363781E-002                  4.2092446373000518E+000                 -5.3320124177308816E+000                  6.7923300039737153E+000                  6.9999998787002360E-001                  2.8000001212997655E-001                  1.9999999999999796E-002                  6.8549132444282019E-025                  0.0000000000000000E+000                  0.0000000000000000E+000 
                                     124                  9.9999999435775233E-001                 -2.2744389761614008E-002                  4.2107967298889042E+000                 -5.3223348433237767E+000                  6.8042641356905396E+000                  6.9999998787002360E-001                  2.8000001212997655E-001                  1.9999999999999796E-002                  7.0096987359043710E-025                  0.0000000000000000E+000                  0.0000000000000000E+000 
                                     125                  9.9999999420150221E-001                 -2.2752227921953836E-002                  4.2130633971665858E+000                 -5.3083275583150638E+000                  6.8215733238276792E+000                  6.9999998787002360E-001                  2.8000001212997655E-001                  1.9999999999999796E-002                  7.2399523362005989E-025                  0.0000000000000000E+000                  0.0000000000000000E+000 
                                     126                  9.9999999388900218E-001                 -2.2767407908307061E-002                  4.2159417344648631E+000                 -5.2904448534159272E+000                  6.8436317444255934E+000                  6.9999998787002360E-001                  2.8000001212997655E-001                  1.9999999999999796E-002                  7.5449471037375340E-025                  0.0000000000000000E+000                  0.0000000000000000E+000 
                                     127                  9.9999999357650204E-001                 -2.2781977027617431E-002                  4.2186877703770671E+000                 -5.2734286755963087E+000                  6.8646264845265286E+000                  6.9999998787002360E-001                  2.8000001212997655E-001                  1.9999999999999796E-002                  7.8470975311101472E-025                  0.0000000000000000E+000                  0.0000000000000000E+000 
                                     128                  9.9999999326400213E-001                 -2.2795987732710833E-002                  4.2219677335340604E+000                 -5.2532906188411816E+000                  6.8895216175026670E+000                  6.9999998787002360E-001                  2.8000001212997655E-001                  1.9999999999999796E-002                  8.2203712327843540E-025                  0.0000000000000000E+000                  0.0000000000000000E+000 
                                     129                  9.9999999279525209E-001                 -2.2816053894486168E-002                  4.2256656017687639E+000                 -5.2305217194352895E+000                  6.9176313794004880E+000                  6.9999998787002360E-001                  2.8000001212997655E-001                  1.9999999999999796E-002                  8.6638649738250204E-025                  0.0000000000000000E+000                  0.0000000000000000E+000 
                                     130                  9.9999999232650194E-001                 -2.2835097714788283E-002                  4.2285725821563762E+000                 -5.2125905766525937E+000                  6.9397454687039133E+000                  6.9999998787002360E-001                  2.8000001212997655E-001                  1.9999999999999796E-002                  9.0299260625085257E-025                  0.0000000000000000E+000                  0.0000000000000000E+000 
                                     131                  9.9999999201400203E-001                 -2.2847281395644001E-002                  4.2308115926110075E+000                 -5.1988990919674416E+000                  6.9566620235376959E+000                  6.9999998787002360E-001                  2.8000001212997655E-001                  1.9999999999999796E-002                  9.3198268051402674E-025                  0.0000000000000000E+000                  0.0000000000000000E+000 
                                     132                  9.9999999170150211E-001                 -2.2859087945766597E-002                  4.2329719226056044E+000                 -5.1857235346248736E+000                  6.9729460158309466E+000                  6.9999998787002360E-001                  2.8000001212997655E-001                  1.9999999999999796E-002                  9.6075980040967737E-025                  0.0000000000000000E+000                  0.0000000000000000E+000 
                                     133                  9.9999999138900197E-001                 -2.2870542609635114E-002                  4.2350592194286030E+000                 -5.1730267401494512E+000                  6.9886430638705130E+000                  6.9999998787002360E-001                  2.8000001212997655E-001                  1.9999999999999796E-002                  9.8933265908746136E-025                  0.0000000000000000E+000                  0.0000000000000000E+000 
                                     134                  9.9999999107650206E-001                 -2.2881668106749214E-002                  4.2380846823667344E+000                 -5.1548534257281737E+000                  7.0111757926271077E+000                  6.9999998787002360E-001                  2.8000001212997655E-001                  1.9999999999999796E-002                  1.0317165958587188E-024                  0.0000000000000000E+000                  0.0000000000000000E+000 
                                     135                  9.9999999045150201E-001                 -2.2903009600163903E-002                  4.2418777661201297E+000                 -5.1319506573353797E+000                  7.0395141084190458E+000                  6.9999998787002360E-001                  2.8000001212997655E-001                  1.9999999999999796E-002                  1.0877295140450176E-024                  0.0000000000000000E+000                  0.0000000000000000E+000 
                                     136                  9.9999998982650184E-001                 -2.2923257706962536E-002                  4.2445634835583261E+000                 -5.1156743732032623E+000                  7.0596204122175443E+000                  6.9999998787002360E-001                  2.8000001212997655E-001                  1.9999999999999796E-002                  1.1293775202112853E-024                  0.0000000000000000E+000                  0.0000000000000000E+000 
                                     137                  9.9999998951400182E-001                 -2.2933010368321367E-002                  4.2463029117296820E+000                 -5.1052545029043550E+000                  7.0725265581365422E+000                  6.9999998787002360E-001                  2.8000001212997655E-001                  1.9999999999999796E-002                  1.1568745511903351E-024                  0.0000000000000000E+000                  0.0000000000000000E+000 
                                     138                  9.9999998920150179E-001                 -2.2942532456222575E-002                  4.2485787942027669E+000                 -5.0917324681249720E+000                  7.0893053111285980E+000                  6.9999998787002360E-001                  2.8000001212997655E-001                  1.9999999999999796E-002                  1.1935597289963648E-024                  0.0000000000000000E+000                  0.0000000000000000E+000 
                                     139                  9.9999998867326789E-001                 -2.2958136027897664E-002                  4.2516250259556241E+000                 -5.0736557972368477E+000                  7.1117306499368977E+000                  6.9999998787002360E-001                  2.8000001212997655E-001                  1.9999999999999796E-002                  1.2444275645092891E-024                  0.0000000000000000E+000                  0.0000000000000000E+000 
                                     140                  9.9999998802606649E-001                 -2.2976476543824186E-002                  4.2553432710534160E+000                 -5.0517450629128060E+000                  7.1389443505953603E+000                  6.9999998787002360E-001                  2.8000001212997655E-001                  1.9999999999999796E-002                  1.3090036263233259E-024                  0.0000000000000000E+000                  0.0000000000000000E+000 
                                     141                  9.9999998716313132E-001                 -2.2999730772702325E-002                  4.2583390820738485E+000                 -5.0339410780976142E+000                  7.1609902812150148E+000                  6.9999998787002360E-001                  2.8000001212997655E-001                  1.9999999999999796E-002                  1.3639394846274711E-024                  0.0000000000000000E+000                  0.0000000000000000E+000 
                                     142                  9.9999998673166379E-001                 -2.3010892196177246E-002                  4.2602747075874703E+000                 -5.0225879931374182E+000                  7.1750908338592065E+000                  6.9999998787002360E-001                  2.8000001212997655E-001                  1.9999999999999796E-002                  1.4001700116226254E-024                  0.0000000000000000E+000                  0.0000000000000000E+000 
                                     143                  9.9999998630019604E-001                 -2.3021766452217898E-002                  4.2630916586068341E+000                 -5.0062648107715484E+000                  7.1954207267562911E+000                  6.9999998787002360E-001                  2.8000001212997655E-001                  1.9999999999999796E-002                  1.4539569267762066E-024                  0.0000000000000000E+000                  0.0000000000000000E+000 
                                     144                  9.9999998543726076E-001                 -2.3042715008686543E-002                  4.2657620121218027E+000                 -4.9906088109608318E+000                  7.2148450208513148E+000                  6.9999998787002360E-001                  2.8000001212997655E-001                  1.9999999999999796E-002                  1.5074885145626960E-024                  0.0000000000000000E+000                  0.0000000000000000E+000 
                                     145                  9.9999998500579301E-001                 -2.3052819505382852E-002                  4.2674939114497290E+000                 -4.9805737263488892E+000                  7.2273292402478830E+000                  6.9999998787002360E-001                  2.8000001212997655E-001                  1.9999999999999796E-002                  1.5428344137018867E-024                  0.0000000000000000E+000                  0.0000000000000000E+000 
                                     146                  9.9999998457432548E-001                 -2.3062693879323640E-002                  4.2700233518771826E+000                 -4.9660773670700795E+000                  7.2454090447002386E+000                  6.9999998787002360E-001                  2.8000001212997655E-001                  1.9999999999999796E-002                  1.5953645606030628E-024                  0.0000000000000000E+000                  0.0000000000000000E+000 
                                     147                  9.9999998371139032E-001                 -2.3081796223738543E-002                  4.2732369820925085E+000                 -4.9476138882656340E+000                  7.2684050085501370E+000                  6.9999998787002360E-001                  2.8000001212997655E-001                  1.9999999999999796E-002                  1.6648720125106147E-024                  0.0000000000000000E+000                  0.0000000000000000E+000 
                                     148                  9.9999998284845493E-001                 -2.3100105842865974E-002                  4.2755394844335495E+000                 -4.9343639430294921E+000                  7.2848893138009183E+000                  6.9999998787002360E-001                  2.8000001212997655E-001                  1.9999999999999796E-002                  1.7166144176006721E-024                  0.0000000000000000E+000                  0.0000000000000000E+000 
                                     149                  9.9999998241698729E-001                 -2.3108986398816107E-002                  4.2770391677372990E+000                 -4.9258214230888484E+000                  7.2955420597026901E+000                  6.9999998787002360E-001                  2.8000001212997655E-001                  1.9999999999999796E-002                  1.7508246826027056E-024                  0.0000000000000000E+000                  0.0000000000000000E+000 
                                     150                  9.9999998198551954E-001                 -2.3117694511053229E-002                  4.2792382729399572E+000                 -4.9134145472288493E+000                  7.3110479308662617E+000                  6.9999998787002360E-001                  2.8000001212997655E-001                  1.9999999999999796E-002                  1.8017302948491868E-024                  0.0000000000000000E+000                  0.0000000000000000E+000 
                                     151                  9.9999998112258437E-001                 -2.3134621729177966E-002                  4.2820520263217965E+000                 -4.8975122674424716E+000                  7.3309001395905211E+000                  6.9999998787002360E-001                  2.8000001212997655E-001                  1.9999999999999796E-002                  1.8691513630782490E-024                  0.0000000000000000E+000                  0.0000000000000000E+000 
                                     152                  9.9999998025964909E-001                 -2.3150942218750598E-002                  4.2847551796180623E+000                 -4.8823143759123626E+000                  7.3498871987689203E+000                  6.9999998787002360E-001                  2.8000001212997655E-001                  1.9999999999999796E-002                  1.9359464339149566E-024                  0.0000000000000000E+000                  0.0000000000000000E+000 
                                     153                  9.9999997939671381E-001                 -2.3166703205832619E-002                  4.2867077990283970E+000                 -4.8713256805659846E+000                  7.3636038063439937E+000                  6.9999998787002360E-001                  2.8000001212997655E-001                  1.9999999999999796E-002                  1.9857265113396684E-024                  0.0000000000000000E+000                  0.0000000000000000E+000 
                                     154                  9.9999997896524628E-001                 -2.3174387427596466E-002                  4.2886217223424614E+000                 -4.8607107266727665E+000                  7.3769013510937329E+000                  6.9999998787002360E-001                  2.8000001212997655E-001                  1.9999999999999796E-002                  2.0350306729489903E-024                  0.0000000000000000E+000                  0.0000000000000000E+000 
                                     155                  9.9999997810231089E-001                 -2.3189385966565709E-002                  4.2910854392561468E+000                 -4.8470308269580284E+000                  7.3940231486993904E+000                  6.9999998787002360E-001                  2.8000001212997655E-001                  1.9999999999999796E-002                  2.1003836961029608E-024                  0.0000000000000000E+000                  0.0000000000000000E+000 
                                     156                  9.9999997723937561E-001                 -2.3203920910345163E-002                  4.2940587501632246E+000                 -4.8306892949758131E+000                  7.4145204082490395E+000                  6.9999998787002360E-001                  2.8000001212997655E-001                  1.9999999999999796E-002                  2.1812137016556829E-024                  0.0000000000000000E+000                  0.0000000000000000E+000 
                                     157                  9.9999997594497281E-001                 -2.3224920769666153E-002                  4.2968930797483083E+000                 -4.8150528508832053E+000                  7.4340974111934965E+000                  6.9999998787002360E-001                  2.8000001212997655E-001                  1.9999999999999796E-002                  2.2614719739494636E-024                  0.0000000000000000E+000                  0.0000000000000000E+000 
                                     158                  9.9999997508203742E-001                 -2.3238427195616924E-002                  4.2999872396725660E+000                 -4.7982872854111678E+000                  7.4551779545258743E+000                  6.9999998787002360E-001                  2.8000001212997655E-001                  1.9999999999999796E-002                  2.3508153677587794E-024                  0.0000000000000000E+000                  0.0000000000000000E+000 
                                     159                  9.9999997351089498E-001                 -2.3262090095361745E-002                  4.3028311189095509E+000                 -4.7827400199664991E+000                  7.4746617197787355E+000                  6.9999998787002360E-001                  2.8000001212997655E-001                  1.9999999999999796E-002                  2.4368236078511090E-024                  0.0000000000000000E+000                  0.0000000000000000E+000 
                                     160                  9.9999997272532382E-001                 -2.3273506867218369E-002                  4.3046766472729523E+000                 -4.7727779305510092E+000                  7.4871829265878098E+000                  6.9999998787002360E-001                  2.8000001212997655E-001                  1.9999999999999796E-002                  2.4935844563476907E-024                  0.0000000000000000E+000                  0.0000000000000000E+000 
                                     161                  9.9999997193975265E-001                 -2.3284665605618263E-002                  4.3069252631080994E+000                 -4.7607349585906862E+000                  7.5023447799817271E+000                  6.9999998787002360E-001                  2.8000001212997655E-001                  1.9999999999999796E-002                  2.5639729501569332E-024                  0.0000000000000000E+000                  0.0000000000000000E+000 
                                     162                  9.9999997076139580E-001                 -2.3300947485420109E-002                  4.3095288267856864E+000                 -4.7468117923938191E+000                  7.5198693766606439E+000                  6.9999998787002360E-001                  2.8000001212997655E-001                  1.9999999999999796E-002                  2.6478356131674025E-024                  0.0000000000000000E+000                  0.0000000000000000E+000 
                                     163                  9.9999996958303894E-001                 -2.3316717404169445E-002                  4.3124610782669173E+000                 -4.7312742836300972E+000                  7.5394619707484978E+000                  6.9999998787002360E-001                  2.8000001212997655E-001                  1.9999999999999796E-002                  2.7446708038206459E-024                  0.0000000000000000E+000                  0.0000000000000000E+000 
                                     164                  9.9999996801189650E-001                 -2.3337007531551279E-002                  4.3156687280532093E+000                 -4.7143332947965728E+000                  7.5608258373582098E+000                  6.9999998787002360E-001                  2.8000001212997655E-001                  1.9999999999999796E-002                  2.8543011969582744E-024                  0.0000000000000000E+000                  0.0000000000000000E+000 
                                     165                  9.9999996644075406E-001                 -2.3356524101605932E-002                  4.3187443325089649E+000                 -4.6982012021424975E+000                  7.5811914363000383E+000                  6.9999998787002360E-001                  2.8000001212997655E-001                  1.9999999999999796E-002                  2.9627730714525064E-024                  0.0000000000000000E+000                  0.0000000000000000E+000 
                                     166                  9.9999996486961162E-001                 -2.3375331507096253E-002                  4.3216992465536190E+000                 -4.6828052386249928E+000                  7.6006479416111246E+000                  6.9999998787002360E-001                  2.8000001212997655E-001                  1.9999999999999796E-002                  3.0701454102123698E-024                  0.0000000000000000E+000                  0.0000000000000000E+000 
                                     167                  9.9999996329846919E-001                 -2.3393486177456884E-002                  4.3238340956900752E+000                 -4.6716855824281236E+000                  7.6146911474200625E+000                  6.9999998787002360E-001                  2.8000001212997655E-001                  1.9999999999999796E-002                  3.1501116824711694E-024                  0.0000000000000000E+000                  0.0000000000000000E+000 
                                     168                  9.9999996251289802E-001                 -2.3402334872359230E-002                  4.3259264824061363E+000                 -4.6609547899962571E+000                  7.6282955358069779E+000                  6.9999998787002360E-001                  2.8000001212997655E-001                  1.9999999999999796E-002                  3.2292599043480583E-024                  0.0000000000000000E+000                  0.0000000000000000E+000 
                                     169                  9.9999996094175558E-001                 -2.3419601900539100E-002                  4.3286205170985923E+000                 -4.6471390206118937E+000                  7.6457988914742101E+000                  6.9999998787002360E-001                  2.8000001212997655E-001                  1.9999999999999796E-002                  3.3341040472058934E-024                  0.0000000000000000E+000                  0.0000000000000000E+000 
                                     170                  9.9999995937061315E-001                 -2.3436330239561202E-002                  4.3312237492063366E+000                 -4.6338694098233519E+000                  7.6626265978221832E+000                  6.9999998787002360E-001                  2.8000001212997655E-001                  1.9999999999999796E-002                  3.4380139736508340E-024                  0.0000000000000000E+000                  0.0000000000000000E+000 
                                     171                  9.9999995779947071E-001                 -2.3452557030594991E-002                  4.3343701059817477E+000                 -4.6180100946318783E+000                  7.6827867628643220E+000                  6.9999998787002360E-001                  2.8000001212997655E-001                  1.9999999999999796E-002                  3.5664692020795469E-024                  0.0000000000000000E+000                  0.0000000000000000E+000 
                                     172                  9.9999995544275710E-001                 -2.3476027627408934E-002                  4.3385726374395039E+000                 -4.5969973473715591E+000                  7.7095312363538682E+000                  6.9999998787002360E-001                  2.8000001212997655E-001                  1.9999999999999796E-002                  3.7441045584788292E-024                  0.0000000000000000E+000                  0.0000000000000000E+000 
                                     173                  9.9999995230047212E-001                 -2.3505849166959469E-002                  4.3425401954794030E+000                 -4.5771799088870351E+000                  7.7347305743281867E+000                  6.9999998787002360E-001                  2.8000001212997655E-001                  1.9999999999999796E-002                  3.9197534719647418E-024                  0.0000000000000000E+000                  0.0000000000000000E+000 
                                     174                  9.9999994994375863E-001                 -2.3527221438153494E-002                  4.3463604664052973E+000                 -4.5584271865210191E+000                  7.7586692481629882E+000                  6.9999998787002360E-001                  2.8000001212997655E-001                  1.9999999999999796E-002                  4.0935653873737280E-024                  0.0000000000000000E+000                  0.0000000000000000E+000 
                                     175                  9.9999994677369286E-001                 -2.3554759462395249E-002                  4.3494839968177326E+000                 -4.5430465925183983E+000                  7.7782644103453498E+000                  6.9999998787002360E-001                  2.8000001212997655E-001                  1.9999999999999796E-002                  4.2418741226670932E-024                  0.0000000000000000E+000                  0.0000000000000000E+000 
                                     176                  9.9999994518865998E-001                 -2.3568051251242301E-002                  4.3525226257121545E+000                 -4.5284095049351887E+000                  7.7970157323224356E+000                  6.9999998787002360E-001                  2.8000001212997655E-001                  1.9999999999999796E-002                  4.3880127579161243E-024                  0.0000000000000000E+000                  0.0000000000000000E+000 
                                     177                  9.9999994201859421E-001                 -2.3593757271048947E-002                  4.3563880666641852E+000                 -4.5098088892214268E+000                  7.8208264119084667E+000                  6.9999998787002360E-001                  2.8000001212997655E-001                  1.9999999999999796E-002                  4.5810288326184080E-024                  0.0000000000000000E+000                  0.0000000000000000E+000 
                                     178                  9.9999993884852845E-001                 -2.3618389841301005E-002                  4.3600814710201501E+000                 -4.4921985151743211E+000                  7.8434042091275726E+000                  6.9999998787002360E-001                  2.8000001212997655E-001                  1.9999999999999796E-002                  4.7716075982274219E-024                  0.0000000000000000E+000                  0.0000000000000000E+000 
                                     179                  9.9999993567846268E-001                 -2.3642047501597013E-002                  4.3627372480422473E+000                 -4.4795579786502833E+000                  7.8596026448252951E+000                  6.9999998787002360E-001                  2.8000001212997655E-001                  1.9999999999999796E-002                  4.9132846221867649E-024                  0.0000000000000000E+000                  0.0000000000000000E+000 
                                     180                  9.9999993409342980E-001                 -2.3653538399934341E-002                  4.3653332444297579E+000                 -4.4674273645222868E+000                  7.8752201918000377E+000                  6.9999998787002360E-001                  2.8000001212997655E-001                  1.9999999999999796E-002                  5.0532106525512137E-024                  0.0000000000000000E+000                  0.0000000000000000E+000 
                                     181                  9.9999993092336403E-001                 -2.3675889768863943E-002                  4.3686622082783124E+000                 -4.4518916578479537E+000                  7.8952106172379422E+000                  6.9999998787002360E-001                  2.8000001212997655E-001                  1.9999999999999796E-002                  5.2382651168654231E-024                  0.0000000000000000E+000                  0.0000000000000000E+000 
                                     182                  9.9999992775329827E-001                 -2.3697458981967130E-002                  4.3726710705131042E+000                 -4.4334493647135131E+000                  7.9190158087229916E+000                  6.9999998787002360E-001                  2.8000001212997655E-001                  1.9999999999999796E-002                  5.4667829634062812E-024                  0.0000000000000000E+000                  0.0000000000000000E+000 
                                     183                  9.9999992298418716E-001                 -2.3728564696215728E-002                  4.3772507283949924E+000                 -4.4124905185157042E+000                  7.9460749590268192E+000                  6.9999998787002360E-001                  2.8000001212997655E-001                  1.9999999999999796E-002                  5.7386434791056238E-024                  0.0000000000000000E+000                  0.0000000000000000E+000 
                                     184                  9.9999991818705158E-001                 -2.3758385359143239E-002                  4.3808904479584285E+000                 -4.3959242436459203E+000                  7.9674704193445400E+000                  6.9999998787002360E-001                  2.8000001212997655E-001                  1.9999999999999796E-002                  5.9630879380012729E-024                  0.0000000000000000E+000                  0.0000000000000000E+000 
                                     185                  9.9999991498896112E-001                 -2.3777524974283915E-002                  4.3837069522760155E+000                 -4.3832689030198146E+000                  7.9838617023278324E+000                  6.9999998787002360E-001                  2.8000001212997655E-001                  1.9999999999999796E-002                  6.1404592838384523E-024                  0.0000000000000000E+000                  0.0000000000000000E+000 
                                     186                  9.9999991179087067E-001                 -2.3796117331634069E-002                  4.3864369556535268E+000                 -4.3710865873022273E+000                  7.9996594307443605E+000                  6.9999998787002360E-001                  2.8000001212997655E-001                  1.9999999999999796E-002                  6.3161973498447674E-024                  0.0000000000000000E+000                  0.0000000000000000E+000 
                                     187                  9.9999990859278010E-001                 -2.3814197694879285E-002                  4.3897459150708498E+000                 -4.3564920882321498E+000                  8.0186343550008345E+000                  6.9999998787002360E-001                  2.8000001212997655E-001                  1.9999999999999796E-002                  6.5333868297169666E-024                  0.0000000000000000E+000                  0.0000000000000000E+000 
                                     188                  9.9999990379564452E-001                 -2.3840426008869663E-002                  4.3929199677262938E+000                 -4.3424902854646499E+000                  8.0368191298989320E+000                  6.9999998787002360E-001                  2.8000001212997655E-001                  1.9999999999999796E-002                  6.7487933887909140E-024                  0.0000000000000000E+000                  0.0000000000000000E+000 
                                     189                  9.9999990059755406E-001                 -2.3857359326510650E-002                  4.3953966029372351E+000                 -4.3316864796074155E+000                  8.0508858905747580E+000                  6.9999998787002360E-001                  2.8000001212997655E-001                  1.9999999999999796E-002                  6.9198580160441170E-024                  0.0000000000000000E+000                  0.0000000000000000E+000 
                                     190                  9.9999989737819861E-001                 -2.3873988351145681E-002                  4.3978236653133704E+000                 -4.3211632703225433E+000                  8.0646022440480429E+000                  6.9999998787002360E-001                  2.8000001212997655E-001                  1.9999999999999796E-002                  7.0906601776174902E-024                  0.0000000000000000E+000                  0.0000000000000000E+000 
                                     191                  9.9999989413757817E-001                 -2.3890328358811191E-002                  4.4007869300297511E+000                 -4.3084463698537014E+000                  8.0812159997086397E+000                  6.9999998787002360E-001                  2.8000001212997655E-001                  1.9999999999999796E-002                  7.3027210132045127E-024                  0.0000000000000000E+000                  0.0000000000000000E+000 
                                     192                  9.9999988927664751E-001                 -2.3914134380955826E-002                  4.4047820049419455E+000                 -4.2914435509725530E+000                  8.1034614139086258E+000                  6.9999998787002360E-001                  2.8000001212997655E-001                  1.9999999999999796E-002                  7.5962249349411888E-024                  0.0000000000000000E+000                  0.0000000000000000E+000 
                                     193                  9.9999988279540664E-001                 -2.3944662795643099E-002                  4.4080528506371595E+000                 -4.2775078977070686E+000                  8.1216670546229857E+000                  6.9999998787002360E-001                  2.8000001212997655E-001                  1.9999999999999796E-002                  7.8455867292669433E-024                  0.0000000000000000E+000                  0.0000000000000000E+000 
                                     194                  9.9999987955478609E-001                 -2.3959447293322611E-002                  4.4107118932614817E+000                 -4.2663727204150135E+000                  8.1362782833797205E+000                  6.9999998787002360E-001                  2.8000001212997655E-001                  1.9999999999999796E-002                  8.0507272297092737E-024                  0.0000000000000000E+000                  0.0000000000000000E+000 
                                     195                  9.9999987469385554E-001                 -2.3981065380248308E-002                  4.4138004611413324E+000                 -4.2534880579736738E+000                  8.1531899363602882E+000                  6.9999998787002360E-001                  2.8000001212997655E-001                  1.9999999999999796E-002                  8.2948234112744769E-024                  0.0000000000000000E+000                  0.0000000000000000E+000 
                                     196                  9.9999986983292488E-001                 -2.4002054610289002E-002                  4.4172885941566031E+000                 -4.2390956113957907E+000                  8.1721258411964435E+000                  6.9999998787002360E-001                  2.8000001212997655E-001                  1.9999999999999796E-002                  8.5762744975197097E-024                  0.0000000000000000E+000                  0.0000000000000000E+000 
                                     197                  9.9999986335168400E-001                 -2.4029132505164814E-002                  4.4211180931817244E+000                 -4.2233878582806526E+000                  8.1928068271698411E+000                  6.9999998787002360E-001                  2.8000001212997655E-001                  1.9999999999999796E-002                  8.8943943698389740E-024                  0.0000000000000000E+000                  0.0000000000000000E+000 
                                     198                  9.9999985687044302E-001                 -2.4055253333370399E-002                  4.4248016946020305E+000                 -4.2084160040924310E+000                  8.2125522369530941E+000                  6.9999998787002360E-001                  2.8000001212997655E-001                  1.9999999999999796E-002                  9.2086260416109017E-024                  0.0000000000000000E+000                  0.0000000000000000E+000 
                                     199                  9.9999985038920225E-001                 -2.4080493494915898E-002                  4.4283667647672642E+000                 -4.1940537554666335E+000                  8.2315251636652889E+000                  6.9999998787002360E-001                  2.8000001212997655E-001                  1.9999999999999796E-002                  9.5205276886927645E-024                  0.0000000000000000E+000                  0.0000000000000000E+000 
                                     200                  9.9999984385042229E-001                 -2.4105133639849164E-002                  4.4318366873307307E+000                 -4.1801925565312468E+000                  8.2498652060352846E+000                  6.9999998787002360E-001                  2.8000001212997655E-001                  1.9999999999999796E-002                  9.8315978912602845E-024                  0.0000000000000000E+000                  0.0000000000000000E+000 
                                     201                  9.9999983725410357E-001                 -2.4129213838489746E-002                  4.4352030776484890E+000                 -4.1668532390261346E+000                  8.2675414145794726E+000                  6.9999998787002360E-001                  2.8000001212997655E-001                  1.9999999999999796E-002                  1.0140583939556298E-023                  0.0000000000000000E+000                  0.0000000000000000E+000 
                                     202                  9.9999983065778475E-001                 -2.4152569485426812E-002                  4.4384591905854140E+000                 -4.1540519996208367E+000                  8.2845298161714549E+000                  6.9999998787002360E-001                  2.8000001212997655E-001                  1.9999999999999796E-002                  1.0446266921076686E-023                  0.0000000000000000E+000                  0.0000000000000000E+000 
                                     203                  9.9999982406146581E-001                 -2.4175250355818842E-002                  4.4423974186871922E+000                 -4.1387666118265765E+000                  8.3048755866584330E+000                  6.9999998787002360E-001                  2.8000001212997655E-001                  1.9999999999999796E-002                  1.0823408241838688E-023                  0.0000000000000000E+000                  0.0000000000000000E+000 
                                     204                  9.9999981416698769E-001                 -2.4208101377848273E-002                  4.4469154169493157E+000                 -4.1213244713846953E+000                  8.3281023386425090E+000                  6.9999998787002360E-001                  2.8000001212997655E-001                  1.9999999999999796E-002                  1.1270488632791858E-023                  0.0000000000000000E+000                  0.0000000000000000E+000 
                                     205                  9.9999980427250934E-001                 -2.4239666201610173E-002                  4.4505230180256952E+000                 -4.1074735249511836E+000                  8.3465572407663764E+000                  6.9999998787002360E-001                  2.8000001212997655E-001                  1.9999999999999796E-002                  1.1638688090308312E-023                  0.0000000000000000E+000                  0.0000000000000000E+000 
                                     206                  9.9999979767619063E-001                 -2.4260052533517106E-002                  4.4533462765417955E+000                 -4.0967588439556728E+000                  8.3608728439060815E+000                  6.9999998787002360E-001                  2.8000001212997655E-001                  1.9999999999999796E-002                  1.1931779796741582E-023                  0.0000000000000000E+000                  0.0000000000000000E+000 
                                     207                  9.9999979099152569E-001                 -2.4280211266671362E-002                  4.4568277619491194E+000                 -4.0836902310294141E+000                  8.3783789421890802E+000                  6.9999998787002360E-001                  2.8000001212997655E-001                  1.9999999999999796E-002                  1.2299310461801923E-023                  0.0000000000000000E+000                  0.0000000000000000E+000 
                                     208                  9.9999978083200880E-001                 -2.4309945919084353E-002                  4.4615361015950841E+000                 -4.0661717544437117E+000                  8.4018849330048795E+000                  6.9999998787002360E-001                  2.8000001212997655E-001                  1.9999999999999796E-002                  1.2809878459585429E-023                  0.0000000000000000E+000                  0.0000000000000000E+000 
                                     209                  9.9999976728598650E-001                 -2.4348033628862443E-002                  4.4653819908428947E+000                 -4.0518490754850474E+000                  8.4210740177961902E+000                  6.9999998787002360E-001                  2.8000001212997655E-001                  1.9999999999999796E-002                  1.3243079163687833E-023                  0.0000000000000000E+000                  0.0000000000000000E+000 
                                     210                  9.9999976051297523E-001                 -2.4366463273517214E-002                  4.4678810723116644E+000                 -4.0426726084464253E+000                  8.4334133940494063E+000                  6.9999998787002360E-001                  2.8000001212997655E-001                  1.9999999999999796E-002                  1.3528329195528299E-023                  0.0000000000000000E+000                  0.0000000000000000E+000 
                                     211                  9.9999975373996408E-001                 -2.4384509865894195E-002                  4.4715375949141087E+000                 -4.0294221793707754E+000                  8.4512919172061185E+000                  6.9999998787002360E-001                  2.8000001212997655E-001                  1.9999999999999796E-002                  1.3951139289498099E-023                  0.0000000000000000E+000                  0.0000000000000000E+000 
                                     212                  9.9999974019394167E-001                 -2.4419524884959926E-002                  4.4750425285464868E+000                 -4.0166591167657204E+000                  8.4684688775597223E+000                  6.9999998787002360E-001                  2.8000001212997655E-001                  1.9999999999999796E-002                  1.4370940357910507E-023                  0.0000000000000000E+000                  0.0000000000000000E+000 
                                     213                  9.9999973342093051E-001                 -2.4436528424573622E-002                  4.4784631861393036E+000                 -4.0044468809541982E+000                  8.4849947730407571E+000                  6.9999998787002360E-001                  2.8000001212997655E-001                  1.9999999999999796E-002                  1.4784495481762007E-023                  0.0000000000000000E+000                  0.0000000000000000E+000 
                                     214                  9.9999971987490799E-001                 -2.4469598273185050E-002                  4.4828432334832948E+000                 -3.9888454744629378E+000                  8.5061006589377115E+000                  6.9999998787002360E-001                  2.8000001212997655E-001                  1.9999999999999796E-002                  1.5330256642973107E-023                  0.0000000000000000E+000                  0.0000000000000000E+000 
                                     215                  9.9999970632888568E-001                 -2.4501508380905986E-002                  4.4880982313107252E+000                 -3.9704185841762243E+000                  8.5311247832037438E+000                  6.9999998787002360E-001                  2.8000001212997655E-001                  1.9999999999999796E-002                  1.6000981101390767E-023                  0.0000000000000000E+000                  0.0000000000000000E+000 
                                     216                  9.9999968600985212E-001                 -2.4547397459425281E-002                  4.4941446533203520E+000                 -3.9493611150510510E+000                  8.5597430956467413E+000                  6.9999998787002360E-001                  2.8000001212997655E-001                  1.9999999999999796E-002                  1.6803624187839796E-023                  0.0000000000000000E+000                  0.0000000000000000E+000 
                                     217                  9.9999966514824512E-001                 -2.4592296055411411E-002                  4.4989859492038065E+000                 -3.9326069840418096E+000                  8.5825283560380594E+000                  6.9999998787002360E-001                  2.8000001212997655E-001                  1.9999999999999796E-002                  1.7471035501841716E-023                  0.0000000000000000E+000                  0.0000000000000000E+000 
                                     218                  9.9999965124050716E-001                 -2.4621103048593516E-002                  4.5046060503681664E+000                 -3.9136440532249033E+000                  8.6084995083725513E+000                  6.9999998787002360E-001                  2.8000001212997655E-001                  1.9999999999999796E-002                  1.8258624304232276E-023                  0.0000000000000000E+000                  0.0000000000000000E+000 
                                     219                  9.9999962323882818E-001                 -2.4676640901533872E-002                  4.5099409641610944E+000                 -3.8955232007110534E+000                  8.6332287770431453E+000                  6.9999998787002360E-001                  2.8000001212997655E-001                  1.9999999999999796E-002                  1.9044552051997189E-023                  0.0000000000000000E+000                  0.0000000000000000E+000 
                                     220                  9.9999960895868423E-001                 -2.4703814103438974E-002                  4.5134264188384643E+000                 -3.8838960783170609E+000                  8.6491738295927689E+000                  6.9999998787002360E-001                  2.8000001212997655E-001                  1.9999999999999796E-002                  1.9566650583669810E-023                  0.0000000000000000E+000                  0.0000000000000000E+000 
                                     221                  9.9999959467854016E-001                 -2.4730274365652151E-002                  4.5176495811432895E+000                 -3.8699775832053684E+000                  8.6683201507080199E+000                  6.9999998787002360E-001                  2.8000001212997655E-001                  1.9999999999999796E-002                  2.0210588773251963E-023                  0.0000000000000000E+000                  0.0000000000000000E+000 
                                     222                  9.9999957325832434E-001                 -2.4768721525915159E-002                  4.5225073805828586E+000                 -3.8540519230831363E+000                  8.6902419092011751E+000                  6.9999998787002360E-001                  2.8000001212997655E-001                  1.9999999999999796E-002                  2.0973556753765036E-023                  0.0000000000000000E+000                  0.0000000000000000E+000 
                                     223                  9.9999955183810840E-001                 -2.4805794027074061E-002                  4.5263959328463299E+000                 -3.8413740796309810E+000                  8.7077068025790840E+000                  6.9999998787002360E-001                  2.8000001212997655E-001                  1.9999999999999796E-002                  2.1601571215885134E-023                  0.0000000000000000E+000                  0.0000000000000000E+000 
                                     224                  9.9999953755796445E-001                 -2.4829803045667898E-002                  4.5301768760403363E+000                 -3.8292353489470838E+000                  8.7245000658907870E+000                  6.9999998787002360E-001                  2.8000001212997655E-001                  1.9999999999999796E-002                  2.2220585513901911E-023                  0.0000000000000000E+000                  0.0000000000000000E+000 
                                     225                  9.9999951613774851E-001                 -2.4864831057784080E-002                  4.5336848515909072E+000                 -3.8179731858262738E+000                  8.7400670347364215E+000                  6.9999998787002360E-001                  2.8000001212997655E-001                  1.9999999999999796E-002                  2.2810834212050172E-023                  0.0000000000000000E+000                  0.0000000000000000E+000 
                                     226                  9.9999950321974596E-001                 -2.4885418778695798E-002                  4.5375481188588900E+000                 -3.8057901610675327E+000                  8.7569938070339006E+000                  6.9999998787002360E-001                  2.8000001212997655E-001                  1.9999999999999796E-002                  2.3467105282130809E-023                  0.0000000000000000E+000                  0.0000000000000000E+000 
                                     227                  9.9999947738374084E-001                 -2.4925463584414109E-002                  4.5412622022505573E+000                 -3.7940347801307648E+000                  8.7732914248922338E+000                  6.9999998787002360E-001                  2.8000001212997655E-001                  1.9999999999999796E-002                  2.4118328199511246E-023                  0.0000000000000000E+000                  0.0000000000000000E+000 
                                     228                  9.9999946446573829E-001                 -2.4944955302446187E-002                  4.5448913135001447E+000                 -3.7827660729983039E+000                  8.7890022740891656E+000                  6.9999998787002360E-001                  2.8000001212997655E-001                  1.9999999999999796E-002                  2.4759640447204716E-023                  0.0000000000000000E+000                  0.0000000000000000E+000 
                                     229                  9.9999943862973339E-001                 -2.4982947781623667E-002                  4.5495509464882353E+000                 -3.7683455176992138E+000                  8.8091101358114603E+000                  6.9999998787002360E-001                  2.8000001212997655E-001                  1.9999999999999796E-002                  2.5605399577369780E-023                  0.0000000000000000E+000                  0.0000000000000000E+000 
                                     230                  9.9999941279372839E-001                 -2.5019708941814205E-002                  4.5550729077951493E+000                 -3.7515212181693194E+000                  8.8326664936102723E+000                  6.9999998787002360E-001                  2.8000001212997655E-001                  1.9999999999999796E-002                  2.6628926060003949E-023                  0.0000000000000000E+000                  0.0000000000000000E+000 
                                     231                  9.9999937499457492E-001                 -2.5071464190179894E-002                  4.5610222189443235E+000                 -3.7335155898227312E+000                  8.8578997442069909E+000                  6.9999998787002360E-001                  2.8000001212997655E-001                  1.9999999999999796E-002                  2.7769945201676426E-023                  0.0000000000000000E+000                  0.0000000000000000E+000 
                                     232                  9.9999934072317820E-001                 -2.5116498517861421E-002                  4.5673841098448698E+000                 -3.7146252511760292E+000                  8.8845078039894769E+000                  6.9999998787002360E-001                  2.8000001212997655E-001                  1.9999999999999796E-002                  2.9019926091682247E-023                  0.0000000000000000E+000                  0.0000000000000000E+000 
                                     233                  9.9999929435555979E-001                 -2.5174855310671276E-002                  4.5725906784699060E+000                 -3.6991926543081268E+000                  8.9062281094014946E+000                  6.9999998787002360E-001                  2.8000001212997655E-001                  1.9999999999999796E-002                  3.0082998775467581E-023                  0.0000000000000000E+000                  0.0000000000000000E+000 
                                     234                  9.9999927117175058E-001                 -2.5203023479363415E-002                  4.5761341502452551E+000                 -3.6888790560502933E+000                  8.9208200905282560E+000                  6.9999998787002360E-001                  2.8000001212997655E-001                  1.9999999999999796E-002                  3.0815200762227133E-023                  0.0000000000000000E+000                  0.0000000000000000E+000 
                                     235                  9.9999924565061804E-001                 -2.5233309892672303E-002                  4.5808908504539101E+000                 -3.6752201505772644E+000                  8.9402166359738828E+000                  6.9999998787002360E-001                  2.8000001212997655E-001                  1.9999999999999796E-002                  3.1812566395737498E-023                  0.0000000000000000E+000                  0.0000000000000000E+000 
                                     236                  9.9999920386293450E-001                 -2.5281377756910126E-002                  4.5874891901840753E+000                 -3.6565019406985795E+000                  8.9668736151544142E+000                  6.9999998787002360E-001                  2.8000001212997655E-001                  1.9999999999999796E-002                  3.3232324270505949E-023                  0.0000000000000000E+000                  0.0000000000000000E+000 
                                     237                  9.9999914814602298E-001                 -2.5342787823493609E-002                  4.5929154750963779E+000                 -3.6411646601696552E+000                  8.9887109614383434E+000                  6.9999998787002360E-001                  2.8000001212997655E-001                  1.9999999999999796E-002                  3.4443041246181321E-023                  0.0000000000000000E+000                  0.0000000000000000E+000 
                                     238                  9.9999911945308306E-001                 -2.5373324953943774E-002                  4.5965006933326311E+000                 -3.6312098683878076E+000                  9.0029577866659700E+000                  6.9999998787002360E-001                  2.8000001212997655E-001                  1.9999999999999796E-002                  3.5252521700337862E-023                  0.0000000000000000E+000                  0.0000000000000000E+000 
                                     239                  9.9999909076014315E-001                 -2.5403176306614469E-002                  4.6008645208450005E+000                 -3.6192481730301784E+000                  9.0201378676054098E+000                  6.9999998787002360E-001                  2.8000001212997655E-001                  1.9999999999999796E-002                  3.6250559166076416E-023                  0.0000000000000000E+000                  0.0000000000000000E+000 
                                     240                  9.9999904772073334E-001                 -2.5446747927138299E-002                  4.6057196695051861E+000                 -3.6060327295519405E+000                  9.0391437614199930E+000                  6.9999998787002360E-001                  2.8000001212997655E-001                  1.9999999999999796E-002                  3.7386302840914018E-023                  0.0000000000000000E+000                  0.0000000000000000E+000 
                                     241                  9.9999900806058140E-001                 -2.5485706239068189E-002                  4.6108466147311367E+000                 -3.5922884889623958E+000                  9.0589927341438443E+000                  6.9999998787002360E-001                  2.8000001212997655E-001                  1.9999999999999796E-002                  3.8605503038614182E-023                  0.0000000000000000E+000                  0.0000000000000000E+000 
                                     242                  9.9999895743321743E-001                 -2.5533902967973015E-002                  4.6168768844207362E+000                 -3.5763334541665177E+000                  9.0821101700618385E+000                  6.9999998787002360E-001                  2.8000001212997655E-001                  1.9999999999999796E-002                  4.0071102134403064E-023                  0.0000000000000000E+000                  0.0000000000000000E+000 
                                     243                  9.9999889761884042E-001                 -2.5588811199207143E-002                  4.6218155549083573E+000                 -3.5633576863429326E+000                  9.1009317001995598E+000                  6.9999998787002360E-001                  2.8000001212997655E-001                  1.9999999999999796E-002                  4.1304237791604660E-023                  0.0000000000000000E+000                  0.0000000000000000E+000 
                                     244                  9.9999886311814534E-001                 -2.5619558884832330E-002                  4.6267259674142656E+000                 -3.5507360419979865E+000                  9.1193620920234473E+000                  6.9999998787002360E-001                  2.8000001212997655E-001                  1.9999999999999796E-002                  4.2540367681542114E-023                  0.0000000000000000E+000                  0.0000000000000000E+000 
                                     245                  9.9999880124429807E-001                 -2.5673138125459089E-002                  4.6312776690808581E+000                 -3.5390535901661444E+000                  9.1364092060247568E+000                  6.9999998787002360E-001                  2.8000001212997655E-001                  1.9999999999999796E-002                  4.3717686753205321E-023                  0.0000000000000000E+000                  0.0000000000000000E+000 
                                     246                  9.9999877030737438E-001                 -2.5699223892169935E-002                  4.6353299524693963E+000                 -3.5288567135716971E+000                  9.1513797236272421E+000                  6.9999998787002360E-001                  2.8000001212997655E-001                  1.9999999999999796E-002                  4.4772080290464035E-023                  0.0000000000000000E+000                  0.0000000000000000E+000 
                                     247                  9.9999871670036666E-001                 -2.5743386686077549E-002                  4.6399249270664260E+000                 -3.5173586557291876E+000                  9.1682761571357538E+000                  6.9999998787002360E-001                  2.8000001212997655E-001                  1.9999999999999796E-002                  4.5991772196681981E-023                  0.0000000000000000E+000                  0.0000000000000000E+000 
                                     248                  9.9999867136019882E-001                 -2.5779773234949153E-002                  4.6446660532907753E+000                 -3.5056717515087641E+000                  9.1855243798887951E+000                  6.9999998787002360E-001                  2.8000001212997655E-001                  1.9999999999999796E-002                  4.7265795448521887E-023                  0.0000000000000000E+000                  0.0000000000000000E+000 
                                     249                  9.9999861167827486E-001                 -2.5826411049213505E-002                  4.6488922013544842E+000                 -3.4953120550495602E+000                  9.2008274686725251E+000                  6.9999998787002360E-001                  2.8000001212997655E-001                  1.9999999999999796E-002                  4.8424825693051292E-023                  0.0000000000000000E+000                  0.0000000000000000E+000 
                                     250                  9.9999857466643471E-001                 -2.5854659112858974E-002                  4.6537166717459773E+000                 -3.4837182281820303E+000                  9.2180601210487332E+000                  6.9999998787002360E-001                  2.8000001212997655E-001                  1.9999999999999796E-002                  4.9755909652250893E-023                  0.0000000000000000E+000                  0.0000000000000000E+000 
                                     251                  9.9999849866423163E-001                 -2.5911153782708602E-002                  4.6584077769814334E+000                 -3.4724556039625454E+000                  9.2347858691978502E+000                  6.9999998787002360E-001                  2.8000001212997655E-001                  1.9999999999999796E-002                  5.1084253611947032E-023                  0.0000000000000000E+000                  0.0000000000000000E+000 
                                     252                  9.9999846066313003E-001                 -2.5938685981554587E-002                  4.6614693358794526E+000                 -3.4652116357552241E+000                  9.2455916039238204E+000                  6.9999998787002360E-001                  2.8000001212997655E-001                  1.9999999999999796E-002                  5.1957446195766322E-023                  0.0000000000000000E+000                  0.0000000000000000E+000 
                                     253                  9.9999842266202821E-001                 -2.5965767864115755E-002                  4.6660673332070148E+000                 -3.4544860813654461E+000                  9.2616607678487561E+000                  6.9999998787002360E-001                  2.8000001212997655E-001                  1.9999999999999796E-002                  5.3278002495954287E-023                  0.0000000000000000E+000                  0.0000000000000000E+000 
                                     254                  9.9999834411431254E-001                 -2.6020395603866781E-002                  4.6717178608589496E+000                 -3.4413822502059879E+000                  9.2813107965916757E+000                  6.9999998787002360E-001                  2.8000001212997655E-001                  1.9999999999999796E-002                  5.4937363632498161E-023                  0.0000000000000000E+000                  0.0000000000000000E+000 
                                     255                  9.9999827422878718E-001                 -2.6067571024393929E-002                  4.6768674993823920E+000                 -3.4296027497073824E+000                  9.2990426390561698E+000                  6.9999998787002360E-001                  2.8000001212997655E-001                  1.9999999999999796E-002                  5.6473427499787175E-023                  0.0000000000000000E+000                  0.0000000000000000E+000 
                                     256                  9.9999820434326181E-001                 -2.6113498855278069E-002                  4.6823113576401258E+000                 -3.4173183193677459E+000                  9.3176057088575046E+000                  6.9999998787002360E-001                  2.8000001212997655E-001                  1.9999999999999796E-002                  5.8121460643847749E-023                  0.0000000000000000E+000                  0.0000000000000000E+000 
                                     257                  9.9999812172527947E-001                 -2.6166298006946906E-002                  4.6880079117991640E+000                 -3.4046059305085410E+000                  9.3368707136408080E+000                  6.9999998787002360E-001                  2.8000001212997655E-001                  1.9999999999999796E-002                  5.9877961432550561E-023                  0.0000000000000000E+000                  0.0000000000000000E+000 
                                     258                  9.9999803910729723E-001                 -2.6217592494622362E-002                  4.6928844879023099E+000                 -3.3938294893713770E+000                  9.3532421980135272E+000                  6.9999998787002360E-001                  2.8000001212997655E-001                  1.9999999999999796E-002                  6.1408809483218420E-023                  0.0000000000000000E+000                  0.0000000000000000E+000 
                                     259                  9.9999797549856317E-001                 -2.6256128897012412E-002                  4.6980973598110340E+000                 -3.3824952021868011E+000                  9.3705479017568933E+000                  6.9999998787002360E-001                  2.8000001212997655E-001                  1.9999999999999796E-002                  6.3061491612521945E-023                  0.0000000000000000E+000                  0.0000000000000000E+000 
                                     260                  9.9999787848145094E-001                 -2.6313410109139415E-002                  4.7048958833713641E+000                 -3.3678812020733964E+000                  9.3929281878686712E+000                  6.9999998787002360E-001                  2.8000001212997655E-001                  1.9999999999999796E-002                  6.5258754107872681E-023                  0.0000000000000000E+000                  0.0000000000000000E+000 
                                     261                  9.9999775816588554E-001                 -2.6382126551534175E-002                  4.7134201981438064E+000                 -3.3498708890095634E+000                  9.4206459422919071E+000                  6.9999998787002360E-001                  2.8000001212997655E-001                  1.9999999999999796E-002                  6.8073149851293434E-023                  0.0000000000000000E+000                  0.0000000000000000E+000 
                                     262                  9.9999759349953687E-001                 -2.6472402462274825E-002                  4.7205639862456064E+000                 -3.3348476643886662E+000                  9.4437681689134898E+000                  6.9999998787002360E-001                  2.8000001212997655E-001                  1.9999999999999796E-002                  7.0514186036412671E-023                  0.0000000000000000E+000                  0.0000000000000000E+000 
                                     263                  9.9999750632545437E-001                 -2.6518591177886578E-002                  4.7255496766527889E+000                 -3.3245590037835679E+000                  9.4596996312983741E+000                  6.9999998787002360E-001                  2.8000001212997655E-001                  1.9999999999999796E-002                  7.2236674322923510E-023                  0.0000000000000000E+000                  0.0000000000000000E+000 
                                     264                  9.9999741208727888E-001                 -2.6567369758643454E-002                  4.7305978907438204E+000                 -3.3142296359913885E+000                  9.4757305655154251E+000                  6.9999998787002360E-001                  2.8000001212997655E-001                  1.9999999999999796E-002                  7.4008670607039322E-023                  0.0000000000000000E+000                  0.0000000000000000E+000 
                                     265                  9.9999731702299843E-001                 -2.6615435489992591E-002                  4.7355853855165693E+000                 -3.3041145917923855E+000                  9.4914673388960633E+000                  6.9999998787002360E-001                  2.8000001212997655E-001                  1.9999999999999796E-002                  7.5786384164348298E-023                  0.0000000000000000E+000                  0.0000000000000000E+000 
                                     266                  9.9999721942182818E-001                 -2.6663663863028576E-002                  4.7402352092946405E+000                 -3.2947511090269814E+000                  9.5060614655607960E+000                  6.9999998787002360E-001                  2.8000001212997655E-001                  1.9999999999999796E-002                  7.7470383077877860E-023                  0.0000000000000000E+000                  0.0000000000000000E+000 
                                     267                  9.9999713208101237E-001                 -2.6705914870326194E-002                  4.7451404600862235E+000                 -3.2849756203424603E+000                  9.5213461948129865E+000                  6.9999998787002360E-001                  2.8000001212997655E-001                  1.9999999999999796E-002                  7.9268772583854099E-023                  0.0000000000000000E+000                  0.0000000000000000E+000 
                                     268                  9.9999701902649762E-001                 -2.6759405271579911E-002                  4.7502620656279042E+000                 -3.2748202292513739E+000                  9.5372413102696445E+000                  6.9999998787002360E-001                  2.8000001212997655E-001                  1.9999999999999796E-002                  8.1181675091333992E-023                  0.0000000000000000E+000                  0.0000000000000000E+000 
                                     269                  9.9999691617170205E-001                 -2.6806961638646997E-002                  4.7562635189317719E+000                 -3.2630716021002582E+000                  9.5557046942361570E+000                  6.9999998787002360E-001                  2.8000001212997655E-001                  1.9999999999999796E-002                  8.3452874184663164E-023                  0.0000000000000000E+000                  0.0000000000000000E+000 
                                     270                  9.9999675822113365E-001                 -2.6878072295362387E-002                  4.7633219733537722E+000                 -3.2493262943831187E+000                  9.5773258240990025E+000                  6.9999998787002360E-001                  2.8000001212997655E-001                  1.9999999999999796E-002                  8.6191593252366320E-023                  0.0000000000000000E+000                  0.0000000000000000E+000 
                                     271                  9.9999659653721640E-001                 -2.6948630498811712E-002                  4.7693805049493374E+000                 -3.2375965542896616E+000                  9.5957984104138081E+000                  6.9999998787002360E-001                  2.8000001212997655E-001                  1.9999999999999796E-002                  8.8600339636887112E-023                  0.0000000000000000E+000                  0.0000000000000000E+000 
                                     272                  9.9999647242553691E-001                 -2.7001371522555211E-002                  4.7754104114540121E+000                 -3.2260702630503491E+000                  9.6140251395217398E+000                  6.9999998787002360E-001                  2.8000001212997655E-001                  1.9999999999999796E-002                  9.1033488926771053E-023                  0.0000000000000000E+000                  0.0000000000000000E+000 
                                     273                  9.9999630251885729E-001                 -2.7071711898384067E-002                  4.7813356163834726E+000                 -3.2147577655642996E+000                  9.6319055343186726E+000                  6.9999998787002360E-001                  2.8000001212997655E-001                  1.9999999999999796E-002                  9.3487086765347182E-023                  0.0000000000000000E+000                  0.0000000000000000E+000 
                                     274                  9.9999617194670043E-001                 -2.7124400522476933E-002                  4.7877565103889035E+000                 -3.2026622017997881E+000                  9.6511087608491533E+000                  6.9999998787002360E-001                  2.8000001212997655E-001                  1.9999999999999796E-002                  9.6184432986657170E-023                  0.0000000000000000E+000                  0.0000000000000000E+000 
                                     275                  9.9999596589351403E-001                 -2.7205300878155030E-002                  4.7937579352408735E+000                 -3.1913140687200601E+000                  9.6690821096972499E+000                  6.9999998787002360E-001                  2.8000001212997655E-001                  1.9999999999999796E-002                  9.8786507727881489E-023                  0.0000000000000000E+000                  0.0000000000000000E+000 
                                     276                  9.9999584335090863E-001                 -2.7252193202991822E-002                  4.7981073565286332E+000                 -3.1831674625989121E+000                  9.6820249165571006E+000                  6.9999998787002360E-001                  2.8000001212997655E-001                  1.9999999999999796E-002                  1.0069820741222783E-022                  0.0000000000000000E+000                  0.0000000000000000E+000 
                                     277                  9.9999572080830323E-001                 -2.7298228881740248E-002                  4.8045954989445532E+000                 -3.1711539114972584E+000                  9.7011862648047575E+000                  6.9999998787002360E-001                  2.8000001212997655E-001                  1.9999999999999796E-002                  1.0358571366196838E-022                  0.0000000000000000E+000                  0.0000000000000000E+000 
                                     278                  9.9999546699231245E-001                 -2.7391023141073521E-002                  4.8109260235505173E+000                 -3.1593165550056974E+000                  9.7199775286438275E+000                  6.9999998787002360E-001                  2.8000001212997655E-001                  1.9999999999999796E-002                  1.0651265978498023E-022                  0.0000000000000000E+000                  0.0000000000000000E+000 
                                     279                  9.9999533556450348E-001                 -2.7437803269344203E-002                  4.8172800402486784E+000                 -3.1476450643182039E+000                  9.7386250548786766E+000                  6.9999998787002360E-001                  2.8000001212997655E-001                  1.9999999999999796E-002                  1.0948038004470387E-022                  0.0000000000000000E+000                  0.0000000000000000E+000 
                                     280                  9.9999506802923088E-001                 -2.7530548798056817E-002                  4.8234111456736226E+000                 -3.1362583300165836E+000                  9.7567253045700575E+000                  6.9999998787002360E-001                  2.8000001212997655E-001                  1.9999999999999796E-002                  1.1245618236205448E-022                  0.0000000000000000E+000                  0.0000000000000000E+000 
                                     281                  9.9999493192176725E-001                 -2.7576533697420750E-002                  4.8275030232673783E+000                 -3.1287297969689574E+000                  9.7687316131778523E+000                  6.9999998787002360E-001                  2.8000001212997655E-001                  1.9999999999999796E-002                  1.1446842469405896E-022                  0.0000000000000000E+000                  0.0000000000000000E+000 
                                     282                  9.9999479096920230E-001                 -2.7623352139137639E-002                  4.8336452751483154E+000                 -3.1175263629267791E+000                  9.7866524476416679E+000                  6.9999998787002360E-001                  2.8000001212997655E-001                  1.9999999999999796E-002                  1.1753045293397100E-022                  0.0000000000000000E+000                  0.0000000000000000E+000 
                                     283                  9.9999450404772361E-001                 -2.7716272994945591E-002                  4.8395756154275960E+000                 -3.1065740086454321E+000                  9.8040753936460199E+000                  6.9999998787002360E-001                  2.8000001212997655E-001                  1.9999999999999796E-002                  1.2060385462116816E-022                  0.0000000000000000E+000                  0.0000000000000000E+000 
                                     284                  9.9999435807880999E-001                 -2.7762390597863947E-002                  4.8455356805716194E+000                 -3.0957340379340339E+000                  9.8214177667188167E+000                  6.9999998787002360E-001                  2.8000001212997655E-001                  1.9999999999999796E-002                  1.2372569287138657E-022                  0.0000000000000000E+000                  0.0000000000000000E+000 
                                     285                  9.9999405575378719E-001                 -2.7855597796416331E-002                  4.8513598548278933E+000                 -3.0849985334192236E+000                  9.8384940925372000E+000                  6.9999998787002360E-001                  2.8000001212997655E-001                  1.9999999999999796E-002                  1.2689794157702572E-022                  0.0000000000000000E+000                  0.0000000000000000E+000 
                                     286                  9.9999389921421866E-001                 -2.7902703605018116E-002                  4.8552252003020220E+000                 -3.0779233733421258E+000                  9.8497761662748626E+000                  6.9999998787002360E-001                  2.8000001212997655E-001                  1.9999999999999796E-002                  1.2903340565705538E-022                  0.0000000000000000E+000                  0.0000000000000000E+000 
                                     287                  9.9999374267465035E-001                 -2.7949063185919415E-002                  4.8610005325574726E+000                 -3.0674274319126598E+000                  9.8665563183461664E+000                  6.9999998787002360E-001                  2.8000001212997655E-001                  1.9999999999999796E-002                  1.3226845221791046E-022                  0.0000000000000000E+000                  0.0000000000000000E+000 
                                     288                  9.9999341846163059E-001                 -2.8042832354776712E-002                  4.8685563280794684E+000                 -3.0535910668417925E+000                  9.8886023036485895E+000                  6.9999998787002360E-001                  2.8000001212997655E-001                  1.9999999999999796E-002                  1.3665872568826181E-022                  0.0000000000000000E+000                  0.0000000000000000E+000 
                                     289                  9.9999308272166210E-001                 -2.8136951533274324E-002                  4.8759996608097946E+000                 -3.0399442753793973E+000                  9.9103288943890071E+000                  6.9999998787002360E-001                  2.8000001212997655E-001                  1.9999999999999796E-002                  1.4113317875704399E-022                  0.0000000000000000E+000                  0.0000000000000000E+000 
                                     290                  9.9999273504792263E-001                 -2.8231462700213154E-002                  4.8833345202858567E+000                 -3.0264729947934939E+000                  9.9317558692563672E+000                  6.9999998787002360E-001                  2.8000001212997655E-001                  1.9999999999999796E-002                  1.4569539582081030E-022                  0.0000000000000000E+000                  0.0000000000000000E+000 
                                     291                  9.9999237501935578E-001                 -2.8326405295272045E-002                  4.8905648335367742E+000                 -3.0131645507035238E+000                  9.9529013964049344E+000                  6.9999998787002360E-001                  2.8000001212997655E-001                  1.9999999999999796E-002                  1.5034893635514396E-022                  0.0000000000000000E+000                  0.0000000000000000E+000 
                                     292                  9.9999200220017970E-001                 -2.8421816518879595E-002                  4.8976944996052376E+000                 -3.0000075283912371E+000                  9.9737822016132238E+000                  6.9999998787002360E-001                  2.8000001212997655E-001                  1.9999999999999796E-002                  1.5509733093996326E-022                  0.0000000000000000E+000                  0.0000000000000000E+000 
                                     293                  9.9999161613937559E-001                 -2.8517731600598163E-002                  4.9047274057371517E+000                 -2.9869917313486973E+000                  9.9944137150408547E+000                  6.9999998787002360E-001                  2.8000001212997655E-001                  1.9999999999999796E-002                  1.5994404960636766E-022                  0.0000000000000000E+000                  0.0000000000000000E+000 
                                     294                  9.9999121637016131E-001                 -2.8614184056685924E-002                  4.9116674363852457E+000                 -2.9741079523915817E+000                  1.0014810199772668E+001                  6.9999998787002360E-001                  2.8000001212997655E-001                  1.9999999999999796E-002                  1.6489254280416523E-022                  0.0000000000000000E+000                  0.0000000000000000E+000 
                                     295                  9.9999080240944538E-001                 -2.8711205896528706E-002                  4.9185184870536984E+000                 -2.9613479371000304E+000                  1.0034984864797075E+001                  6.9999998787002360E-001                  2.8000001212997655E-001                  1.9999999999999796E-002                  1.6994621811381043E-022                  0.0000000000000000E+000                  0.0000000000000000E+000 
                                     296                  9.9999037375726441E-001                 -2.8808827821009745E-002                  4.9252844647197236E+000                 -2.9487043509221702E+000                  1.0054949964632121E+001                  6.9999998787002360E-001                  2.8000001212997655E-001                  1.9999999999999796E-002                  1.7510841527720375E-022                  0.0000000000000000E+000                  0.0000000000000000E+000 
                                     297                  9.9998992989619784E-001                 -2.8907079414625007E-002                  4.9319692844069216E+000                 -2.9361705561117013E+000                  1.0074716887454079E+001                  6.9999998787002360E-001                  2.8000001212997655E-001                  1.9999999999999796E-002                  1.8038246201904409E-022                  0.0000000000000000E+000                  0.0000000000000000E+000 
                                     298                  9.9998947029076724E-001                 -2.9005989288900823E-002                  4.9385768676988082E+000                 -2.9237406271061102E+000                  1.0094296233282204E+001                  6.9999998787002360E-001                  2.8000001212997655E-001                  1.9999999999999796E-002                  1.8577163923499782E-022                  0.0000000000000000E+000                  0.0000000000000000E+000 
                                     299                  9.9998899438681110E-001                 -2.9105585230744965E-002                  4.9451111374906072E+000                 -2.9114093319686347E+000                  1.0113697883541448E+001                  6.9999998787002360E-001                  2.8000001212997655E-001                  1.9999999999999796E-002                  1.9127915811214049E-022                  0.0000000000000000E+000                  0.0000000000000000E+000 
                                     300                  9.9998850161084074E-001                 -2.9205894348798934E-002                  4.9515760062132204E+000                 -2.8991719243742144E+000                  1.0132931063123600E+001                  6.9999998787002360E-001                  2.8000001212997655E-001                  1.9999999999999796E-002                  1.9690822473835187E-022                  0.0000000000000000E+000                  0.0000000000000000E+000 
                                     301                  9.9998799136937377E-001                 -2.9306943174278625E-002                  4.9579753638230946E+000                 -2.8870241669816012E+000                  1.0152004395893751E+001                  6.9999998787002360E-001                  2.8000001212997655E-001                  1.9999999999999796E-002                  2.0266200822897528E-022                  0.0000000000000000E+000                  0.0000000000000000E+000 
                                     302                  9.9998746304824448E-001                 -2.9408757769027329E-002                  4.9643130727250222E+000                 -2.8749623398079742E+000                  1.0170925954459868E+001                  6.9999998787002360E-001                  2.8000001212997655E-001                  1.9999999999999796E-002                  2.0854361259019194E-022                  0.0000000000000000E+000                  0.0000000000000000E+000 
                                     303                  9.9998691601189094E-001                 -2.9511363837927952E-002                  4.9705929533012965E+000                 -2.8629830665563967E+000                  1.0189703304906594E+001                  6.9999998787002360E-001                  2.8000001212997655E-001                  1.9999999999999796E-002                  2.1455613862958348E-022                  0.0000000000000000E+000                  0.0000000000000000E+000 
                                     304                  9.9998634960261967E-001                 -2.9614786802965493E-002                  4.9768187641822657E+000                 -2.8510833047772586E+000                  1.0208343547090022E+001                  6.9999998787002360E-001                  2.8000001212997655E-001                  1.9999999999999796E-002                  2.2070267335057729E-022                  0.0000000000000000E+000                  0.0000000000000000E+000 
                                     305                  9.9998576313984144E-001                 -2.9719051876626486E-002                  4.9829941980626913E+000                 -2.8392603790416948E+000                  1.0226853351019097E+001                  6.9999998787002360E-001                  2.8000001212997655E-001                  1.9999999999999796E-002                  2.2698625573424662E-022                  0.0000000000000000E+000                  0.0000000000000000E+000 
                                     306                  9.9998515591928516E-001                 -2.9824184145336167E-002                  4.9891228720827749E+000                 -2.8275118664824452E+000                  1.0245238989778242E+001                  6.9999998787002360E-001                  2.8000001212997655E-001                  1.9999999999999796E-002                  2.3340991996660995E-022                  0.0000000000000000E+000                  0.0000000000000000E+000 
                                     307                  9.9998452721218245E-001                 -2.9930208627572265E-002                  4.9952083044825812E+000                 -2.8158355386121601E+000                  1.0263506369372360E+001                  6.9999998787002360E-001                  2.8000001212997655E-001                  1.9999999999999796E-002                  2.3997671583447049E-022                  0.0000000000000000E+000                  0.0000000000000000E+000 
                                     308                  9.9998387626442486E-001                 -3.0037150319296872E-002                  5.0012539076664257E+000                 -2.8042293984288866E+000                  1.0281661055830437E+001                  6.9999998787002360E-001                  2.8000001212997655E-001                  1.9999999999999796E-002                  2.4668967781691351E-022                  0.0000000000000000E+000                  0.0000000000000000E+000 
                                     309                  9.9998320229569337E-001                 -3.0145034249863745E-002                  5.0072629887864419E+000                 -2.7926916302225648E+000                  1.0299708299868350E+001                  6.9999998787002360E-001                  2.8000001212997655E-001                  1.9999999999999796E-002                  2.5355184234154945E-022                  0.0000000000000000E+000                  0.0000000000000000E+000 
                                     310                  9.9998250449855786E-001                 -3.0253885527163318E-002                  5.0132387314243987E+000                 -2.7812205216355923E+000                  1.0317653059369938E+001                  6.9999998787002360E-001                  2.8000001212997655E-001                  1.9999999999999796E-002                  2.6056628628672597E-022                  0.0000000000000000E+000                  0.0000000000000000E+000 
                                     311                  9.9998178203754584E-001                 -3.0363729364493799E-002                  5.0191841844837599E+000                 -2.7698144816787709E+000                  1.0335500019912347E+001                  6.9999998787002360E-001                  2.8000001212997655E-001                  1.9999999999999796E-002                  2.6773611160636774E-022                  0.0000000000000000E+000                  0.0000000000000000E+000 
                                     312                  9.9998103404818006E-001                 -3.0474591112691074E-002                  5.0251022690242557E+000                 -2.7584720304708350E+000                  1.0353253613538174E+001                  6.9999998787002360E-001                  2.8000001212997655E-001                  1.9999999999999796E-002                  2.7506444616054791E-022                  0.0000000000000000E+000                  0.0000000000000000E+000 
                                     313                  9.9998025963598447E-001                 -3.0586496290597214E-002                  5.0309957722376168E+000                 -2.7471917465027991E+000                  1.0370918035951792E+001                  6.9999998787002360E-001                  2.8000001212997655E-001                  1.9999999999999796E-002                  2.8255447371731533E-022                  0.0000000000000000E+000                  0.0000000000000000E+000 
                                     314                  9.9997945787545472E-001                 -3.0699470602738838E-002                  5.0368673378303361E+000                 -2.7359722577046379E+000                  1.0388497262294935E+001                  6.9999998787002360E-001                  2.8000001212997655E-001                  1.9999999999999796E-002                  2.9020943901917872E-022                  0.0000000000000000E+000                  0.0000000000000000E+000 
                                     315                  9.9997862780899538E-001                 -3.0813539955006342E-002                  5.0427194710044709E+000                 -2.7248122423682410E+000                  1.0405995061640377E+001                  6.9999998787002360E-001                  2.8000001212997655E-001                  1.9999999999999796E-002                  2.9803264666730190E-022                  0.0000000000000000E+000                  0.0000000000000000E+000 
                                     316                  9.9997776844582131E-001                 -3.0928730470881294E-002                  5.0485545423686409E+000                 -2.7137104157246266E+000                  1.0423415010327428E+001                  6.9999998787002360E-001                  2.8000001212997655E-001                  1.9999999999999796E-002                  3.0602747022120004E-022                  0.0000000000000000E+000                  0.0000000000000000E+000 
                                     317                  9.9997687876082131E-001                 -3.1045068504394924E-002                  5.0543747846926186E+000                 -2.7026655120799457E+000                  1.0440760504248543E+001                  6.9999998787002360E-001                  2.8000001212997655E-001                  1.9999999999999796E-002                  3.1419736605814909E-022                  0.0000000000000000E+000                  0.0000000000000000E+000 
                                     318                  9.9997595769338432E-001                 -3.1162580648438559E-002                  5.0601822945623978E+000                 -2.6916762766162057E+000                  1.0458034770185192E+001                  6.9999998787002360E-001                  2.8000001212997655E-001                  1.9999999999999796E-002                  3.2254588187677770E-022                  0.0000000000000000E+000                  0.0000000000000000E+000 
                                     319                  9.9997500414618568E-001                 -3.1281293740821073E-002                  5.0659790387961481E+000                 -2.6807414673417491E+000                  1.0475240876283992E+001                  6.9999998787002360E-001                  2.8000001212997655E-001                  1.9999999999999796E-002                  3.3107665822660312E-022                  0.0000000000000000E+000                  0.0000000000000000E+000 
                                     320                  9.9997401698393273E-001                 -3.1401234870770858E-002                  5.0717668565791172E+000                 -2.6698598635686737E+000                  1.0492381741751329E+001                  6.9999998787002360E-001                  2.8000001212997655E-001                  1.9999999999999796E-002                  3.3979342458161617E-022                  0.0000000000000000E+000                  0.0000000000000000E+000 
                                     321                  9.9997299503206660E-001                 -3.1522431387716515E-002                  5.0775474609536246E+000                 -2.6590302399027683E+000                  1.0509460145832803E+001                  6.9999998787002360E-001                  2.8000001212997655E-001                  1.9999999999999796E-002                  3.4870002313047338E-022                  0.0000000000000000E+000                  0.0000000000000000E+000 
                                     322                  9.9997193707542298E-001                 -3.1644910902760309E-002                  5.0833224433569422E+000                 -2.6482513591395991E+000                  1.0526478736138444E+001                  6.9999998787002360E-001                  2.8000001212997655E-001                  1.9999999999999796E-002                  3.5780041986140597E-022                  0.0000000000000000E+000                  0.0000000000000000E+000 
                                     323                  9.9997084185684537E-001                 -3.1768701287769624E-002                  5.0890932780018208E+000                 -2.6375220016829446E+000                  1.0543440036370164E+001                  6.9999998787002360E-001                  2.8000001212997655E-001                  1.9999999999999796E-002                  3.6709868475458986E-022                  0.0000000000000000E+000                  0.0000000000000000E+000 
                                     324                  9.9996970807575347E-001                 -3.1893830682466352E-002                  5.0948613253973534E+000                 -2.6268409561836497E+000                  1.0560346453503580E+001                  6.9999998787002360E-001                  2.8000001212997655E-001                  1.9999999999999796E-002                  3.7659900311375558E-022                  0.0000000000000000E+000                  0.0000000000000000E+000 
                                     325                  9.9996853438666244E-001                 -3.2020327498755108E-002                  5.1006278355579591E+000                 -2.6162069888072872E+000                  1.0577200284469404E+001                  6.9999998787002360E-001                  2.8000001212997655E-001                  1.9999999999999796E-002                  3.8630570804178548E-022                  0.0000000000000000E+000                  0.0000000000000000E+000 
                                     326                  9.9996731939765404E-001                 -3.2148220415821008E-002                  5.1063939516930636E+000                 -2.6056188588484410E+000                  1.0594003722374520E+001                  6.9999998787002360E-001                  2.8000001212997655E-001                  1.9999999999999796E-002                  3.9622327352468284E-022                  0.0000000000000000E+000                  0.0000000000000000E+000 
                                     327                  9.9996606166879476E-001                 -3.2277538379198202E-002                  5.1121607158207221E+000                 -2.5950753549302847E+000                  1.0610758862300754E+001                  6.9999998787002360E-001                  2.8000001212997655E-001                  1.9999999999999796E-002                  4.0635628555018124E-022                  0.0000000000000000E+000                  0.0000000000000000E+000 
                                     328                  9.9996475971050258E-001                 -3.2408310610267797E-002                  5.1179290736146070E+000                 -2.5845752520657728E+000                  1.0627467706716782E+001                  6.9999998787002360E-001                  2.8000001212997655E-001                  1.9999999999999796E-002                  4.1670948705601417E-022                  0.0000000000000000E+000                  0.0000000000000000E+000 
                                     329                  9.9996341198185845E-001                 -3.2540566602834033E-002                  5.1236998767063175E+000                 -2.5741173037728857E+000                  1.0644132170532012E+001                  6.9999998787002360E-001                  2.8000001212997655E-001                  1.9999999999999796E-002                  4.2728779358930390E-022                  0.0000000000000000E+000                  0.0000000000000000E+000 
                                     330                  9.9996201688886110E-001                 -3.2674336116672184E-002                  5.1294738881811659E+000                 -2.5637002876916162E+000                  1.0660754085819832E+001                  6.9999998787002360E-001                  2.8000001212997655E-001                  1.9999999999999796E-002                  4.3809625434002505E-022                  0.0000000000000000E+000                  0.0000000000000000E+000 
                                     331                  9.9996057278262551E-001                 -3.2809649184549913E-002                  5.1352517903581818E+000                 -2.5533229967116791E+000                  1.0677335206237828E+001                  6.9999998787002360E-001                  2.8000001212997655E-001                  1.9999999999999796E-002                  4.4914006495877187E-022                  0.0000000000000000E+000                  0.0000000000000000E+000 
                                     332                  9.9995907795751848E-001                 -3.2946536116475279E-002                  5.1410341883745838E+000                 -2.5429842080867062E+000                  1.0693877211169587E+001                  6.9999998787002360E-001                  2.8000001212997655E-001                  1.9999999999999796E-002                  4.6042460621444991E-022                  0.0000000000000000E+000                  0.0000000000000000E+000 
                                     333                  9.9995753064923454E-001                 -3.3085027494040256E-002                  5.1468216131525679E+000                 -2.5326827047784368E+000                  1.0710381709608988E+001                  6.9999998787002360E-001                  2.8000001212997655E-001                  1.9999999999999796E-002                  4.7195542879334844E-022                  0.0000000000000000E+000                  0.0000000000000000E+000 
                                     334                  9.9995592903280583E-001                 -3.3225154170949872E-002                  5.1526145300196760E+000                 -2.5224173124132827E+000                  1.0726850243805403E+001                  6.9999998787002360E-001                  2.8000001212997655E-001                  1.9999999999999796E-002                  4.8373821668371841E-022                  0.0000000000000000E+000                  0.0000000000000000E+000 
                                     335                  9.9995427122054636E-001                 -3.3366947285364441E-002                  5.1584133457702048E+000                 -2.5121868607183639E+000                  1.0743284292687932E+001                  6.9999998787002360E-001                  2.8000001212997655E-001                  1.9999999999999796E-002                  4.9577883426314861E-022                  0.0000000000000000E+000                  0.0000000000000000E+000 
                                     336                  9.9995255525992888E-001                 -3.3510438259878893E-002                  5.1642184102644952E+000                 -2.5019901802836135E+000                  1.0759685275083337E+001                  6.9999998787002360E-001                  2.8000001212997655E-001                  1.9999999999999796E-002                  5.0808333706517280E-022                  0.0000000000000000E+000                  0.0000000000000000E+000 
                                     337                  9.9995077913138863E-001                 -3.3655658800140840E-002                  5.1700300223704678E+000                 -2.4918261480112944E+000                  1.0776054552742321E+001                  6.9999998787002360E-001                  2.8000001212997655E-001                  1.9999999999999796E-002                  5.2065792241398330E-022                  0.0000000000000000E+000                  0.0000000000000000E+000 
                                     338                  9.9994894074605734E-001                 -3.3802640908438833E-002                  5.1758484384602070E+000                 -2.4816936736529667E+000                  1.0792393433189542E+001                  6.9999998787002360E-001                  2.8000001212997655E-001                  1.9999999999999796E-002                  5.3350894742523835E-022                  0.0000000000000000E+000                  0.0000000000000000E+000 
                                     339                  9.9994703794341899E-001                 -3.3951416893245392E-002                  5.1816738757374399E+000                 -2.4715916767617063E+000                  1.0808703172409221E+001                  6.9999998787002360E-001                  2.8000001212997655E-001                  1.9999999999999796E-002                  5.4664296205351664E-022                  0.0000000000000000E+000                  0.0000000000000000E+000 
                                     340                  9.9994506848889086E-001                 -3.4102019371050167E-002                  5.1875065144794208E+000                 -2.4615191087650841E+000                  1.0824984977376319E+001                  6.9999998787002360E-001                  2.8000001212997655E-001                  1.9999999999999796E-002                  5.6006668577763151E-022                  0.0000000000000000E+000                  0.0000000000000000E+000 
                                     341                  9.9994303007132102E-001                 -3.4254481275783802E-002                  5.1933465036769473E+000                 -2.4514749737422887E+000                  1.0841240008444940E+001                  6.9999998787002360E-001                  2.8000001212997655E-001                  1.9999999999999796E-002                  5.7378698183338620E-022                  0.0000000000000000E+000                  0.0000000000000000E+000 
                                     342                  9.9994092030040749E-001                 -3.4408835875943150E-002                  5.1991939653953319E+000                 -2.4414582965000382E+000                  1.0857469381604457E+001                  6.9999998787002360E-001                  2.8000001212997655E-001                  1.9999999999999796E-002                  5.8781090181853501E-022                  0.0000000000000000E+000                  0.0000000000000000E+000 
                                     343                  9.9993873670402722E-001                 -3.4565116781014350E-002                  5.2050489959510546E+000                 -2.4314681225638344E+000                  1.0873674170610734E+001                  6.9999998787002360E-001                  2.8000001212997655E-001                  1.9999999999999796E-002                  6.0214569040441669E-022                  0.0000000000000000E+000                  0.0000000000000000E+000 
                                     344                  9.9993647672548047E-001                 -3.4723357948033245E-002                  5.2109116672656075E+000                 -2.4215035400128540E+000                  1.0889855409000463E+001                  6.9999998787002360E-001                  2.8000001212997655E-001                  1.9999999999999796E-002                  6.1679875761610096E-022                  0.0000000000000000E+000                  0.0000000000000000E+000 
                                     345                  9.9993413772064310E-001                 -3.4883593696329686E-002                  5.2167820284524531E+000                 -2.4115636630015813E+000                  1.0906014091998257E+001                  6.9999998787002360E-001                  2.8000001212997655E-001                  1.9999999999999796E-002                  6.3177770481310151E-022                  0.0000000000000000E+000                  0.0000000000000000E+000 
                                     346                  9.9993171695502514E-001                 -3.5045858716808223E-002                  5.2226601070248488E+000                 -2.4016476217496883E+000                  1.0922151178322952E+001                  6.9999998787002360E-001                  2.8000001212997655E-001                  1.9999999999999796E-002                  6.4709034409331346E-022                  0.0000000000000000E+000                  0.0000000000000000E+000 
                                     347                  9.9992921160073145E-001                 -3.5210188077744724E-002                  5.2285459091908342E+000                 -2.3917545644043403E+000                  1.0938267591897661E+001                  6.9999998787002360E-001                  2.8000001212997655E-001                  1.9999999999999796E-002                  6.6274470100143865E-022                  0.0000000000000000E+000                  0.0000000000000000E+000 
                                     348                  9.9992661873332400E-001                 -3.5376617231393528E-002                  5.2344394192181269E+000                 -2.3818836556327714E+000                  1.0954364223470229E+001                  6.9999998787002360E-001                  2.8000001212997655E-001                  1.9999999999999796E-002                  6.7874902229578474E-022                  0.0000000000000000E+000                  0.0000000000000000E+000 
                                     349                  9.9992393532858015E-001                 -3.5545182020193987E-002                  5.2403405994352932E+000                 -2.3720340721366431E+000                  1.0970441932150619E+001                  6.9999998787002360E-001                  2.8000001212997655E-001                  1.9999999999999796E-002                  6.9511178934213838E-022                  0.0000000000000000E+000                  0.0000000000000000E+000 
                                     350                  9.9992115825914396E-001                 -3.5715918681346027E-002                  5.2462493912799095E+000                 -2.3622049979497572E+000                  1.0986501546869855E+001                  6.9999998787002360E-001                  2.8000001212997655E-001                  1.9999999999999796E-002                  7.1184173312300649E-022                  0.0000000000000000E+000                  0.0000000000000000E+000 
                                     351                  9.9991828429106866E-001                 -3.5888863849555940E-002                  5.2521657168300750E+000                 -2.3523956148244545E+000                  1.1002543867765144E+001                  6.9999998787002360E-001                  2.8000001212997655E-001                  1.9999999999999796E-002                  7.2894785930474065E-022                  0.0000000000000000E+000                  0.0000000000000000E+000 
                                     352                  9.9991531008024415E-001                 -3.6064054555789905E-002                  5.2580894800474312E+000                 -2.3426051147218812E+000                  1.1018569667494820E+001                  6.9999998787002360E-001                  2.8000001212997655E-001                  1.9999999999999796E-002                  7.4643943609982083E-022                  0.0000000000000000E+000                  0.0000000000000000E+000 
                                     353                  9.9991223216870917E-001                 -3.6241528230807424E-002                  5.2640205676027332E+000                 -2.3328327010035634E+000                  1.1034579692487869E+001                  6.9999998787002360E-001                  2.8000001212997655E-001                  1.9999999999999796E-002                  7.6432600017253446E-022                  0.0000000000000000E+000                  0.0000000000000000E+000 
                                     354                  9.9990904698084071E-001                 -3.6421322709151112E-002                  5.2699588526417340E+000                 -2.3230775736149574E+000                  1.1050574664131860E+001                  6.9999998787002360E-001                  2.8000001212997655E-001                  1.9999999999999796E-002                  7.8261739285380200E-022                  0.0000000000000000E+000                  0.0000000000000000E+000 
                                     355                  9.9990575081942057E-001                 -3.6603476226927972E-002                  5.2759042001094718E+000                 -2.3133389416881944E+000                  1.1066555279901904E+001                  6.9999998787002360E-001                  2.8000001212997655E-001                  1.9999999999999796E-002                  8.0132374741062576E-022                  0.0000000000000000E+000                  0.0000000000000000E+000 
                                     356                  9.9990233986157218E-001                 -3.6788027424566903E-002                  5.2818564688028697E+000                 -2.3036160369335899E+000                  1.1082522214434556E+001                  6.9999998787002360E-001                  2.8000001212997655E-001                  1.9999999999999796E-002                  8.2045547165165623E-022                  0.0000000000000000E+000                  0.0000000000000000E+000 
                                     357                  9.9989881015456550E-001                 -3.6975015355267420E-002                  5.2878155138143548E+000                 -2.2939081064984639E+000                  1.1098476120550645E+001                  6.9999998787002360E-001                  2.8000001212997655E-001                  1.9999999999999796E-002                  8.4002326882498986E-022                  0.0000000000000000E+000                  0.0000000000000000E+000 
                                     358                  9.9989515761148473E-001                 -3.7164479490672940E-002                  5.2937811929573773E+000                 -2.2842144129390962E+000                  1.1114417630229021E+001                  6.9999998787002360E-001                  2.8000001212997655E-001                  1.9999999999999796E-002                  8.6003814586431589E-022                  0.0000000000000000E+000                  0.0000000000000000E+000 
                                     359                  9.9989137800675554E-001                 -3.7356459726678864E-002                  5.2997533711088352E+000                 -2.2745342513317675E+000                  1.1130347355532084E+001                  6.9999998787002360E-001                  2.8000001212997655E-001                  1.9999999999999796E-002                  8.8051138516509099E-022                  0.0000000000000000E+000                  0.0000000000000000E+000 
                                     360                  9.9988746697152753E-001                 -3.7550996396986426E-002                  5.3057319208764149E+000                 -2.2648669498260126E+000                  1.1146265889487175E+001                  6.9999998787002360E-001                  2.8000001212997655E-001                  1.9999999999999796E-002                  1.1002057246581100E-021                  0.0000000000000000E+000                  0.0000000000000000E+000 
                                     361                  9.9988341998890662E-001                 -3.7748130287633026E-002                  5.3117167251593225E+000                 -2.2552118689541025E+000                  1.1162173806928999E+001                  6.9999998787002360E-001                  2.8000001212997655E-001                  1.9999999999999796E-002                  1.4499122978872831E-021                  0.0000000000000000E+000                  0.0000000000000000E+000 
                                     362                  9.9987923238903320E-001                 -3.7947902651921252E-002                  5.3177076800526981E+000                 -2.2455684044724173E+000                  1.1178071665305984E+001                  6.9999998787002360E-001                  2.8000001212997655E-001                  1.9999999999999796E-002                  1.9089194236116426E-021                  0.0000000000000000E+000                  0.0000000000000000E+000 
                                     363                  9.9987489934399965E-001                 -3.8150355227489871E-002                  5.3237046954717959E+000                 -2.2359359883636878E+000                  1.1193960005452738E+001                  6.9999998787002360E-001                  2.8000001212997655E-001                  1.9999999999999796E-002                  2.5107950834448165E-021                  0.0000000000000000E+000                  0.0000000000000000E+000 
                                     364                  9.9987041586260395E-001                 -3.8355530254747111E-002                  5.3297076935670766E+000                 -2.2263140950351383E+000                  1.1209839352330683E+001                  6.9999998787002360E-001                  2.8000001212997655E-001                  1.9999999999999796E-002                  3.2992310984871265E-021                  0.0000000000000000E+000                  0.0000000000000000E+000 
                                     365                  9.9986577678493216E-001                 -3.8563470499270856E-002                  5.3357166062730519E+000                 -2.2167022334161937E+000                  1.1225710215738863E+001                  6.9999998787002360E-001                  2.8000001212997655E-001                  1.9999999999999796E-002                  4.3310395811478250E-021                  0.0000000000000000E+000                  0.0000000000000000E+000 
                                     366                  9.9986097677676689E-001                 -3.8774219271610615E-002                  5.3417313747013697E+000                 -2.2070999378630316E+000                  1.1241573090996196E+001                  6.9999998787002360E-001                  2.8000001212997655E-001                  1.9999999999999796E-002                  5.6800195356732812E-021                  0.0000000000000000E+000                  0.0000000000000000E+000 
                                     367                  9.9985601032381377E-001                 -3.8987820443668483E-002                  5.3477519474890016E+000                 -2.1975067737919978E+000                  1.1257428459596023E+001                  6.9999998787002360E-001                  2.8000001212997655E-001                  1.9999999999999796E-002                  7.4419406512899577E-021                  0.0000000000000000E+000                  0.0000000000000000E+000 
                                     368                  9.9985087172574227E-001                 -3.9204318468651037E-002                  5.3537782751603578E+000                 -2.1879223361728615E+000                  1.1273276789834821E+001                  6.9999998787002360E-001                  2.8000001212997655E-001                  1.9999999999999796E-002                  9.7409592447258008E-021                  0.0000000000000000E+000                  0.0000000000000000E+000 
                                     369                  9.9984555509003414E-001                 -3.9423758401279867E-002                  5.3598103065579510E+000                 -2.1783462307869859E+000                  1.1289118537416307E+001                  6.9999998787002360E-001                  2.8000001212997655E-001                  1.9999999999999796E-002                  1.2737870599978240E-020                  0.0000000000000000E+000                  0.0000000000000000E+000 
                                     370                  9.9984005432563372E-001                 -3.9646185909420609E-002                  5.3658479887628232E+000                 -2.1687780739345959E+000                  1.1304954146029271E+001                  6.9999998787002360E-001                  2.8000001212997655E-001                  1.9999999999999796E-002                  1.6640712912178965E-020                  0.0000000000000000E+000                  0.0000000000000000E+000 
                                     371                  9.9983436313639518E-001                 -3.9871647285861747E-002                  5.3718912638522873E+000                 -2.1592174947564908E+000                  1.1320784047896806E+001                  6.9999998787002360E-001                  2.8000001212997655E-001                  1.9999999999999796E-002                  2.1718375444913974E-020                  0.0000000000000000E+000                  0.0000000000000000E+000 
                                     372                  9.9982847501432170E-001                 -4.0100189461632900E-002                  5.3779400653050056E+000                 -2.1496641247490431E+000                  1.1336608664299197E+001                  6.9999998787002360E-001                  2.8000001212997655E-001                  1.9999999999999796E-002                  2.8318043810801332E-020                  0.0000000000000000E+000                  0.0000000000000000E+000 
                                     373                  9.9982238323258921E-001                 -4.0331860014145710E-002                  5.3839943179190692E+000                 -2.1401175944952779E+000                  1.1352428406075548E+001                  6.9999998787002360E-001                  2.8000001212997655E-001                  1.9999999999999796E-002                  3.6887543220318677E-020                  0.0000000000000000E+000                  0.0000000000000000E+000 
                                     374                  9.9981608083834739E-001                 -4.0566707173743048E-002                  5.3900539383317225E+000                 -2.1305775297162719E+000                  1.1368243674106456E+001                  6.9999998787002360E-001                  2.8000001212997655E-001                  1.9999999999999796E-002                  4.8003923715714999E-020                  0.0000000000000000E+000                  0.0000000000000000E+000 
                                     375                  9.9980956064528825E-001                 -4.0804779828045763E-002                  5.3961188350874139E+000                 -2.1210435534197383E+000                  1.1384054859778299E+001                  6.9999998787002360E-001                  2.8000001212997655E-001                  1.9999999999999796E-002                  6.2409989848981103E-020                  0.0000000000000000E+000                  0.0000000000000000E+000 
                                     376                  9.9980281522597858E-001                 -4.1046127527386844E-002                  5.4021889088116266E+000                 -2.1115152887393616E+000                  1.1399862345430195E+001                  6.9999998787002360E-001                  2.8000001212997655E-001                  1.9999999999999796E-002                  8.1060932798545221E-020                  0.0000000000000000E+000                  0.0000000000000000E+000 
                                     377                  9.9979583690394702E-001                 -4.1290800491771286E-002                  5.4082640536552420E+000                 -2.1019923517120152E+000                  1.1415666504784461E+001                  6.9999998787002360E-001                  2.8000001212997655E-001                  1.9999999999999796E-002                  1.0518380139840866E-019                  0.0000000000000000E+000                  0.0000000000000000E+000 
                                     378                  9.9978861774551808E-001                 -4.1538849613744794E-002                  5.4143441602042115E+000                 -2.0924743510974286E+000                  1.1431467703360875E+001                  6.9999998787002360E-001                  2.8000001212997655E-001                  1.9999999999999796E-002                  1.3635327057759216E-019                  0.0000000000000000E+000                  0.0000000000000000E+000 
                                     379                  9.9978114955138642E-001                 -4.1790326460912956E-002                  5.4204291171980516E+000                 -2.0829609018120232E+000                  1.1447266298875221E+001                  6.9999998787002360E-001                  2.8000001212997655E-001                  1.9999999999999796E-002                  1.7658806041205242E-019                  0.0000000000000000E+000                  0.0000000000000000E+000 
                                     380                  9.9977342384792245E-001                 -4.2045283286067839E-002                  5.4265188122286823E+000                 -2.0734516212164760E+000                  1.1463062641623914E+001                  6.9999998787002360E-001                  2.8000001212997655E-001                  1.9999999999999796E-002                  2.2847351051115697E-019                  0.0000000000000000E+000                  0.0000000000000000E+000 
                                     381                  9.9976543187820155E-001                 -4.2303773035396001E-002                  5.4326131346042068E+000                 -2.0639461210490402E+000                  1.1478857074854256E+001                  6.9999998787002360E-001                  2.8000001212997655E-001                  1.9999999999999796E-002                  2.9531726972329943E-019                  0.0000000000000000E+000                  0.0000000000000000E+000 
                                     382                  9.9975716459274921E-001                 -4.2565849351888597E-002                  5.4387119779628987E+000                 -2.0544440230799257E+000                  1.1494649935115200E+001                  6.9999998787002360E-001                  2.8000001212997655E-001                  1.9999999999999796E-002                  3.8134682208643553E-019                  0.0000000000000000E+000                  0.0000000000000000E+000 
                                     383                  9.9974861263999704E-001                 -4.2831566587982428E-002                  5.4448152406770554E+000                 -2.0449449608252075E+000                  1.1510441552586942E+001                  6.9999998787002360E-001                  2.8000001212997655E-001                  1.9999999999999796E-002                  4.9195982553005915E-019                  0.0000000000000000E+000                  0.0000000000000000E+000 
                                     384                  9.9973976635644446E-001                 -4.3100979819509701E-002                  5.4509228271929269E+000                 -2.0354485703848550E+000                  1.1526232251395223E+001                  6.9999998787002360E-001                  2.8000001212997655E-001                  1.9999999999999796E-002                  6.3404110829262919E-019                  0.0000000000000000E+000                  0.0000000000000000E+000 
                                     385                  9.9973061575650868E-001                 -4.3374144854433631E-002                  5.4570346499474356E+000                 -2.0259544985751901E+000                  1.1542022349915598E+001                  6.9999998787002360E-001                  2.8000001212997655E-001                  1.9999999999999796E-002                  8.1636365527251354E-019                  0.0000000000000000E+000                  0.0000000000000000E+000 
                                     386                  9.9972115052205501E-001                 -4.3651118246909731E-002                  5.4631506299455062E+000                 -2.0164624082665052E+000                  1.1557812161069700E+001                  6.9999998787002360E-001                  2.8000001212997655E-001                  1.9999999999999796E-002                  1.0500953098030546E-018                  0.0000000000000000E+000                  0.0000000000000000E+000 
                                     387                  9.9971135999159866E-001                 -4.3931957315380639E-002                  5.4692706969457197E+000                 -2.0069719720004549E+000                  1.1573601992614291E+001                  6.9999998787002360E-001                  2.8000001212997655E-001                  1.9999999999999796E-002                  1.3494384677002832E-018                  0.0000000000000000E+000                  0.0000000000000000E+000 
                                     388                  9.9970123314916526E-001                 -4.4216720157265195E-002                  5.4753947899706290E+000                 -1.9974828724245342E+000                  1.1589392147423057E+001                  6.9999998787002360E-001                  2.8000001212997655E-001                  1.9999999999999796E-002                  1.7324368774096851E-018                  0.0000000000000000E+000                  0.0000000000000000E+000 
                                     389                  9.9969075861280221E-001                 -4.4505465664507617E-002                  5.4815228576854276E+000                 -1.9879948082983370E+000                  1.1605182923761491E+001                  6.9999998787002360E-001                  2.8000001212997655E-001                  1.9999999999999796E-002                  2.2219921922697431E-018                  0.0000000000000000E+000                  0.0000000000000000E+000 
                                     390                  9.9967992462272892E-001                 -4.4798253543773307E-002                  5.4876548584586251E+000                 -1.9785074907031073E+000                  1.1620974615555841E+001                  6.9999998787002360E-001                  2.8000001212997655E-001                  1.9999999999999796E-002                  2.8471436286046815E-018                  0.0000000000000000E+000                  0.0000000000000000E+000 
                                     391                  9.9966871902911547E-001                 -4.5095144334981921E-002                  5.4937907602355125E+000                 -1.9690206390351865E+000                  1.1636767512656119E+001                  6.9999998787002360E-001                  2.8000001212997655E-001                  1.9999999999999796E-002                  3.6446772843216211E-018                  0.0000000000000000E+000                  0.0000000000000000E+000 
                                     392                  9.9965712927947781E-001                 -4.5396199427812631E-002                  5.4999305405271857E+000                 -1.9595339871758550E+000                  1.1652561901092064E+001                  6.9999998787002360E-001                  2.8000001212997655E-001                  1.9999999999999796E-002                  4.6611480649052815E-018                  0.0000000000000000E+000                  0.0000000000000000E+000 
                                     393                  9.9964514240568192E-001                 -4.5701481083140906E-002                  5.5060741865989193E+000                 -1.9500472822198498E+000                  1.1668358063316131E+001                  6.9999998787002360E-001                  2.8000001212997655E-001                  1.9999999999999796E-002                  5.9554178036322657E-018                  0.0000000000000000E+000                  0.0000000000000000E+000 
                                     394                  9.9963274501055044E-001                 -4.6011052454229470E-002                  5.5122216955762759E+000                 -1.9405602780806468E+000                  1.1684156278428222E+001                  6.9999998787002360E-001                  2.8000001212997655E-001                  1.9999999999999796E-002                  7.6018384844817898E-018                  0.0000000000000000E+000                  0.0000000000000000E+000 
                                     395                  9.9961992325406501E-001                 -4.6324977603924004E-002                  5.5183730744969370E+000                 -1.9310727413152151E+000                  1.1699956822388335E+001                  6.9999998787002360E-001                  2.8000001212997655E-001                  1.9999999999999796E-002                  9.6942406517869099E-018                  0.0000000000000000E+000                  0.0000000000000000E+000 
                                     396                  9.9960666283914412E-001                 -4.6643321526673706E-002                  5.5245283403719672E+000                 -1.9215844523343693E+000                  1.1715759968225889E+001                  6.9999998787002360E-001                  2.8000001212997655E-001                  1.9999999999999796E-002                  1.2350926391919289E-017                  0.0000000000000000E+000                  0.0000000000000000E+000 
                                     397                  9.9959294899697893E-001                 -4.6966150172403555E-002                  5.5306875198615755E+000                 -1.9120951992301498E+000                  1.1731565986247087E+001                  6.9999998787002360E-001                  2.8000001212997655E-001                  1.9999999999999796E-002                  1.5720914420979567E-017                  0.0000000000000000E+000                  0.0000000000000000E+000 
                                     398                  9.9957876647191712E-001                 -4.7293530466791307E-002                  5.5368506487205833E+000                 -1.9026047796359675E+000                  1.1747375144240110E+001                  6.9999998787002360E-001                  2.8000001212997655E-001                  1.9999999999999796E-002                  1.9991743931959245E-017                  0.0000000000000000E+000                  0.0000000000000000E+000 
                                     399                  9.9956409950587799E-001                 -4.7625530333709455E-002                  5.5430177715428730E+000                 -1.8931130033151173E+000                  1.1763187707678515E+001                  6.9999998787002360E-001                  2.8000001212997655E-001                  1.9999999999999796E-002                  2.5399218004721160E-017                  0.0000000000000000E+000                  0.0000000000000000E+000 
                                     400                  9.9954893182228932E-001                 -4.7962218720609191E-002                  5.5491889406356405E+000                 -1.8836196881653358E+000                  1.1779003939923452E+001                  6.9999998787002360E-001                  2.8000001212997655E-001                  1.9999999999999796E-002                  3.2239557563777710E-017                  0.0000000000000000E+000                  0.0000000000000000E+000 
                                     401                  9.9953324660952658E-001                 -4.8303665621823408E-002                  5.5553642137838688E+000                 -1.8741246573390840E+000                  1.1794824102424416E+001                  6.9999998787002360E-001                  2.8000001212997655E-001                  1.9999999999999796E-002                  4.0884547549289810E-017                  0.0000000000000000E+000                  0.0000000000000000E+000 
                                     402                  9.9951702650384433E-001                 -4.8649942100507007E-002                  5.5615436529941080E+000                 -1.8646277401970477E+000                  1.1810648454918327E+001                  6.9999998787002360E-001                  2.8000001212997655E-001                  1.9999999999999796E-002                  5.1800396519430538E-017                  0.0000000000000000E+000                  0.0000000000000000E+000 
                                     403                  9.9950025357178085E-001                 -4.9001120312104636E-002                  5.5677273234871274E+000                 -1.8551287708636639E+000                  1.1826477255622434E+001                  6.9999998787002360E-001                  2.8000001212997655E-001                  1.9999999999999796E-002                  6.5571199747034351E-017                  0.0000000000000000E+000                  0.0000000000000000E+000 
                                     404                  9.9948290929203443E-001                 -4.9357273527306587E-002                  5.5739152910308301E+000                 -1.8456275848198680E+000                  1.1842310761410230E+001                  6.9999998787002360E-001                  2.8000001212997655E-001                  1.9999999999999796E-002                  8.2928099245189988E-017                  0.0000000000000000E+000                  0.0000000000000000E+000 
                                     405                  9.9946497453680894E-001                 -4.9718476152462943E-002                  5.5801076199221340E+000                 -1.8361240169944215E+000                  1.1858149227971287E+001                  6.9999998787002360E-001                  2.8000001212997655E-001                  1.9999999999999796E-002                  1.0478549345077116E-016                  0.0000000000000000E+000                  0.0000000000000000E+000 
                                     406                  9.9944642955260465E-001                 -5.0084803748757685E-002                  5.5863043724547694E+000                 -1.8266179015028714E+000                  1.1873992909966500E+001                  6.9999998787002360E-001                  2.8000001212997655E-001                  1.9999999999999796E-002                  1.3228596520795491E-016                  0.0000000000000000E+000                  0.0000000000000000E+000 
                                     407                  9.9942725394042486E-001                 -5.0456333051689506E-002                  5.5925056076457524E+000                 -1.8171090711616742E+000                  1.1889842061183497E+001                  6.9999998787002360E-001                  2.8000001212997655E-001                  1.9999999999999796E-002                  1.6685597114386707E-016                  0.0000000000000000E+000                  0.0000000000000000E+000 
                                     408                  9.9940742663538529E-001                 -5.0833141990610058E-002                  5.5987113800059758E+000                 -1.8075973548499569E+000                  1.1905696934692472E+001                  6.9999998787002360E-001                  2.8000001212997655E-001                  1.9999999999999796E-002                  2.1027480978989164E-016                  0.0000000000000000E+000                  0.0000000000000000E+000 
                                     409                  9.9938692588570666E-001                 -5.1215309706453403E-002                  5.6049217393194368E+000                 -1.7980825770576452E+000                  1.1921557783002434E+001                  6.9999998787002360E-001                  2.8000001212997655E-001                  1.9999999999999796E-002                  2.6475996500783299E-016                  0.0000000000000000E+000                  0.0000000000000000E+000 
                                     410                  9.9936572923107236E-001                 -5.1602916569401282E-002                  5.6111367307358275E+000                 -1.7885645595002202E+000                  1.1937424858217781E+001                  6.9999998787002360E-001                  2.8000001212997655E-001                  1.9999999999999796E-002                  3.3307261644505190E-016                  0.0000000000000000E+000                  0.0000000000000000E+000 
                                     411                  9.9934381348033363E-001                 -5.1996044198369881E-002                  5.6173563949280503E+000                 -1.7790431200345411E+000                  1.1953298412195705E+001                  6.9999998787002360E-001                  2.8000001212997655E-001                  1.9999999999999796E-002                  4.1864797228392506E-016                  0.0000000000000000E+000                  0.0000000000000000E+000 
                                     412                  9.9932115468854277E-001                 -5.2394775479929517E-002                  5.6235807682439454E+000                 -1.7695180718760457E+000                  1.1969178696704057E+001                  6.9999998787002360E-001                  2.8000001212997655E-001                  1.9999999999999796E-002                  5.2575612101485742E-016                  0.0000000000000000E+000                  0.0000000000000000E+000 
                                     413                  9.9929772813329476E-001                 -5.2799194586933773E-002                  5.6298098832984964E+000                 -1.7599892251767124E+000                  1.1985065963572715E+001                  6.9999998787002360E-001                  2.8000001212997655E-001                  1.9999999999999796E-002                  6.5970038216488378E-016                  0.0000000000000000E+000                  0.0000000000000000E+000 
                                     414                  9.9927350829038031E-001                 -5.3209386998597334E-002                  5.6360437699453838E+000                 -1.7504563876990979E+000                  1.2000960464826052E+001                  6.9999998787002360E-001                  2.8000001212997655E-001                  1.9999999999999796E-002                  8.2706170036627459E-016                  0.0000000000000000E+000                  0.0000000000000000E+000 
                                     415                  9.9924846880875151E-001                 -5.3625439521024929E-002                  5.6422824558148577E+000                 -1.7409193643626109E+000                  1.2016862452800181E+001                  6.9999998787002360E-001                  2.8000001212997655E-001                  1.9999999999999796E-002                  1.0359994991151516E-015                  0.0000000000000000E+000                  0.0000000000000000E+000 
                                     416                  9.9922258248475848E-001                 -5.4047440307548579E-002                  5.6485259668912526E+000                 -1.7313779578990813E+000                  1.2032772180258352E+001                  6.9999998787002360E-001                  2.8000001212997655E-001                  1.9999999999999796E-002                  1.2966217364360982E-015                  0.0000000000000000E+000                  0.0000000000000000E+000 
                                     417                  9.9919582123562700E-001                 -5.4475478880144534E-002                  5.6547743286975276E+000                 -1.7218319700807398E+000                  1.2048689900508917E+001                  6.9999998787002360E-001                  2.8000001212997655E-001                  1.9999999999999796E-002                  1.6214397220248776E-015                  0.0000000000000000E+000                  0.0000000000000000E+000 
                                     418                  9.9916815607215370E-001                 -5.4909646152616218E-002                  5.6610275671100547E+000                 -1.7122812022473131E+000                  1.2064615867526481E+001                  6.9999998787002360E-001                  2.8000001212997655E-001                  1.9999999999999796E-002                  2.0259266395001746E-015                  0.0000000000000000E+000                  0.0000000000000000E+000 
                                     419                  9.9913955707059565E-001                 -5.5350034454958244E-002                  5.6672857088188460E+000                 -1.7027254552755138E+000                  1.2080550336076431E+001                  6.9999998787002360E-001                  2.8000001212997655E-001                  1.9999999999999796E-002                  2.5292028361400196E-015                  0.0000000000000000E+000                  0.0000000000000000E+000 
                                     420                  9.9910999334373585E-001                 -5.5796737558412003E-002                  5.6735487824118671E+000                 -1.6931645300718814E+000                  1.2096493561842927E+001                  6.9999998787002360E-001                  2.8000001212997655E-001                  1.9999999999999796E-002                  3.1548760594606822E-015                  0.0000000000000000E+000                  0.0000000000000000E+000 
                                     421                  9.9907943301109470E-001                 -5.6249850701777293E-002                  5.6798168192990381E+000                 -1.6835982292417688E+000                  1.2112445801560598E+001                  6.9999998787002360E-001                  2.8000001212997655E-001                  1.9999999999999796E-002                  3.9320707974868429E-015                  0.0000000000000000E+000                  0.0000000000000000E+000 
                                     422                  9.9904784316827033E-001                 -5.6709470620338757E-002                  5.6860898540874842E+000                 -1.6740263570469402E+000                  1.2128407313146194E+001                  6.9999998787002360E-001                  2.8000001212997655E-001                  1.9999999999999796E-002                  4.8966882801680296E-015                  0.0000000000000000E+000                  0.0000000000000000E+000 
                                     423                  9.9901518985539584E-001                 -5.7175695575487226E-002                  5.6923679254456996E+000                 -1.6644487187262220E+000                  1.2144378355815237E+001                  6.9999998787002360E-001                  2.8000001212997655E-001                  1.9999999999999796E-002                  6.0929477271613039E-015                  0.0000000000000000E+000                  0.0000000000000000E+000 
                                     424                  9.9898143802473893E-001                 -5.7648625383752788E-002                  5.6986510769943255E+000                 -1.6548651227488649E+000                  1.2160359190180747E+001                  6.9999998787002360E-001                  2.8000001212997655E-001                  1.9999999999999796E-002                  7.5752701527128616E-015                  0.0000000000000000E+000                  0.0000000000000000E+000 
                                     425                  9.9894655150740075E-001                 -5.8128361448783382E-002                  5.7049393576222540E+000                 -1.6452753812733598E+000                  1.2176350078349181E+001                  6.9999998787002360E-001                  2.8000001212997655E-001                  1.9999999999999796E-002                  9.4105790136638843E-015                  0.0000000000000000E+000                  0.0000000000000000E+000 
                                     426                  9.9891049297906220E-001                 -5.8615006794960692E-002                  5.7112328219503405E+000                 -1.6356793085959618E+000                  1.2192351284021839E+001                  6.9999998787002360E-001                  2.8000001212997655E-001                  1.9999999999999796E-002                  1.1681108023698312E-014                  0.0000000000000000E+000                  0.0000000000000000E+000 
                                     427                  9.9887322392474942E-001                 -5.9108666100490870E-002                  5.7175315309107937E+000                 -1.6260767228079289E+000                  1.2208363072602058E+001                  6.9999998787002360E-001                  2.8000001212997655E-001                  1.9999999999999796E-002                  1.4487825343301342E-014                  0.0000000000000000E+000                  0.0000000000000000E+000 
                                     428                  9.9883470460259216E-001                 -5.9609445733571166E-002                  5.7238355520064212E+000                 -1.6164674468147200E+000                  1.2224385711308724E+001                  6.9999998787002360E-001                  2.8000001212997655E-001                  1.9999999999999796E-002                  1.7954606304950660E-014                  0.0000000000000000E+000                  0.0000000000000000E+000 
                                     429                  9.9879489400654742E-001                 -6.0117453791133903E-002                  5.7301449593007963E+000                 -1.6068513063687850E+000                  1.2240419469296567E+001                  6.9999998787002360E-001                  2.8000001212997655E-001                  1.9999999999999796E-002                  2.2233314759941690E-014                  0.0000000000000000E+000                  0.0000000000000000E+000 
                                     430                  9.9875374982806187E-001                 -6.0632800136817773E-002                  5.7364598333167898E+000                 -1.5972281302761857E+000                  1.2256464617782662E+001                  6.9999998787002360E-001                  2.8000001212997655E-001                  1.9999999999999796E-002                  2.7509986227031307E-014                  0.0000000000000000E+000                  0.0000000000000000E+000 
                                     431                  9.9871122841664239E-001                 -6.1155596440578178E-002                  5.7427802610396288E+000                 -1.5875977516275819E+000                  1.2272521430171210E+001                  6.9999998787002360E-001                  2.8000001212997655E-001                  1.9999999999999796E-002                  3.4012346617351846E-014                  0.0000000000000000E+000                  0.0000000000000000E+000 
                                     432                  9.9866728473935318E-001                 -6.1685956220825844E-002                  5.7491063356697518E+000                 -1.5779600060542680E+000                  1.2288590182161808E+001                  6.9999998787002360E-001                  2.8000001212997655E-001                  1.9999999999999796E-002                  4.2018948569888662E-014                  0.0000000000000000E+000                  0.0000000000000000E+000 
                                     433                  9.9862187233925659E-001                 -6.2223994885013276E-002                  5.7554381559550745E+000                 -1.5683147306536596E+000                  1.2304671151845385E+001                  6.9999998787002360E-001                  2.8000001212997655E-001                  1.9999999999999796E-002                  5.1870264967151384E-014                  0.0000000000000000E+000                  0.0000000000000000E+000 
                                     434                  9.9857494329272478E-001                 -6.2769829770079597E-002                  5.7617758257947251E+000                 -1.5586617650238539E+000                  1.2320764619803422E+001                  6.9999998787002360E-001                  2.8000001212997655E-001                  1.9999999999999796E-002                  6.3982150056692480E-014                  0.0000000000000000E+000                  0.0000000000000000E+000 
                                     435                  9.9852644816556690E-001                 -6.3323580185670802E-002                  5.7681194538202227E+000                 -1.5490009500884951E+000                  1.2336870869215609E+001                  6.9999998787002360E-001                  2.8000001212997655E-001                  1.9999999999999796E-002                  7.8862162305811781E-014                  0.0000000000000000E+000                  0.0000000000000000E+000 
                                     436                  9.9847633596794194E-001                 -6.3885367457499245E-002                  5.7744691522192344E+000                 -1.5393321261773754E+000                  1.2352990185976020E+001                  6.9999998787002360E-001                  2.8000001212997655E-001                  1.9999999999999796E-002                  9.7129341716647427E-014                  0.0000000000000000E+000                  0.0000000000000000E+000 
                                     437                  9.9842455410802522E-001                 -6.4455314969799976E-002                  5.7808250358286948E+000                 -1.5296551330997166E+000                  1.2369122858817533E+001                  6.9999998787002360E-001                  2.8000001212997655E-001                  1.9999999999999796E-002                  1.1953815710360327E-013                  0.0000000000000000E+000                  0.0000000000000000E+000 
                                     438                  9.9837104834439694E-001                 -6.5033548209407613E-002                  5.7871872215129576E+000                 -1.5199698094734040E+000                  1.2385269179444375E+001                  6.9999998787002360E-001                  2.8000001212997655E-001                  1.9999999999999796E-002                  1.4700748339056145E-013                  0.0000000000000000E+000                  0.0000000000000000E+000 
                                     439                  9.9831576273712053E-001                 -6.5620194810493582E-002                  5.7935558263733657E+000                 -1.5102759907084660E+000                  1.2401429442666888E+001                  6.9999998787002360E-001                  2.8000001212997655E-001                  1.9999999999999796E-002                  1.8065563516160735E-013                  0.0000000000000000E+000                  0.0000000000000000E+000 
                                     440                  9.9825863959751837E-001                 -6.6215384597739804E-002                  5.7999309661513312E+000                 -1.5005735072874955E+000                  1.2417603946522597E+001                  6.9999998787002360E-001                  2.8000001212997655E-001                  1.9999999999999796E-002                  2.2184269488316813E-013                  0.0000000000000000E+000                  0.0000000000000000E+000 
                                     441                  9.9819961943669167E-001                 -6.6819249627326840E-002                  5.8063127546448277E+000                 -1.4908621843330119E+000                  1.2433792992384843E+001                  6.9999998787002360E-001                  2.8000001212997655E-001                  1.9999999999999796E-002                  2.7222162389337058E-013                  0.0000000000000000E+000                  0.0000000000000000E+000 
                                     442                  9.9813864091269189E-001                 -6.7431924228176066E-002                  5.8127013024124841E+000                 -1.4811418410000143E+000                  1.2449996885075375E+001                  6.9999998787002360E-001                  2.8000001212997655E-001                  1.9999999999999796E-002                  3.3379992556306181E-013                  0.0000000000000000E+000                  0.0000000000000000E+000 
                                     443                  9.9807564077627364E-001                 -6.8053545043565478E-002                  5.8190967154876834E+000                 -1.4714122882640832E+000                  1.2466215932986861E+001                  6.9999998787002360E-001                  2.8000001212997655E-001                  1.9999999999999796E-002                  4.0901398957781461E-013                  0.0000000000000000E+000                  0.0000000000000000E+000 
                                     444                  9.9801055381519199E-001                 -6.8684251070799743E-002                  5.8254990951128924E+000                 -1.4616733284095547E+000                  1.2482450448215202E+001                  6.9999998787002360E-001                  2.8000001212997655E-001                  1.9999999999999796E-002                  5.0081867146223639E-013                  0.0000000000000000E+000                  0.0000000000000000E+000 
                                     445                  9.9794331279700443E-001                 -6.9324183701232153E-002                  5.8319085379242130E+000                 -1.4519247558942927E+000                  1.2498700746701340E+001                  6.9999998787002360E-001                  2.8000001212997655E-001                  1.9999999999999796E-002                  6.1279515436875723E-013                  0.0000000000000000E+000                  0.0000000000000000E+000 
                                     446                  9.9787384841034443E-001                 -6.9973486762673578E-002                  5.8383251362308721E+000                 -1.4421663569941938E+000                  1.2514967148382063E+001                  6.9999998787002360E-001                  2.8000001212997655E-001                  1.9999999999999796E-002                  7.4928073703255797E-013                  0.0000000000000000E+000                  0.0000000000000000E+000 
                                     447                  9.9780208920462998E-001                 -7.0632306562453617E-002                  5.8447489782713253E+000                 -1.4323979095741217E+000                  1.2531249977340220E+001                  6.9999998787002360E-001                  2.8000001212997655E-001                  1.9999999999999796E-002                  9.1552489721365637E-013                  0.0000000000000000E+000                  0.0000000000000000E+000 
                                     448                  9.9772796152825394E-001                 -7.1300791930632018E-002                  5.8511801495058107E+000                 -1.4226191841230786E+000                  1.2547549561943493E+001                  6.9999998787002360E-001                  2.8000001212997655E-001                  1.9999999999999796E-002                  1.1178768532598504E-012                  0.0000000000000000E+000                  0.0000000000000000E+000 
                                     449                  9.9765138946524701E-001                 -7.1979094265074955E-002                  5.8576187344256487E+000                 -1.4128299456925879E+000                  1.2563866234981020E+001                  6.9999998787002360E-001                  2.8000001212997655E-001                  1.9999999999999796E-002                  1.3640108435815933E-012                  0.0000000000000000E+000                  0.0000000000000000E+000 
                                     450                  9.9757229477029918E-001                 -7.2667367580887446E-002                  5.8640648174179386E+000                 -1.4030299546899874E+000                  1.2580200333811186E+001                  6.9999998787002360E-001                  2.8000001212997655E-001                  1.9999999999999796E-002                  1.6631965026831203E-012                  0.0000000000000000E+000                  0.0000000000000000E+000 
                                     451                  9.9749059680207253E-001                 -7.3365768562908079E-002                  5.8705184848078451E+000                 -1.3932189675863942E+000                  1.2596552200523005E+001                  6.9999998787002360E-001                  2.8000001212997655E-001                  1.9999999999999796E-002                  2.0266232432599235E-012                  0.0000000000000000E+000                  0.0000000000000000E+000 
                                     452                  9.9740621245476435E-001                 -7.4074456621319312E-002                  5.8769798280768484E+000                 -1.3833967405277614E+000                  1.2612922182111793E+001                  6.9999998787002360E-001                  2.8000001212997655E-001                  1.9999999999999796E-002                  2.4677892487098607E-012                  0.0000000000000000E+000                  0.0000000000000000E+000 
                                     453                  9.9731905608786986E-001                 -7.4793593955494800E-002                  5.8834489454224572E+000                 -1.3735630316395073E+000                  1.2629310630670190E+001                  6.9999998787002360E-001                  2.8000001212997655E-001                  1.9999999999999796E-002                  3.0029675647082619E-012                  0.0000000000000000E+000                  0.0000000000000000E+000 
                                     454                  9.9722903945409858E-001                 -7.5523345624509977E-002                  5.8899259435959452E+000                 -1.3637176013339303E+000                  1.2645717903591750E+001                  6.9999998787002360E-001                  2.8000001212997655E-001                  1.9999999999999796E-002                  3.6517643746578355E-012                  0.0000000000000000E+000                  0.0000000000000000E+000 
                                     455                  9.9713607162543449E-001                 -7.6263879621177297E-002                  5.8964109410793863E+000                 -1.3538602154490906E+000                  1.2662144363777971E+001                  6.9999998787002360E-001                  2.8000001212997655E-001                  1.9999999999999796E-002                  4.4377874705090106E-012                  0.0000000000000000E+000                  0.0000000000000000E+000 
                                     456                  9.9704005891736536E-001                 -7.7015366954123907E-002                  5.9029040696843378E+000                 -1.3439906479287445E+000                  1.2678590379849098E+001                  6.9999998787002360E-001                  2.8000001212997655E-001                  1.9999999999999796E-002                  5.3894460584222516E-012                  0.0000000000000000E+000                  0.0000000000000000E+000 
                                     457                  9.9694090481119380E-001                 -7.7777981738225241E-002                  5.9094054739303417E+000                 -1.3341086798539270E+000                  1.2695056326368030E+001                  6.9999998787002360E-001                  2.8000001212997655E-001                  1.9999999999999796E-002                  6.5409070427202453E-012                  0.0000000000000000E+000                  0.0000000000000000E+000 
                                     458                  9.9683850987434253E-001                 -7.8551901287799500E-002                  5.9159153095253902E+000                 -1.3242140973998795E+000                  1.2711542584081956E+001                  6.9999998787002360E-001                  2.8000001212997655E-001                  1.9999999999999796E-002                  7.9332377932171402E-012                  0.0000000000000000E+000                  0.0000000000000000E+000 
                                     459                  9.9673277167859220E-001                 -7.9337306210861519E-002                  5.9224337424915205E+000                 -1.3143066906953442E+000                  1.2728049540182839E+001                  6.9999998787002360E-001                  2.8000001212997655E-001                  1.9999999999999796E-002                  9.6157712313618839E-012                  0.0000000000000000E+000                  0.0000000000000000E+000 
                                     460                  9.9662358471618717E-001                 -8.0134380505993766E-002                  5.9289609471105909E+000                 -1.3043862528114403E+000                  1.2744577588588662E+001                  6.9999998787002360E-001                  2.8000001212997655E-001                  1.9999999999999796E-002                  1.1647735216874802E-011                  0.0000000000000000E+000                  0.0000000000000000E+000 
                                     461                  9.9651084031373194E-001                 -8.0943311662355535E-002                  5.9354971010795463E+000                 -1.2944525748371207E+000                  1.2761127130250973E+001                  6.9999998787002360E-001                  2.8000001212997655E-001                  1.9999999999999796E-002                  1.4100195586671240E-011                  0.0000000000000000E+000                  0.0000000000000000E+000 
                                     462                  9.9639442654375532E-001                 -8.1764290755882985E-002                  5.9420423825642867E+000                 -1.2845054405451837E+000                  1.2777698573480000E+001                  6.9999998787002360E-001                  2.8000001212997655E-001                  1.9999999999999796E-002                  1.7058372879847038E-011                  0.0000000000000000E+000                  0.0000000000000000E+000 
                                     463                  9.9627422813402478E-001                 -8.2597512539233628E-002                  5.9485969696683965E+000                 -1.2745446255039279E+000                  1.2794292334270303E+001                  6.9999998787002360E-001                  2.8000001212997655E-001                  1.9999999999999796E-002                  2.0624403551761122E-011                  0.0000000000000000E+000                  0.0000000000000000E+000 
                                     464                  9.9615012637463618E-001                 -8.3443175532865024E-002                  5.9551610391250600E+000                 -1.2645698955249414E+000                  1.2810908836626783E+001                  6.9999998787002360E-001                  2.8000001212997655E-001                  1.9999999999999796E-002                  2.4920628229548314E-011                  0.0000000000000000E+000                  0.0000000000000000E+000 
                                     465                  9.9602199902276933E-001                 -8.4301482116333121E-002                  5.9617347653922890E+000                 -1.2545810052871660E+000                  1.2827548512896785E+001                  6.9999998787002360E-001                  2.8000001212997655E-001                  1.9999999999999796E-002                  3.0093505853651908E-011                  0.0000000000000000E+000                  0.0000000000000000E+000 
                                     466                  9.9588972020503774E-001                 -8.5172638620208380E-002                  5.9683183210779882E+000                 -1.2445777007259855E+000                  1.2844211804111145E+001                  6.9999998787002360E-001                  2.8000001212997655E-001                  1.9999999999999796E-002                  3.6318270963758090E-011                  0.0000000000000000E+000                  0.0000000000000000E+000 
                                     467                  9.9575316031734940E-001                 -8.6056855426339909E-002                  5.9749118781521151E+000                 -1.2345597220662070E+000                  1.2860899160348017E+001                  6.9999998787002360E-001                  2.8000001212997655E-001                  1.9999999999999796E-002                  4.3804472714437753E-011                  0.0000000000000000E+000                  0.0000000000000000E+000 
                                     468                  9.9561218592202572E-001                 -8.6954347079678682E-002                  5.9815156087327557E+000                 -1.2245268004875065E+000                  1.2877611041134822E+001                  6.9999998787002360E-001                  2.8000001212997655E-001                  1.9999999999999796E-002                  5.2802559249122087E-011                  0.0000000000000000E+000                  0.0000000000000000E+000 
                                     469                  9.9546665964201908E-001                 -8.7865332399593613E-002                  5.9881296850019279E+000                 -1.2144786531862637E+000                  1.2894347915861363E+001                  6.9999998787002360E-001                  2.8000001212997655E-001                  1.9999999999999796E-002                  6.3611699911265595E-011                  0.0000000000000000E+000                  0.0000000000000000E+000 
                                     470                  9.9531644005263287E-001                 -8.8790034583737798E-002                  5.9947542790070321E+000                 -1.2044149787055882E+000                  1.2911110264173614E+001                  6.9999998787002360E-001                  2.8000001212997655E-001                  1.9999999999999796E-002                  7.6589073833187810E-011                  0.0000000000000000E+000                  0.0000000000000000E+000 
                                     471                  9.9516138157073319E-001                 -8.9728681304032276E-002                  6.0013895625738911E+000                 -1.1943354638964525E+000                  1.2927898576349087E+001                  6.9999998787002360E-001                  2.8000001212997655E-001                  1.9999999999999796E-002                  9.2160892377983302E-011                  1.4717812075375224E-036                  0.0000000000000000E+000 
                                     472                  9.9500133434139215E-001                 -9.0681504819685607E-002                  6.0080357078516613E+000                 -1.1842397897255712E+000                  1.2944713353660763E+001                  6.9999998787002360E-001                  2.8000001212997655E-001                  1.9999999999999796E-002                  1.1083547530056139E-010                  2.9824060387522919E-036                  0.0000000000000000E+000 
                                     473                  9.9483614412190313E-001                 -9.1648742106376246E-002                  6.0146928890573985E+000                 -1.1741276380311461E+000                  1.2961555108744719E+001                  6.9999998787002360E-001                  2.8000001212997655E-001                  1.9999999999999796E-002                  1.3321875833260527E-010                  6.0293373725856943E-036                  0.0000000000000000E+000 
                                     474                  9.9466565216292036E-001                 -9.2630635006404061E-002                  6.0213612840004531E+000                 -1.1639986838983789E+000                  1.2978424366006779E+001                  6.9999998787002360E-001                  2.8000001212997655E-001                  1.9999999999999796E-002                  1.6003267925910426E-010                  1.2160742267860765E-035                  0.0000000000000000E+000 
                                     475                  9.9448969508620588E-001                 -9.3627430371064871E-002                  6.0280410747805977E+000                 -1.1538525923848253E+000                  1.2995321662056559E+001                  6.9999998787002360E-001                  2.8000001212997655E-001                  1.9999999999999796E-002                  1.9213696110027809E-010                  2.4470716889338402E-035                  0.0000000000000000E+000 
                                     476                  9.9430810475947218E-001                 -9.4639380200726597E-002                  6.0347324489093408E+000                 -1.1436890165228224E+000                  1.3012247546122831E+001                  6.9999998787002360E-001                  2.8000001212997655E-001                  1.9999999999999796E-002                  2.3055491435421016E-010                  4.9129000833986221E-035                  0.0000000000000000E+000 
                                     477                  9.9412070816863773E-001                 -9.5666741783198686E-002                  6.0414356003160439E+000                 -1.1335076022305619E+000                  1.3029202580434918E+001                  6.9999998787002360E-001                  2.8000001212997655E-001                  1.9999999999999796E-002                  2.7650398276255342E-010                  9.8410741523624982E-035                  0.0000000000000000E+000 
                                     478                  9.9392732728751410E-001                 -9.6709777846557099E-002                  6.0481507301038961E+000                 -1.1233079893291702E+000                  1.3046187340573946E+001                  6.9999998787002360E-001                  2.8000001212997655E-001                  1.9999999999999796E-002                  3.3143189391389084E-010                  1.9668409400242193E-034                  0.0000000000000000E+000 
                                     479                  9.9372777894495345E-001                 -9.7768756718230515E-002                  6.0548780478401474E+000                 -1.1130898123712125E+000                  1.3063202415805689E+001                  6.9999998787002360E-001                  2.8000001212997655E-001                  1.9999999999999796E-002                  3.9705943243409695E-010                  3.9221771746103928E-034                  0.0000000000000000E+000 
                                     480                  9.9352187468926711E-001                 -9.8843952491313586E-002                  6.0616177726759304E+000                 -1.1028527014376968E+000                  1.3080248409434832E+001                  6.9999998787002360E-001                  2.8000001212997655E-001                  1.9999999999999796E-002                  4.7543102775892393E-010                  7.8041521081246971E-034                  0.0000000000000000E+000 
                                     481                  9.9330942064919481E-001                 -9.9935645202279766E-002                  6.0683701340928939E+000                 -1.0925962811509946E+000                  1.3097325939194970E+001                  6.9999998787002360E-001                  2.8000001212997655E-001                  1.9999999999999796E-002                  5.6897456375787521E-010                  1.5494386302082382E-033                  0.0000000000000000E+000 
                                     482                  9.9309021739169268E-001                 -1.0104412101429243E-001                  6.0751353730027056E+000                 -1.0823201699740954E+000                  1.3114435637634228E+001                  6.9999998787002360E-001                  2.8000001212997655E-001                  1.9999999999999796E-002                  6.8057207589887463E-010                  3.0696091724835375E-033                  0.0000000000000000E+000 
                                     483                  9.9286405977715098E-001                 -1.0216967240375732E-001                  6.0819137426507108E+000                 -1.0720239830862577E+000                  1.3131578152469038E+001                  6.9999998787002360E-001                  2.8000001212997655E-001                  1.9999999999999796E-002                  8.1364328156685195E-010                  6.0682306522102621E-033                  0.0000000000000000E+000 
                                     484                  9.9263073681221292E-001                 -1.0331259835901063E-001                  6.0887055090125983E+000                 -1.0617073312990037E+000                  1.3148754146904054E+001                  6.9999998787002360E-001                  2.8000001212997655E-001                  1.9999999999999796E-002                  9.7224424817978850E-010                  1.1970766346724949E-032                  0.0000000000000000E+000 
                                     485                  9.9239003150032590E-001                 -1.0447320458124794E-001                  6.0955109510120646E+000                 -1.0513698197755319E+000                  1.3165964299925349E+001                  6.9999998787002360E-001                  2.8000001212997655E-001                  1.9999999999999796E-002                  1.1611839074014799E-009                  2.3565336599595429E-032                  0.0000000000000000E+000 
                                     486                  9.9214172068995055E-001                 -1.0565180368788002E-001                  6.1023303606394146E+000                 -1.0410110501405767E+000                  1.3183209306605388E+001                  6.9999998787002360E-001                  2.8000001212997655E-001                  1.9999999999999796E-002                  1.3861615945154160E-009                  4.6294394162738576E-032                  0.0000000000000000E+000 
                                     487                  9.9188557491961338E-001                 -1.0684871543190902E-001                  6.1091640423791098E+000                 -1.0306306186635703E+000                  1.3200489878445460E+001                  6.9999998787002360E-001                  2.8000001212997655E-001                  1.9999999999999796E-002                  1.6539293599186016E-009                  9.0760693115173151E-032                  0.0000000000000000E+000 
                                     488                  9.9162135825994013E-001                 -1.0806426692658090E-001                  6.1160123114854636E+000                 -1.0202281135797093E+000                  1.3217806743726229E+001                  6.9999998787002360E-001                  2.8000001212997655E-001                  1.9999999999999796E-002                  1.9724834190514101E-009                  1.7757982346759005E-031                  0.0000000000000000E+000 
                                     489                  9.9134882815338210E-001                 -1.0929879286965602E-001                  6.1228754926468021E+000                 -1.0098031150430673E+000                  1.3235160647839262E+001                  6.9999998787002360E-001                  2.8000001212997655E-001                  1.9999999999999796E-002                  2.3512899300412932E-009                  3.4675902956224121E-031                  0.0000000000000000E+000 
                                     490                  9.9106773525189518E-001                 -1.1055263577377986E-001                  6.1297539185729253E+000                 -9.9935519366937919E-001                  1.3252552353593908E+001                  6.9999998787002360E-001                  2.8000001212997655E-001                  1.9999999999999796E-002                  2.8015511718768093E-009                  6.7579086505276830E-031                  0.0000000000000000E+000 
                                     491                  9.9077782325283081E-001                 -1.1182614619853859E-001                  6.1366479273246810E+000                 -9.8888390767612533E-001                  1.3269982641500665E+001                  6.9999998787002360E-001                  2.8000001212997655E-001                  1.9999999999999796E-002                  3.3365191721265120E-009                  1.3144959249478200E-030                  0.0000000000000000E+000 
                                     492                  9.9047882873313831E-001                 -1.1311968298022854E-001                  6.1435578605730319E+000                 -9.7838880079354851E-001                  1.3287452310062640E+001                  6.9999998787002360E-001                  2.8000001212997655E-001                  1.9999999999999796E-002                  3.9718652230378850E-009                  2.5519988563189372E-030                  0.0000000000000000E+000 
                                     493                  9.9017048098106852E-001                 -1.1443361346523402E-001                  6.1504840628525530E+000                 -9.6786940249530984E-001                  1.3304962176097138E+001                  6.9999998787002360E-001                  2.8000001212997655E-001                  1.9999999999999796E-002                  4.7261151404091790E-009                  4.9452449151442730E-030                  0.0000000000000000E+000 
                                     494                  9.8985250182564066E-001                 -1.1576831375323697E-001                  6.1574268806467423E+000                 -9.5732522678351750E-001                  1.3322513075070354E+001                  6.9999998787002360E-001                  2.8000001212997655E-001                  1.9999999999999796E-002                  5.6211617693282668E-009                  9.5651739851082869E-030                  0.0000000000000000E+000 
                                     495                  9.8952460546440779E-001                 -1.1712416894441502E-001                  6.1643866619908874E+000                 -9.4675577036190550E-001                  1.3340105861430381E+001                  6.9999998787002360E-001                  2.8000001212997655E-001                  1.9999999999999796E-002                  6.6828683503727958E-009                  1.8467459400666145E-029                  0.0000000000000000E+000 
                                     496                  9.8918649828982230E-001                 -1.1850157338811607E-001                  6.1713637571364846E+000                 -9.3616051429128144E-001                  1.3357741408926453E+001                  6.9999998787002360E-001                  2.8000001212997655E-001                  1.9999999999999796E-002                  7.9417787361073865E-009                  3.5591145393536330E-029                  0.0000000000000000E+000 
                                     497                  9.8883787871479933E-001                 -1.1990093094244114E-001                  6.1783585197425293E+000                 -9.2553892452822417E-001                  1.3375420610909696E+001                  6.9999998787002360E-001                  2.8000001212997655E-001                  1.9999999999999796E-002                  9.4339532561213577E-009                  6.8471293250961626E-029                  0.0000000000000000E+000 
                                     498                  9.8847843699768856E-001                 -1.2132265524216719E-001                  6.1853713076468919E+000                 -9.1489045149088633E-001                  1.3393144380645337E+001                  6.9999998787002360E-001                  2.8000001212997655E-001                  1.9999999999999796E-002                  1.1201952133079144E-008                  1.3149765254098281E-028                  0.0000000000000000E+000 
                                     499                  9.8810785506590393E-001                 -1.2276716997634703E-001                  6.1924024842016010E+000                 -9.0421453153798348E-001                  1.3410913651659156E+001                  6.9999998787002360E-001                  2.8000001212997655E-001                  1.9999999999999796E-002                  1.3295992407538664E-008                  2.5210502183671321E-028                  0.0000000000000000E+000 
                                     500                  9.8772580633850737E-001                 -1.2423490918203525E-001                  6.1994524200421202E+000                 -8.9351058810699180E-001                  1.3428729378113939E+001                  6.9999998787002360E-001                  2.8000001212997655E-001                  1.9999999999999796E-002                  1.5775308864998363E-008                  4.8251429294952185E-028                  0.0000000000000000E+000 
                                     501                  9.8733195554807318E-001                 -1.2572631755370989E-001                  6.2065214940471725E+000                 -8.8277803193498872E-001                  1.3446592535205459E+001                  6.9999998787002360E-001                  2.8000001212997655E-001                  1.9999999999999796E-002                  1.8709754385179813E-008                  9.2196680768867763E-028                  0.0000000000000000E+000 
                                     502                  9.8692595856249155E-001                 -1.2724185076461969E-001                  6.2136100945195230E+000                 -8.7201626147361166E-001                  1.3464504119551393E+001                  6.9999998787002360E-001                  2.8000001212997655E-001                  1.9999999999999796E-002                  2.2181681798177292E-008                  1.7587663221999757E-027                  0.0000000000000000E+000 
                                     503                  9.8650746220794661E-001                 -1.2878197579810749E-001                  6.2207186204640594E+000                 -8.6122466409141907E-001                  1.3482465149581596E+001                  6.9999998787002360E-001                  2.8000001212997655E-001                  1.9999999999999796E-002                  2.6288156464207540E-008                  3.3496561567329552E-027                  0.0000000000000000E+000 
                                     504                  9.8607610409236823E-001                 -1.3034717129666717E-001                  6.2278474821967418E+000                 -8.5040261606708545E-001                  1.3500476665972911E+001                  6.9999998787002360E-001                  2.8000001212997655E-001                  1.9999999999999796E-002                  3.1143557099635240E-008                  6.3694684688361412E-027                  0.0000000000000000E+000 
                                     505                  9.8563151242893920E-001                 -1.3193792792825068E-001                  6.2349971018432626E+000                 -8.3954948192497336E-001                  1.3518539732145378E+001                  6.9999998787002360E-001                  2.8000001212997655E-001                  1.9999999999999796E-002                  3.6882632789192808E-008                  1.2092854775060793E-026                  0.0000000000000000E+000 
                                     506                  9.8517330585987883E-001                 -1.3355474876862347E-001                  6.2421679137897952E+000                 -8.2866461511367950E-001                  1.3536655434812559E+001                  6.9999998787002360E-001                  2.8000001212997655E-001                  1.9999999999999796E-002                  4.3664095686084948E-008                  2.2923933407384201E-026                  0.0000000000000000E+000 
                                     507                  9.8470109328120703E-001                 -1.3519814970419988E-001                  6.2493603647366811E+000                 -8.1774735726126990E-001                  1.3554824884556133E+001                  6.9999998787002360E-001                  2.8000001212997655E-001                  1.9999999999999796E-002                  5.1674842733903459E-008                  4.3390659363106409E-026                  0.0000000000000000E+000 
                                     508                  9.8421447367010118E-001                 -1.3686865984696817E-001                  6.2565749132653963E+000                 -8.0679703685718462E-001                  1.3573049216423998E+001                  6.9999998787002360E-001                  2.8000001212997655E-001                  1.9999999999999796E-002                  6.1134915685155508E-008                  8.2009178525910147E-026                  0.0000000000000000E+000 
                                     509                  9.8371303591428927E-001                 -1.3856682196359296E-001                  6.2638120295449751E+000                 -7.9581296890005415E-001                  1.3591329590595299E+001                  6.9999998787002360E-001                  2.8000001212997655E-001                  1.9999999999999796E-002                  7.2303328250342144E-008                  1.5477477375729856E-025                  0.0000000000000000E+000 
                                     510                  9.8319635864271582E-001                 -1.4029319292729273E-001                  6.2710721949747397E+000                 -7.8479445382946200E-001                  1.3609667193138746E+001                  6.9999998787002360E-001                  2.8000001212997655E-001                  1.9999999999999796E-002                  8.5484911362373118E-008                  2.9169025497479186E-025                  0.0000000000000000E+000 
                                     511                  9.8266401005750970E-001                 -1.4204834419189580E-001                  6.2783559014193298E+000                 -7.7374077592606305E-001                  1.3628063236861456E+001                  6.9999998787002360E-001                  2.8000001212997655E-001                  1.9999999999999796E-002                  1.0103835303023953E-007                  5.4895943653098421E-025                  0.0000000000000000E+000 
                                     512                  9.8211554776795262E-001                 -1.4383286228577027E-001                  6.2856636508682584E+000                 -7.6265120215710769E-001                  1.3646518962225567E+001                  6.9999998787002360E-001                  2.8000001212997655E-001                  1.9999999999999796E-002                  1.1938564165436480E-007                  1.0317341670024605E-024                  0.0000000000000000E+000 
                                     513                  9.8155051862775300E-001                 -1.4564734932545864E-001                  6.2929959551641268E+000                 -7.5152498150672919E-001                  1.3665035638336757E+001                  6.9999998787002360E-001                  2.8000001212997655E-001                  1.9999999999999796E-002                  1.4102315651525479E-007                  1.9364988599261149E-024                  0.0000000000000000E+000 
                                     514                  9.8096845857499604E-001                 -1.4749242355581085E-001                  6.3003533356248864E+000                 -7.4036134318914848E-001                  1.3683614564040553E+001                  6.9999998787002360E-001                  2.8000001212997655E-001                  1.9999999999999796E-002                  1.6653469205902607E-007                  3.6299547422746572E-024                  0.0000000000000000E+000 
                                     515                  9.8036889247408876E-001                 -1.4936871991678685E-001                  6.3077363230980810E+000                 -7.2915949550066572E-001                  1.3702257069151369E+001                  6.9999998787002360E-001                  2.8000001212997655E-001                  1.9999999999999796E-002                  1.9660675359605556E-007                  6.7956715874945005E-024                  0.0000000000000000E+000 
                                     516                  9.7975133395935432E-001                 -1.5127689064309816E-001                  6.3151454581105506E+000                 -7.1791862543706797E-001                  1.3720964515818769E+001                  6.9999998787002360E-001                  2.8000001212997655E-001                  1.9999999999999796E-002                  2.3204651923676436E-007                  1.2706426740356201E-023                  0.0000000000000000E+000 
                                     517                  9.7911528528073744E-001                 -1.5321760590141259E-001                  6.3225812910788601E+000                 -7.0663789658074128E-001                  1.3739738300014508E+001                  6.9999998787002360E-001                  2.8000001212997655E-001                  1.9999999999999796E-002                  2.7380293379179759E-007                  2.3729416149405588E-023                  0.0000000000000000E+000 
                                     518                  9.7846023715275321E-001                 -1.5519155445702709E-001                  6.3300443827272117E+000                 -6.9531644842266649E-001                  1.3758579853143143E+001                  6.9999998787002360E-001                  2.8000001212997655E-001                  1.9999999999999796E-002                  3.2299148014254525E-007                  4.4262498633081341E-023                  0.0000000000000000E+000 
                                     519                  9.7778566860595562E-001                 -1.5719944438165120E-001                  6.3375353045775933E+000                 -6.8395339550611234E-001                  1.3777490643809152E+001                  6.9999998787002360E-001                  2.8000001212997655E-001                  1.9999999999999796E-002                  3.8092327006434883E-007                  8.2467490553184163E-023                  0.0000000000000000E+000 
                                     520                  9.7709104683998760E-001                 -1.5924200380776329E-001                  6.3450546394994083E+000                 -6.7254782514786215E-001                  1.3796472179771591E+001                  6.9999998787002360E-001                  2.8000001212997655E-001                  1.9999999999999796E-002                  4.4913921020139643E-007                  1.5347596443392860E-022                  0.0000000000000000E+000 
                                     521                  9.7637582707721282E-001                 -1.6131998172913142E-001                  6.3526029822202075E+000                 -6.6109879692525120E-001                  1.3815526010073551E+001                  6.9999998787002360E-001                  2.8000001212997655E-001                  1.9999999999999796E-002                  5.2945012697326447E-007                  2.8531296512842367E-022                  0.0000000000000000E+000 
                                     522                  9.7563945241893135E-001                 -1.6343414885316823E-001                  6.3598166917590726E+000                 -6.4923463416959915E-001                  1.3834653727323703E+001                  6.9999998483082937E-001                  2.8000001516917072E-001                  1.9999999999999907E-002                  6.2041992666342086E-007                  5.1552196366960818E-022                  0.0000000000000000E+000 
                                     523                  9.7488135370427820E-001                 -1.6558344940721906E-001                  6.3666833684844200E+000                 -6.3694150475733780E-001                  1.3853856650233473E+001                  6.9999997941034409E-001                  2.8000002058965601E-001                  1.9999999999999907E-002                  7.2265167955928964E-007                  9.0492641394191438E-022                  0.0000000000000000E+000 
                                     524                  9.7410094937055036E-001                 -1.6776666477848243E-001                  6.3732574702761786E+000                 -6.2427389474398565E-001                  1.3873135802801736E+001                  6.9999997349599985E-001                  2.8000002650400024E-001                  1.9999999999999907E-002                  8.3747328918468305E-007                  1.5501473786994160E-021                  0.0000000000000000E+000 
                                     525                  9.7329764531329122E-001                 -1.6998275836534701E-001                  6.3795818855250426E+000                 -6.1127474435916895E-001                  1.3892491954122042E+001                  6.9999996348071936E-001                  2.8000003651928079E-001                  1.9999999999999796E-002                  9.6635872643410435E-007                  2.6005260495052888E-021                  0.0000000000000000E+000 
                                     526                  9.7247083474824736E-001                 -1.7223083512398657E-001                  6.3856909302854428E+000                 -5.9797847822077088E-001                  1.3911925650145765E+001                  6.9999995053622466E-001                  2.8000004946377549E-001                  1.9999999999999796E-002                  1.1109437939944711E-006                  4.2845349993856746E-021                  0.0000000000000000E+000 
                                     527                  9.7161989807578641E-001                 -1.7451011156024415E-001                  6.3916124372093739E+000                 -5.8441311169132160E-001                  1.3931437239444769E+001                  6.9999994125368514E-001                  2.8000005874631478E-001                  2.0000000000000018E-002                  1.2730434148452329E-006                  6.9485327383088003E-021                  0.0000000000000000E+000 
                                     528                  9.7074420274640227E-001                 -1.7681989302962384E-001                  6.3973692465385099E+000                 -5.7060174479360437E-001                  1.3951026894437069E+001                  6.9999993255198345E-001                  2.8000006744801675E-001                  1.9999999999999796E-002                  1.4546705510287917E-006                  1.1113299950142122E-020                  0.0000000000000000E+000 
                                     529                  9.6984310312574074E-001                 -1.7915955624194679E-001                  6.4029802979009940E+000                 -5.5656366176460303E-001                  1.3970694629094940E+001                  6.9999992362904084E-001                  2.8000007637095936E-001                  1.9999999999999796E-002                  1.6580571318539236E-006                  1.7556077870940249E-020                  0.0000000000000000E+000 
                                     530                  9.6891594036077311E-001                 -1.8152853563670454E-001                  6.4084615387997825E+000                 -5.4231524179534429E-001                  1.3990440313874835E+001                  6.9999991369463643E-001                  2.8000008630536377E-001                  1.9999999999999796E-002                  1.8856797735407395E-006                  2.7429206756646786E-020                  0.0000000000000000E+000 
                                     531                  9.6796204224757632E-001                 -1.8392631317744598E-001                  6.4138266887390163E+000                 -5.2787072502834953E-001                  1.4010263688548111E+001                  6.9999990259714051E-001                  2.8000009740285947E-001                  2.0000000000000018E-002                  2.1402916395024980E-006                  4.2431316603649084E-020                  0.0000000000000000E+000 
                                     532                  9.6698072309917815E-001                 -1.8635241123528568E-001                  6.4190877216572488E+000                 -5.1324269242087306E-001                  1.4030164373555529E+001                  6.9999989020691900E-001                  2.8000010979308115E-001                  1.9999999999999796E-002                  2.4249560831156027E-006                  6.5053411533072010E-020                  0.0000000000000000E+000 
                                     533                  9.6597128361193574E-001                 -1.8880638732851154E-001                  6.4242551527870075E+000                 -4.9844234798599363E-001                  1.4050141880245185E+001                  6.9999987637999495E-001                  2.8000012362000504E-001                  2.0000000000000018E-002                  2.7430814665737424E-006                  9.8931323655209571E-020                  0.0000000000000000E+000 
                                     534                  9.6493301073136728E-001                 -1.9128782982136514E-001                  6.4293382665523753E+000                 -4.8347974184684317E-001                  1.4070195620170194E+001                  6.9999986090887134E-001                  2.8000013909112886E-001                  1.9999999999999796E-002                  3.0984598028597094E-006                  1.4934924450232977E-019                  0.0000000000000000E+000 
                                     535                  9.6386517751733092E-001                 -1.9379635438063625E-001                  6.4343453021727175E+000                 -4.6836395098976336E-001                  1.4090324913612426E+001                  6.9999984370318014E-001                  2.8000015629681996E-001                  1.9999999999999907E-002                  3.4953097646926380E-006                  2.2395728331834253E-019                  0.0000000000000000E+000 
                                     536                  9.6276704300637839E-001                 -1.9633160105724254E-001                  6.4392836061560974E+000                 -4.5310322669040809E-001                  1.4110528997480204E+001                  6.9999982452515741E-001                  2.8000017547484257E-001                  2.0000000000000018E-002                  3.9383245575710282E-006                  3.3379170567413722E-019                  0.0000000000000000E+000 
                                     537                  9.6163785206973884E-001                 -1.9889323188623129E-001                  6.4441597585607013E+000                 -4.3770511580392790E-001                  1.4130807032679495E+001                  6.9999980315570709E-001                  2.8000019684429295E-001                  2.0000000000000018E-002                  4.4327252184870818E-006                  4.9472250326381035E-019                  0.0000000000000000E+000 
                                     538                  9.6047683526711103E-001                 -2.0148092891815511E-001                  6.4489796782502822E+000                 -4.2217656084150251E-001                  1.4151158111035288E+001                  6.9999977935153346E-001                  2.8000022064846664E-001                  1.9999999999999907E-002                  4.9843199576347455E-006                  7.2950338457716624E-019                  0.0000000000000000E+000 
                                     539                  9.5928320869518147E-001                 -2.0409439261244378E-001                  6.4537487054247471E+000                 -4.0652397774590993E-001                  1.4171581261850818E+001                  6.9999975284248528E-001                  2.8000024715751476E-001                  2.0000000000000018E-002                  5.5995697659806050E-006                  1.0706694415383735E-018                  0.0000000000000000E+000 
                                     540                  9.5805617382801023E-001                 -2.0673334050845132E-001                  6.4584716279922469E+000                 -3.9075327668311860E-001                  1.4192075458172043E+001                  6.9999972332875260E-001                  2.8000027667124733E-001                  2.0000000000000018E-002                  6.2856573944808945E-006                  1.5646215998572492E-018                  0.0000000000000000E+000 
                                     541                  9.5679491734795108E-001                 -2.0939750585890993E-001                  6.4631526898366571E+000                 -3.7486986454154336E-001                  1.4212639622746392E+001                  6.9999969047790545E-001                  2.8000030952209470E-001                  1.9999999999999796E-002                  7.0505609039650636E-006                  2.2773694884133318E-018                  0.0000000000000000E+000 
                                     542                  9.5549861096610855E-001                 -2.1208663612122802E-001                  6.4677956429718186E+000                 -3.5887869200331640E-001                  1.4233272633647449E+001                  6.9999965385115415E-001                  2.8000034614884606E-001                  1.9999999999999796E-002                  7.9031377388222387E-006                  3.3025958190935836E-018                  0.0000000000000000E+000 
                                     543                  9.5416641123059476E-001                 -2.1480049158988415E-001                  6.4735874195617056E+000                 -3.3877141965703150E-001                  1.4259169834880604E+001                  6.9999960208103651E-001                  2.8000039791896369E-001                  1.9999999999999796E-002                  9.1121649710760693E-006                  5.2438846545540462E-018                  0.0000000000000000E+000 
                                     544                  9.5209892866075785E-001                 -2.1891757906047385E-001                  6.4798420959973795E+000                 -3.1643376735283224E-001                  1.4287758004132932E+001                  6.9999953698202122E-001                  2.8000046301797893E-001                  1.9999999999999796E-002                  1.0636264768199659E-005                  8.6348561146868711E-018                  0.0000000000000000E+000 
                                     545                  9.5031071956180291E-001                 -2.2238987866768470E-001                  6.4849208187730776E+000                 -2.9802622961764219E-001                  1.4311240042066038E+001                  6.9999947619888270E-001                  2.8000052380111745E-001                  1.9999999999999796E-002                  1.2062281984471020E-005                  1.2933855740772128E-017                  0.0000000000000000E+000 
                                     546                  9.4883614270574967E-001                 -2.2519452304124171E-001                  6.4894222944606152E+000                 -2.8157987776135507E-001                  1.4332183773724385E+001                  6.9999941564137780E-001                  2.8000058435862230E-001                  1.9999999999999907E-002                  1.3485402580247452E-005                  1.8487530112075503E-017                  0.0000000000000000E+000 
                                     547                  9.4732145219227626E-001                 -2.2802290044198914E-001                  6.4939004368567801E+000                 -2.6504792960661344E-001                  1.4353189286014501E+001                  6.9999934834317490E-001                  2.8000065165682525E-001                  1.9999999999999796E-002                  1.5069580510877953E-005                  2.6358913576826330E-017                  0.0000000000000000E+000 
                                     548                  9.4576571283394906E-001                 -2.3087482930009193E-001                  6.4983569779387489E+000                 -2.4843345376125436E-001                  1.4374255284046324E+001                  6.9999927357060221E-001                  2.8000072642939805E-001                  1.9999999999999796E-002                  1.6832651187247653E-005                  3.7491451117504054E-017                  0.0000000000000000E+000 
                                     549                  9.4416797252795992E-001                 -2.3375013683963616E-001                  6.5027934791877486E+000                 -2.3173935411491711E-001                  1.4395380464322717E+001                  6.9999919041535785E-001                  2.8000080958464219E-001                  2.0000000000000018E-002                  1.8794383173413399E-005                  5.3204177576792189E-017                  0.0000000000000000E+000 
                                     550                  9.4252726192059388E-001                 -2.3664865901263391E-001                  6.5072113659997655E+000                 -2.1496840082468141E-001                  1.4416563518622205E+001                  6.9999909815636596E-001                  2.8000090184363413E-001                  1.9999999999999907E-002                  2.0976687458132359E-005                  7.5338310703863279E-017                  0.0000000000000000E+000 
                                     551                  9.4084259405067450E-001                 -2.3957024061229368E-001                  6.5116119637327516E+000                 -1.9812326309036402E-001                  1.4437803137759509E+001                  6.9999899571641899E-001                  2.8000100428358116E-001                  1.9999999999999796E-002                  2.3403852094233354E-005                  1.0646014172876807E-016                  0.0000000000000000E+000 
                                     552                  9.3911296396864463E-001                 -2.4251473559522907E-001                  6.5159965158859832E+000                 -1.8120652431931303E-001                  1.4459098015187431E+001                  6.9999888199492921E-001                  2.8000111800507094E-001                  1.9999999999999796E-002                  2.6102799502675891E-005                  1.5014145081061633E-016                  0.0000000000000000E+000 
                                     553                  9.3733734834386384E-001                 -2.4548200748225060E-001                  6.5203661910311759E+000                 -1.6422068579886967E-001                  1.4480446850357277E+001                  6.9999875577410986E-001                  2.8000124422589023E-001                  1.9999999999999907E-002                  2.9103368658957043E-005                  2.1134659416256064E-016                  0.0000000000000000E+000 
                                     554                  9.3551470506291046E-001                 -2.4847192975988047E-001                  6.5247220884918598E+000                 -1.4716816935732513E-001                  1.4501848351863638E+001                  6.9999861570666888E-001                  2.8000138429333127E-001                  1.9999999999999796E-002                  3.2438626958576035E-005                  2.9696628644915819E-016                  0.0000000000000000E+000 
                                     555                  9.3364397281325651E-001                 -2.5148438628668640E-001                  6.5290652430987928E+000                 -1.3005131915556017E-001                  1.4523301240394311E+001                  6.9999846019390255E-001                  2.8000153980609749E-001                  2.0000000000000018E-002                  3.6145214839188391E-005                  4.1655287930357117E-016                  0.0000000000000000E+000 
                                     556                  9.3172407065555907E-001                 -2.5451927169392508E-001                  6.5333966291054466E+000                 -1.1287240312782174E-001                  1.4544804251380226E+001                  6.9999828778673678E-001                  2.8000171221326320E-001                  2.0000000000000018E-002                  4.0263726503433656E-005                  5.8333214452683636E-016                  0.0000000000000000E+000 
                                     557                  9.2975389760139693E-001                 -2.5757649175265745E-001                  6.5377171633457305E+000                 -9.5633613753139626E-002                  1.4566356137275360E+001                  6.9999809656925882E-001                  2.8000190343074133E-001                  1.9999999999999796E-002                  4.4839130234359594E-005                  8.1559414026603284E-016                  0.0000000000000000E+000 
                                     558                  9.2773233219665341E-001                 -2.6065596370545735E-001                  6.5420277077332525E+000                 -7.8337068846269814E-002                  1.4587955669524243E+001                  6.9999788452563305E-001                  2.8000211547436693E-001                  2.0000000000000018E-002                  4.9921232396318801E-005                  1.1386032438646809E-015                  0.0000000000000000E+000 
                                     559                  9.2565823210573384E-001                 -2.6375761657305885E-001                  6.5463290711874382E+000                 -6.0984811905831764E-002                  1.4609601640243589E+001                  6.9999764942731779E-001                  2.8000235057268230E-001                  1.9999999999999907E-002                  5.5565189338691753E-005                  1.5872185543705269E-015                  0.0000000000000000E+000 
                                     560                  9.2353043370185528E-001                 -2.6688139142710471E-001                  6.5506220110535178E+000                 -4.3578812196729967E-002                  1.4631292863549067E+001                  6.9999738881105744E-001                  2.8000261118894254E-001                  2.0000000000000018E-002                  6.1832071950212444E-005                  2.2094854323714847E-015                  0.0000000000000000E+000 
                                     561                  9.2134775167719041E-001                 -2.7002724160951286E-001                  6.5549072370674910E+000                 -2.6120967798126827E-002                  1.4653028176479374E+001                  6.9999709995457693E-001                  2.8000290004542316E-001                  1.9999999999999907E-002                  6.8789490604330010E-005                  3.0715537055940751E-015                  0.0000000000000000E+000 
                                     562                  9.1910897867658370E-001                 -2.7319513291916309E-001                  6.5591854241602041E+000                 -8.6131179935686197E-003                  1.4674806439577955E+001                  6.9999677966837348E-001                  2.8000322033162661E-001                  1.9999999999999907E-002                  7.6512294195643353E-005                  4.2644091337975555E-015                  0.0000000000000000E+000 
                                     563                  9.1681288494930191E-001                 -2.7638504384869694E-001                  6.5634572261620328E+000                  8.9429429146594807E-003                  1.4696626537237380E+001                  6.9999642496070591E-001                  2.8000357503929396E-001                  2.0000000000000129E-002                  8.5083348180267290E-005                  5.9130802374252513E-015                  0.0000000000000000E+000 
                                     564                  9.1445821801469029E-001                 -2.7959696589709260E-001                  6.5677232826866758E+000                  2.6545458760244684E-002                  1.4718487377806204E+001                  6.9999603200025717E-001                  2.8000396799974281E-001                  2.0000000000000018E-002                  9.4594392212785452E-005                  8.1892204457480185E-015                  0.0000000000000000E+000 
                                     565                  9.1204370235740861E-001                 -2.8283090389376525E-001                  6.5719842244728941E+000                  4.4192705752162803E-002                  1.4740387893395068E+001                  6.9999559672405898E-001                  2.8000440327594084E-001                  2.0000000000000240E-002                  1.0514699020205419E-004                  1.1328293180366907E-014                  0.0000000000000000E+000 
                                     566                  9.0956803916128415E-001                 -2.8608687632201807E-001                  6.5762406783994827E+000                  6.1882987219352703E-002                  1.4762327039432497E+001                  6.9999511464113418E-001                  2.8000488535886575E-001                  2.0000000000000018E-002                  1.1685358373208249E-004                  1.5653030119480467E-014                  0.0000000000000000E+000 
                                     567                  9.0702990607439404E-001                 -2.8936491565603045E-001                  6.5804932722003109E+000                  7.9614628253799752E-002                  1.4784303794123407E+001                  6.9999458078722809E-001                  2.8000541921277161E-001                  2.0000000000000240E-002                  1.2983866065849293E-004                  2.1605438042920047E-014                  0.0000000000000000E+000 
                                     568                  9.0442795698927225E-001                 -2.9266506874003506E-001                  6.5847426388754782E+000                  9.7385970367856123E-002                  1.4806317157830771E+001                  6.9999398967465665E-001                  2.8000601032534289E-001                  2.0000000000000462E-002                  1.4424005186803763E-004                  2.9790448221903581E-014                  0.0000000000000000E+000 
                                     569                  9.0176082185804673E-001                 -2.9598739718998685E-001                  6.5889894207712540E+000                  1.1519536670488056E-001                  1.4828366152279406E+001                  6.9999333490990145E-001                  2.8000666509009786E-001                  2.0000000000000684E-002                  1.6021037078363924E-004                  4.1035424114103276E-014                  0.0000000000000000E+000 
                                     570                  8.9902710655584950E-001                 -2.9933197780442533E-001                  6.5932342733230644E+000                  1.3304117708666879E-001                  1.4850449819596676E+001                  6.9999261038919369E-001                  2.8000738961080562E-001                  2.0000000000000684E-002                  1.7791861249503578E-004                  5.6471259101521986E-014                  0.0000000000000000E+000 
                                     571                  8.9622539278808022E-001                 -3.0269890299973340E-001                  6.5974778684816728E+000                  1.5092176402550506E-001                  1.4872567221351177E+001                  6.9999180841394903E-001                  2.8000819158604989E-001                  2.0000000000001128E-002                  1.9755192918238424E-004                  7.7642875760225246E-014                  0.0000000000000000E+000 
                                     572                  8.9335423801728897E-001                 -3.0608828129916421E-001                  6.6017208975287014E+000                  1.6883548869843637E-001                  1.4894717437644108E+001                  6.9999092078250602E-001                  2.8000907921749235E-001                  2.0000000000001572E-002                  2.1931760356653449E-004                  1.0665974876976769E-013                  0.0000000000000000E+000 
                                     573                  8.9041217542764772E-001                 -3.0950023785990949E-001                  6.6059640621240385E+000                  1.8678071940242588E-001                  1.4916899566149121E+001                  6.9998993842504664E-001                  2.8001006157495123E-001                  2.0000000000002127E-002                  2.4344520774055630E-004                  1.4640083091101399E-013                  0.0000000000000000E+000 
                                     574                  8.8739771394313693E-001                 -3.1293491492672026E-001                  6.6112947244579647E+000                  2.0921392974854086E-001                  1.4944656469282450E+001                  6.9998855863494736E-001                  2.8001144136504935E-001                  2.0000000000003348E-002                  2.7739346481253348E-004                  2.1760101178430154E-013                  0.0000000000000000E+000 
                                     575                  8.8273695256983753E-001                 -3.1813047124764482E-001                  6.6165772946638262E+000                  2.3177186112781561E-001                  1.4972489638560988E+001                  6.9998699922298047E-001                  2.8001300077701458E-001                  2.0000000000004903E-002                  3.1583523415042901E-004                  3.2208601652877253E-013                  0.0000000000000000E+000 
                                     576                  8.7953481196249039E-001                 -3.2162269533776616E-001                  6.6197487219419493E+000                  2.4532675009659421E-001                  1.4989211828807024E+001                  6.9998596479522235E-001                  2.8001403520477147E-001                  2.0000000000006235E-002                  3.4138145974474269E-004                  4.0732624684217217E-013                  0.0000000000000000E+000 
                                     577                  8.7790466329934247E-001                 -3.2337743359311516E-001                  6.6224114700429650E+000                  2.5660222515867215E-001                  1.5003147104221354E+001                  6.9998503788730471E-001                  2.8001496211268773E-001                  2.0000000000007567E-002                  3.6429507069888766E-004                  4.9576459049397944E-013                  0.0000000000000000E+000 
                                     578                  8.7542253287769656E-001                 -3.2602061984936920E-001                  6.6261413425174185E+000                  2.7240351674457974E-001                  1.5022674402577202E+001                  6.9998363775675421E-001                  2.8001636224323606E-001                  2.0000000000009788E-002                  3.9894887115351813E-004                  6.5246596762808464E-013                  0.0000000000000000E+000 
                                     579                  8.7204307494665689E-001                 -3.2956570367616195E-001                  6.6303975215050146E+000                  2.9050045232510185E-001                  1.5045023318763565E+001                  6.9998188032105912E-001                  2.8001811967892759E-001                  2.0000000000013340E-002                  4.4251349404069709E-004                  8.9202844264303251E-013                  0.0000000000000000E+000 
                                     580                  8.6858217992024367E-001                 -3.3313466529143709E-001                  6.6346577575045842E+000                  3.0861908649023773E-001                  1.5067398430406016E+001                  6.9997993595610386E-001                  2.8002006404387803E-001                  2.0000000000018114E-002                  4.9078055981403368E-004                  1.2188375897483113E-012                  0.0000000000000000E+000 
                                     581                  8.6503819723110209E-001                 -3.3672776568431823E-001                  6.6389224714824415E+000                  3.2675817228225645E-001                  1.5089798932259162E+001                  6.9997778568506575E-001                  2.8002221431490959E-001                  2.0000000000024665E-002                  5.4425336566647211E-004                  1.6644451896540784E-012                  0.0000000000000000E+000 
                                     582                  8.6140945393941015E-001                 -3.4034528364115685E-001                  6.6431920390315859E+000                  3.4491651691607733E-001                  1.5112224025813521E+001                  6.9997540752587561E-001                  2.8002459247409056E-001                  2.0000000000033769E-002                  6.0348843267787064E-004                  2.2717397506830893E-012                  0.0000000000000000E+000 
                                     583                  8.5769425523864584E-001                 -3.4398751577256009E-001                  6.6474667898403998E+000                  3.6309298127204398E-001                  1.5134672917772717E+001                  6.9997277755567588E-001                  2.8002722244427847E-001                  2.0000000000045648E-002                  6.6910100763929996E-004                  3.0989934902007854E-012                  0.0000000000000000E+000 
                                     584                  8.5389088504893651E-001                 -3.4765477652327748E-001                  6.6517470078420917E+000                  3.8128647777309005E-001                  1.5157144818437875E+001                  6.9996986937653438E-001                  2.8003013062340332E-001                  2.0000000000062301E-002                  7.4177111109000277E-004                  4.2253437896906606E-012                  0.0000000000000000E+000 
                                     585                  8.4999760668638502E-001                 -3.5134739819544697E-001                  6.6560329399015723E+000                  3.9949596017964661E-001                  1.5179638940087662E+001                  6.9996665338747743E-001                  2.8003334661243801E-001                  2.0000000000084617E-002                  8.2225026421709781E-004                  5.7582164536431910E-012                  0.0000000000000000E+000 
                                     586                  8.4601266359994021E-001                 -3.5506573106848005E-001                  6.6603248167676963E+000                  4.1772040046237197E-001                  1.5202154495395400E+001                  6.9996309833736992E-001                  2.8003690166251533E-001                  2.0000000000114815E-002                  9.1136905269967956E-004                  7.8433792456854191E-012                  0.0000000000000000E+000 
                                     587                  8.4193428018151373E-001                 -3.5881014373244241E-001                  6.6646228692611027E+000                  4.3595877162698388E-001                  1.5224690695846929E+001                  6.9995916835908711E-001                  2.8004083164075716E-001                  2.0000000000155671E-002                  1.0100454867755350E-003                  1.0678552930220677E-011                  0.0000000000000000E+000 
                                     588                  8.3776066267671867E-001                 -3.6258102357527139E-001                  6.6689273343606681E+000                  4.5421003961610490E-001                  1.5247246750134428E+001                  6.9995482432898681E-001                  2.8004517567080228E-001                  2.0000000000210960E-002                  1.1192941785191062E-003                  1.4531829397296536E-011                  0.0000000000000000E+000 
                                     589                  8.3349000019806141E-001                 -3.6637877735850383E-001                  6.6732384599958179E+000                  4.7247315735042550E-001                  1.5269821862627145E+001                  6.9995002250094573E-001                  2.8004997749876859E-001                  2.0000000000285678E-002                  1.2402364771012585E-003                  1.9766591911505081E-011                  0.0000000000000000E+000 
                                     590                  8.2912046581724441E-001                 -3.7020383189493922E-001                  6.6775565091831481E+000                  4.9074705823247733E-001                  1.5292415232013363E+001                  6.9994471630589361E-001                  2.8005528369371974E-001                  2.0000000000386597E-002                  1.3741116819505740E-003                  2.6875226438995536E-011                  0.0000000000000000E+000 
                                     591                  8.2465021773470792E-001                 -3.7405663484401974E-001                  6.6818817634607717E+000                  5.0903065262696601E-001                  1.5315026050066615E+001                  6.9993885268766243E-001                  2.8006114731181414E-001                  2.0000000000523377E-002                  1.5222894274162322E-003                  3.6524717605717514E-011                  0.0000000000000000E+000 
                                     592                  8.2007740055521194E-001                 -3.7793765558322162E-001                  6.6862145255670704E+000                  5.2732282159096711E-001                  1.5337653500452005E+001                  6.9993237365451633E-001                  2.8006762634477561E-001                  2.0000000000708118E-002                  1.6862833811881867E-003                  4.9618312649995682E-011                  0.0000000000000000E+000 
                                     593                  8.1540014668404204E-001                 -3.8184738617831060E-001                  6.6905551213443761E+000                  5.4562241247150400E-001                  1.5360296757648824E+001                  6.9992521522249251E-001                  2.8007478477655023E-001                  2.0000000000957252E-002                  1.8677663777524893E-003                  6.7378904898709484E-011                  0.0000000000000000E+000 
                                     594                  8.1061657781319330E-001                 -3.8578634247385996E-001                  6.6949039008697193E+000                  5.6392823842064810E-001                  1.5382954986109668E+001                  6.9991730598819490E-001                  2.8008269401051133E-001                  2.0000000001293761E-002                  2.0685871540471845E-003                  9.1461779697903824E-011                  0.0000000000000000E+000 
                                     595                  8.0572480648857547E-001                 -3.8975506528571213E-001                  6.6992612387855521E+000                  5.8223907630029703E-001                  1.5405627339621397E+001                  6.9990856956840908E-001                  2.8009143042984291E-001                  2.0000000001747953E-002                  2.2907888580399409E-003                  1.2410705538626358E-010                  0.0000000000000000E+000 
                                     596                  8.0072293778453429E-001                 -3.9375412169716278E-001                  6.7036275335415398E+000                  6.0055366742162397E-001                  1.5428312960775157E+001                  6.9989891934112869E-001                  2.8010108065651035E-001                  2.0000000002361018E-002                  2.5366294553401925E-003                  1.6834578036767099E-010                  0.0000000000000000E+000 
                                     597                  7.9560907110639834E-001                 -3.9778410642662232E-001                  6.7080032037976647E+000                  6.1887071819500949E-001                  1.5451010980587075E+001                  6.9988826052514752E-001                  2.8011173947166457E-001                  2.0000000003187912E-002                  2.8086042334338180E-003                  2.2827854056021957E-010                  0.0000000000000000E+000 
                                     598                  7.9038130208966551E-001                 -4.0184564330275185E-001                  6.7123886827776493E+000                  6.3718890767133851E-001                  1.5473720518378604E+001                  6.9987648857754725E-001                  2.8012351141814984E-001                  2.0000000004302909E-002                  3.1094705890577462E-003                  3.0945205135665446E-010                  0.0000000000000000E+000 
                                     599                  7.8503772458304488E-001                 -4.0593938680063613E-001                  6.7167844136144135E+000                  6.5550689344034629E-001                  1.5496440681877061E+001                  6.9986348699180456E-001                  2.8013651300238918E-001                  2.0000000005806262E-002                  3.4422754064077203E-003                  4.1936818533474268E-010                  0.0000000000000000E+000 
                                     600                  7.7957643274049893E-001                 -4.1006602363999589E-001                  6.7211908458143670E+000                  6.7382331398161865E-001                  1.5519170567434426E+001                  6.9984913087122591E-001                  2.8015086912094089E-001                  2.0000000007833196E-002                  3.8103853769072774E-003                  5.6817199009769932E-010                  0.0000000000000000E+000 
                                     601                  7.7399552324285481E-001                 -4.1422627447147364E-001                  6.7256084324995626E+000                  6.9213679748151880E-001                  1.5541909260388906E+001                  6.9983327897847902E-001                  2.8016672101095641E-001                  2.0000000010564567E-002                  4.2175205255221134E-003                  7.6958162053439210E-010                  0.0000000000000000E+000 
                                     602                  7.6829309762083653E-001                 -4.1842089561952395E-001                  6.7300376285785832E+000                  7.1044596641946678E-001                  1.5564655835644826E+001                  6.9981577675719231E-001                  2.8018422322856290E-001                  2.0000000014244845E-002                  4.6677915083929303E-003                  1.0421452599246099E-009                  0.0000000000000000E+000 
                                     603                  7.6246726466625825E-001                 -4.2265068093890373E-001                  6.7344788897083818E+000                  7.2874943819853177E-001                  1.5587409358426610E+001                  6.9979645382837574E-001                  2.8020354615242132E-001                  2.0000000019202879E-002                  5.1657410374070433E-003                  1.4109400222721353E-009                  0.0000000000000000E+000 
                                     604                  7.5651614296266756E-001                 -4.2691646381012560E-001                  6.7389326719304252E+000                  7.4704582864084046E-001                  1.5610168885124295E+001                  6.9977512118994201E-001                  2.8022487878417585E-001                  2.0000000025882203E-002                  5.7163901893686848E-003                  1.9098683580364621E-009                  0.0000000000000000E+000 
                                     605                  7.5043786354901587E-001                 -4.3121911924910061E-001                  6.7433994319196096E+000                  7.6533375274053683E-001                  1.5632933464252590E+001                  6.9975157410119870E-001                  2.8024842586392390E-001                  2.0000000034877452E-002                  6.3252904906201694E-003                  2.5847622894810241E-009                  0.0000000000000000E+000 
                                     606                  7.4423057269437898E-001                 -4.3555956618733299E-001                  6.7478796277908577E+000                  7.8361182888493108E-001                  1.5655702137585291E+001                  6.9972558344681879E-001                  2.8027441650618962E-001                  2.0000000046991540E-002                  6.9985827787752246E-003                  3.4975799807904655E-009                  0.0000000000000000E+000 
                                     607                  7.3789243477693955E-001                 -4.3993876990751812E-001                  6.7523737206009118E+000                  8.0187867790395329E-001                  1.5678473941403249E+001                  6.9969689693731529E-001                  2.8030310299938177E-001                  2.0000000063302936E-002                  7.7430646487970664E-003                  4.7320796897344450E-009                  0.0000000000000000E+000 
                                     608                  7.3142163530662274E-001                 -4.4435774467446248E-001                  6.7568821807772173E+000                  8.2013291712700320E-001                  1.5701247907793860E+001                  6.9966523965095007E-001                  2.8033476026378545E-001                  2.0000000085264480E-002                  8.5662691048034607E-003                  6.4014937871749715E-009                  0.0000000000000000E+000 
                                     609                  7.2481638409483062E-001                 -4.4881755663197109E-001                  6.7614054993909170E+000                  8.3837315236070764E-001                  1.5724023066054807E+001                  6.9963030586970187E-001                  2.8036969401546685E-001                  2.0000000114831273E-002                  9.4765580260313016E-003                  8.6589122268725273E-009                  0.0000000000000000E+000 
                                     610                  7.1807491855628947E-001                 -4.5331932702522715E-001                  6.7648025428911316E+000                  8.5210298145242402E-001                  1.5741158682991783E+001                  6.9960173131922732E-001                  2.8039826853724981E-001                  2.0000000143522878E-002                  1.0222683982490778E-002                  1.0858125472817140E-008                  0.0000000000000000E+000 
                                     611                  7.1463521285550147E-001                 -4.5559758838070913E-001                  6.7670758186787721E+000                  8.6121139688041293E-001                  1.5752546358086967E+001                  6.9958149151611326E-001                  2.8041850831734033E-001                  2.0000000166546350E-002                  1.0751897595590334E-002                  1.2627526348357445E-008                  0.0000000000000000E+000 
                                     612                  7.1119550715471336E-001                 -4.5786386007659913E-001                  6.7693532130473502E+000                  8.7031481682800049E-001                  1.5763933194201979E+001                  6.9956023200731932E-001                  2.8043976779942231E-001                  2.0000000193258316E-002                  1.1308479144663769E-002                  1.4685085016985136E-008                  0.0000000000000000E+000 
                                     613                  7.0768598009057315E-001                 -4.6016416599470805E-001                  6.7716345924078745E+000                  8.7941442956877047E-001                  1.5775320229789019E+001                  6.9953790263824456E-001                  2.8046209713750408E-001                  2.0000000224251302E-002                  1.1893887913431116E-002                  1.7077608576700688E-008                  0.0000000000000000E+000 
                                     614                  7.0417645302643261E-001                 -4.6245276331596497E-001                  6.7750698689789042E+000                  8.9299412665239730E-001                  1.5792344403470382E+001                  6.9950231741046698E-001                  2.8049768230919347E-001                  2.0000000280339547E-002                  1.2828499548084382E-002                  2.1419434157003146E-008                  0.0000000000000000E+000 
                                     615                  6.9701609778251683E-001                 -4.6708773394469816E-001                  6.7796581101757765E+000                  9.1116398085149952E-001                  1.5815114545500101E+001                  6.9945056724545185E-001                  2.8054943237711510E-001                  2.0000000377432992E-002                  1.4191925704867504E-002                  2.8966037261755304E-008                  0.0000000000000000E+000 
                                     616                  6.8971282548313106E-001                 -4.7176977475464016E-001                  6.7831059988063069E+000                  9.2483803621651628E-001                  1.5832245306238486E+001                  6.9940824752735642E-001                  2.8059175200097086E-001                  2.0000000471672719E-002                  1.5310969542275177E-002                  3.6320126669551822E-008                  0.0000000000000000E+000 
                                     617                  6.8598894614927042E-001                 -4.7414023168604819E-001                  6.7854135907246240E+000                  9.3390684640189892E-001                  1.5843627572832105E+001                  6.9937828531974944E-001                  2.8062171413296633E-001                  2.0000000547284236E-002                  1.6105515051973298E-002                  4.2236753470326267E-008                  0.0000000000000000E+000 
                                     618                  6.8226506681540944E-001                 -4.7649994124882095E-001                  6.7877259347908820E+000                  9.4296915339449938E-001                  1.5855007997259651E+001                  6.9934682226332290E-001                  2.8065317710165899E-001                  2.0000000635018056E-002                  1.6942137064518924E-002                  4.9117763470874950E-008                  0.0000000000000000E+000 
                                     619                  6.7846818515765372E-001                 -4.7889524214118329E-001                  6.7900429574380308E+000                  9.5202618207458445E-001                  1.5866387707890588E+001                  6.9931378553920509E-001                  2.8068621372397606E-001                  2.0000000736818846E-002                  1.7823368581030893E-002                  5.7120316416484439E-008                  0.0000000000000000E+000 
                                     620                  6.7467130349989790E-001                 -4.8128015996065632E-001                  6.7935323473414728E+000                  9.6553834902660562E-001                  1.5883397586478109E+001                  6.9926116703752283E-001                  2.8073883204143463E-001                  2.0000000921042593E-002                  1.9233262622034952E-002                  7.1643438988846925E-008                  0.0000000000000000E+000 
                                     621                  6.6693007292431405E-001                 -4.8611246992297952E-001                  6.7981961547619179E+000                  9.8361400370537144E-001                  1.5906147406139480E+001                  6.9918468874639761E-001                  2.8081531001349913E-001                  2.0000001240103260E-002                  2.1299071918232187E-002                  9.6901503458632766E-008                  0.0000000000000000E+000 
                                     622                  6.5903997302085737E-001                 -4.9099818592779138E-001                  6.8016978960197640E+000                  9.9719317785092898E-001                  1.5923235432210992E+001                  6.9912229257883496E-001                  2.8087770587173111E-001                  2.0000001549433932E-002                  2.3001788030671842E-002                  1.2149024636353823E-007                  0.0000000000000000E+000 
                                     623                  6.5503867674496796E-001                 -4.9346142209457611E-001                  6.8040456889500573E+000                  1.0062100202976205E+000                  1.5934604550307720E+001                  6.9907809075476735E-001                  2.8092190744721712E-001                  2.0000001798015532E-002                  2.4218873372684368E-002                  1.4130623242053439E-007                  0.0000000000000000E+000 
                                     624                  6.5099966743156357E-001                 -4.9593869618414499E-001                  6.8063989784703125E+000                  1.0152195201621359E+000                  1.5945971530882611E+001                  6.9903170739822873E-001                  2.8096829051522915E-001                  2.0000002086542068E-002                  2.5507152353300176E-002                  1.6436089690589532E-007                  0.0000000000000000E+000 
                                     625                  6.4692278920054880E-001                 -4.9843025205077357E-001                  6.8087578751177826E+000                  1.0242214858173964E+000                  1.5957336264077615E+001                  6.9898304740775830E-001                  2.8101695017078959E-001                  2.0000002421452168E-002                  2.6872570742755703E-002                  1.9118541190961231E-007                  0.0000000000000000E+000 
                                     626                  6.4280789097916036E-001                 -5.0093634067781312E-001                  6.8111224889907671E+000                  1.0332157302000819E+000                  1.5968698641326313E+001                  6.9893200778173514E-001                  2.8106798940803707E-001                  2.0000002810227846E-002                  2.8321967712496170E-002                  2.2239847984744261E-007                  0.0000000000000000E+000 
                                     627                  6.3865482669080098E-001                 -5.0345722040516816E-001                  6.8134929298057498E+000                  1.0422020681570037E+000                  1.5980058555421696E+001                  6.9887848554350551E-001                  2.8112151119493212E-001                  2.0000003261562371E-002                  2.9863261954505962E-002                  2.5872084188948302E-007                  0.0000000000000000E+000 
                                     628                  6.3446345545002980E-001                 -5.0599315718199966E-001                  6.8158693069479659E+000                  1.0511803168306912E+000                  1.5991415900581934E+001                  6.9882237664907731E-001                  2.8117761956536275E-001                  2.0000003785559883E-002                  3.1505683154875959E-002                  3.0099220787085777E-007                  0.0000000000000000E+000 
                                     629                  6.3023364176398755E-001                 -5.0854442482797191E-001                  6.8182517295143006E+000                  1.0601502953455626E+000                  1.6002770572513931E+001                  6.9876357692983115E-001                  2.8123641867620408E-001                  2.0000004393964765E-002                  3.3260052113021840E-002                  3.5019101482054603E-007                  0.0000000000000000E+000 
                                     630                  6.2596525574052642E-001                 -5.1111130530765425E-001                  6.8206403063467969E+000                  1.0691118243322197E+000                  1.6014122468475026E+001                  6.9870198330478550E-001                  2.8129801159478601E-001                  2.0000005100428542E-002                  3.5139118294241371E-002                  4.0745748768018896E-007                  0.0000000000000000E+000 
                                     631                  6.2165817330320428E-001                 -5.1369408901982516E-001                  6.8230351460551786E+000                  1.0780647255218043E+000                  1.6025471487334503E+001                  6.9863749531720898E-001                  2.8136249876196845E-001                  2.0000005920822517E-002                  3.7157962784856710E-002                  4.7412056197729670E-007                  0.0000000000000000E+000 
                                     632                  6.1731227641251196E-001                 -5.1629307510262479E-001                  6.8254363570263186E+000                  1.0870088218016452E+000                  1.6036817529636146E+001                  6.9857001524553175E-001                  2.8142997788086677E-001                  2.0000006873601484E-002                  3.9334477279911344E-002                  5.5172931865286620E-007                  0.0000000000000000E+000 
                                     633                  6.1292745329386977E-001                 -5.1890857175243765E-001                  6.8278440474170541E+000                  1.0959439341119415E+000                  1.6048160497660465E+001                  6.9849945758082199E-001                  2.8150053443895301E-001                  2.0000007980224943E-002                  4.1689900829558653E-002                  6.4208969717603702E-007                  0.0000000000000000E+000 
                                     634                  6.0850359867333248E-001                 -5.2154089657620817E-001                  6.8302583251272333E+000                  1.1048698841089106E+000                  1.6059500295487865E+001                  6.9842574139812996E-001                  2.8157424933621711E-001                  2.0000009265652929E-002                  4.4249465905985379E-002                  7.4730736706241708E-007                  0.0000000000000000E+000 
                                     635                  6.0404061402141762E-001                 -5.2419037694351789E-001                  6.8326792977482960E+000                  1.1137864908192006E+000                  1.6070836829060905E+001                  6.9834880064401794E-001                  2.8165118859706556E-001                  2.0000010758916442E-002                  4.7043075433027562E-002                  8.6983781419226459E-007                  0.0000000000000000E+000 
                                     636                  5.9953840780536716E-001                 -5.2685735037567127E-001                  6.8351070724827823E+000                  1.1226935700128076E+000                  1.6082170006247754E+001                  6.9826858641578538E-001                  2.8173140109042399E-001                  2.0000012493790686E-002                  5.0106034839958423E-002                  1.0125448549657894E-006                  0.0000000000000000E+000 
                                     637                  5.9499689575056880E-001                 -5.2954216495674467E-001                  6.8375417560295739E+000                  1.1315909327786411E+000                  1.6093499736906040E+001                  6.9818507146666664E-001                  2.8181491402376196E-001                  2.0000014509571340E-002                  5.3479774693222890E-002                  1.1787690093182436E-006                  0.0000000000000000E+000 
                                     638                  5.9041600111198078E-001                 -5.3224517977264219E-001                  6.8399834544305129E+000                  1.1404783841155179E+000                  1.6104825932951933E+001                  6.9809825514432255E-001                  2.8190172800369007E-001                  2.0000016851987379E-002                  5.7212492419030501E-002                  1.3724074044033058E-006                  0.0000000000000000E+000 
                                     639                  5.8579565495277519E-001                 -5.3496676538165455E-001                  6.8424322728744364E+000                  1.1493557220640975E+000                  1.6116148508437863E+001                  6.9800816697209511E-001                  2.8199181345364716E-001                  2.0000019574257788E-002                  6.1359612444476255E-002                  1.5980071640601907E-006                  0.0000000000000000E+000 
                                     640                  5.8113579643168756E-001                 -5.3770730431425173E-001                  6.8448883154542877E+000                  1.1582227342117573E+000                  1.6127467379637551E+001                  6.9791487791035922E-001                  2.8208509935131015E-001                  2.0000022738330570E-002                  6.5983842321283945E-002                  1.8608745801383854E-006                  0.0000000000000000E+000 
                                     641                  5.7643637310004292E-001                 -5.4046719162042223E-001                  6.8473516848766742E+000                  1.1670791997366541E+000                  1.6138782465140302E+001                  6.9781849550112951E-001                  2.8218147808254745E-001                  2.0000026416323036E-002                  7.1154777640145037E-002                  2.1672027231862943E-006                  0.0000000000000000E+000 
                                     642                  5.7169734120886684E-001                 -5.4324683543170338E-001                  6.8498224821256617E+000                  1.1759248868473389E+000                  1.6150093685953578E+001                  6.9771917280075546E-001                  2.8228079650704030E-001                  2.0000030692204240E-002                  7.6947608558483510E-002                  2.5242206527329832E-006                  0.0000000000000000E+000 
                                     643                  5.6691866602639074E-001                 -5.4604665756894299E-001                  6.8523008064622282E+000                  1.1847595532485629E+000                  1.6161400965614614E+001                  6.9761710731463167E-001                  2.8238285702161298E-001                  2.0000035663755300E-002                  8.3440812832015904E-002                  2.9403679247118363E-006                  0.0000000000000000E+000 
                                     644                  5.6210032216797479E-001                 -5.4886709417785906E-001                  6.8541640617807182E+000                  1.1913941829705996E+000                  1.6169894360624681E+001                  6.9753896370723878E-001                  2.8246099640595645E-001                  2.0000039886804766E-002                  8.8822935513777582E-002                  3.2972013958378545E-006                  0.0000000000000000E+000 
                                     645                  5.5967130805239496E-001                 -5.5028805197346020E-001                  6.8554089724184806E+000                  1.1958030068964911E+000                  1.6175544986202766E+001                  6.9748611602312216E-001                  2.8251384096621368E-001                  2.0000043010664159E-002                  9.2664944277916841E-002                  3.5589262480953762E-006                  0.0000000000000000E+000 
                                     646                  5.5724229393681501E-001                 -5.5170852996705544E-001                  6.8566558202679904E+000                  1.2002088443304140E+000                  1.6181194484565697E+001                  6.9743268413096682E-001                  2.8256726951294608E-001                  2.0000046356087098E-002                  9.6728496663859673E-002                  3.8415342861877148E-006                  0.0000000000000000E+000 
                                     647                  5.5479343480543752E-001                 -5.5314019237093970E-001                  6.8579046201286982E+000                  1.2046118306090847E+000                  1.6186843048343377E+001                  6.9737879349646625E-001                  2.8262115651420405E-001                  2.0000049989329693E-002                  1.0101233935086125E-001                  4.1467042164691992E-006                  0.0000000000000000E+000 
                                     648                  5.5234457567406003E-001                 -5.5457149703190856E-001                  6.8597819301381797E+000                  1.2111945519931477E+000                  1.6195298121494240E+001                  6.9729698987899336E-001                  2.8270295413273328E-001                  2.0000055988273369E-002                  1.0787122550162044E-001                  4.6506743976491521E-006                  0.0000000000000000E+000 
                                     649                  5.4740717212020407E-001                 -5.5745654673469991E-001                  6.8622913754503703E+000                  1.2199825216461744E+000                  1.6206588921252134E+001                  6.9718659066099720E-001                  2.8281334425374577E-001                  2.0000065085256979E-002                  1.1786169618621657E-001                  5.4198721921795789E-006                  0.0000000000000000E+000 
                                     650                  5.4243009878830151E-001                 -5.6036411255450624E-001                  6.8641783715353606E+000                  1.2265815976158541E+000                  1.6215070069600760E+001                  6.9710290585017354E-001                  2.8289702131841488E-001                  2.0000072831411586E-002                  1.2600095006472339E-001                  6.0797868058632004E-006                  0.0000000000000000E+000 
                                     651                  5.3992174056886255E-001                 -5.6182935895005581E-001                  6.8654391597938664E+000                  1.2309662860455011E+000                  1.6220712257817574E+001                  6.9704670454297524E-001                  2.8295321690946429E-001                  2.0000078547560474E-002                  1.3172115144746988E-001                  6.5639472420085550E-006                  0.0000000000000000E+000 
                                     652                  5.3741338234942360E-001                 -5.6329464281905606E-001                  6.8667019907488944E+000                  1.2353477256724104E+000                  1.6226353252479154E+001                  6.9699018961230863E-001                  2.8300972570537514E-001                  2.0000084682316288E-002                  1.3768376513934716E-001                  7.0868830813436394E-006                  0.0000000000000000E+000 
                                     653                  5.3488522169022912E-001                 -5.6477160296302920E-001                  6.8679668841601247E+000                  1.2397260796916858E+000                  1.6231993255701095E+001                  6.9693341715682100E-001                  2.8306649150906521E-001                  2.0000091334113845E-002                  1.4387089082132348E-001                  7.6517255090114900E-006                  0.0000000000000000E+000 
                                     654                  5.3235706103103453E-001                 -5.6624874266554370E-001                  6.8698684058432455E+000                  1.2462712452188300E+000                  1.6240435072957037E+001                  6.9684767485913801E-001                  2.8315222282449437E-001                  2.0000102316367618E-002                  1.5355768765845310E-001                  8.5847965677568403E-006                  0.0000000000000000E+000 
                                     655                  5.2726118502912922E-001                 -5.6922703941886033E-001                  6.8724107002717751E+000                  1.2550086506764200E+000                  1.6251708409026740E+001                  6.9673240283266613E-001                  2.8326747816935577E-001                  2.0000118997978156E-002                  1.6719146007619815E-001                  1.0009725705531885E-005                  0.0000000000000000E+000 
                                     656                  5.2212581693335425E-001                 -5.7223003784577264E-001                  6.8743227688910000E+000                  1.2615695268141196E+000                  1.6260176635513591E+001                  6.9664510070591990E-001                  2.8335476605886045E-001                  2.0000133235219653E-002                  1.7789298513807680E-001                  1.1232911933319268E-005                  0.0000000000000000E+000 
                                     657                  5.1953842454966703E-001                 -5.7374382891105025E-001                  6.8756003268190113E+000                  1.2659284617312712E+000                  1.6265809936185700E+001                  6.9658638497138792E-001                  2.8341347130950689E-001                  2.0000143719105190E-002                  1.8520863230632917E-001                  1.2130600821518545E-005                  0.0000000000000000E+000 
                                     658                  5.1695103216597982E-001                 -5.7525825936132191E-001                  6.8768800435493107E+000                  1.2702840316489541E+000                  1.6271441991163222E+001                  6.9652720478496366E-001                  2.8347264022190521E-001                  2.0000154993131125E-002                  1.9265998225340888E-001                  1.3100470534876365E-005                  0.0000000000000000E+000 
                                     659                  5.1434397580071201E-001                 -5.7678492348025978E-001                  6.8781619452987410E+000                  1.2746364471720082E+000                  1.6277073012933357E+001                  6.9646748702960237E-001                  2.8353234577007991E-001                  2.0000167200317720E-002                  2.0022037615651772E-001                  1.4148377765136339E-005                  0.0000000000000000E+000 
                                     660                  5.1173691943544419E-001                 -5.7831239204028773E-001                  6.8794460380904781E+000                  1.2789855049057008E+000                  1.6282702778416152E+001                  6.9640715745915882E-001                  2.8359266221235618E-001                  2.0000180328485051E-002                  2.0788101530907321E-001                  1.5280632090860711E-005                  0.0000000000000000E+000 
                                     661                  5.0911025032026513E-001                 -5.7985224452343653E-001                  6.8807323502045374E+000                  1.2833314267785876E+000                  1.6288331502816419E+001                  6.9634611128645008E-001                  2.8365369416907177E-001                  2.0000194544478100E-002                  2.1561679252948168E-001                  1.6504085769150472E-005                  0.0000000000000000E+000 
                                     662                  5.0648358120508608E-001                 -5.8139307270922780E-001                  6.8826661065278127E+000                  1.2898276642522490E+000                  1.6296755881028915E+001                  6.9625296337732601E-001                  2.8374681860563972E-001                  2.0000218017034221E-002                  2.2732669454249221E-001                  1.8525905658250274E-005                  0.0000000000000000E+000 
                                     663                  5.0119113417769801E-001                 -5.8450103704920464E-001                  6.8852522048939369E+000                  1.2985002419163496E+000                  1.6308006361018450E+001                  6.9612531377226783E-001                  2.8387443249343763E-001                  2.0000253734294482E-002                  2.4310961730538719E-001                  2.1615872099148870E-005                  0.0000000000000000E+000 
                                     664                  4.9585970979582067E-001                 -5.8763689051009360E-001                  6.8871977763716794E+000                  1.3050129415202407E+000                  1.6316457768809755E+001                  6.9602642930019276E-001                  2.8397328642061187E-001                  2.0000284279195313E-002                  2.5503722124354272E-001                  2.4270437634342139E-005                  0.0000000000000000E+000 
                                     665                  4.9317458227761607E-001                 -5.8921830954566978E-001                  6.8884977636290534E+000                  1.3093397442680814E+000                  1.6322079513828943E+001                  6.9595876338101670E-001                  2.8404092987651153E-001                  2.0000306742471774E-002                  2.6300847632985724E-001                  2.6219408300596045E-005                  0.0000000000000000E+000 
                                     666                  4.9048945475941153E-001                 -5.9080125775549963E-001                  6.8904521242400101E+000                  1.3158073519861710E+000                  1.6330493106985319E+001                  6.9585435658443195E-001                  2.8414529958257123E-001                  2.0000343832996759E-002                  2.7499638373792790E-001                  2.9440989625080423E-005                  0.0000000000000000E+000 
                                     667                  4.8508053156223624E-001                 -5.9399502622408096E-001                  6.8930663066547044E+000                  1.3244423659207496E+000                  1.6341729521944295E+001                  6.9570900206828357E-001                  2.8429059759029751E-001                  2.0000400341418922E-002                  2.9109488186331572E-001                  3.4367050417595674E-005                  0.0000000000000000E+000 
                                     668                  4.7963311904736589E-001                 -5.9721887095989801E-001                  6.8956902124649098E+000                  1.3330651506734936E+000                  1.6352961214766776E+001                  6.9555572005172905E-001                  2.8444381373868954E-001                  2.0000466209581402E-002                  3.0736073775898737E-001                  4.0123673554041625E-005                  0.0000000000000000E+000 
                                     669                  4.7414741298262542E-001                 -6.0047357310184035E-001                  6.8976648062980654E+000                  1.3395410859323136E+000                  1.6361398880791622E+001                  6.9543494270119277E-001                  2.8456453467639475E-001                  2.0000522622412475E-002                  3.1973588427771488E-001                  4.5072615285015068E-005                  0.0000000000000000E+000 
                                     670                  4.7138551981981142E-001                 -6.0211552890004172E-001                  6.8996469850171183E+000                  1.3459839429851739E+000                  1.6369809352531178E+001                  6.9530855983092710E-001                  2.8469085386103327E-001                  2.0000586308039692E-002                  3.3228122032493385E-001                  5.0638099157000670E-005                  0.0000000000000000E+000 
                                     671                  4.6584280907770487E-001                 -6.0541803437824504E-001                  6.9016308355163609E+000                  1.3524390813823501E+000                  1.6378232324059272E+001                  6.9517701178785363E-001                  2.8482233108575811E-001                  2.0000657126388210E-002                  3.4507208919349719E-001                  5.6887267031883279E-005                  0.0000000000000000E+000 
                                     672                  4.6306199149841237E-001                 -6.0707873188800598E-001                  6.9036222845028634E+000                  1.3588609141910917E+000                  1.6386627657944249E+001                  6.9503920520307594E-001                  2.8496005782096673E-001                  2.0000736975957389E-002                  3.5813051942273427E-001                  6.3914977820516070E-005                  0.0000000000000000E+000 
                                     673                  4.5746275771361339E-001                 -6.1043098581040200E-001                  6.9062871627644240E+000                  1.3674356205467022E+000                  1.6397840390145326E+001                  6.9484544478244892E-001                  2.8515369642260746E-001                  2.0000858794943621E-002                  3.7609571082002158E-001                  7.4670822980030507E-005                  0.0000000000000000E+000 
                                     674                  4.5182619495309378E-001                 -6.1381752367284359E-001                  6.9089628272384589E+000                  1.3759984083972137E+000                  1.6409048386282446E+001                  6.9463969705713491E-001                  2.8535930202029686E-001                  2.0001000922568180E-002                  3.9477574979193653E-001                  8.7251861402469654E-005                  0.0000000000000000E+000 
                                     675                  4.4615259300189164E-001                 -6.1723928653098348E-001                  6.9116494918238356E+000                  1.3845493933874751E+000                  1.6420251656146267E+001                  6.9442102899107405E-001                  2.8557780381327830E-001                  2.0001167195647707E-002                  4.1427636919543842E-001                  1.0197035698211545E-004                  0.0000000000000000E+000 
                                     676                  4.4044226249740803E-001                 -6.2069725224302441E-001                  6.9143473669376991E+000                  1.3930883102436105E+000                  1.6431450213944260E+001                  6.9418966202085519E-001                  2.8580897762867286E-001                  2.0001360350471953E-002                  4.3469492946729626E-001                  1.1919271324176958E-004                  0.0000000000000000E+000 
                                     677                  4.3469553567568892E-001                 -6.2419244056791212E-001                  6.9170566592596616E+000                  1.4016154739763265E+000                  1.6442644078698727E+001                  6.9394412390271731E-001                  2.8605428977344355E-001                  2.0001586323839193E-002                  4.5611687445055038E-001                  1.3934777563894538E-004                  0.0000000000000000E+000 
                                     678                  4.2891276714761661E-001                 -6.2772591073215178E-001                  6.9197775714748273E+000                  1.4101308290684955E+000                  1.6453833274185087E+001                  6.9368406869893073E-001                  2.8631408113665924E-001                  2.0001850164410029E-002                  4.7862119208309672E-001                  1.6293854858201557E-004                  0.0000000000000000E+000 
                                     679                  4.2309433470604496E-001                 -6.3129876669510998E-001                  6.9218266712680379E+000                  1.4165270150115012E+000                  1.6462240185260040E+001                  6.9347892917312881E-001                  2.8651899413024839E-001                  2.0002076696622795E-002                  4.9627697937424392E-001                  1.8325135399432582E-004                  0.0000000000000000E+000 
                                     680                  4.2016748743600701E-001                 -6.3310297716239949E-001                  6.9238831840242030E+000                  1.4228880738428147E+000                  1.6470616542632570E+001                  6.9326500439366479E-001                  2.8673266386958435E-001                  2.0002331736750811E-002                  5.1458323246958049E-001                  2.0610655566284742E-004                  0.0000000000000000E+000 
                                     681                  4.1429637520293822E-001                 -6.3673706411731967E-001                  6.9259438888158931E+000                  1.4292649727645135E+000                  1.6479010255597885E+001                  6.9304225878701275E-001                  2.8695512397704154E-001                  2.0002617235945763E-002                  5.3360996111633563E-001                  2.3181569768863605E-004                  0.0000000000000000E+000 
                                     682                  4.1135211023990725E-001                 -6.3856718487573361E-001                  6.9280119663082083E+000                  1.4356064653195426E+000                  1.6487372899023288E+001                  6.9281018806901007E-001                  2.8718687344675708E-001                  2.0002938484232846E-002                  5.5333910705660150E-001                  2.6073957179060305E-004                  0.0000000000000000E+000 
                                     683                  4.0542919745047995E-001                 -6.4226529751549244E-001                  6.9307812985199186E+000                  1.4440753482023747E+000                  1.6498543754540503E+001                  6.9248528769775675E-001                  2.8751128271014803E-001                  2.0003429592095223E-002                  5.8087392452490627E-001                  3.0506389412647046E-004                  0.0000000000000000E+000 
                                     684                  3.9947238108229893E-001                 -6.4600770106296346E-001                  6.9335632009494494E+000                  1.4525329612217852E+000                  1.6509710138668716E+001                  6.9214217152730995E-001                  2.8785382465160869E-001                  2.0004003821081362E-002                  6.0983724870331868E-001                  3.5696437007218452E-004                  0.0000000000000000E+000 
                                     685                  3.9348216817543030E-001                 -6.4979575751571450E-001                  6.9363578507259573E+000                  1.4609793854041031E+000                  1.6520872108055389E+001                  6.9178027469247028E-001                  2.8821505087235194E-001                  2.0004674435177838E-002                  6.4030094642399882E-001                  4.1773498084342824E-004                  0.0000000000000000E+000 
                                     686                  3.8745909456307726E-001                 -6.5363089029726817E-001                  6.9391654205949180E+000                  1.4694148115625125E+000                  1.6532029725539314E+001                  6.9139874108279353E-001                  2.8859580132974949E-001                  2.0005457587456976E-002                  6.7233957186784488E-001                  4.8888642168749363E-004                  0.0000000000000000E+000 
                                     687                  3.8140372595545230E-001                 -6.5751458706280075E-001                  6.9419860788578953E+000                  1.4778395673711497E+000                  1.6543183060349754E+001                  6.9099634455623737E-001                  2.8899728205394520E-001                  2.0006373389817478E-002                  7.0603059700158655E-001                  5.7217931427348942E-004                  0.0000000000000000E+000 
                                     688                  3.7531665907219219E-001                 -6.6144840246282177E-001                  6.9448199892594076E+000                  1.4862538994064833E+000                  1.6554332188205017E+001                  6.9057213515003324E-001                  2.8942042068163476E-001                  2.0007444168332000E-002                  7.4145558974251047E-001                  6.6966464956548294E-004                  0.0000000000000000E+000 
                                     689                  3.6919852282693516E-001                 -6.6543396313509573E-001                  6.9476673108603872E+000                  1.4946580182327402E+000                  1.6565477191509469E+001                  6.9012530643214365E-001                  2.8986599855253348E-001                  2.0008695015322875E-002                  7.7870033698058028E-001                  7.8372775068794932E-004                  0.0000000000000000E+000 
                                     690                  3.6304997956741225E-001                 -6.6947297268312611E-001                  6.9505281979085174E+000                  1.5030522358610765E+000                  1.6576618159612732E+001                  6.8965479016841336E-001                  2.9033505385774938E-001                  2.0010155973837263E-002                  8.1785441685536930E-001                  9.1713445081571560E-004                  0.0000000000000000E+000 
                                     691                  3.5687172637451903E-001                 -6.7356721575266121E-001                  6.9534028015391378E+000                  1.5114369896525832E+000                  1.6587755189003559E+001                  6.8915918182243574E-001                  2.9082895463060038E-001                  2.0011863546963937E-002                  8.5901117374668357E-001                  1.0730809016965262E-003                  0.0000000000000000E+000 
                                     692                  3.5066449642442410E-001                 -6.7771856219949667E-001                  6.9562912758892805E+000                  1.5198126492541948E+000                  1.6598888383410312E+001                  6.8863729407089580E-001                  2.9134884719722698E-001                  2.0013858731877221E-002                  9.0226886634603609E-001                  1.2552533727145151E-003                  0.0000000000000000E+000 
                                     693                  3.4442906041801924E-001                 -6.8192897348619275E-001                  6.9591937830905382E+000                  1.5281795497462751E+000                  1.6610017853995956E+001                  6.8808804484470809E-001                  2.9189576728127570E-001                  2.0016187874016156E-002                  9.4773078120914533E-001                  1.4678877302073008E-003                  0.0000000000000000E+000 
                                     694                  3.3816622808041957E-001                 -6.8620050930618737E-001                  6.9621104938502461E+000                  1.5365381115435544E+000                  1.6621143719622673E+001                  6.8751010273309521E-001                  2.9247099165590784E-001                  2.0018905610996951E-002                  9.9550476685875700E-001                  1.7158226486796459E-003                  0.0000000000000000E+000 
                                     695                  3.3187684973596171E-001                 -6.9053533357616892E-001                  6.9650415873958158E+000                  1.5448888594217394E+000                  1.6632266107068496E+001                  6.8690183255082249E-001                  2.9307609052140887E-001                  2.0022076927768584E-002                  1.0457032251670948E+000                  2.0045465799176125E-003                  0.0000000000000000E+000 
                                     696                  3.2556181796426759E-001                 -6.9493572074795629E-001                  6.9679872514133407E+000                  1.5532322665484586E+000                  1.6643385151173320E+001                  6.8626175694403435E-001                  2.9371246824299985E-001                  2.0025774812965746E-002                  1.0984442570213169E+000                  2.3402487323425500E-003                  0.0000000000000000E+000 
                                     697                  3.1922206934305658E-001                 -6.9940406429725066E-001                  6.9709476820128620E+000                  1.5615687856093627E+000                  1.6654500995074077E+001                  6.8558846567424025E-001                  2.9438145295832641E-001                  2.0030081367433339E-002                  1.1538517762031384E+000                  2.7298452713822724E-003                  0.0000000000000000E+000 
                                     698                  3.1285858628396784E-001                 -7.0394288566827612E-001                  6.9739230837219601E+000                  1.5698989533132786E+000                  1.6665613790503400E+001                  6.8488030915332654E-001                  2.9508459940503678E-001                  2.0035091441636732E-002                  1.2120550277983926E+000                  3.1809605335654887E-003                  0.0000000000000000E+000 
                                     699                  3.0647239896877715E-001                 -7.0855484292883208E-001                  6.9769136694866214E+000                  1.5782234086958502E+000                  1.6676723698045173E+001                  6.8413534661238073E-001                  2.9582373846183901E-001                  2.0040914925780307E-002                  1.2731885713142232E+000                  3.7018555703430384E-003                  0.0000000000000000E+000 
                                     700                  3.0006458739226910E-001                 -7.1324274002844679E-001                  6.9791689128325070E+000                  1.5844832263383173E+000                  1.6685076203136134E+001                  6.8355044640922169E-001                  2.9640365950801706E-001                  2.0045894082761251E-002                  1.3211352500951763E+000                  4.1441909076423405E-003                  0.0000000000000000E+000 
                                     701                  2.9685043545598727E-001                 -7.1561784897880287E-001                  6.9814296029206675E+000                  1.5907036199400482E+000                  1.6693387462202516E+001                  6.8294463974270347E-001                  2.9700391375776036E-001                  2.0051446499536163E-002                  1.3707179636532003E+000                  4.6336067501046097E-003                  0.0000000000000000E+000 
                                     702                  2.9041247854401336E-001                 -7.2042517273154050E-001                  6.9844590628877814E+000                  1.5990162634763270E+000                  1.6704490629815108E+001                  6.8209959795638686E-001                  2.9784053909541447E-001                  2.0059862948198726E-002                  1.4398081402668892E+000                  5.3679737127613767E-003                  0.0000000000000000E+000 
                                     703                  2.8395583699553878E-001                 -7.2531615509552994E-001                  6.9867431411432888E+000                  1.6052661151110665E+000                  1.6712835508732624E+001                  6.8143649969833586E-001                  2.9849647738358565E-001                  2.0067022918078492E-002                  1.4939642881068194E+000                  5.9851723631073189E-003                  0.0000000000000000E+000 
                                     704                  2.8072300042275627E-001                 -7.2779237657260243E-001                  6.9890323250657254E+000                  1.6114762045009350E+000                  1.6721137519072354E+001                  6.8074994534089595E-001                  2.9917508689535965E-001                  2.0074967763744400E-002                  1.5499419486851198E+000                  6.6609836233545612E-003                  0.0000000000000000E+000 
                                     705                  2.7424056619526521E-001                 -7.3281541103256864E-001                  6.9921023168139396E+000                  1.6197818845245937E+000                  1.6732235716941805E+001                  6.7979169797877925E-001                  3.0012135736763823E-001                  2.0086944653582517E-002                  1.6279723172223735E+000                  7.6616444049641087E-003                  0.0000000000000000E+000 
                                     706                  2.6774273494298600E-001                 -7.3793102721660941E-001                  6.9951889494271500E+000                  1.6280861038003187E+000                  1.6743332190591946E+001                  6.7878406012578441E-001                  3.0111528566592322E-001                  2.0100654208292434E-002                  1.7098774650734330E+000                  8.7785038217774725E-003                  0.0000000000000000E+000 
                                     707                  2.6123093555545690E-001                 -7.4314317966092203E-001                  6.9982924965576929E+000                  1.6363896716788349E+000                  1.6754427170094026E+001                  6.7772469650061606E-001                  3.0215902996592431E-001                  2.0116273533459683E-002                  1.7958396570525719E+000                  1.0011912536351140E-002                  0.0000000000000000E+000 
                                     708                  2.5470666482673615E-001                 -7.4845607373577250E-001                  7.0014132411262899E+000                  1.6446934766582275E+000                  1.6765520896745546E+001                  6.7661105424929080E-001                  3.0325499114028415E-001                  2.0133954610425109E-002                  1.8860483471697587E+000                  1.1352367251363212E-002                  1.2192689139861053E-052 
                                     709                  2.4817149072883724E-001                 -7.5387418695513575E-001                  7.0045514703103855E+000                  1.6529985072323801E+000                  1.6776613623449734E+001                  6.7544032542156462E-001                  3.0440581965884972E-001                  2.0153854919585656E-002                  1.9807000527845862E+000                  1.2793288876386181E-002                  1.9306541083619843E-052 
                                     710                  2.4162705590489281E-001                 -7.5940229240922252E-001                  7.0077074643316903E+000                  1.6613057518353271E+000                  1.6787705615046249E+001                  6.7420976772736907E-001                  3.0561413701272672E-001                  2.0176095259904159E-002                  2.0799996218066950E+000                  1.4306795016746626E-002                  3.0625623041689616E-052 
                                     711                  2.3507508140263417E-001                 -7.6504548620585777E-001                  7.0100898046804323E+000                  1.6675604370735249E+000                  1.6796049503016320E+001                  6.7324404635696411E-001                  3.0656158642000603E-001                  2.0194367223029808E-002                  2.1578320099221440E+000                  1.5469675287951956E-002                  4.3365555288557345E-052 
                                     712                  2.3179622603692035E-001                 -7.6791234178597012E-001                  7.0124755158745309E+000                  1.6737732947161590E+000                  1.6804343332530813E+001                  6.7224584071982418E-001                  3.0754022991021185E-001                  2.0213929369963912E-002                  2.2381382852292480E+000                  1.6626230603379422E-002                  6.1399013789104090E-052 
                                     713                  2.2523659225923415E-001                 -7.7373829912908521E-001                  7.0156769378291139E+000                  1.6820902977959569E+000                  1.6815434304534744E+001                  6.7085366381275668E-001                  3.0890426981290875E-001                  2.0242066374334566E-002                  2.3500037704246450E+000                  1.8119816186408899E-002                  9.7848834297188177E-052 
                                     714                  2.1867410310350660E-001                 -7.7969368632396463E-001                  7.0180941752439256E+000                  1.6883549773878295E+000                  1.6823779051019308E+001                  6.6976154964780443E-001                  3.0997384821794877E-001                  2.0264602134246745E-002                  2.4376674060368160E+000                  1.9159978786660540E-002                  1.3905368118423461E-051 
                                     715                  2.1539239235975133E-001                 -7.8272181977340960E-001                  7.0205140937094246E+000                  1.6945772293322185E+000                  1.6832071293803587E+001                  6.6863389798649608E-001                  3.1107799246049811E-001                  2.0288109553005862E-002                  2.5280573419177097E+000                  2.0081384998679949E-002                  1.9757345314678655E-051 
                                     716                  2.0882918388644053E-001                 -7.8888392554747822E-001                  7.0229529339029870E+000                  1.7008508801299334E+000                  1.6840417792649387E+001                  6.6745936864377431E-001                  3.1222806538606801E-001                  2.0312565970157737E-002                  2.6221648115845184E+000                  2.0847401370157868E-002                  2.8141369453649167E-051 
                                     717                  2.0554877579303182E-001                 -7.9201892253578521E-001                  7.0253937516017029E+000                  1.7070810671241434E+000                  1.6848709428807432E+001                  6.6624768523665823E-001                  3.1341478104413684E-001                  2.0337533719204881E-002                  2.7191489647021529E+000                  2.1404700893849556E-002                  4.0072002563373577E-051 
                                     718                  1.9899029907169702E-001                 -7.9840353814811382E-001                  7.0286710057091755E+000                  1.7154288557385899E+000                  1.6859803477295003E+001                  6.6455967936125426E-001                  3.1506902092801758E-001                  2.0371299710728152E-002                  2.8542255954335434E+000                  2.1750856680023484E-002                  6.4372480393334163E-051 
                                     719                  1.9243770141881092E-001                 -8.0494669569643218E-001                  7.0311470175604853E+000                  1.7217227907790102E+000                  1.6868155493012775E+001                  6.6323706521673231E-001                  3.1636641485940797E-001                  2.0396519923859713E-002                  2.9600678931090605E+000                  2.1657810442861834E-002                  9.2056310097437200E-051 
                                     720                  1.8916317239385114E-001                 -8.0828152127469577E-001                  7.0336240659081826E+000                  1.7279722549499363E+000                  1.6876449663612025E+001                  6.6187457608968137E-001                  3.1770437518442940E-001                  2.0421048725889235E-002                  3.0690633744261353E+000                  2.1228970257719179E-002                  1.3159359472687159E-050 
                                     721                  1.8262371424958651E-001                 -8.1507959111789030E-001                  7.0361220746698070E+000                  1.7342792879425799E+000                  1.6884803348917707E+001                  6.6045696513117302E-001                  3.1909836356151189E-001                  2.0444671307315088E-002                  3.1825420600132728E+000                  2.0447542054504411E-002                  1.8863432302745441E-050 
                                     722                  1.7936010939026764E-001                 -8.1854423018270372E-001                  7.0386201780082134E+000                  1.7405404062669445E+000                  1.6893096234305087E+001                  6.5899804111993210E-001                  3.2053519861110785E-001                  2.0466760268960105E-002                  3.2993287875986805E+000                  1.9325553245768009E-002                  2.7025930684130258E-050 
                                     723                  1.7284041609028239E-001                 -8.2561884007308795E-001                  7.0419764331381831E+000                  1.7489386213054545E+000                  1.6904199287060745E+001                  6.5696805086314392E-001                  3.2253853680776601E-001                  2.0493412329090077E-002                  3.4619637153697100E+000                  1.7346352557599171E-002                  4.3789503384596636E-050 
                                     724                  1.6633722019590608E-001                 -8.3289200017054321E-001                  7.0445138661970317E+000                  1.7552780010091673E+000                  1.6912564193670192E+001                  6.5537890908669305E-001                  3.2411019993901635E-001                  2.0510890974290596E-002                  3.5893892537272074E+000                  1.5573994944000502E-002                  6.3047443688003031E-050 
                                     725                  1.6309011274219637E-001                 -8.3660969394490714E-001                  7.0470501388208522E+000                  1.7615703607843340E+000                  1.6920864574731119E+001                  6.5374503162870623E-001                  3.2572910434404878E-001                  2.0525864027244989E-002                  3.7204078024796656E+000                  1.3662745921111828E-002                  9.0713144404168488E-050 
                                     726                  1.5661694336559834E-001                 -8.4420478289569256E-001                  7.0504574518038012E+000                  1.7700135911752570E+000                  1.6931977545802226E+001                  6.5147231485460455E-001                  3.2798568593663807E-001                  2.0541999208757433E-002                  3.9027448313205095E+000                  1.1057777083433341E-002                  1.4782196460088666E-049 
                                     727                  1.5016806817212108E-001                 -8.5203162265296395E-001                  7.0538853919824902E+000                  1.7784784155401860E+000                  1.6943095105363991E+001                  6.4909436496294015E-001                  3.3035177029499591E-001                  2.0553864742063999E-002                  4.0935169843420258E+000                  8.6306307767848884E-003                  2.4144796514896864E-049 
                                     728                  1.4374691270131063E-001                 -8.6010581294102628E-001                  7.0573341024916019E+000                  1.7869674325359757E+000                  1.6954217790702305E+001                  6.4660561092172764E-001                  3.3283241965319976E-001                  2.0561969425072602E-002                  4.2930487231315650E+000                  6.6071215328492514E-003                  3.9531247914630281E-049 
                                     729                  1.3735709245219047E-001                 -8.6844456545096216E-001                  7.0608037148931144E+000                  1.7954834898774572E+000                  1.6965346166251674E+001                  6.4400001151614417E-001                  3.3543292866213903E-001                  2.0567059821716804E-002                  4.5016672257454866E+000                  5.1371381383569373E-003                  6.4879330066952235E-049 
                                     730                  1.3100242743259088E-001                 -8.7706693387429102E-001                  7.0642943465217751E+000                  1.8040295904485486E+000                  1.6976480824202977E+001                  6.4127131629850853E-001                  3.3815871877396708E-001                  2.0569964927524387E-002                  4.7197036371452121E+000                  4.2722162890087411E-003                  1.0674231622175910E-048 
                                     731                  1.2468695841730033E-001                 -8.8599408915798616E-001                  7.0678060989842377E+000                  1.8126088860598515E+000                  1.6987622385058060E+001                  6.3841307226555655E-001                  3.4101548040990298E-001                  2.0571447324540415E-002                  4.9474921829675260E+000                  3.9746367663999757E-003                  1.7605421520738838E-048 
                                     732                  1.1841496519473066E-001                 -8.9524964876023994E-001                  7.0713390583997322E+000                  1.8212245746161320E+000                  1.6998771498136247E+001                  6.3541891065677680E-001                  3.4400898528514406E-001                  2.0572104058079077E-002                  5.1853725544455784E+000                  4.1533857389143896E-003                  2.9110485313797163E-048 
                                     733                  1.1219098714121449E-001                 -9.0486007532036639E-001                  7.0748932968391776E+000                  1.8298800274560747E+000                  1.7009928842263161E+001                  6.3228218817219828E-001                  3.4714547553997027E-001                  2.0572336287831394E-002                  5.4336854121125473E+000                  4.7087356344768776E-003                  4.8256930166286524E-048 
                                     734                  1.0601984653656243E-001                 -9.1485515709688636E-001                  7.0784688741683803E+000                  1.8385786584846653E+000                  1.7021095126384903E+001                  6.2899637522925433E-001                  3.5043124978313278E-001                  2.0572374987612885E-002                  5.6927762685302064E+000                  5.5669313532826286E-003                  8.0202833987372267E-048 
                                     735                  9.9906675129011913E-002                 -9.2526859819384033E-001                  7.0820658396020360E+000                  1.8473240456636109E+000                  1.7032271090421865E+001                  6.2555473398755412E-001                  3.5387293241370565E-001                  2.0572333598740222E-002                  5.9629912065346415E+000                  6.6950333423865518E-003                  1.3364474905469035E-047 
                                     736                  9.3856944583421809E-002                 -9.3613874281776499E-001                  7.0856842326076031E+000                  1.8561199379712308E+000                  1.7043457506110308E+001                  6.2195032693562557E-001                  3.5747741434092267E-001                  2.0572258723451808E-002                  6.2446760362681974E+000                  8.0992866651988620E-003                  2.2328433497271164E-047 
                                     737                  8.7876501605415769E-002                 -9.4750947566139487E-001                  7.0893240831450699E+000                  1.8649702801430093E+000                  1.7054655177813771E+001                  6.1817597630381071E-001                  3.6125185818637318E-001                  2.0572165509816109E-002                  6.5381746592681456E+000                  9.8163221654084948E-003                  3.7404207129711750E-047 
                                     738                  8.1971608744083546E-002                 -9.5943135198252683E-001                  7.0929854113904804E+000                  1.8738792594624605E+000                  1.7065864943227162E+001                  6.1422416288599624E-001                  3.6520378055977953E-001                  2.0572056554224227E-002                  6.8438261983246527E+000                  1.1905262884576742E-002                  6.2827548021612615E-047 
                                     739                  7.6148992156168049E-002                 -9.7196303100192416E-001                  7.0975615715565681E+000                  1.8850078257107874E+000                  1.7079780920291917E+001                  6.0906087808066889E-001                  3.7036722556740764E-001                  2.0571896351923469E-002                  7.2404494736370157E+000                  1.5134727294372192E-002                  1.2006085611235815E-046 
                                     740                  6.7598028794153608E-002                 -9.9202909231390757E-001                  7.1031325826101819E+000                  1.8986547431116438E+000                  1.7096644053272609E+001                  6.0231914460522440E-001                  3.7710920265877518E-001                  2.0571652736000479E-002                  7.7446074490413537E+000                  2.0235940698610826E-002                  2.6425612757151423E-046 
                                     741                  5.9250278386207722E-002                 -1.0139731374640222E+000                  7.1078503345098349E+000                  1.9102706270631444E+000                  1.7110860233733344E+001                  5.9630292379337246E-001                  3.8312568111469414E-001                  2.0571395091933398E-002                  8.1917024197446153E+000                  2.5843012229804944E-002                  5.1520121309892503E-046 
                                     742                  5.3835522419267201E-002                 -1.0297681179610765E+000                  7.1125218131660173E+000                  1.9217476281291483E+000                  1.7124816847302313E+001                  5.9011210382946633E-001                  3.8931681383457789E-001                  2.0571082335955726E-002                  8.6526630920200454E+000                  3.2879300265136240E-002                  9.9668145704626568E-046 
                                     743                  4.5969549956673413E-002                 -1.0555440161290006E+000                  7.1173031313224646E+000                  1.9335952398164034E+000                  1.7139074268322506E+001                  5.8345417762838536E-001                  3.9597513842273202E-001                  2.0570683948882618E-002                  9.1439444961675740E+000                  4.2017685731257109E-002                  1.9581461490537872E-045 
                                     744                  4.0891008843017385E-002                 -1.0744519174366725E+000                  7.1220276075901578E+000                  1.9453150657733462E+000                  1.7153046088271378E+001                  5.7655905084789816E-001                  4.0287075787040366E-001                  2.0570191281698236E-002                  9.6472265471001286E+000                  5.3464140262523378E-002                  3.8139717841640212E-045 
                                     745                  3.3592349929023102E-002                 -1.1058856423959273E+000                  7.1278037757908805E+000                  1.9597645020771959E+000                  1.7170065866302942E+001                  5.6768575212411032E-001                  4.1174483175756882E-001                  2.0569416118320860E-002                  1.0288633492221152E+001                  7.1659266660103416E-002                  8.6143023230488714E-045 
                                     746                  2.6651968436285089E-002                 -1.1424236617226029E+000                  7.1336518721121607E+000                  1.9745168536607631E+000                  1.7187199679085690E+001                  5.5817640912886912E-001                  4.2125521623431322E-001                  2.0568374636817710E-002                  1.0966279108039545E+001                  9.6217385633094357E-002                  1.9647312840514175E-044 
                                     747                  2.0170356095814579E-002                 -1.1858512449977714E+000                  7.1394946590439270E+000                  1.9893980758221179E+000                  1.7204224430223533E+001                  5.4812693797941270E-001                  4.3130607315335190E-001                  2.0566988867235403E-002                  1.1671426476646275E+001                  1.2892491334079081E-001                  4.4763056964036970E-044 
                                     748                  1.4365470663363300E-002                 -1.2380574518027552E+000                  7.1453131561047201E+000                  2.0043728321792669E+000                  1.7221084025416911E+001                  5.3755173178135451E-001                  4.4188311731588653E-001                  2.0565150902758900E-002                  1.2400840530646470E+001                  1.7224821964723838E-001                  1.0160747441246051E-043 
                                     749                  9.1877605100765813E-003                 -1.3059092292342205E+000                  7.1508725257290733E+000                  2.0188521557094314E+000                  1.7237115838403813E+001                  5.2689718780994232E-001                  4.5253998221109809E-001                  2.0562829978959529E-002                  1.3122492232671345E+001                  2.2685385973872052E-001                  2.2233342609718049E-043 
                                     750                  5.2875441523713707E-003                 -1.3887206749733778E+000                  7.1551844052313927E+000                  2.0302122166893839E+000                  1.7249501500622635E+001                  5.1824742058765150E-001                  4.6119203794633024E-001                  2.0560541466018267E-002                  1.3698056930407695E+001                  2.8062558737375337E-001                  4.0808582133573554E-043 
                                     751                  3.3151401066645048E-003                 -1.4579875077743938E+000                  7.1582381668428026E+000                  2.0383056445107179E+000                  1.7258226173084978E+001                  5.1192279820735098E-001                  4.6751859573931520E-001                  2.0558606053333817E-002                  1.4113298959939584E+001                  3.2610626819315180E-001                  6.2726372035253833E-043 
                                     752                  1.7156846276601965E-003                 -1.5550121487505311E+000                  7.1608571393311644E+000                  2.0452899244626757E+000                  1.7265692175784075E+001                  5.0637871567222636E-001                  4.7306457765687682E-001                  2.0556706670896818E-002                  1.4475166924976833E+001                  3.7086003463820388E-001                  9.0675675091712714E-043 
                                     753                  8.5311415020766779E-004                 -1.6572884160437378E+000                  7.1625268923837915E+000                  2.0497503048247663E+000                  1.7270440170056826E+001                  5.0281101479407275E-001                  4.7663361340426547E-001                  2.0555371801661781E-002                  1.4709410314691379E+001                  4.0251611771330131E-001                  1.1465443677746522E-042 
                                     754                  4.7075807497182209E-004                 -1.7439766278320665E+000                  7.1635278137736087E+000                  2.0524376790597718E+000                  1.7273280636315540E+001                  5.0062987926025038E-001                  4.7881560535518808E-001                  2.0554515384561545E-002                  1.4849938960664410E+001                  4.2275090335252058E-001                  1.3198591779007567E-042 
                                     755                  2.4037935970450119E-004                 -1.8417387675117391E+000                  7.1642337820386750E+000                  2.0543280454416135E+000                  1.7275282239647854E+001                  4.9910258134057650E-001                  4.8034352753789933E-001                  2.0553891121524170E-002                  1.4950291043729305E+001                  4.3763282899723049E-001                  1.4573600987369839E-042 
                                     756                  1.2519000207084074E-004                 -1.9364691705258987E+000                  7.1646723486716253E+000                  2.0555041648409849E+000                  1.7276524807904899E+001                  4.9814796672291645E-001                  4.8129854089166002E-001                  2.0553492385423588E-002                  1.5012735852850223E+001                  4.4713730647354250E-001                  1.5499099517453983E-042 
                                     757                  6.7595323254010520E-005                 -2.0258643800486427E+000                  7.1649415752518335E+000                  2.0562268425815771E+000                  1.7277287265472630E+001                  4.9755972322268682E-001                  4.8188703340900502E-001                  2.0553243368308216E-002                  1.5051106968428758E+001                  4.5307265604383667E-001                  1.6096160382095162E-042 
                                     758                  3.8797983845595407E-005                 -2.1063410734420254E+000                  7.1651035285468572E+000                  2.0566618230650642E+000                  1.7277745802598119E+001                  4.9720504562449908E-001                  4.8224186237906824E-001                  2.0553091996432737E-002                  1.5074202562001146E+001                  4.5668051281550737E-001                  1.6466359465424078E-042 
                                     759                  2.4399314141387848E-005                 -2.1735482671110971E+000                  7.1651980347857620E+000                  2.0569157406226219E+000                  1.7278013336437215E+001                  4.9699779156813328E-001                  4.8244920531837499E-001                  2.0553003113491730E-002                  1.5087684363176677E+001                  4.5879894996988901E-001                  1.6686311619478607E-042 
                                     760                  1.7199979289284073E-005                 -2.2242008397317692E+000                  7.1652688211781559E+000                  2.0571059658388964E+000                  1.7278213697863158E+001                  4.9684241850231498E-001                  4.8260464522612551E-001                  2.0552936271559519E-002                  1.5097784460277028E+001                  4.6039204290786301E-001                  1.6852982955098770E-042 
                                     761                  1.0000644437235804E-005                 -2.3027430113008096E+000                  7.1653406768069852E+000                  2.0572991113066950E+000                  1.7278417076927948E+001                  4.9668457579949449E-001                  4.8276255601591467E-001                  2.0552868184590789E-002                  1.5108039261619490E+001                  4.6201480318121763E-001                  1.7023877949621480E-042 
                                     762                  5.0003222197281261E-006                 -2.4031227523890855E+000                  7.1653963355870891E+000                  2.0574487503870817E+000                  1.7278574604431352E+001                  4.9656222763880586E-001                  4.8288495707963314E-001                  2.0552815281561054E-002                  1.5115983968130928E+001                  4.6327567030782396E-001                  1.7157443946748524E-042 
                                     763                  2.5001611110297972E-006                 -2.5034890174585662E+000                  7.1654313973851771E+000                  2.0575430260026044E+000                  1.7278673832167474E+001                  4.9648511784792937E-001                  4.8296210026974079E-001                  2.0552781882329896E-002                  1.5120989258167810E+001                  4.6407168959696005E-001                  1.7242120925769527E-042 
                                     764                  1.2500805566251218E-006                 -2.6038467883183749E+000                  7.1654534845188440E+000                  2.0576024194538003E+000                  1.7278736338397977E+001                  4.9643652772189911E-001                  4.8301071146474972E-001                  2.0552760813351112E-002                  1.5124142566071162E+001                  4.6457383513902095E-001                  1.7295677762470124E-042 
                                     765                  6.2504027942278384E-007                 -2.7041991994623098E+000                  7.1654673983715247E+000                  2.0576398363835557E+000                  1.7278775713529974E+001                  4.9640591230986303E-001                  4.8304134016084083E-001                  2.0552747529296145E-002                  1.5126129093368947E+001                  4.6489043897516691E-001                  1.7329501522439807E-042 
                                     766                  3.1252014082161494E-007                 -2.8045482172061917E+000                  7.1654761634759154E+000                  2.0576634081229703E+000                  1.7278800517775093E+001                  4.9638662361516533E-001                  4.8306063722850218E-001                  2.0552739156332489E-002                  1.5127380553297673E+001                  4.6508999476802265E-001                  1.7350842970713506E-042 
                                     767                  1.5626007149327492E-007                 -2.9048950634472051E+000                  7.1654816851086407E+000                  2.0576782576003065E+000                  1.7278816143248932E+001                  4.9637447164035353E-001                  4.8307279447974416E-001                  2.0552733879902307E-002                  1.5128168933129995E+001                  4.6521574970261959E-001                  1.7364300660102875E-042 
                                     768                  7.8130036829104910E-008                 -3.0052404741599958E+000                  7.1654863229505299E+000                  2.0576907304595409E+000                  1.7278829267641587E+001                  4.9636426414163970E-001                  4.8308300641143753E-001                  2.0552729446922768E-002                  1.5128831133692790E+001                  4.6532140232983116E-001                  1.7375612392396891E-042 
