                                       1                                        2                                        3                                        4                                        5                                        6                                        7                                        8                                        9                                       10                                       11                                       12                                       13                                       14                                       15                                       16                                       17                                       18                                       19                                       20                                       21                                       22                                       23                                       24                                       25                                       26                                       27                                       28                                       29                                       30                                       31                                       32                                       33                                       34                                       35                                       36                                       37                                       38                                       39                                       40                                       41                                       42                                       43                                       44                                       45                                       46                                       47                                       48                                       49 
                            model_number                                num_zones                             initial_mass                                initial_z                                 star_age                                time_step                                     Teff                            photosphere_L                            photosphere_r                               center_eta                                center_h1                               center_he3                               center_he4                               center_c12                               center_n14                               center_o16                              center_ne20                                star_mass                                star_mdot                             star_mass_h1                            star_mass_he3                            star_mass_he4                            star_mass_c12                            star_mass_n14                            star_mass_o16                           star_mass_ne20                             he_core_mass                             co_core_mass                             fe_core_mass                   neutron_rich_core_mass                             dynamic_time                             kh_timescale                            nuc_timescale                           power_nuc_burn                             power_h_burn                            power_he_burn                                power_neu                                burn_min1                                burn_min2                             time_seconds                           version_number                                 compiler                                    build                         MESA_SDK_version                             math_backend                                     date                                     msun                                     rsun                                     lsun 
                                     276                                      812                  1.0000000000000000E+000                  2.0000000000000000E-002                  8.7599090446484928E+009                  2.7100301146012060E+007                  5.7818973926663566E+003                  1.4772773571630375E+000                  1.2112768608850430E+000                 -9.2210714694236484E-001                  9.5766941260470417E-004                  1.0827709506946371E-011                  9.7916473340419552E-001                  5.3391801009727179E-005                  9.7853095071402905E-003                  3.8766496110913956E-003                  2.0850244238750397E-003                  1.0000000000000000E+000                  0.0000000000000000E+000                  6.1312024765493700E-001                  8.3487208170946402E-004                  3.6588515871863747E-001                  2.3451764545701363E-003                  2.4629413757577120E-003                  9.1893574612575829E-003                  2.0850244238750384E-003                  2.1790759180931735E-002                  0.0000000000000000E+000                  0.0000000000000000E+000                  0.0000000000000000E+000                  1.3342038446848124E+004                  1.3160592621981224E+007                  6.7692095539892340E+009                  1.4773774624324496E+000                  1.4773774624324507E+000                  1.3210152806749193E-037                  5.7226785495806926E-002                  5.0000000000000000E+001                  1.0000000000000000E+003                  2.7644170566739930E+017                               "r25.12.1"                               "gfortran"                                 "13.3.0"                  "aarch64-macos-25.12.1"                                 "CRMATH"                               "20260306"                  1.9884098706980504E+033                  6.9570000000000000E+010                  3.8280000000000003E+033 

                                       1                                        2                                        3                                        4                                        5                                        6                                        7                                        8                                        9                                       10                                       11                                       12 
                                    zone                                     mass                                     logR                                     logT                                   logRho                                     logP                        x_mass_fraction_H                       y_mass_fraction_He                   z_mass_fraction_metals                                       pp                                      cno                                tri_alpha 
                                       1                  1.0000000000000000E+000                  8.3243420939983104E-002                  3.7623192984929026E+000                 -6.9079595937637350E+000                  4.6582866345286131E+000                  7.0000000000000007E-001                  2.8000000000000003E-001                  1.9999999999999907E-002                  1.8136865805442111E-026                  0.0000000000000000E+000                  0.0000000000000000E+000 
                                       2                  9.9999999999899991E-001                  8.3242491877180538E-002                  3.7628816817330728E+000                 -6.9040769009422123E+000                  4.6627326909931632E+000                  7.0000000000000007E-001                  2.8000000000000003E-001                  1.9999999999999907E-002                  1.8299795937300639E-026                  0.0000000000000000E+000                  0.0000000000000000E+000 
                                       3                  9.9999999999775002E-001                  8.3241340876679573E-002                  3.7635136082667291E+000                 -6.8998226686583948E+000                  4.6676200021468297E+000                  7.0000000000000007E-001                  2.8000000000000003E-001                  1.9999999999999907E-002                  1.8479998264419445E-026                  0.0000000000000000E+000                  0.0000000000000000E+000 
                                       4                  9.9999999999650002E-001                  8.3240201087009996E-002                  3.7644718294083432E+000                 -6.8935532867169158E+000                  4.6748494430015990E+000                  7.0000000000000007E-001                  2.8000000000000003E-001                  1.9999999999999907E-002                  1.8748799002343133E-026                  0.0000000000000000E+000                  0.0000000000000000E+000 
                                       5                  9.9999999999400002E-001                  8.3237954152524010E-002                  3.7664314103253473E+000                 -6.8814091145397231E+000                  4.6889572972459392E+000                  7.0000000000000007E-001                  2.8000000000000003E-001                  1.9999999999999907E-002                  1.9280656828893711E-026                  0.0000000000000000E+000                  0.0000000000000000E+000 
                                       6                  9.9999999998900002E-001                  8.3233584105008585E-002                  3.7686558559392411E+000                 -6.8688548037391106E+000                  4.7037413238654562E+000                  7.0000000000000007E-001                  2.8000000000000003E-001                  1.9999999999999907E-002                  1.9846345092418760E-026                  0.0000000000000000E+000                  0.0000000000000000E+000 
                                       7                  9.9999999998587508E-001                  8.3230930584789628E-002                  3.7704154589009535E+000                 -6.8595792535302023E+000                  4.7147810273592361E+000                  7.0000000000000007E-001                  2.8000000000000003E-001                  1.9999999999999907E-002                  2.0274930909399551E-026                  0.0000000000000000E+000                  0.0000000000000000E+000 
                                       8                  9.9999999998275013E-001                  8.3228333089748460E-002                  3.7731303333371087E+000                 -6.8462508303490210E+000                  4.7308319760914026E+000                  7.0000000000000007E-001                  2.8000000000000003E-001                  1.9999999999999907E-002                  2.0907042456129330E-026                  0.0000000000000000E+000                  0.0000000000000000E+000 
                                       9                  9.9999999997650013E-001                  8.3223294978499576E-002                  3.7769764114081190E+000                 -6.8295900540392447E+000                  4.7513511032219737E+000                  7.0000000000000007E-001                  2.8000000000000003E-001                  1.9999999999999907E-002                  2.1724984496705770E-026                  0.0000000000000000E+000                  0.0000000000000000E+000 
                                      10                  9.9999999997025013E-001                  8.3218446317656167E-002                  3.7800434104526008E+000                 -6.8178901886079268E+000                  4.7661289277821624E+000                  7.0000000000000007E-001                  2.8000000000000003E-001                  1.9999999999999907E-002                  2.2318432675457465E-026                  0.0000000000000000E+000                  0.0000000000000000E+000 
                                      11                  9.9999999996712519E-001                  8.3216086367890116E-002                  3.7831996896402700E+000                 -6.8067669186502755E+000                  4.7804207135170467E+000                  6.9999998700800248E-001                  2.8000001299199762E-001                  1.9999999999999907E-002                  2.2897661912451274E-026                  0.0000000000000000E+000                  0.0000000000000000E+000 
                                      12                  9.9999999996087519E-001                  8.3211485710150829E-002                  3.7865730783658229E+000                 -6.7963177239941768E+000                  4.7942577070160297E+000                  6.9999998555726817E-001                  2.8000001444273187E-001                  2.0000000000000018E-002                  2.3455479651815548E-026                  0.0000000000000000E+000                  0.0000000000000000E+000 
                                      13                  9.9999999995775024E-001                  8.3209240013947680E-002                  3.7900508472307224E+000                 -6.7864016644148917E+000                  4.8076676936759384E+000                  6.9999998509759565E-001                  2.8000001490240439E-001                  2.0000000000000018E-002                  2.3997400815886412E-026                  0.0000000000000000E+000                  0.0000000000000000E+000 
                                      14                  9.9999999995150035E-001                  8.3204849909081280E-002                  3.7950290333745347E+000                 -6.7741458007122786E+000                  4.8249275974241765E+000                  6.9999998477238479E-001                  2.8000001522761520E-001                  2.0000000000000018E-002                  2.4684529867596279E-026                  0.0000000000000000E+000                  0.0000000000000000E+000 
                                      15                  9.9999999994525024E-001                  8.3200581834319859E-002                  3.7990478114838115E+000                 -6.7656783020090172E+000                  4.8374372569741722E+000                  6.9999998471150804E-001                  2.8000001528849194E-001                  2.0000000000000018E-002                  2.5170724070045384E-026                  0.0000000000000000E+000                  0.0000000000000000E+000 
                                      16                  9.9999999994212529E-001                  8.3198488955588817E-002                  3.8032096731748601E+000                 -6.7577071762969689E+000                  4.8495968782917576E+000                  6.9999998441199707E-001                  2.8000001558800292E-001                  2.0000000000000018E-002                  2.5637166122638656E-026                  0.0000000000000000E+000                  0.0000000000000000E+000 
                                      17                  9.9999999993587529E-001                  8.3194379235538560E-002                  3.8092308366635943E+000                 -6.7480708117006385E+000                  4.8652981671612912E+000                  6.9999998441199707E-001                  2.8000001558800292E-001                  2.0000000000000018E-002                  2.6212610213823410E-026                  0.0000000000000000E+000                  0.0000000000000000E+000 
                                      18                  9.9999999992962529E-001                  8.3190359587125270E-002                  3.8157583454543835E+000                 -6.7394997323232211E+000                  4.8804521011529935E+000                  6.9999998441199707E-001                  2.8000001558800292E-001                  2.0000000000000018E-002                  2.6735286520096050E-026                  0.0000000000000000E+000                  0.0000000000000000E+000 
                                      19                  9.9999999992337518E-001                  8.3186418382986627E-002                  3.8210703714032537E+000                 -6.7338352227325045E+000                  4.8914807294763492E+000                  6.9999998441199707E-001                  2.8000001558800292E-001                  2.0000000000000018E-002                  2.7086424488610366E-026                  0.0000000000000000E+000                  0.0000000000000000E+000 
                                      20                  9.9999999992025024E-001                  8.3184473277071388E-002                  3.8265761820233388E+000                 -6.7286468050191566E+000                  4.9022364051897203E+000                  6.9999998441199707E-001                  2.8000001558800292E-001                  2.0000000000000018E-002                  2.7412095966415566E-026                  0.0000000000000000E+000                  0.0000000000000000E+000 
                                      21                  9.9999999991400035E-001                  8.3180629187344743E-002                  3.8325696228996464E+000                 -6.7242214259020932E+000                  4.9127324994032628E+000                  6.9999998441199707E-001                  2.8000001558800292E-001                  2.0000000000000018E-002                  2.7692965382140306E-026                  0.0000000000000000E+000                  0.0000000000000000E+000 
                                      22                  9.9999999991087540E-001                  8.3178726590547064E-002                  3.8367197210317796E+000                 -6.7215728894656506E+000                  4.9195916839536897E+000                  6.9999998441199707E-001                  2.8000001558800292E-001                  2.0000000000000018E-002                  2.7862437351626777E-026                  0.0000000000000000E+000                  0.0000000000000000E+000 
                                      23                  9.9999999990775046E-001                  8.3176835536613522E-002                  3.8410456622568341E+000                 -6.7192162154672399E+000                  4.9263443344761493E+000                  6.9999998441199707E-001                  2.8000001558800292E-001                  2.0000000000000018E-002                  2.8014105877528471E-026                  0.0000000000000000E+000                  0.0000000000000000E+000 
                                      24                  9.9999999990462551E-001                  8.3174954692076503E-002                  3.8455567737188541E+000                 -6.7171593226426376E+000                  4.9329937108579438E+000                  6.9999998441199707E-001                  2.8000001558800292E-001                  2.0000000000000018E-002                  2.8147156116767123E-026                  0.0000000000000000E+000                  0.0000000000000000E+000 
                                      25                  9.9999999990150057E-001                  8.3173082710219531E-002                  3.8525996589473546E+000                 -6.7145614520902752E+000                  4.9427808654878485E+000                  6.9999998441199707E-001                  2.8000001558800292E-001                  2.0000000000000018E-002                  2.8316103158482236E-026                  0.0000000000000000E+000                  0.0000000000000000E+000 
                                      26                  9.9999999989525057E-001                  8.3169361003458384E-002                  3.8602187484738817E+000                 -6.7127984222688424E+000                  4.9523526359247976E+000                  6.9999998441199707E-001                  2.8000001558800292E-001                  2.0000000000000018E-002                  2.8431335455367689E-026                  0.0000000000000000E+000                  0.0000000000000000E+000 
                                      27                  9.9999999989212562E-001                  8.3167507653261363E-002                  3.8654066295907881E+000                 -6.7118705434337924E+000                  4.9586186957420555E+000                  6.9999998441199707E-001                  2.8000001558800292E-001                  2.0000000000000018E-002                  2.8492170231962363E-026                  0.0000000000000000E+000                  0.0000000000000000E+000 
                                      28                  9.9999999988900068E-001                  8.3165658234903614E-002                  3.8713176763130255E+000                 -6.7110339311290739E+000                  4.9655617259314244E+000                  6.9999998441199707E-001                  2.8000001558800292E-001                  2.0000000000000018E-002                  2.8547132884657479E-026                  0.0000000000000000E+000                  0.0000000000000000E+000 
                                      29                  9.9999999988509447E-001                  8.3163350877878864E-002                  3.8778712823391825E+000                 -6.7102515187409759E+000                  4.9731483757133557E+000                  6.9999998441199707E-001                  2.8000001558800292E-001                  2.0000000000000018E-002                  2.8598630743461680E-026                  0.0000000000000000E+000                  0.0000000000000000E+000 
                                      30                  9.9999999988118837E-001                  8.3161047637301103E-002                  3.8842703503180229E+000                 -6.7094777070044840E+000                  4.9806049240606010E+000                  6.9999998441199707E-001                  2.8000001558800292E-001                  2.0000000000000018E-002                  2.8649653905633619E-026                  0.0000000000000000E+000                  0.0000000000000000E+000 
                                      31                  9.9999999987728205E-001                  8.3158748460360754E-002                  3.8934603602557130E+000                 -6.7082029647515720E+000                  4.9915552908489280E+000                  6.9999998441199707E-001                  2.8000001558800292E-001                  2.0000000000000018E-002                  2.8733905759370459E-026                  0.0000000000000000E+000                  0.0000000000000000E+000 
                                      32                  9.9999999986946952E-001                  8.3154163474774237E-002                  3.9017702316792948E+000                 -6.7063617214032112E+000                  5.0022367759331852E+000                  6.9999998441199707E-001                  2.8000001558800292E-001                  2.0000000000000018E-002                  2.8856037185248219E-026                  0.0000000000000000E+000                  0.0000000000000000E+000 
                                      33                  9.9999999986556332E-001                  8.3151880626553237E-002                  3.9095488740474607E+000                 -6.7043039435563143E+000                  5.0126620601561562E+000                  6.9999998441199707E-001                  2.8000001558800292E-001                  2.0000000000000018E-002                  2.8993146057091524E-026                  0.0000000000000000E+000                  0.0000000000000000E+000 
                                      34                  9.9999999985775079E-001                  8.3147336405014358E-002                  3.9187550403906029E+000                 -6.7008160816884956E+000                  5.0261847692131161E+000                  6.9999998441199707E-001                  2.8000001558800292E-001                  2.0000000000000018E-002                  2.9227030696225913E-026                  0.0000000000000000E+000                  0.0000000000000000E+000 
                                      35                  9.9999999984993826E-001                  8.3142828391469137E-002                  3.9269384968579599E+000                 -6.6967583310984633E+000                  5.0392996391827527E+000                  6.9999998441199707E-001                  2.8000001558800292E-001                  2.0000000000000018E-002                  2.9501506085696081E-026                  0.0000000000000000E+000                  0.0000000000000000E+000 
                                      36                  9.9999999984212584E-001                  8.3138362163126464E-002                  3.9342627368361995E+000                 -6.6922573380238539E+000                  5.0520305627053217E+000                  6.9999998441199707E-001                  2.8000001558800292E-001                  2.0000000000000018E-002                  2.9808980439361992E-026                  0.0000000000000000E+000                  0.0000000000000000E+000 
                                      37                  9.9999999983431320E-001                  8.3133941847710474E-002                  3.9408670527190712E+000                 -6.6874203246664932E+000                  5.0643993917272976E+000                  6.9999998441199707E-001                  2.8000001558800292E-001                  2.0000000000000018E-002                  3.0142983284311747E-026                  0.0000000000000000E+000                  0.0000000000000000E+000 
                                      38                  9.9999999982650067E-001                  8.3129570358263197E-002                  3.9468650367482208E+000                 -6.6823327229033698E+000                  5.0764261635740526E+000                  6.9999998441199707E-001                  2.8000001558800292E-001                  2.0000000000000018E-002                  3.0498329557243911E-026                  0.0000000000000000E+000                  0.0000000000000000E+000 
                                      39                  9.9999999981868815E-001                  8.3125249650723113E-002                  3.9523482733155055E+000                 -6.6770617610297256E+000                  5.0881292965451141E+000                  6.9999998441199707E-001                  2.8000001558800292E-001                  2.0000000000000018E-002                  3.0870902562686884E-026                  0.0000000000000000E+000                  0.0000000000000000E+000 
                                      40                  9.9999999981087562E-001                  8.3120980939334232E-002                  3.9573906903021854E+000                 -6.6716595595487256E+000                  5.0995257598340205E+000                  6.9999998441199707E-001                  2.8000001558800292E-001                  2.0000000000000018E-002                  3.1257476453704745E-026                  0.0000000000000000E+000                  0.0000000000000000E+000 
                                      41                  9.9999999980306309E-001                  8.3116764874130430E-002                  3.9620523607836668E+000                 -6.6661665621753770E+000                  5.1106312217150354E+000                  6.9999998441199707E-001                  2.8000001558800292E-001                  2.0000000000000018E-002                  3.1655512530144931E-026                  0.0000000000000000E+000                  0.0000000000000000E+000 
                                      42                  9.9999999979525067E-001                  8.3112601677817546E-002                  3.9685307245439372E+000                 -6.6579443267708616E+000                  5.1267750569803576E+000                  6.9999998441199707E-001                  2.8000001558800292E-001                  2.0000000000000018E-002                  3.2260809837004280E-026                  0.0000000000000000E+000                  0.0000000000000000E+000 
                                      43                  9.9999999977962561E-001                  8.3104431092840922E-002                  3.9742158533591057E+000                 -6.6494423515376102E+000                  5.1423413813760535E+000                  6.9999998441199707E-001                  2.8000001558800292E-001                  2.0000000000000018E-002                  3.2898877674859299E-026                  0.0000000000000000E+000                  0.0000000000000000E+000 
                                      44                  9.9999999977181309E-001                  8.3100424829937763E-002                  3.9777697056765566E+000                 -6.6438422784743203E+000                  5.1524177260424997E+000                  6.9999998441199707E-001                  2.8000001558800292E-001                  2.0000000000000018E-002                  3.3326039655580703E-026                  0.0000000000000000E+000                  0.0000000000000000E+000 
                                      45                  9.9999999976400056E-001                  8.3096469785984367E-002                  3.9827846045013260E+000                 -6.6355506970950335E+000                  5.1671075319109274E+000                  6.9999998441199707E-001                  2.8000001558800292E-001                  2.0000000000000018E-002                  3.3968713227508536E-026                  0.0000000000000000E+000                  0.0000000000000000E+000 
                                      46                  9.9999999974837561E-001                  8.3088708971491551E-002                  3.9872935619089649E+000                 -6.6271672827925823E+000                  5.1813176751313765E+000                  6.9999998441199707E-001                  2.8000001558800292E-001                  2.0000000000000018E-002                  3.4631108776109914E-026                  0.0000000000000000E+000                  0.0000000000000000E+000 
                                      47                  9.9999999974056308E-001                  8.3084902599375579E-002                  3.9901443487102188E+000                 -6.6216708339074160E+000                  5.1905395164136658E+000                  6.9999998441199707E-001                  2.8000001558800292E-001                  2.0000000000000018E-002                  3.5072394201932131E-026                  0.0000000000000000E+000                  0.0000000000000000E+000 
                                      48                  9.9999999973275056E-001                  8.3081143999094831E-002                  3.9942091895571048E+000                 -6.6135632392554271E+000                  5.2040156615358564E+000                  6.9999998441199707E-001                  2.8000001558800292E-001                  2.0000000000000018E-002                  3.5733604531651934E-026                  0.0000000000000000E+000                  0.0000000000000000E+000 
                                      49                  9.9999999971712561E-001                  8.3073765547226786E-002                  3.9991585017872753E+000                 -6.6028393959098768E+000                  5.2213582191648023E+000                  6.9999998441199707E-001                  2.8000001558800292E-001                  2.0000000000000018E-002                  3.6627373330688474E-026                  0.0000000000000000E+000                  0.0000000000000000E+000 
                                      50                  9.9999999970150066E-001                  8.3066566694796715E-002                  4.0037026547399766E+000                 -6.5923215996118047E+000                  5.2380358372421831E+000                  6.9999998441199707E-001                  2.8000001558800292E-001                  2.0000000000000018E-002                  3.7525685940143782E-026                  0.0000000000000000E+000                  0.0000000000000000E+000 
                                      51                  9.9999999968587572E-001                  8.3059539745602470E-002                  4.0078999614787536E+000                 -6.5820195951191822E+000                  5.2540976424469097E+000                  6.9999998441199707E-001                  2.8000001558800292E-001                  2.0000000000000018E-002                  3.8426928091668293E-026                  0.0000000000000000E+000                  0.0000000000000000E+000 
                                      52                  9.9999999967025077E-001                  8.3052677193681881E-002                  4.0117973295488412E+000                 -6.5719376107518865E+000                  5.2695875098360272E+000                  6.9999998441199707E-001                  2.8000001558800292E-001                  2.0000000000000018E-002                  3.9329880425752234E-026                  0.0000000000000000E+000                  0.0000000000000000E+000 
                                      53                  9.9999999965462583E-001                  8.3045971804170393E-002                  4.0154329990547017E+000                 -6.5620762085301054E+000                  5.2845447857595458E+000                  6.9999998441199707E-001                  2.8000001558800292E-001                  2.0000000000000018E-002                  4.0233605126899704E-026                  0.0000000000000000E+000                  0.0000000000000000E+000 
                                      54                  9.9999999963900088E-001                  8.3039416656202417E-002                  4.0205313306561097E+000                 -6.5477999201255557E+000                  5.3060583140970339E+000                  6.9999998441199707E-001                  2.8000001558800292E-001                  2.0000000000000018E-002                  4.1578848793479669E-026                  0.0000000000000000E+000                  0.0000000000000000E+000 
                                      55                  9.9999999960775088E-001                  8.3026729477122585E-002                  4.0250688727225397E+000                 -6.5338020240157881E+000                  5.3265585838938625E+000                  6.9999998441199707E-001                  2.8000001558800292E-001                  2.0000000000000018E-002                  4.2941533981715469E-026                  0.0000000000000000E+000                  0.0000000000000000E+000 
                                      56                  9.9999999959212593E-001                  8.3020586690591924E-002                  4.0279257212876125E+000                 -6.5247886030703075E+000                  5.3397075618345387E+000                  6.9999998441199707E-001                  2.8000001558800292E-001                  2.0000000000000018E-002                  4.3842536423177637E-026                  0.0000000000000000E+000                  0.0000000000000000E+000 
                                      57                  9.9999999957650099E-001                  8.3014569825944934E-002                  4.0306357858809667E+000                 -6.5159735680347994E+000                  5.3524708012096482E+000                  6.9999998441199707E-001                  2.8000001558800292E-001                  2.0000000000000018E-002                  4.4741995128844429E-026                  0.0000000000000000E+000                  0.0000000000000000E+000 
                                      58                  9.9999999956087604E-001                  8.3008673614133333E-002                  4.0332129463160822E+000                 -6.5073507137237909E+000                  5.3648702965610990E+000                  6.9999998441199707E-001                  2.8000001558800292E-001                  2.0000000000000018E-002                  4.5639700366218646E-026                  0.0000000000000000E+000                  0.0000000000000000E+000 
                                      59                  9.9999999954525109E-001                  8.3002893083098689E-002                  4.0368922320195857E+000                 -6.4948252371658439E+000                  5.3828309494246254E+000                  6.9999998441199707E-001                  2.8000001558800292E-001                  2.0000000000000018E-002                  4.6975888254599977E-026                  0.0000000000000000E+000                  0.0000000000000000E+000 
                                      60                  9.9999999951400109E-001                  8.2991660030908576E-002                  4.0413818616992021E+000                 -6.4786540620531898E+000                  5.4056806989953410E+000                  6.9999998441199707E-001                  2.8000001558800292E-001                  2.0000000000000018E-002                  4.8759025958627184E-026                  0.0000000000000000E+000                  0.0000000000000000E+000 
                                      61                  9.9999999948275109E-001                  8.2980836731165658E-002                  4.0455138395087795E+000                 -6.4631415816492028E+000                  5.4273902071039473E+000                  6.9999998441199707E-001                  2.8000001558800292E-001                  2.0000000000000018E-002                  5.0533123336548640E-026                  0.0000000000000000E+000                  0.0000000000000000E+000 
                                      62                  9.9999999945150109E-001                  8.2970392436718901E-002                  4.0493397890923681E+000                 -6.4482418615435266E+000                  5.4480679127866924E+000                  6.9999998441199707E-001                  2.8000001558800292E-001                  2.0000000000000018E-002                  5.2297906735686149E-026                  0.0000000000000000E+000                  0.0000000000000000E+000 
                                      63                  9.9999999942025108E-001                  8.2960299670992152E-002                  4.0529010978053330E+000                 -6.4339125898119089E+000                  5.4678074842275910E+000                  6.9999998441199707E-001                  2.8000001558800292E-001                  2.0000000000000018E-002                  5.4053253031776846E-026                  0.0000000000000000E+000                  0.0000000000000000E+000 
                                      64                  9.9999999938900097E-001                  8.2950533806163532E-002                  4.0562314172728078E+000                 -6.4201150127574795E+000                  5.4866903854363098E+000                  6.9999998441199707E-001                  2.8000001558800292E-001                  2.0000000000000018E-002                  5.5799138405789459E-026                  0.0000000000000000E+000                  0.0000000000000000E+000 
                                      65                  9.9999999935775119E-001                  8.2941072698771698E-002                  4.0593584532066194E+000                 -6.4068137019027338E+000                  5.5047879085370388E+000                  6.9999998441199707E-001                  2.8000001558800292E-001                  2.0000000000000018E-002                  5.7535609091449256E-026                  0.0000000000000000E+000                  0.0000000000000000E+000 
                                      66                  9.9999999932650108E-001                  8.2931896377348005E-002                  4.0615704272279878E+000                 -6.3971178766421364E+000                  5.5178838089765128E+000                  6.9999998441199707E-001                  2.8000001558800292E-001                  2.0000000000000018E-002                  5.8835355682047182E-026                  0.0000000000000000E+000                  0.0000000000000000E+000 
                                      67                  9.9999999931087613E-001                  8.2927409302729641E-002                  4.0630025084722785E+000                 -6.3908102361720394E+000                  5.5264003905043868E+000                  6.9999998441199707E-001                  2.8000001558800292E-001                  2.0000000000000018E-002                  5.9696636160020605E-026                  0.0000000000000000E+000                  0.0000000000000000E+000 
                                      68                  9.9999999929525119E-001                  8.2922986790773132E-002                  4.0650903367933591E+000                 -6.3815709391324518E+000                  5.5388705759888692E+000                  6.9999998441199707E-001                  2.8000001558800292E-001                  2.0000000000000018E-002                  6.0981039887642911E-026                  0.0000000000000000E+000                  0.0000000000000000E+000 
                                      69                  9.9999999926400118E-001                  8.2914327559545503E-002                  4.0690468955125345E+000                 -6.3638035439149503E+000                  5.5627874307715457E+000                  6.9999998441199707E-001                  2.8000001558800292E-001                  2.0000000000000018E-002                  6.3529186279463542E-026                  0.0000000000000000E+000                  0.0000000000000000E+000 
                                      70                  9.9999999920150118E-001                  8.2897701862426523E-002                  4.0726418220093539E+000                 -6.3467114977616106E+000                  5.5854590173974676E+000                  6.9999998441199707E-001                  2.8000001558800292E-001                  2.0000000000000018E-002                  6.6080938701328225E-026                  0.0000000000000000E+000                  0.0000000000000000E+000 
                                      71                  9.9999999917025117E-001                  8.2889709139640277E-002                  4.0749275842569004E+000                 -6.3357926865581291E+000                  5.5999425418785753E+000                  6.9999998441199707E-001                  2.8000001558800292E-001                  2.0000000000000018E-002                  6.7764473350114184E-026                  0.0000000000000000E+000                  0.0000000000000000E+000 
                                      72                  9.9999999913900106E-001                  8.2881914435771933E-002                  4.0782046435901282E+000                 -6.3200661447453825E+000                  5.6208020263937968E+000                  6.9999998441199707E-001                  2.8000001558800292E-001                  2.0000000000000018E-002                  7.0264979361666629E-026                  0.0000000000000000E+000                  0.0000000000000000E+000 
                                      73                  9.9999999907650117E-001                  8.2866878262545490E-002                  4.0822328561567574E+000                 -6.3000319835534677E+000                  5.6471456824624573E+000                  6.9999998441199707E-001                  2.8000001558800292E-001                  2.0000000000000018E-002                  7.3584525580782955E-026                  0.0000000000000000E+000                  0.0000000000000000E+000 
                                      74                  9.9999999901400116E-001                  8.2852518500173805E-002                  4.0850351123195345E+000                 -6.2856577725104978E+000                  5.6659074963630180E+000                  6.9999998441199707E-001                  2.8000001558800292E-001                  2.0000000000000018E-002                  7.6062486327640424E-026                  0.0000000000000000E+000                  0.0000000000000000E+000 
                                      75                  9.9999999898275116E-001                  8.2845571856761183E-002                  4.0868351863817454E+000                 -6.2764123212398930E+000                  5.6779804560892666E+000                  6.9999998441199707E-001                  2.8000001558800292E-001                  2.0000000000000018E-002                  7.7700240964180796E-026                  0.0000000000000000E+000                  0.0000000000000000E+000 
                                      76                  9.9999999895150116E-001                  8.2838771210649309E-002                  4.0894403767492138E+000                 -6.2630127755799725E+000                  5.6954841012743822E+000                  6.9999998441199707E-001                  2.8000001558800292E-001                  2.0000000000000018E-002                  8.0136672072120880E-026                  0.0000000000000000E+000                  0.0000000000000000E+000 
                                      77                  9.9999999888900126E-001                  8.2825582248856167E-002                  4.0931000887358708E+000                 -6.2437739575007800E+000                  5.7204869049336899E+000                  6.9999998441199707E-001                  2.8000001558800292E-001                  2.0000000000000018E-002                  8.3769101892723362E-026                  0.0000000000000000E+000                  0.0000000000000000E+000 
                                      78                  9.9999999881087620E-001                  8.2809808851334793E-002                  4.0959285330963535E+000                 -6.2284236397686774E+000                  5.7402791663161716E+000                  6.9999998441199707E-001                  2.8000001558800292E-001                  2.0000000000000018E-002                  8.6785137718263591E-026                  0.0000000000000000E+000                  0.0000000000000000E+000 
                                      79                  9.9999999877181367E-001                  8.2802195427356826E-002                  4.0977449709387939E+000                 -6.2185727133661386E+000                  5.7529908973763915E+000                  6.9999998441199707E-001                  2.8000001558800292E-001                  2.0000000000000018E-002                  8.8777633053667295E-026                  0.0000000000000000E+000                  0.0000000000000000E+000 
                                      80                  9.9999999873275114E-001                  8.2794752364718449E-002                  4.1003732618739326E+000                 -6.2043257089713020E+000                  5.7713882037001776E+000                  6.9999998441199707E-001                  2.8000001558800292E-001                  2.0000000000000018E-002                  9.1740528721362071E-026                  0.0000000000000000E+000                  0.0000000000000000E+000 
                                      81                  9.9999999865462619E-001                  8.2780345567617097E-002                  4.1028373427077884E+000                 -6.1905469571628160E+000                  5.7890400393008532E+000                  6.9999998441199707E-001                  2.8000001558800292E-001                  2.0000000000000018E-002                  9.4700108943814264E-026                  0.0000000000000000E+000                  0.0000000000000000E+000 
                                      82                  9.9999999861556366E-001                  8.2773366606622517E-002                  4.1044274432334431E+000                 -6.1816699435076092E+000                  5.8004222590798724E+000                  6.9999998441199707E-001                  2.8000001558800292E-001                  2.0000000000000018E-002                  9.6657228251920222E-026                  0.0000000000000000E+000                  0.0000000000000000E+000 
                                      83                  9.9999999857650113E-001                  8.2766528521808116E-002                  4.1067386280697962E+000                 -6.1687850828774593E+000                  5.8169560998536785E+000                  6.9999998441199707E-001                  2.8000001558800292E-001                  2.0000000000000018E-002                  9.9570171954270595E-026                  0.0000000000000000E+000                  0.0000000000000000E+000 
                                      84                  9.9999999849837617E-001                  8.2753251221112642E-002                  4.1096477268914713E+000                 -6.1522544057472661E+000                  5.8380679463222833E+000                  6.9999998441199707E-001                  2.8000001558800292E-001                  2.0000000000000018E-002                  1.0343631938319147E-025                  0.0000000000000000E+000                  0.0000000000000000E+000 
                                      85                  9.9999999842025122E-001                  8.2740468650404950E-002                  4.1117140946443271E+000                 -6.1403119469049168E+000                  5.8532562463815268E+000                  6.9999998441199707E-001                  2.8000001558800292E-001                  2.0000000000000018E-002                  1.0632249368261077E-025                  0.0000000000000000E+000                  0.0000000000000000E+000 
                                      86                  9.9999999838118869E-001                  8.2734250313463070E-002                  4.1130546604474434E+000                 -6.1325826605783611E+000                  5.8630950451467321E+000                  6.9999998441199707E-001                  2.8000001558800292E-001                  2.0000000000000018E-002                  1.0823326198162926E-025                  0.0000000000000000E+000                  0.0000000000000000E+000 
                                      87                  9.9999999834212616E-001                  8.2728141407285016E-002                  4.1150129452516433E+000                 -6.1213160105766944E+000                  5.8774483283381116E+000                  6.9999998441199707E-001                  2.8000001558800292E-001                  2.0000000000000018E-002                  1.1108020988390751E-025                  0.0000000000000000E+000                  0.0000000000000000E+000 
                                      88                  9.9999999826400110E-001                  8.2716235737779351E-002                  4.1174997572709762E+000                 -6.1067950542932392E+000                  5.8958786530034404E+000                  6.9999998441199707E-001                  2.8000001558800292E-001                  2.0000000000000018E-002                  1.1486026239546950E-025                  0.0000000000000000E+000                  0.0000000000000000E+000 
                                      89                  9.9999999818587626E-001                  8.2704720630255635E-002                  4.1198722055275239E+000                 -6.0928403062892666E+000                  5.9135604172232448E+000                  6.9999998441199707E-001                  2.8000001558800292E-001                  2.0000000000000018E-002                  1.1861412936545634E-025                  0.0000000000000000E+000                  0.0000000000000000E+000 
                                      90                  9.9999999810775131E-001                  8.2693568771762788E-002                  4.1221405370917976E+000                 -6.0794095595871385E+000                  5.9305520763293798E+000                  6.9999998441199707E-001                  2.8000001558800292E-001                  2.0000000000000018E-002                  1.2234290246993451E-025                  0.0000000000000000E+000                  0.0000000000000000E+000 
                                      91                  9.9999999802962636E-001                  8.2682755690900694E-002                  4.1243136820257167E+000                 -6.0664649862905931E+000                  5.9469054944912054E+000                  6.9999998441199707E-001                  2.8000001558800292E-001                  2.0000000000000018E-002                  1.2604763730904040E-025                  0.0000000000000000E+000                  0.0000000000000000E+000 
                                      92                  9.9999999795150130E-001                  8.2672259376242410E-002                  4.1263994701889573E+000                 -6.0539726820099728E+000                  5.9626668998807979E+000                  6.9999998441199707E-001                  2.8000001558800292E-001                  2.0000000000000018E-002                  1.2972931763443846E-025                  0.0000000000000000E+000                  0.0000000000000000E+000 
                                      93                  9.9999999787337646E-001                  8.2662059953777886E-002                  4.1284048044013195E+000                 -6.0419021889682547E+000                  5.9778776728431602E+000                  6.9999998441199707E-001                  2.8000001558800292E-001                  2.0000000000000018E-002                  1.3338884829163898E-025                  0.0000000000000000E+000                  0.0000000000000000E+000 
                                      94                  9.9999999779525151E-001                  8.2652139414801262E-002                  4.1303358006976607E+000                 -6.0302260421457428E+000                  5.9925750009273075E+000                  6.9999998441199707E-001                  2.8000001558800292E-001                  2.0000000000000018E-002                  1.3702706425017129E-025                  0.0000000000000000E+000                  0.0000000000000000E+000 
                                      95                  9.9999999771712655E-001                  8.2642481386164660E-002                  4.1331259664618729E+000                 -6.0134453247361668E+000                  6.0137303277685454E+000                  6.9999998441199707E-001                  2.8000001558800292E-001                  2.0000000000000018E-002                  1.4243039415614724E-025                  0.0000000000000000E+000                  0.0000000000000000E+000 
                                      96                  9.9999999756087665E-001                  8.2623895634391362E-002                  4.1357361946538376E+000                 -5.9973303345314850E+000                  6.0339062021595833E+000                  6.9999998441199707E-001                  2.8000001558800292E-001                  2.0000000000000018E-002                  1.4781991094400361E-025                  0.0000000000000000E+000                  0.0000000000000000E+000 
                                      97                  9.9999999748275159E-001                  8.2614940410292437E-002                  4.1374188816310360E+000                 -5.9870045802706446E+000                  6.0468552381708411E+000                  6.9999998441199707E-001                  2.8000001558800292E-001                  2.0000000000000018E-002                  1.5138004266167875E-025                  0.0000000000000000E+000                  0.0000000000000000E+000 
                                      98                  9.9999999740462664E-001                  8.2606195059088991E-002                  4.1390494021547815E+000                 -5.9769692383071078E+000                  6.0594303330435055E+000                  6.9999998441199707E-001                  2.8000001558800292E-001                  2.0000000000000018E-002                  1.5492222698111112E-025                  0.0000000000000000E+000                  0.0000000000000000E+000 
                                      99                  9.9999999732650169E-001                  8.2597648961452802E-002                  4.1414196158444465E+000                 -5.9624612432878923E+000                  6.0776369488354138E+000                  6.9999998441199707E-001                  2.8000001558800292E-001                  2.0000000000000018E-002                  1.6019023695566874E-025                  0.0000000000000000E+000                  0.0000000000000000E+000 
                                     100                  9.9999999717025179E-001                  8.2581116882608260E-002                  4.1444041076934965E+000                 -5.9439487290619457E+000                  6.1007861793246638E+000                  6.9999998441199707E-001                  2.8000001558800292E-001                  2.0000000000000018E-002                  1.6717339969191783E-025                  0.0000000000000000E+000                  0.0000000000000000E+000 
                                     101                  9.9999999701400166E-001                  8.2565272930620145E-002                  4.1465249431765967E+000                 -5.9306412147486709E+000                  6.1173750626200833E+000                  6.9999998441199707E-001                  2.8000001558800292E-001                  2.0000000000000018E-002                  1.7238057129104158E-025                  0.0000000000000000E+000                  0.0000000000000000E+000 
                                     102                  9.9999999693587671E-001                  8.2557589391635683E-002                  4.1485875790303295E+000                 -5.9178658286613839E+000                  6.1333546497661162E+000                  6.9999998441199707E-001                  2.8000001558800292E-001                  2.0000000000000018E-002                  1.7753213646268685E-025                  0.0000000000000000E+000                  0.0000000000000000E+000 
                                     103                  9.9999999677962670E-001                  8.2542666608831236E-002                  4.1512048290592816E+000                 -5.9014815810357835E+000                  6.1537881091909101E+000                  6.9999998441199707E-001                  2.8000001558800292E-001                  2.0000000000000018E-002                  1.8436502679013374E-025                  0.0000000000000000E+000                  0.0000000000000000E+000 
                                     104                  9.9999999662337680E-001                  8.2528294863519716E-002                  4.1530775696227433E+000                 -5.8896480591806561E+000                  6.1685079552042268E+000                  6.9999998441199707E-001                  2.8000001558800292E-001                  2.0000000000000018E-002                  1.8946315714478749E-025                  0.0000000000000000E+000                  0.0000000000000000E+000 
                                     105                  9.9999999654525173E-001                  8.2521301629810501E-002                  4.1549051486157795E+000                 -5.8782367979498620E+000                  6.1827461057201614E+000                  6.9999998441199707E-001                  2.8000001558800292E-001                  2.0000000000000018E-002                  1.9451291765800105E-025                  0.0000000000000000E+000                  0.0000000000000000E+000 
                                     106                  9.9999999638900172E-001                  8.2507676906118724E-002                  4.1572378583072336E+000                 -5.8635434014283234E+000                  6.2010343073285252E+000                  6.9999998441199707E-001                  2.8000001558800292E-001                  2.0000000000000018E-002                  2.0121394349675174E-025                  0.0000000000000000E+000                  0.0000000000000000E+000 
                                     107                  9.9999999623275171E-001                  8.2494504215157652E-002                  4.1594738991624389E+000                 -5.8494329717780689E+000                  6.2185854958250859E+000                  6.9999998441199707E-001                  2.8000001558800292E-001                  2.0000000000000018E-002                  2.0786642360809098E-025                  0.0000000000000000E+000                  0.0000000000000000E+000 
                                     108                  9.9999999607650170E-001                  8.2481751491125577E-002                  4.1616212414883975E+000                 -5.8358612798418514E+000                  6.2354567956112135E+000                  6.9999998441199707E-001                  2.8000001558800292E-001                  2.0000000000000018E-002                  2.1447245085652510E-025                  0.0000000000000000E+000                  0.0000000000000000E+000 
                                     109                  9.9999999592025157E-001                  8.2469390054663139E-002                  4.1636869040027085E+000                 -5.8227888683773275E+000                  6.2516989362504312E+000                  6.9999998441199707E-001                  2.8000001558800292E-001                  2.0000000000000018E-002                  2.2103398987783474E-025                  0.0000000000000000E+000                  0.0000000000000000E+000 
                                     110                  9.9999999576400167E-001                  8.2457394148342994E-002                  4.1656771000891659E+000                 -5.8101804292463521E+000                  6.2673571727645685E+000                  6.9999998441199707E-001                  2.8000001558800292E-001                  2.0000000000000018E-002                  2.2755286980802538E-025                  0.0000000000000000E+000                  0.0000000000000000E+000 
                                     111                  9.9999999560775166E-001                  8.2445740548518082E-002                  4.1675973566707372E+000                 -5.7980042801088452E+000                  6.2824720461073023E+000                  6.9999998441199707E-001                  2.8000001558800292E-001                  2.0000000000000018E-002                  2.3403077784906233E-025                  0.0000000000000000E+000                  0.0000000000000000E+000 
                                     112                  9.9999999545150164E-001                  8.2434408238933540E-002                  4.1694526117850339E+000                 -5.7862318828363390E+000                  6.2970800160074303E+000                  6.9999998441199707E-001                  2.8000001558800292E-001                  2.0000000000000018E-002                  2.4046927530511203E-025                  0.0000000000000000E+000                  0.0000000000000000E+000 
                                     113                  9.9999999529525152E-001                  8.2423378135709310E-002                  4.1712472954197946E+000                 -5.7748374409419334E+000                  6.3112139910537204E+000                  6.9999998441199707E-001                  2.8000001558800292E-001                  2.0000000000000018E-002                  2.4686981049146495E-025                  0.0000000000000000E+000                  0.0000000000000000E+000 
                                     114                  9.9999999513900162E-001                  8.2412632854196394E-002                  4.1738518437335372E+000                 -5.7584447107288943E+000                  6.3315901732239119E+000                  6.9999998441199707E-001                  2.8000001558800292E-001                  2.0000000000000018E-002                  2.5637820285805441E-025                  0.0000000000000000E+000                  0.0000000000000000E+000 
                                     115                  9.9999999482650159E-001                  8.2391936100747951E-002                  4.1771226788778133E+000                 -5.7376530786941196E+000                  6.3573563106332713E+000                  6.9999998441199707E-001                  2.8000001558800292E-001                  2.0000000000000018E-002                  2.6896708671219533E-025                  0.0000000000000000E+000                  0.0000000000000000E+000 
                                     116                  9.9999999451400157E-001                  8.2372204094817894E-002                  4.1794417328189590E+000                 -5.7227903815255274E+000                  6.3757281165622794E+000                  6.9999998441199707E-001                  2.8000001558800292E-001                  2.0000000000000018E-002                  2.7834351032325902E-025                  0.0000000000000000E+000                  0.0000000000000000E+000 
                                     117                  9.9999999435775155E-001                  8.2362669056441559E-002                  4.1809448532400895E+000                 -5.7132383261201971E+000                  6.3875589775058170E+000                  6.9999998441199707E-001                  2.8000001558800292E-001                  2.0000000000000018E-002                  2.8454156053344602E-025                  0.0000000000000000E+000                  0.0000000000000000E+000 
                                     118                  9.9999999420150154E-001                  8.2353340838487915E-002                  4.1831387893703642E+000                 -5.6994054720244094E+000                  6.4047235258348625E+000                  6.9999998441199707E-001                  2.8000001558800292E-001                  2.0000000000000018E-002                  2.9376292647089621E-025                  0.0000000000000000E+000                  0.0000000000000000E+000 
                                     119                  9.9999999388900151E-001                  8.2335267560509920E-002                  4.1859216690818153E+000                 -5.6817286595444410E+000                  6.4266062850016414E+000                  6.9999998441199707E-001                  2.8000001558800292E-001                  2.0000000000000018E-002                  3.0598332974406172E-025                  0.0000000000000000E+000                  0.0000000000000000E+000 
                                     120                  9.9999999357650149E-001                  8.2317913014477564E-002                  4.1885739902135386E+000                 -5.6648935454259135E+000                  6.4474423815172353E+000                  6.9999998441199707E-001                  2.8000001558800292E-001                  2.0000000000000018E-002                  3.1809449936093453E-025                  0.0000000000000000E+000                  0.0000000000000000E+000 
                                     121                  9.9999999326400146E-001                  8.2301216369211727E-002                  4.1917391999261486E+000                 -5.6449533920769825E+000                  6.4721595969339241E+000                  6.9999998441199707E-001                  2.8000001558800292E-001                  2.0000000000000018E-002                  3.3306152555084674E-025                  0.0000000000000000E+000                  0.0000000000000000E+000 
                                     122                  9.9999999279525154E-001                  8.2277291958055998E-002                  4.1953031543867958E+000                 -5.6223836210047544E+000                  6.5000812340039049E+000                  6.9999998441199707E-001                  2.8000001558800292E-001                  2.0000000000000018E-002                  3.5085436536098225E-025                  0.0000000000000000E+000                  0.0000000000000000E+000 
                                     123                  9.9999999232650139E-001                  8.2254575456560175E-002                  4.1981016588200788E+000                 -5.6045919864558638E+000                  6.5220563208929780E+000                  6.9999998441199707E-001                  2.8000001558800292E-001                  2.0000000000000018E-002                  3.6554836890169002E-025                  0.0000000000000000E+000                  0.0000000000000000E+000 
                                     124                  9.9999999201400125E-001                  8.2240037129433965E-002                  4.2002556995428391E+000                 -5.5909987933138314E+000                  6.5388715498617129E+000                  6.9999998441199707E-001                  2.8000001558800292E-001                  2.0000000000000018E-002                  3.7718856923173518E-025                  0.0000000000000000E+000                  0.0000000000000000E+000 
                                     125                  9.9999999170150133E-001                  8.2225945403486309E-002                  4.2023327170253770E+000                 -5.5779105806372398E+000                  6.5550619768538132E+000                  6.9999998441199707E-001                  2.8000001558800292E-001                  2.0000000000000018E-002                  3.8874673550647009E-025                  0.0000000000000000E+000                  0.0000000000000000E+000 
                                     126                  9.9999999138900120E-001                  8.2212270709210777E-002                  4.2043383131503900E+000                 -5.5652914231889348E+000                  6.5706723883577052E+000                  6.9999998441199707E-001                  2.8000001558800292E-001                  2.0000000000000018E-002                  4.0022618418637523E-025                  0.0000000000000000E+000                  0.0000000000000000E+000 
                                     127                  9.9999999107650128E-001                  8.2198986402117702E-002                  4.2072438490166775E+000                 -5.5472201818901121E+000                  6.5930865068179507E+000                  6.9999998441199707E-001                  2.8000001558800292E-001                  2.0000000000000018E-002                  4.1725858449292205E-025                  0.0000000000000000E+000                  0.0000000000000000E+000 
                                     128                  9.9999999045150123E-001                  8.2173497224668143E-002                  4.2108826444218339E+000                 -5.5244261706147695E+000                  6.6212851296223780E+000                  6.9999998441199707E-001                  2.8000001558800292E-001                  2.0000000000000018E-002                  4.3978066980468032E-025                  0.0000000000000000E+000                  0.0000000000000000E+000 
                                     129                  9.9999998982650118E-001                  8.2149307199043897E-002                  4.2134566102507804E+000                 -5.5082144793930450E+000                  6.6412983897119737E+000                  6.9999998441199707E-001                  2.8000001558800292E-001                  2.0000000000000018E-002                  4.5653556808118408E-025                  0.0000000000000000E+000                  0.0000000000000000E+000 
                                     130                  9.9999998951400126E-001                  8.2137653913000333E-002                  4.2151230163837754E+000                 -5.4978319382559198E+000                  6.6541472533205228E+000                  6.9999998441199707E-001                  2.8000001558800292E-001                  2.0000000000000018E-002                  4.6760008141705626E-025                  0.0000000000000000E+000                  0.0000000000000000E+000 
                                     131                  9.9999998920150113E-001                  8.2126275009508781E-002                  4.2173025298779914E+000                 -5.4843534720904774E+000                  6.6708543057771772E+000                  6.9999998441199707E-001                  2.8000001558800292E-001                  2.0000000000000018E-002                  4.8236519618311192E-025                  0.0000000000000000E+000                  0.0000000000000000E+000 
                                     132                  9.9999998867326734E-001                  8.2107626541107967E-002                  4.2202178521816647E+000                 -5.4663251527900103E+000                  6.6931886325058230E+000                  6.9999998441199707E-001                  2.8000001558800292E-001                  2.0000000000000018E-002                  5.0284657318778577E-025                  0.0000000000000000E+000                  0.0000000000000000E+000 
                                     133                  9.9999998802606593E-001                  8.2085704096114306E-002                  4.2237737667507611E+000                 -5.4444593663201104E+000                  6.7202988607344727E+000                  6.9999998441199707E-001                  2.8000001558800292E-001                  2.0000000000000018E-002                  5.2885912441828865E-025                  0.0000000000000000E+000                  0.0000000000000000E+000 
                                     134                  9.9999998716313065E-001                  8.2057904625753547E-002                  4.2266360570793839E+000                 -5.4266792946553242E+000                  6.7422664739826796E+000                  6.9999998441199707E-001                  2.8000001558800292E-001                  2.0000000000000018E-002                  5.5100085639964956E-025                  0.0000000000000000E+000                  0.0000000000000000E+000 
                                     135                  9.9999998673166302E-001                  8.2044560560092711E-002                  4.2284847641215810E+000                 -5.4153373711044805E+000                  6.7563192507533678E+000                  6.9999998441199707E-001                  2.8000001558800292E-001                  2.0000000000000018E-002                  5.6560739602208034E-025                  0.0000000000000000E+000                  0.0000000000000000E+000 
                                     136                  9.9999998630019538E-001                  8.2031559290473899E-002                  4.2311743325388091E+000                 -5.3990247026060425E+000                  6.7765833144437888E+000                  6.9999998441199707E-001                  2.8000001558800292E-001                  2.0000000000000018E-002                  5.8729764196918720E-025                  0.0000000000000000E+000                  0.0000000000000000E+000 
                                     137                  9.9999998543726010E-001                  8.2006512033914361E-002                  4.2337218952298779E+000                 -5.3833701172844082E+000                  6.7959482322580245E+000                  6.9999998441199707E-001                  2.8000001558800292E-001                  2.0000000000000018E-002                  6.0889534732206867E-025                  0.0000000000000000E+000                  0.0000000000000000E+000 
                                     138                  9.9999998500579246E-001                  8.1994430244066885E-002                  4.2353736944325657E+000                 -5.3733329221948800E+000                  6.8083958875035107E+000                  6.9999998441199707E-001                  2.8000001558800292E-001                  2.0000000000000018E-002                  6.2315953681699058E-025                  0.0000000000000000E+000                  0.0000000000000000E+000 
                                     139                  9.9999998457432493E-001                  8.1982623506366495E-002                  4.2377855097316344E+000                 -5.3588293529738635E+000                  6.8264248774033973E+000                  6.9999998441199707E-001                  2.8000001558800292E-001                  2.0000000000000018E-002                  6.4436394712624050E-025                  0.0000000000000000E+000                  0.0000000000000000E+000 
                                     140                  9.9999998371138954E-001                  8.1959782864082911E-002                  4.2408477880427160E+000                 -5.3403478734522931E+000                  6.8493599532404943E+000                  6.9999998441199707E-001                  2.8000001558800292E-001                  2.0000000000000018E-002                  6.7243391273599047E-025                  0.0000000000000000E+000                  0.0000000000000000E+000 
                                     141                  9.9999998284845415E-001                  8.1937890435969565E-002                  4.2430405910677464E+000                 -5.3270792059840169E+000                  6.8658030812187310E+000                  6.9999998441199707E-001                  2.8000001558800292E-001                  2.0000000000000018E-002                  6.9333838485086341E-025                  0.0000000000000000E+000                  0.0000000000000000E+000 
                                     142                  9.9999998241698662E-001                  8.1927272403841303E-002                  4.2444685281666130E+000                 -5.3185226161045609E+000                  6.8764302023313499E+000                  6.9999998441199707E-001                  2.8000001558800292E-001                  2.0000000000000018E-002                  7.0716285728496468E-025                  0.0000000000000000E+000                  0.0000000000000000E+000 
                                     143                  9.9999998198551898E-001                  8.1916860767518376E-002                  4.2465620122834595E+000                 -5.3060925583348428E+000                  6.8919001161023994E+000                  6.9999998441199707E-001                  2.8000001558800292E-001                  2.0000000000000018E-002                  7.2773855440506194E-025                  0.0000000000000000E+000                  0.0000000000000000E+000 
                                     144                  9.9999998112258370E-001                  8.1896622892865284E-002                  4.2492393128550914E+000                 -5.2901548607466511E+000                  6.9117087097258114E+000                  6.9999998441199707E-001                  2.8000001558800292E-001                  2.0000000000000018E-002                  7.5499974828471507E-025                  0.0000000000000000E+000                  0.0000000000000000E+000 
                                     145                  9.9999998025964842E-001                  8.1877111564948715E-002                  4.2518103058640930E+000                 -5.2749177383214594E+000                  6.9306564200422498E+000                  6.9999998441199707E-001                  2.8000001558800292E-001                  2.0000000000000018E-002                  7.8201799362983039E-025                  0.0000000000000000E+000                  0.0000000000000000E+000 
                                     146                  9.9999997939671315E-001                  8.1858270422448184E-002                  4.2536666716089124E+000                 -5.2638972134543227E+000                  6.9443460328990181E+000                  6.9999998441199707E-001                  2.8000001558800292E-001                  2.0000000000000018E-002                  8.0216066339574895E-025                  0.0000000000000000E+000                  0.0000000000000000E+000 
                                     147                  9.9999997896524551E-001                  8.1849085008058348E-002                  4.2554860490826405E+000                 -5.2532493859279610E+000                  6.9576183883177256E+000                  6.9999998441199707E-001                  2.8000001558800292E-001                  2.0000000000000018E-002                  8.2211533870894799E-025                  0.0000000000000000E+000                  0.0000000000000000E+000 
                                     148                  9.9999997810231023E-001                  8.1831157431278445E-002                  4.2578271651395552E+000                 -5.2395231892019654E+000                  6.9747093178505297E+000                  6.9999998441199707E-001                  2.8000001558800292E-001                  2.0000000000000018E-002                  8.4857404536902916E-025                  0.0000000000000000E+000                  0.0000000000000000E+000 
                                     149                  9.9999997723937495E-001                  8.1813785490355548E-002                  4.2606517002957256E+000                 -5.2231212529374211E+000                  6.9951717087585719E+000                  6.9999998441199707E-001                  2.8000001558800292E-001                  2.0000000000000018E-002                  8.8131084115359547E-025                  0.0000000000000000E+000                  0.0000000000000000E+000 
                                     150                  9.9999997594497203E-001                  8.1788689671673478E-002                  4.2633428237554405E+000                 -5.2074212757455625E+000                  7.0147176289831803E+000                  6.9999998441199707E-001                  2.8000001558800292E-001                  2.0000000000000018E-002                  9.1383034583671035E-025                  0.0000000000000000E+000                  0.0000000000000000E+000 
                                     151                  9.9999997508203675E-001                  8.1772550844014538E-002                  4.2662800936230774E+000                 -5.1905826351886137E+000                  7.0357667284004117E+000                  6.9999998441199707E-001                  2.8000001558800292E-001                  2.0000000000000018E-002                  9.5004477716437754E-025                  0.0000000000000000E+000                  0.0000000000000000E+000 
                                     152                  9.9999997351089420E-001                  8.1744280096561844E-002                  4.2689782394347393E+000                 -5.1749622571252223E+000                  7.0552235635551339E+000                  6.9999998441199707E-001                  2.8000001558800292E-001                  2.0000000000000018E-002                  9.8492262042041285E-025                  0.0000000000000000E+000                  0.0000000000000000E+000 
                                     153                  9.9999997272532315E-001                  8.1730642124990316E-002                  4.2707289197882101E+000                 -5.1649510782260073E+000                  7.0677283420323125E+000                  6.9999998441199707E-001                  2.8000001558800292E-001                  2.0000000000000018E-002                  1.0079471899812670E-024                  0.0000000000000000E+000                  0.0000000000000000E+000 
                                     154                  9.9999997193975199E-001                  8.1717313693268623E-002                  4.2728616009500442E+000                 -5.1528463364614252E+000                  7.0828712227651618E+000                  6.9999998441199707E-001                  2.8000001558800292E-001                  2.0000000000000018E-002                  1.0365076242926015E-024                  0.0000000000000000E+000                  0.0000000000000000E+000 
                                     155                  9.9999997076139513E-001                  8.1697868389618233E-002                  4.2753301684906582E+000                 -5.1388482811013150E+000                  7.1003751986000649E+000                  6.9999998441199707E-001                  2.8000001558800292E-001                  2.0000000000000018E-002                  1.0705470063982234E-024                  0.0000000000000000E+000                  0.0000000000000000E+000 
                                     156                  9.9999996958303816E-001                  8.1679037359046178E-002                  4.2781097273625157E+000                 -5.1232229842980681E+000                  7.1199462409569847E+000                  6.9999998441199707E-001                  2.8000001558800292E-001                  2.0000000000000018E-002                  1.1098670952353088E-024                  0.0000000000000000E+000                  0.0000000000000000E+000 
                                     157                  9.9999996801189595E-001                  8.1654813010248697E-002                  4.2811493029853143E+000                 -5.1061811151957874E+000                  7.1412884429700183E+000                  6.9999998441199707E-001                  2.8000001558800292E-001                  2.0000000000000018E-002                  1.1544023814720539E-024                  0.0000000000000000E+000                  0.0000000000000000E+000 
                                     158                  9.9999996644075351E-001                  8.1631517001401657E-002                  4.2840629147543252E+000                 -5.0899481825017556E+000                  7.1616350495333290E+000                  6.9999998441199707E-001                  2.8000001558800292E-001                  2.0000000000000018E-002                  1.1984866773219660E-024                  0.0000000000000000E+000                  0.0000000000000000E+000 
                                     159                  9.9999996486961107E-001                  8.1609072125874565E-002                  4.2868614633277122E+000                 -5.0744519275201254E+000                  7.1810748596737684E+000                  6.9999998441199707E-001                  2.8000001558800292E-001                  2.0000000000000018E-002                  1.2421422033632852E-024                  0.0000000000000000E+000                  0.0000000000000000E+000 
                                     160                  9.9999996329846852E-001                  8.1587410696766394E-002                  4.2888827727724221E+000                 -5.0632574614282131E+000                  7.1951069172888751E+000                  6.9999998441199707E-001                  2.8000001558800292E-001                  2.0000000000000018E-002                  1.2746662182834692E-024                  0.0000000000000000E+000                  0.0000000000000000E+000 
                                     161                  9.9999996251289747E-001                  8.1576854415071301E-002                  4.2908638303946498E+000                 -5.0524525620921112E+000                  7.2087010544432744E+000                  6.9999998441199707E-001                  2.8000001558800292E-001                  2.0000000000000018E-002                  1.3068669332057514E-024                  0.0000000000000000E+000                  0.0000000000000000E+000 
                                     162                  9.9999996094175492E-001                  8.1556258419236222E-002                  4.2934138941467470E+000                 -5.0385386780387735E+000                  7.2261922098672988E+000                  6.9999998441199707E-001                  2.8000001558800292E-001                  2.0000000000000018E-002                  1.3495358319267235E-024                  0.0000000000000000E+000                  0.0000000000000000E+000 
                                     163                  9.9999995937061248E-001                  8.1536309024238723E-002                  4.2958775487183605E+000                 -5.0251719424628956E+000                  7.2430091305925668E+000                  6.9999998441199707E-001                  2.8000001558800292E-001                  2.0000000000000018E-002                  1.3918401657859993E-024                  0.0000000000000000E+000                  0.0000000000000000E+000 
                                     164                  9.9999995779947004E-001                  8.1516961654158657E-002                  4.2988548240321158E+000                 -5.0091927548044666E+000                  7.2631574779820909E+000                  6.9999998441199707E-001                  2.8000001558800292E-001                  2.0000000000000018E-002                  1.4441589369863203E-024                  0.0000000000000000E+000                  0.0000000000000000E+000 
                                     165                  9.9999995544275644E-001                  8.1488984405878956E-002                  4.3028306359113433E+000                 -4.9880150040592612E+000                  7.2898881728971867E+000                  6.9999998441199707E-001                  2.8000001558800292E-001                  2.0000000000000018E-002                  1.5165460184126010E-024                  0.0000000000000000E+000                  0.0000000000000000E+000 
                                     166                  9.9999995230047156E-001                  8.1453449002360526E-002                  4.3065829478698605E+000                 -4.9680362943248717E+000                  7.3150765696605085E+000                  6.9999998441199707E-001                  2.8000001558800292E-001                  2.0000000000000018E-002                  1.5881626753046302E-024                  0.0000000000000000E+000                  0.0000000000000000E+000 
                                     167                  9.9999994994375796E-001                  8.1427990356689586E-002                  4.3101956595723463E+000                 -4.9491255973543584E+000                  7.3390062974891723E+000                  6.9999998441199707E-001                  2.8000001558800292E-001                  2.0000000000000018E-002                  1.6590687834266282E-024                  0.0000000000000000E+000                  0.0000000000000000E+000 
                                     168                  9.9999994677369219E-001                  8.1395197939184011E-002                  4.3131486801612819E+000                 -4.9336122468441799E+000                  7.3585954219233125E+000                  6.9999998441199707E-001                  2.8000001558800292E-001                  2.0000000000000018E-002                  1.7195976654524749E-024                  0.0000000000000000E+000                  0.0000000000000000E+000 
                                     169                  9.9999994518865931E-001                  8.1379374422362635E-002                  4.3160216019530866E+000                 -4.9188451504167654E+000                  7.3773416434741952E+000                  6.9999998441199707E-001                  2.8000001558800292E-001                  2.0000000000000018E-002                  1.7792684950797471E-024                  0.0000000000000000E+000                  0.0000000000000000E+000 
                                     170                  9.9999994201859355E-001                  8.1348780473392529E-002                  4.3196756091993098E+000                 -4.9000754607709860E+000                  7.4011471986572506E+000                  6.9999998441199707E-001                  2.8000001558800292E-001                  2.0000000000000018E-002                  1.8581157425867290E-024                  0.0000000000000000E+000                  0.0000000000000000E+000 
                                     171                  9.9999993884852778E-001                  8.1319474530549329E-002                  4.3231667082007963E+000                 -4.8823006612781361E+000                  7.4237213363390762E+000                  6.9999998441199707E-001                  2.8000001558800292E-001                  2.0000000000000018E-002                  1.9360077580252028E-024                  0.0000000000000000E+000                  0.0000000000000000E+000 
                                     172                  9.9999993567846202E-001                  8.1291338225612783E-002                  4.3256767385368899E+000                 -4.8695400274399789E+000                  7.4399179170439043E+000                  6.9999998441199707E-001                  2.8000001558800292E-001                  2.0000000000000018E-002                  1.9939359540959792E-024                  0.0000000000000000E+000                  0.0000000000000000E+000 
                                     173                  9.9999993409342913E-001                  8.1277675443836461E-002                  4.3281304990413663E+000                 -4.8572917054979605E+000                  7.4555340467019571E+000                  6.9999998441199707E-001                  2.8000001558800292E-001                  2.0000000000000018E-002                  2.0511709120993010E-024                  0.0000000000000000E+000                  0.0000000000000000E+000 
                                     174                  9.9999993092336337E-001                  8.1251106080165739E-002                  4.3312768512664093E+000                 -4.8416031075708936E+000                  7.4755234897379150E+000                  6.9999998441199707E-001                  2.8000001558800292E-001                  2.0000000000000018E-002                  2.1268923797055733E-024                  0.0000000000000000E+000                  0.0000000000000000E+000 
                                     175                  9.9999992775329760E-001                  8.1225474767026989E-002                  4.3350660256065092E+000                 -4.8229750718206361E+000                  7.4993284354682057E+000                  6.9999998441199707E-001                  2.8000001558800292E-001                  2.0000000000000018E-002                  2.2204459707742416E-024                  0.0000000000000000E+000                  0.0000000000000000E+000 
                                     176                  9.9999992298418661E-001                  8.1188525498188460E-002                  4.3393947030843174E+000                 -4.8018008666440393E+000                  7.5263887342380542E+000                  6.9999998441199707E-001                  2.8000001558800292E-001                  2.0000000000000018E-002                  2.3318032271663435E-024                  0.0000000000000000E+000                  0.0000000000000000E+000 
                                     177                  9.9999991818705103E-001                  8.1153118855357795E-002                  4.3428350734256940E+000                 -4.7850612410154776E+000                  7.5477861274779556E+000                  6.9999998441199707E-001                  2.8000001558800292E-001                  2.0000000000000018E-002                  2.4237850258360009E-024                  0.0000000000000000E+000                  0.0000000000000000E+000 
                                     178                  9.9999991498896046E-001                  8.1130402374632871E-002                  4.3454976343566836E+000                 -4.7722711071696970E+000                  7.5641793581747736E+000                  6.9999998441199707E-001                  2.8000001558800292E-001                  2.0000000000000018E-002                  2.4965073022179932E-024                  0.0000000000000000E+000                  0.0000000000000000E+000 
                                     179                  9.9999991179087000E-001                  8.1108341735907863E-002                  4.3480786503768334E+000                 -4.7599574836940555E+000                  7.5799793911050397E+000                  6.9999998441199707E-001                  2.8000001558800292E-001                  2.0000000000000018E-002                  2.5685849040565795E-024                  0.0000000000000000E+000                  0.0000000000000000E+000 
                                     180                  9.9999990859277954E-001                  8.1086894579415453E-002                  4.3512074742334059E+000                 -4.7452032631623178E+000                  7.5989575505968885E+000                  6.9999998441199707E-001                  2.8000001558800292E-001                  2.0000000000000018E-002                  2.6576995651547386E-024                  0.0000000000000000E+000                  0.0000000000000000E+000 
                                     181                  9.9999990379564396E-001                  8.1055792775266325E-002                  4.3542090027946498E+000                 -4.7310471389285809E+000                  7.6171460956641441E+000                  6.9999998441199707E-001                  2.8000001558800292E-001                  2.0000000000000018E-002                  2.7461124271612812E-024                  0.0000000000000000E+000                  0.0000000000000000E+000 
                                     182                  9.9999990059755339E-001                  8.1035719651524923E-002                  4.3565514067924420E+000                 -4.7201226061371671E+000                  7.6312160666917990E+000                  6.9999998441199707E-001                  2.8000001558800292E-001                  2.0000000000000018E-002                  2.8163518590976685E-024                  0.0000000000000000E+000                  0.0000000000000000E+000 
                                     183                  9.9999989737819794E-001                  8.1016012299072362E-002                  4.3588472354699590E+000                 -4.7094807330576245E+000                  7.6449358348760059E+000                  6.9999998441199707E-001                  2.8000001558800292E-001                  2.0000000000000018E-002                  2.8865044610932018E-024                  0.0000000000000000E+000                  0.0000000000000000E+000 
                                     184                  9.9999989413757751E-001                  8.0996652348397924E-002                  4.3616507843911094E+000                 -4.6966186404416739E+000                  7.6615540381643132E+000                  6.9999998441199707E-001                  2.8000001558800292E-001                  2.0000000000000018E-002                  2.9736341414327265E-024                  0.0000000000000000E+000                  0.0000000000000000E+000 
                                     185                  9.9999988927664685E-001                  8.0968455228680444E-002                  4.3654314118268092E+000                 -4.6794195220488310E+000                  7.6838060245467261E+000                  6.9999998441199707E-001                  2.8000001558800292E-001                  2.0000000000000018E-002                  3.0942757394957753E-024                  0.0000000000000000E+000                  0.0000000000000000E+000 
                                     186                  9.9999988279540608E-001                  8.0932310840463151E-002                  4.3685273832359499E+000                 -4.6653225664462354E+000                  7.7020177214319112E+000                  6.9999998441199707E-001                  2.8000001558800292E-001                  2.0000000000000018E-002                  3.1968063155327148E-024                  0.0000000000000000E+000                  0.0000000000000000E+000 
                                     187                  9.9999987955478553E-001                  8.0914812599541405E-002                  4.3710449433136143E+000                 -4.6540563171542306E+000                  7.7166339895167368E+000                  6.9999998441199707E-001                  2.8000001558800292E-001                  2.0000000000000018E-002                  3.2811909154754605E-024                  0.0000000000000000E+000                  0.0000000000000000E+000 
                                     188                  9.9999987469385487E-001                  8.0889233572728564E-002                  4.3739698607353610E+000                 -4.6410192670879473E+000                  7.7335518726769186E+000                  6.9999998441199707E-001                  2.8000001558800292E-001                  2.0000000000000018E-002                  3.3816288736111730E-024                  0.0000000000000000E+000                  0.0000000000000000E+000 
                                     189                  9.9999986983292422E-001                  8.0864406668094996E-002                  4.3772741794957355E+000                 -4.6264547272153616E+000                  7.7524951265531463E+000                  6.9999998441199707E-001                  2.8000001558800292E-001                  2.0000000000000018E-002                  3.4974828856404867E-024                  0.0000000000000000E+000                  0.0000000000000000E+000 
                                     190                  9.9999986335168334E-001                  8.0832389564706758E-002                  4.3809031302911379E+000                 -4.6105580330762752E+000                  7.7731847000751442E+000                  6.9999998441199707E-001                  2.8000001558800292E-001                  2.0000000000000018E-002                  3.6284787570999304E-024                  0.0000000000000000E+000                  0.0000000000000000E+000 
                                     191                  9.9999985687044246E-001                  8.0801516504520901E-002                  4.3843951626897963E+000                 -4.5954045621001924E+000                  7.7929387810875097E+000                  6.9999998441199707E-001                  2.8000001558800292E-001                  2.0000000000000018E-002                  3.7579255836146408E-024                  0.0000000000000000E+000                  0.0000000000000000E+000 
                                     192                  9.9999985038920147E-001                  8.0771695844654559E-002                  4.3877761457849074E+000                 -4.5808667941132040E+000                  7.8119204598688956E+000                  6.9999998441199707E-001                  2.8000001558800292E-001                  2.0000000000000018E-002                  3.8864612378578930E-024                  0.0000000000000000E+000                  0.0000000000000000E+000 
                                     193                  9.9999984385042173E-001                  8.0742594944719248E-002                  4.3910681916460446E+000                 -4.5668351033048271E+000                  7.8302693445753562E+000                  6.9999998441199707E-001                  2.8000001558800292E-001                  2.0000000000000018E-002                  4.0147001094940202E-024                  0.0000000000000000E+000                  0.0000000000000000E+000 
                                     194                  9.9999983725410291E-001                  8.0714165658910417E-002                  4.3942632771434118E+000                 -4.5533307747946976E+000                  7.8479544232048868E+000                  6.9999998441199707E-001                  2.8000001558800292E-001                  2.0000000000000018E-002                  4.1421230535837047E-024                  0.0000000000000000E+000                  0.0000000000000000E+000 
                                     195                  9.9999983065778419E-001                  8.0686601445012718E-002                  4.3973549145802213E+000                 -4.5403703414739924E+000                  7.8649516621214230E+000                  6.9999998441199707E-001                  2.8000001558800292E-001                  2.0000000000000018E-002                  4.2682248006895746E-024                  0.0000000000000000E+000                  0.0000000000000000E+000 
                                     196                  9.9999982406146526E-001                  8.0659842643221263E-002                  4.4010958443874353E+000                 -4.5248929057758414E+000                  7.8853083181285504E+000                  6.9999998441199707E-001                  2.8000001558800292E-001                  2.0000000000000018E-002                  4.4238683833639743E-024                  0.0000000000000000E+000                  0.0000000000000000E+000 
                                     197                  9.9999981416698702E-001                  8.0621100937667473E-002                  4.4053897738716543E+000                 -4.5072313005949471E+000                  7.9085481167433871E+000                  6.9999998441199707E-001                  2.8000001558800292E-001                  2.0000000000000018E-002                  4.6084392228974637E-024                  0.0000000000000000E+000                  0.0000000000000000E+000 
                                     198                  9.9999980427250879E-001                  8.0583893389309852E-002                  4.4088202178091569E+000                 -4.4932058467323941E+000                  7.9270138382651538E+000                  6.9999998441199707E-001                  2.8000001558800292E-001                  2.0000000000000018E-002                  4.7604950002364023E-024                  0.0000000000000000E+000                  0.0000000000000000E+000 
                                     199                  9.9999979767618996E-001                  8.0559871553912157E-002                  4.4115059076635337E+000                 -4.4823549558047358E+000                  7.9413379947312110E+000                  6.9999998441199707E-001                  2.8000001558800292E-001                  2.0000000000000018E-002                  4.8815766122550223E-024                  0.0000000000000000E+000                  0.0000000000000000E+000 
                                     200                  9.9999979099152492E-001                  8.0536124761403982E-002                  4.4148190477608988E+000                 -4.4691188095681094E+000                  7.9588547437047312E+000                  6.9999998441199707E-001                  2.8000001558800292E-001                  2.0000000000000018E-002                  5.0334627190649429E-024                  0.0000000000000000E+000                  0.0000000000000000E+000 
                                     201                  9.9999978083200813E-001                  8.0501110065705803E-002                  4.4193020068282269E+000                 -4.4513746576136715E+000                  7.9823754897317043E+000                  6.9999998441199707E-001                  2.8000001558800292E-001                  2.0000000000000018E-002                  5.2445388107679167E-024                  0.0000000000000000E+000                  0.0000000000000000E+000 
                                     202                  9.9999976728598572E-001                  8.0456280481915068E-002                  4.4229657412764585E+000                 -4.4368685860235431E+000                  8.0015772076585847E+000                  6.9999998441199707E-001                  2.8000001558800292E-001                  2.0000000000000018E-002                  5.4236733457139000E-024                  0.0000000000000000E+000                  0.0000000000000000E+000 
                                     203                  9.9999976051297457E-001                  8.0434597030542343E-002                  4.4253473320137751E+000                 -4.4275730965950517E+000                  8.0139247822192221E+000                  6.9999998441199707E-001                  2.8000001558800292E-001                  2.0000000000000018E-002                  5.5416750970046924E-024                  0.0000000000000000E+000                  0.0000000000000000E+000 
                                     204                  9.9999975373996342E-001                  8.0413369606903706E-002                  4.4288331644135006E+000                 -4.4141487083336273E+000                  8.0318152913984449E+000                  6.9999998441199707E-001                  2.8000001558800292E-001                  2.0000000000000018E-002                  5.7166495417557064E-024                  0.0000000000000000E+000                  0.0000000000000000E+000 
                                     205                  9.9999974019394089E-001                  8.0372198125667385E-002                  4.4321758086268463E+000                 -4.4012195583375151E+000                  8.0490042671801376E+000                  6.9999998441199707E-001                  2.8000001558800292E-001                  2.0000000000000018E-002                  5.8904044371792131E-024                  0.0000000000000000E+000                  0.0000000000000000E+000 
                                     206                  9.9999973342092996E-001                  8.0352211978367963E-002                  4.4354392637934525E+000                 -4.3888452157365965E+000                  8.0655417281062718E+000                  6.9999998441199707E-001                  2.8000001558800292E-001                  2.0000000000000018E-002                  6.0616613619970419E-024                  0.0000000000000000E+000                  0.0000000000000000E+000 
                                     207                  9.9999971987490743E-001                  8.0313354644291568E-002                  4.4396195991408556E+000                 -4.3730366434767145E+000                  8.0866628574291468E+000                  6.9999998441199707E-001                  2.8000001558800292E-001                  2.0000000000000018E-002                  6.2877310364970694E-024                  0.0000000000000000E+000                  0.0000000000000000E+000 
                                     208                  9.9999970632888502E-001                  8.0275876426348147E-002                  4.4446371755978653E+000                 -4.3543611304307968E+000                  8.1117053681720996E+000                  6.9999998441199707E-001                  2.8000001558800292E-001                  2.0000000000000018E-002                  6.5657194563254636E-024                  0.0000000000000000E+000                  0.0000000000000000E+000 
                                     209                  9.9999968600985156E-001                  8.0222008321522958E-002                  4.4504128235710212E+000                 -4.3330173290084932E+000                  8.1403454853548620E+000                  6.9999998441199707E-001                  2.8000001558800292E-001                  2.0000000000000018E-002                  6.8985529599835001E-024                  0.0000000000000000E+000                  0.0000000000000000E+000 
                                     210                  9.9999966514824445E-001                  8.0169334792179053E-002                  4.4550387545618229E+000                 -4.3160332725488511E+000                  8.1631486975489942E+000                  6.9999998441199707E-001                  2.8000001558800292E-001                  2.0000000000000018E-002                  7.1754519147045055E-024                  0.0000000000000000E+000                  0.0000000000000000E+000 
                                     211                  9.9999965124050649E-001                  8.0135555792564067E-002                  4.4604105908452523E+000                 -4.2968022081228820E+000                  8.1891403499594393E+000                  6.9999998441199707E-001                  2.8000001558800292E-001                  2.0000000000000018E-002                  7.5024683380255292E-024                  0.0000000000000000E+000                  0.0000000000000000E+000 
                                     212                  9.9999962323882752E-001                  8.0070469192375898E-002                  4.4655100602372384E+000                 -4.2784249920176922E+000                  8.2138901463078504E+000                  6.9999998441199707E-001                  2.8000001558800292E-001                  2.0000000000000018E-002                  7.8289268202239465E-024                  0.0000000000000000E+000                  0.0000000000000000E+000 
                                     213                  9.9999960895868356E-001                  8.0038641272316205E-002                  4.4688421663402300E+000                 -4.2666293973527107E+000                  8.2298484995134640E+000                  6.9999998441199707E-001                  2.8000001558800292E-001                  2.0000000000000018E-002                  8.0459384001137965E-024                  0.0000000000000000E+000                  0.0000000000000000E+000 
                                     214                  9.9999959467853961E-001                  8.0007659455726007E-002                  4.4728797460336223E+000                 -4.2525054943743505E+000                  8.2490109397960172E+000                  6.9999998441199707E-001                  2.8000001558800292E-001                  2.0000000000000018E-002                  8.3137396106415059E-024                  0.0000000000000000E+000                  0.0000000000000000E+000 
                                     215                  9.9999957325832367E-001                  7.9962661974679189E-002                  4.4775236814811592E+000                 -4.2363412556233877E+000                  8.2709515923092241E+000                  6.9999998441199707E-001                  2.8000001558800292E-001                  2.0000000000000018E-002                  8.6312196133090111E-024                  0.0000000000000000E+000                  0.0000000000000000E+000 
                                     216                  9.9999955183810763E-001                  7.9919295261227263E-002                  4.4812405145301177E+000                 -4.2234704917064168E+000                  8.2884318631795235E+000                  6.9999998441199707E-001                  2.8000001558800292E-001                  2.0000000000000018E-002                  8.8926901549456227E-024                  0.0000000000000000E+000                  0.0000000000000000E+000 
                                     217                  9.9999953755796378E-001                  7.9891221432297765E-002                  4.4848544072988226E+000                 -4.2111428934940225E+000                  8.3052399574725655E+000                  6.9999998441199707E-001                  2.8000001558800292E-001                  2.0000000000000018E-002                  9.1505752232194037E-024                  0.0000000000000000E+000                  0.0000000000000000E+000 
                                     218                  9.9999951613774785E-001                  7.9850279453134207E-002                  4.4882064742318404E+000                 -4.1997035502922833E+000                  8.3208210046089395E+000                  6.9999998441199707E-001                  2.8000001558800292E-001                  2.0000000000000018E-002                  9.3965869810915536E-024                  0.0000000000000000E+000                  0.0000000000000000E+000 
                                     219                  9.9999950321974529E-001                  7.9826224832864556E-002                  4.4918979514488804E+000                 -4.1873241325521953E+000                  8.3377630530823037E+000                  6.9999998441199707E-001                  2.8000001558800292E-001                  2.0000000000000018E-002                  9.6702991849181057E-024                  0.0000000000000000E+000                  0.0000000000000000E+000 
                                     220                  9.9999947738374029E-001                  7.9779456130851398E-002                  4.4954453427625563E+000                 -4.1753772408184782E+000                  8.3540758182548434E+000                  6.9999998441199707E-001                  2.8000001558800292E-001                  2.0000000000000018E-002                  9.9420325830055055E-024                  0.0000000000000000E+000                  0.0000000000000000E+000 
                                     221                  9.9999946446573773E-001                  7.9756700822912807E-002                  4.4989114414686737E+000                 -4.1639202758591365E+000                  8.3698012047996144E+000                  6.9999998441199707E-001                  2.8000001558800292E-001                  2.0000000000000018E-002                  1.0209818151608190E-023                  0.0000000000000000E+000                  0.0000000000000000E+000 
                                     222                  9.9999943862973284E-001                  7.9712364835674995E-002                  4.5033599292794895E+000                 -4.1492547971364253E+000                  8.3899280698106438E+000                  6.9999998441199707E-001                  2.8000001558800292E-001                  2.0000000000000018E-002                  1.0563187533765583E-023                  0.0000000000000000E+000                  0.0000000000000000E+000 
                                     223                  9.9999941279372773E-001                  7.9669488099013128E-002                  4.5086300163412973E+000                 -4.1321367815017140E+000                  8.4135068908839497E+000                  6.9999998441199707E-001                  2.8000001558800292E-001                  2.0000000000000018E-002                  1.0991208967136090E-023                  0.0000000000000000E+000                  0.0000000000000000E+000 
                                     224                  9.9999937499457425E-001                  7.9609160613119220E-002                  4.5143044331870685E+000                 -4.1138088857194202E+000                  8.4387648259545163E+000                  6.9999998441199707E-001                  2.8000001558800292E-001                  2.0000000000000018E-002                  1.1468800201872617E-023                  0.0000000000000000E+000                  0.0000000000000000E+000 
                                     225                  9.9999934072317753E-001                  7.9556703276226631E-002                  4.5203697588549172E+000                 -4.0945691340038923E+000                  8.4653991721977366E+000                  6.9999998441199707E-001                  2.8000001558800292E-001                  2.0000000000000018E-002                  1.1992583287041522E-023                  0.0000000000000000E+000                  0.0000000000000000E+000 
                                     226                  9.9999929435555923E-001                  7.9488778214056824E-002                  4.5253297128730674E+000                 -4.0788450264316909E+000                  8.4871416407863620E+000                  6.9999998441199707E-001                  2.8000001558800292E-001                  2.0000000000000018E-002                  1.2438442396327649E-023                  0.0000000000000000E+000                  0.0000000000000000E+000 
                                     227                  9.9999927117174991E-001                  7.9456011945881241E-002                  4.5287046814767340E+000                 -4.0683317819641598E+000                  8.5017485086677080E+000                  6.9999998441199707E-001                  2.8000001558800292E-001                  2.0000000000000018E-002                  1.2745792722061154E-023                  0.0000000000000000E+000                  0.0000000000000000E+000 
                                     228                  9.9999924565061749E-001                  7.9420796689274861E-002                  4.5332340298865663E+000                 -4.0544029862343480E+000                  8.5211649450565439E+000                  6.9999998441199707E-001                  2.8000001558800292E-001                  2.0000000000000018E-002                  1.3164770502765800E-023                  0.0000000000000000E+000                  0.0000000000000000E+000 
                                     229                  9.9999920386293384E-001                  7.9364938477708522E-002                  4.5395140646127645E+000                 -4.0353061380306379E+000                  8.5478497065487478E+000                  6.9999998441199707E-001                  2.8000001558800292E-001                  2.0000000000000018E-002                  1.3761773348149327E-023                  0.0000000000000000E+000                  0.0000000000000000E+000 
                                     230                  9.9999914814602231E-001                  7.9293633531256069E-002                  4.5446751904385740E+000                 -4.0196530134812303E+000                  8.5697105167574446E+000                  6.9999998441199707E-001                  2.8000001558800292E-001                  2.0000000000000018E-002                  1.4271340431989469E-023                  0.0000000000000000E+000                  0.0000000000000000E+000 
                                     231                  9.9999911945308240E-001                  7.9258199981865410E-002                  4.5480848312514048E+000                 -4.0094888691862671E+000                  8.5839726582775793E+000                  6.9999998441199707E-001                  2.8000001558800292E-001                  2.0000000000000018E-002                  1.4612324255018197E-023                  0.0000000000000000E+000                  0.0000000000000000E+000 
                                     232                  9.9999909076014237E-001                  7.9223577707198026E-002                  4.5522344561791224E+000                 -3.9972715958113474E+000                  8.6011712932753852E+000                  6.9999998441199707E-001                  2.8000001558800292E-001                  2.0000000000000018E-002                  1.5033031599793114E-023                  0.0000000000000000E+000                  0.0000000000000000E+000 
                                     233                  9.9999904772073267E-001                  7.9173070043875804E-002                  4.5568501386099536E+000                 -3.9837703215860905E+000                  8.6201980640626346E+000                  6.9999998441199707E-001                  2.8000001558800292E-001                  2.0000000000000018E-002                  1.5512119202641958E-023                  0.0000000000000000E+000                  0.0000000000000000E+000 
                                     234                  9.9999900806058084E-001                  7.9127937737336021E-002                  4.5617239420437148E+000                 -3.9697237345628400E+000                  8.6400689896181433E+000                  6.9999998441199707E-001                  2.8000001558800292E-001                  2.0000000000000018E-002                  1.6026841686063521E-023                  0.0000000000000000E+000                  0.0000000000000000E+000 
                                     235                  9.9999895743321665E-001                  7.9072139140280800E-002                  4.5674562841474460E+000                 -3.9534127178073950E+000                  8.6632123366693801E+000                  6.9999998441199707E-001                  2.8000001558800292E-001                  2.0000000000000018E-002                  1.6646108801802295E-023                  0.0000000000000000E+000                  0.0000000000000000E+000 
                                     236                  9.9999889761883975E-001                  7.9008618991260854E-002                  4.5721509229641208E+000                 -3.9401454069994606E+000                  8.6820554292085834E+000                  6.9999998441199707E-001                  2.8000001558800292E-001                  2.0000000000000018E-002                  1.7167504115168481E-023                  0.0000000000000000E+000                  0.0000000000000000E+000 
                                     237                  9.9999886311814479E-001                  7.8973071000198528E-002                  4.5768199886246697E+000                 -3.9272351721459784E+000                  8.7005068465732371E+000                  6.9999998441199707E-001                  2.8000001558800292E-001                  2.0000000000000018E-002                  1.7690613126878399E-023                  0.0000000000000000E+000                  0.0000000000000000E+000 
                                     238                  9.9999880124429741E-001                  7.8911165350856308E-002                  4.5811486730718975E+000                 -3.9152861167689998E+000                  8.7175739121019777E+000                  6.9999998441199707E-001                  2.8000001558800292E-001                  2.0000000000000018E-002                  1.8189036029546154E-023                  0.0000000000000000E+000                  0.0000000000000000E+000 
                                     239                  9.9999877030737383E-001                  7.8881042971275628E-002                  4.5850037960699179E+000                 -3.9048532149499411E+000                  8.7325618634858948E+000                  6.9999998441199707E-001                  2.8000001558800292E-001                  2.0000000000000018E-002                  1.8635740661088038E-023                  0.0000000000000000E+000                  0.0000000000000000E+000 
                                     240                  9.9999871670036611E-001                  7.8830072053541547E-002                  4.5893768167723081E+000                 -3.8930894104656653E+000                  8.7494783045530600E+000                  6.9999998441199707E-001                  2.8000001558800292E-001                  2.0000000000000018E-002                  1.9152666631733249E-023                  0.0000000000000000E+000                  0.0000000000000000E+000 
                                     241                  9.9999867136019815E-001                  7.8788100057559984E-002                  4.5938912009656887E+000                 -3.8811307203737422E+000                  8.7667470341968716E+000                  6.9999998441199707E-001                  2.8000001558800292E-001                  2.0000000000000018E-002                  1.9692927184957207E-023                  0.0000000000000000E+000                  0.0000000000000000E+000 
                                     242                  9.9999861167827409E-001                  7.8734334490758978E-002                  4.5979175667378147E+000                 -3.8705314397917348E+000                  8.7820686352846433E+000                  6.9999998441199707E-001                  2.8000001558800292E-001                  2.0000000000000018E-002                  2.0184562159141853E-023                  0.0000000000000000E+000                  0.0000000000000000E+000 
                                     243                  9.9999857466643416E-001                  7.8701785893115703E-002                  4.6025167592241596E+000                 -3.8586667294874215E+000                  8.7993220371232095E+000                  6.9999998441199707E-001                  2.8000001558800292E-001                  2.0000000000000018E-002                  2.0749538833633026E-023                  0.0000000000000000E+000                  0.0000000000000000E+000 
                                     244                  9.9999849866423085E-001                  7.8636728076328044E-002                  4.6069927145515761E+000                 -3.8471452486570397E+000                  8.8160684468384680E+000                  6.9999998441199707E-001                  2.8000001558800292E-001                  2.0000000000000018E-002                  2.1313378271539328E-023                  0.0000000000000000E+000                  0.0000000000000000E+000 
                                     245                  9.9999846066312925E-001                  7.8605040200328102E-002                  4.6099157388766940E+000                 -3.8397341846824333E+000                  8.8268875215942408E+000                  6.9999998441199707E-001                  2.8000001558800292E-001                  2.0000000000000018E-002                  2.1684174086760314E-023                  0.0000000000000000E+000                  0.0000000000000000E+000 
                                     246                  9.9999842266202765E-001                  7.8573881715152061E-002                  4.6143086551802481E+000                 -3.8287605743228053E+000                  8.8429765119274446E+000                  6.9999998441199707E-001                  2.8000001558800292E-001                  2.0000000000000018E-002                  2.2245155438125632E-023                  0.0000000000000000E+000                  0.0000000000000000E+000 
                                     247                  9.9999834411431177E-001                  7.8511064155641769E-002                  4.6197136418398044E+000                 -3.8153590305303089E+000                  8.8626512588411313E+000                  6.9999998441199707E-001                  2.8000001558800292E-001                  2.0000000000000018E-002                  2.2950080087309057E-023                  0.0000000000000000E+000                  0.0000000000000000E+000 
                                     248                  9.9999827422878651E-001                  7.8456850494364780E-002                  4.6246455812348497E+000                 -3.8033143378377838E+000                  8.8804055931560821E+000                  6.9999998441199707E-001                  2.8000001558800292E-001                  2.0000000000000018E-002                  2.3602774822896952E-023                  0.0000000000000000E+000                  0.0000000000000000E+000 
                                     249                  9.9999820434326114E-001                  7.8404100248122138E-002                  4.6298660537770537E+000                 -3.7907563191110429E+000                  8.8989923877816430E+000                  6.9999998441199707E-001                  2.8000001558800292E-001                  2.0000000000000018E-002                  2.4303166267717259E-023                  0.0000000000000000E+000                  0.0000000000000000E+000 
                                     250                  9.9999812172527880E-001                  7.8343493098647229E-002                  4.6353372528032395E+000                 -3.7777662472865887E+000                  8.9182823208821453E+000                  6.9999998441199707E-001                  2.8000001558800292E-001                  2.0000000000000018E-002                  2.5049648990559298E-023                  0.0000000000000000E+000                  0.0000000000000000E+000 
                                     251                  9.9999803910729645E-001                  7.8284647638165977E-002                  4.6400282642796977E+000                 -3.7667595800727987E+000                  8.9346752551606343E+000                  6.9999998441199707E-001                  2.8000001558800292E-001                  2.0000000000000018E-002                  2.5700169121754948E-023                  0.0000000000000000E+000                  0.0000000000000000E+000 
                                     252                  9.9999797549856262E-001                  7.8240459773493906E-002                  4.6450494288014248E+000                 -3.7551852755233130E+000                  8.9520036537895145E+000                  6.9999998441199707E-001                  2.8000001558800292E-001                  2.0000000000000018E-002                  2.6402570070569045E-023                  0.0000000000000000E+000                  0.0000000000000000E+000 
                                     253                  9.9999787848145016E-001                  7.8174811235770941E-002                  4.6516105123097260E+000                 -3.7402707106700630E+000                  8.9744136616209182E+000                  6.9999998441199707E-001                  2.8000001558800292E-001                  2.0000000000000018E-002                  2.7336220016831849E-023                  0.0000000000000000E+000                  0.0000000000000000E+000 
                                     254                  9.9999775816588488E-001                  7.8096106567524817E-002                  4.6598571659272690E+000                 -3.7219027006719743E+000                  9.0021686358508557E+000                  6.9999998441199707E-001                  2.8000001558800292E-001                  2.0000000000000018E-002                  2.8531809505230992E-023                  0.0000000000000000E+000                  0.0000000000000000E+000 
                                     255                  9.9999759349953610E-001                  7.7992785578154283E-002                  4.6667900671301670E+000                 -3.7066021506480049E+000                  9.0253228513614197E+000                  6.9999998441199707E-001                  2.8000001558800292E-001                  2.0000000000000018E-002                  2.9567794434709135E-023                  0.0000000000000000E+000                  0.0000000000000000E+000 
                                     256                  9.9999750632545370E-001                  7.7939952638745272E-002                  4.6716372533246444E+000                 -3.6961273777654835E+000                  9.0412763413308959E+000                  6.9999998441199707E-001                  2.8000001558800292E-001                  2.0000000000000018E-002                  3.0298767673749845E-023                  0.0000000000000000E+000                  0.0000000000000000E+000 
                                     257                  9.9999741208727821E-001                  7.7884178561319087E-002                  4.6765541786820748E+000                 -3.6856180545530282E+000                  9.0573296542204069E+000                  6.9999998441199707E-001                  2.8000001558800292E-001                  2.0000000000000018E-002                  3.1050421181855826E-023                  0.0000000000000000E+000                  0.0000000000000000E+000 
                                     258                  9.9999731702299777E-001                  7.7829239702075656E-002                  4.6814207770373546E+000                 -3.6753334555546573E+000                  9.0730885852751157E+000                  6.9999998441199707E-001                  2.8000001558800292E-001                  2.0000000000000018E-002                  3.1804160473259526E-023                  0.0000000000000000E+000                  0.0000000000000000E+000 
                                     259                  9.9999721942182740E-001                  7.7774133844523585E-002                  4.6859661198711189E+000                 -3.6658196518208639E+000                  9.0877034647923338E+000                  6.9999998441199707E-001                  2.8000001558800292E-001                  2.0000000000000018E-002                  3.2517789856823661E-023                  0.0000000000000000E+000                  0.0000000000000000E+000 
                                     260                  9.9999713208101171E-001                  7.7725872298252452E-002                  4.6907689041132850E+000                 -3.6558924295454580E+000                  9.1030100256455260E+000                  6.9999998441199707E-001                  2.8000001558800292E-001                  2.0000000000000018E-002                  3.3279611380401063E-023                  0.0000000000000000E+000                  0.0000000000000000E+000 
                                     261                  9.9999701902649685E-001                  7.7664790939534711E-002                  4.6957935144371739E+000                 -3.6455881035868209E+000                  9.1189281357241985E+000                  6.9999998441199707E-001                  2.8000001558800292E-001                  2.0000000000000018E-002                  3.4089372398527192E-023                  0.0000000000000000E+000                  0.0000000000000000E+000 
                                     262                  9.9999691617170150E-001                  7.7610501662904799E-002                  4.7016919458795234E+000                 -3.6336740182993337E+000                  9.1374183153386710E+000                  6.9999998441199707E-001                  2.8000001558800292E-001                  2.0000000000000018E-002                  3.5050381831182787E-023                  0.0000000000000000E+000                  0.0000000000000000E+000 
                                     263                  9.9999675822113299E-001                  7.7529349560311836E-002                  4.7086472682191669E+000                 -3.6197510702544489E+000                  9.1590713607392029E+000                  6.9999998441199707E-001                  2.8000001558800292E-001                  2.0000000000000018E-002                  3.6208031982493964E-023                  0.0000000000000000E+000                  0.0000000000000000E+000 
                                     264                  9.9999659653721584E-001                  7.7448855297496649E-002                  4.7146324589061299E+000                 -3.6078828663692954E+000                  9.1775716398282015E+000                  6.9999998441199707E-001                  2.8000001558800292E-001                  2.0000000000000018E-002                  3.7225170015428361E-023                  0.0000000000000000E+000                  0.0000000000000000E+000 
                                     265                  9.9999647242553624E-001                  7.7388702818977986E-002                  4.7206006372294942E+000                 -3.5962280369670889E+000                  9.1958257812194475E+000                  6.9999998441199707E-001                  2.8000001558800292E-001                  2.0000000000000018E-002                  3.8252005187797575E-023                  0.0000000000000000E+000                  0.0000000000000000E+000 
                                     266                  9.9999630251885663E-001                  7.7308496786736403E-002                  4.7264793433779797E+000                 -3.5848025303124627E+000                  9.2137335648673151E+000                  6.9999998441199707E-001                  2.8000001558800292E-001                  2.0000000000000018E-002                  3.9286306934735051E-023                  0.0000000000000000E+000                  0.0000000000000000E+000 
                                     267                  9.9999617194669976E-001                  7.7248430323327150E-002                  4.7328612268922594E+000                 -3.5725934170599056E+000                  9.2329662539683586E+000                  6.9999998441199707E-001                  2.8000001558800292E-001                  2.0000000000000018E-002                  4.0422680635770696E-023                  0.0000000000000000E+000                  0.0000000000000000E+000 
                                     268                  9.9999596589351325E-001                  7.7156219878482105E-002                  4.7388417617909058E+000                 -3.5611540257473759E+000                  9.2509678579119594E+000                  6.9999998441199707E-001                  2.8000001558800292E-001                  2.0000000000000018E-002                  4.1517422502046658E-023                  0.0000000000000000E+000                  0.0000000000000000E+000 
                                     269                  9.9999584335090785E-001                  7.7102779813125619E-002                  4.7431824332660657E+000                 -3.5529463038701410E+000                  9.2639310685395504E+000                  6.9999998441199707E-001                  2.8000001558800292E-001                  2.0000000000000018E-002                  4.2321241257327043E-023                  0.0000000000000000E+000                  0.0000000000000000E+000 
                                     270                  9.9999572080830268E-001                  7.7050321042692965E-002                  4.7496665398757596E+000                 -3.5408482201239124E+000                  9.2831226379283702E+000                  6.9999998441199707E-001                  2.8000001558800292E-001                  2.0000000000000018E-002                  4.3534719139940107E-023                  0.0000000000000000E+000                  0.0000000000000000E+000 
                                     271                  9.9999546699231179E-001                  7.6944593249716059E-002                  4.7560101039805494E+000                 -3.5289447447369535E+000                  9.3019444641842615E+000                  6.9999998441199707E-001                  2.8000001558800292E-001                  2.0000000000000018E-002                  4.4762868412215527E-023                  0.0000000000000000E+000                  0.0000000000000000E+000 
                                     272                  9.9999533556450271E-001                  7.6891297506638839E-002                  4.7623852610899968E+000                 -3.5172116883762183E+000                  9.3206221346222620E+000                  6.9999998441199707E-001                  2.8000001558800292E-001                  2.0000000000000018E-002                  4.6007576413153643E-023                  0.0000000000000000E+000                  0.0000000000000000E+000 
                                     273                  9.9999506802923022E-001                  7.6785642114642866E-002                  4.7685515734224566E+000                 -3.5057796206382310E+000                  9.3387525410350598E+000                  6.9999998441199707E-001                  2.8000001558800292E-001                  2.0000000000000018E-002                  4.7253874839034665E-023                  0.0000000000000000E+000                  0.0000000000000000E+000 
                                     274                  9.9999493192176647E-001                  7.6733258247511607E-002                  4.7726714621914956E+000                 -3.4982238855462220E+000                  9.3507788689718119E+000                  6.9999998441199707E-001                  2.8000001558800292E-001                  2.0000000000000018E-002                  4.8096191061106369E-023                  0.0000000000000000E+000                  0.0000000000000000E+000 
                                     275                  9.9999479096920163E-001                  7.6679925809418251E-002                  4.7788622331286472E+000                 -3.4869839449741917E+000                  9.3687296271260081E+000                  6.9999998441199707E-001                  2.8000001558800292E-001                  2.0000000000000018E-002                  4.9377288081502426E-023                  0.0000000000000000E+000                  0.0000000000000000E+000 
                                     276                  9.9999450404772283E-001                  7.6574078374747181E-002                  4.7848513802304549E+000                 -3.4760074601426965E+000                  9.3861825400538184E+000                  6.9999998441199707E-001                  2.8000001558800292E-001                  2.0000000000000018E-002                  5.0661525916831824E-023                  0.0000000000000000E+000                  0.0000000000000000E+000 
                                     277                  9.9999435807880932E-001                  7.6521544583166456E-002                  4.7908755971468295E+000                 -3.4651454878985821E+000                  9.4035545755267549E+000                  6.9999998441199707E-001                  2.8000001558800292E-001                  2.0000000000000018E-002                  5.1965488073094864E-023                  0.0000000000000000E+000                  0.0000000000000000E+000 
                                     278                  9.9999405575378653E-001                  7.6415368047477186E-002                  4.7967722949554812E+000                 -3.4543974184642456E+000                  9.4206609755945543E+000                  6.9999998441199707E-001                  2.8000001558800292E-001                  2.0000000000000018E-002                  5.3289058105512751E-023                  0.0000000000000000E+000                  0.0000000000000000E+000 
                                     279                  9.9999389921421811E-001                  7.6361705623648510E-002                  4.8006885338267979E+000                 -3.4473154653551945E+000                  9.4319629525942581E+000                  6.9999998441199707E-001                  2.8000001558800292E-001                  2.0000000000000018E-002                  5.4179674737735101E-023                  0.0000000000000000E+000                  0.0000000000000000E+000 
                                     280                  9.9999374267464958E-001                  7.6308891747041668E-002                  4.8065434954865403E+000                 -3.4368111743885383E+000                  9.4487727457779140E+000                  6.9999998441199707E-001                  2.8000001558800292E-001                  2.0000000000000018E-002                  5.5528375879616080E-023                  0.0000000000000000E+000                  0.0000000000000000E+000 
                                     281                  9.9999341846162992E-001                  7.6202062656331435E-002                  4.8142122555172762E+000                 -3.4229706678932215E+000                  9.4708585604095390E+000                  6.9999998441199707E-001                  2.8000001558800292E-001                  2.0000000000000018E-002                  5.7357227000247528E-023                  0.0000000000000000E+000                  0.0000000000000000E+000 
                                     282                  9.9999308272166154E-001                  7.6094826134941340E-002                  4.8217735151695305E+000                 -3.4093238380373614E+000                  9.4926250356724857E+000                  6.9999998441199707E-001                  2.8000001558800292E-001                  2.0000000000000018E-002                  5.9219918417225391E-023                  0.0000000000000000E+000                  0.0000000000000000E+000 
                                     283                  9.9999273504792185E-001                  7.5987133221682449E-002                  4.8292292214705590E+000                 -3.3958547741256293E+000                  9.5140919778797990E+000                  6.9999998441199707E-001                  2.8000001558800292E-001                  2.0000000000000018E-002                  6.1118126905410285E-023                  0.0000000000000000E+000                  0.0000000000000000E+000 
                                     284                  9.9999237501935512E-001                  7.5878938277833388E-002                  4.8365813417523063E+000                 -3.3825490545873995E+000                  9.5352775810261186E+000                  6.9999998441199707E-001                  2.8000001558800292E-001                  2.0000000000000018E-002                  6.3053533567477721E-023                  0.0000000000000000E+000                  0.0000000000000000E+000 
                                     285                  9.9999200220017903E-001                  7.5770198628293234E-002                  4.8438319028118713E+000                 -3.3693936716592550E+000                  9.5561985950740382E+000                  6.9999998441199707E-001                  2.8000001558800292E-001                  2.0000000000000018E-002                  6.5027813285394958E-023                  0.0000000000000000E+000                  0.0000000000000000E+000 
                                     286                  9.9999161613937493E-001                  7.5660874226259722E-002                  4.8509830180140687E+000                 -3.3563768630346100E+000                  9.5768704728250924E+000                  6.9999998441199707E-001                  2.8000001558800292E-001                  2.0000000000000018E-002                  6.7042639472337684E-023                  0.0000000000000000E+000                  0.0000000000000000E+000 
                                     287                  9.9999121637016053E-001                  7.5550927362777923E-002                  4.8580369290034167E+000                 -3.3434880409676992E+000                  9.5973074985615714E+000                  6.9999998441199707E-001                  2.8000001558800292E-001                  2.0000000000000018E-002                  6.9099676457032775E-023                  0.0000000000000000E+000                  0.0000000000000000E+000 
                                     288                  9.9999080240944471E-001                  7.5440322395260204E-002                  4.8649960187610466E+000                 -3.3307177405563015E+000                  9.6175229011150201E+000                  6.9999998441199707E-001                  2.8000001558800292E-001                  2.0000000000000018E-002                  7.1200569427693179E-023                  0.0000000000000000E+000                  0.0000000000000000E+000 
                                     289                  9.9999037375726363E-001                  7.5329025488700435E-002                  4.8718628235923216E+000                 -3.3180574434383847E+000                  9.6375289535760693E+000                  6.9999998441199707E-001                  2.8000001558800292E-001                  2.0000000000000018E-002                  7.3346956041808852E-023                  0.0000000000000000E+000                  0.0000000000000000E+000 
                                     290                  9.9998992989619706E-001                  7.5217004400404130E-002                  4.8786400534866559E+000                 -3.3054995711164903E+000                  9.6573370614954310E+000                  6.9999998441199707E-001                  2.8000001558800292E-001                  2.0000000000000018E-002                  7.5540452080628416E-023                  0.0000000000000000E+000                  0.0000000000000000E+000 
                                     291                  9.9998947029076646E-001                  7.5104228264458436E-002                  4.8853305855868765E+000                 -3.2930374434341005E+000                  9.6769578411402630E+000                  6.9999998441199707E-001                  2.8000001558800292E-001                  2.0000000000000018E-002                  7.7782642501476191E-023                  0.0000000000000000E+000                  0.0000000000000000E+000 
                                     292                  9.9998899438681044E-001                  7.4990667383893053E-002                  4.8919374582429116E+000                 -3.2806650763576903E+000                  9.6964011891265347E+000                  6.9999998441199707E-001                  2.8000001558800292E-001                  2.0000000000000018E-002                  8.0075102796557544E-023                  0.0000000000000000E+000                  0.0000000000000000E+000 
                                     293                  9.9998850161084007E-001                  7.4876293072141151E-002                  4.8984638698221792E+000                 -3.2683772185616693E+000                  9.7156763445403325E+000                  6.9999998441199707E-001                  2.8000001558800292E-001                  2.0000000000000018E-002                  8.2419379586147850E-023                  0.0000000000000000E+000                  0.0000000000000000E+000 
                                     294                  9.9998799136937311E-001                  7.4761077481806493E-002                  4.9049131625296312E+000                 -3.2561693314608320E+000                  9.7347919445066893E+000                  6.9999998441199707E-001                  2.8000001558800292E-001                  2.0000000000000018E-002                  8.4816980248383628E-023                  0.0000000000000000E+000                  0.0000000000000000E+000 
                                     295                  9.9998746304824371E-001                  7.4644993434639956E-002                  4.9112888013783698E+000                 -3.2440373610593771E+000                  9.7537560740226112E+000                  6.9999998441199707E-001                  2.8000001558800292E-001                  2.0000000000000018E-002                  8.7269404808895835E-023                  0.0000000000000000E+000                  0.0000000000000000E+000 
                                     296                  9.9998691601189038E-001                  7.4528014308300528E-002                  4.9175943556569122E+000                 -3.2319777810321138E+000                  9.7725763107454160E+000                  6.9999998441199707E-001                  2.8000001558800292E-001                  2.0000000000000018E-002                  8.9778127574779850E-023                  0.0000000000000000E+000                  0.0000000000000000E+000 
                                     297                  9.9998634960261901E-001                  7.4410113908483622E-002                  4.9238334823226149E+000                 -3.2199876186079761E+000                  9.7912597653434172E+000                  6.9999998441199707E-001                  2.8000001558800292E-001                  2.0000000000000018E-002                  9.2344580161491237E-023                  0.0000000000000000E+000                  0.0000000000000000E+000 
                                     298                  9.9998576313984067E-001                  7.4291266330108546E-002                  4.9300099006967049E+000                 -3.2080642333363039E+000                  9.8098131179367680E+000                  6.9999998441199707E-001                  2.8000001558800292E-001                  2.0000000000000018E-002                  9.4970187833133196E-023                  0.0000000000000000E+000                  0.0000000000000000E+000 
                                     299                  9.9998515591928461E-001                  7.4171445874809533E-002                  4.9361273628988354E+000                 -3.1962053088692426E+000                  9.8282426510721752E+000                  6.9999998441199707E-001                  2.8000001558800292E-001                  2.0000000000000018E-002                  9.7656364352849380E-023                  0.0000000000000000E+000                  0.0000000000000000E+000 
                                     300                  9.9998452721218190E-001                  7.4050626968134761E-002                  4.9421896392904427E+000                 -3.1844089346615694E+000                  9.8465542796178482E+000                  6.9999998441199707E-001                  2.8000001558800292E-001                  2.0000000000000018E-002                  1.0040448532572228E-022                  0.0000000000000000E+000                  0.0000000000000000E+000 
                                     301                  9.9998387626442409E-001                  7.3928784051025820E-002                  4.9482005020269515E+000                 -3.1726734537970254E+000                  9.8647535779216469E+000                  6.9999998441199707E-001                  2.8000001558800292E-001                  2.0000000000000018E-002                  1.0321591447730274E-022                  0.0000000000000000E+000                  0.0000000000000000E+000 
                                     302                  9.9998320229569271E-001                  7.3805891510314442E-002                  4.9541636928837089E+000                 -3.1609973592571845E+000                  9.8828458045249175E+000                  6.9999998441199707E-001                  2.8000001558800292E-001                  2.0000000000000018E-002                  1.0609202324634279E-022                  0.0000000000000000E+000                  0.0000000000000000E+000 
                                     303                  9.9998250449855719E-001                  7.3681923636344945E-002                  4.9600829062444678E+000                 -3.1493794039477381E+000                  9.9008359246889999E+000                  6.9999998441199707E-001                  2.8000001558800292E-001                  2.0000000000000018E-002                  1.0903415933956985E-022                  0.0000000000000000E+000                  0.0000000000000000E+000 
                                     304                  9.9998178203754506E-001                  7.3556854547503367E-002                  4.9659617869215005E+000                 -3.1378185506877827E+000                  9.9187286309692748E+000                  6.9999998441199707E-001                  2.8000001558800292E-001                  2.0000000000000018E-002                  1.1204365251393477E-022                  0.0000000000000000E+000                  0.0000000000000000E+000 
                                     305                  9.9998103404817940E-001                  7.3430658126310222E-002                  4.9718039057954391E+000                 -3.1263138195091620E+000                  9.9365283620366416E+000                  6.9999998441199707E-001                  2.8000001558800292E-001                  2.0000000000000018E-002                  1.1512184983815079E-022                  0.0000000000000000E+000                  0.0000000000000000E+000 
                                     306                  9.9998025963598380E-001                  7.3303307997793679E-002                  4.9776127377888502E+000                 -3.1148643546117225E+000                  9.9542393199174786E+000                  6.9999998441199707E-001                  2.8000001558800292E-001                  2.0000000000000018E-002                  1.1827009612190010E-022                  0.0000000000000000E+000                  0.0000000000000000E+000 
                                     307                  9.9997945787545406E-001                  7.3174777487421766E-002                  4.9833916655140102E+000                 -3.1034694397761093E+000                  9.9718654858129536E+000                  6.9999998441199707E-001                  2.8000001558800292E-001                  2.0000000000000018E-002                  1.2148972592598484E-022                  0.0000000000000000E+000                  0.0000000000000000E+000 
                                     308                  9.9997862780899471E-001                  7.3045039572830067E-002                  4.9891439709674001E+000                 -3.0921284133528264E+000                  9.9894106346380962E+000                  6.9999998441199707E-001                  2.8000001558800292E-001                  2.0000000000000018E-002                  1.2478208411321895E-022                  0.0000000000000000E+000                  0.0000000000000000E+000 
                                     309                  9.9997776844582065E-001                  7.2914066859257415E-002                  4.9948728141596392E+000                 -3.0808406401565160E+000                  1.0006878348400472E+001                  6.9999998441199707E-001                  2.8000001558800292E-001                  2.0000000000000018E-002                  1.2814853295303428E-022                  0.0000000000000000E+000                  0.0000000000000000E+000 
                                     310                  9.9997687876082064E-001                  7.2781831562715338E-002                  5.0005812301870680E+000                 -3.0696055392296784E+000                  1.0024272028527371E+001                  6.9999998441199707E-001                  2.8000001558800292E-001                  2.0000000000000018E-002                  1.3159044314352683E-022                  0.0000000000000000E+000                  0.0000000000000000E+000 
                                     311                  9.9997595769338365E-001                  7.2648305484195069E-002                  5.0062721346908399E+000                 -3.0584225730144290E+000                  1.0041594907242159E+001                  6.9999998441199707E-001                  2.8000001558800292E-001                  2.0000000000000018E-002                  1.3510919569357822E-022                  0.0000000000000000E+000                  0.0000000000000000E+000 
                                     312                  9.9997500414618512E-001                  7.2513459986281378E-002                  5.0119483114819818E+000                 -3.0472912128631418E+000                  1.0058850058080775E+001                  6.9999998441199707E-001                  2.8000001558800292E-001                  2.0000000000000018E-002                  1.3870619198135331E-022                  0.0000000000000000E+000                  0.0000000000000000E+000 
                                     313                  9.9997401698393207E-001                  7.2377265979767652E-002                  5.0176124022844037E+000                 -3.0362109204572043E+000                  1.0076040405625166E+001                  6.9999998441199707E-001                  2.8000001558800292E-001                  2.0000000000000018E-002                  1.4238286017659154E-022                  0.0000000000000000E+000                  0.0000000000000000E+000 
                                     314                  9.9997299503206583E-001                  7.2239693915833694E-002                  5.0232669131855916E+000                 -3.0251811464695764E+000                  1.0093168734518972E+001                  6.9999998441199707E-001                  2.8000001558800292E-001                  2.0000000000000018E-002                  1.4614065670432899E-022                  0.0000000000000000E+000                  0.0000000000000000E+000 
                                     315                  9.9997193707542220E-001                  7.2100713778666684E-002                  5.0289142142739705E+000                 -3.0142013529911580E+000                  1.0110237697827662E+001                  6.9999998441199707E-001                  2.8000001558800292E-001                  2.0000000000000018E-002                  1.4998105940988783E-022                  0.0000000000000000E+000                  0.0000000000000000E+000 
                                     316                  9.9997084185684471E-001                  7.1960295070853608E-002                  5.0345565313422913E+000                 -3.0032709862930109E+000                  1.0127249824801256E+001                  6.9999998441199707E-001                  2.8000001558800292E-001                  2.0000000000000018E-002                  1.5390557758245831E-022                  0.0000000000000000E+000                  0.0000000000000000E+000 
                                     317                  9.9996970807575269E-001                  7.1818406807335769E-002                  5.0401959456234238E+000                 -2.9923894376102038E+000                  1.0144207528089211E+001                  6.9999998441199707E-001                  2.8000001558800292E-001                  2.0000000000000018E-002                  1.5791576800478153E-022                  0.0000000000000000E+000                  0.0000000000000000E+000 
                                     318                  9.9996853438666189E-001                  7.1675017522422474E-002                  5.0458343987121559E+000                 -2.9815560616893682E+000                  1.0161113110451394E+001                  6.9999998441199707E-001                  2.8000001558800292E-001                  2.0000000000000018E-002                  1.6201323124996967E-022                  0.0000000000000000E+000                  0.0000000000000000E+000 
                                     319                  9.9996731939765326E-001                  7.1530095271461161E-002                  5.0514736917980354E+000                 -2.9707702268278453E+000                  1.0177968771007604E+001                  6.9999998441199707E-001                  2.8000001558800292E-001                  2.0000000000000018E-002                  1.6619959468541095E-022                  0.0000000000000000E+000                  0.0000000000000000E+000 
                                     320                  9.9996606166879409E-001                  7.1383607616165343E-002                  5.0571154841465686E+000                 -2.9600312434655613E+000                  1.0194776611065718E+001                  6.9999998441199707E-001                  2.8000001558800292E-001                  2.0000000000000018E-002                  1.7047654154572113E-022                  0.0000000000000000E+000                  0.0000000000000000E+000 
                                     321                  9.9996475971050203E-001                  7.1235521633969498E-002                  5.0627612956761761E+000                 -2.9493383454607907E+000                  1.0211538639558650E+001                  6.9999998441199707E-001                  2.8000001558800292E-001                  2.0000000000000018E-002                  1.7484582267294870E-022                  0.0000000000000000E+000                  0.0000000000000000E+000 
                                     322                  9.9996341198185767E-001                  7.1085803934866895E-002                  5.0684125104721538E+000                 -2.9386907531552047E+000                  1.0228256778120024E+001                  6.9999998441199707E-001                  2.8000001558800292E-001                  2.0000000000000018E-002                  1.7930923496653397E-022                  0.0000000000000000E+000                  0.0000000000000000E+000 
                                     323                  9.9996201688886044E-001                  7.0934420657661812E-002                  5.0740703802646410E+000                 -2.9280876753739937E+000                  1.0244932865829787E+001                  6.9999998441199707E-001                  2.8000001558800292E-001                  2.0000000000000018E-002                  1.8386862260051769E-022                  0.0000000000000000E+000                  0.0000000000000000E+000 
                                     324                  9.9996057278262496E-001                  7.0781337465840991E-002                  5.0797360265928306E+000                 -2.9175282422293805E+000                  1.0261568663655293E+001                  6.9999998441199707E-001                  2.8000001558800292E-001                  2.0000000000000018E-002                  1.8852590911121942E-022                  0.0000000000000000E+000                  0.0000000000000000E+000 
                                     325                  9.9995907795751782E-001                  7.0626519567648219E-002                  5.0854104427291222E+000                 -2.9070115203841866E+000                  1.0278165858609379E+001                  6.9999998441199707E-001                  2.8000001558800292E-001                  2.0000000000000018E-002                  1.9328309640701147E-022                  0.0000000000000000E+000                  0.0000000000000000E+000 
                                     326                  9.9995753064923376E-001                  7.0469931732303662E-002                  5.0910945002955810E+000                 -2.8965365893925492E+000                  1.0294726067648808E+001                  6.9999998441199707E-001                  2.8000001558800292E-001                  2.0000000000000018E-002                  1.9814223436854755E-022                  0.0000000000000000E+000                  0.0000000000000000E+000 
                                     327                  9.9995592903280506E-001                  7.0311538279786742E-002                  5.0967889560299460E+000                 -2.8861024829502209E+000                  1.0311250841334328E+001                  6.9999998441199707E-001                  2.8000001558800292E-001                  2.0000000000000018E-002                  2.0310545036427020E-022                  0.0000000000000000E+000                  0.0000000000000000E+000 
                                     328                  9.9995427122054570E-001                  7.0151303092188907E-002                  5.1024944530657459E+000                 -2.8757081637209692E+000                  1.0327741667265800E+001                  6.9999998441199707E-001                  2.8000001558800292E-001                  2.0000000000000018E-002                  2.0817496650086824E-022                  0.0000000000000000E+000                  0.0000000000000000E+000 
                                     329                  9.9995255525992810E-001                  6.9989189635653884E-002                  5.1082115253757578E+000                 -2.8653525757113596E+000                  1.0344199973307312E+001                  6.9999998441199707E-001                  2.8000001558800292E-001                  2.0000000000000018E-002                  2.1335307975020223E-022                  0.0000000000000000E+000                  0.0000000000000000E+000 
                                     330                  9.9995077913138797E-001                  6.9825160964318470E-002                  5.1139406080002363E+000                 -2.8550346642088225E+000                  1.0360627130619978E+001                  6.9999998441199707E-001                  2.8000001558800292E-001                  2.0000000000000018E-002                  2.1864215528757760E-022                  0.0000000000000000E+000                  0.0000000000000000E+000 
                                     331                  9.9994894074605656E-001                  6.9659179717327102E-002                  5.1196820426255405E+000                 -2.8447533248856116E+000                  1.0377024456516844E+001                  6.9999998441199707E-001                  2.8000001558800292E-001                  2.0000000000000018E-002                  2.2404465613136357E-022                  0.0000000000000000E+000                  0.0000000000000000E+000 
                                     332                  9.9994703794341833E-001                  6.9491208135838950E-002                  5.1254360788039923E+000                 -2.8345074127026564E+000                  1.0393393217149244E+001                  6.9999998441199707E-001                  2.8000001558800292E-001                  2.0000000000000018E-002                  2.2956314432648177E-022                  0.0000000000000000E+000                  0.0000000000000000E+000 
                                     333                  9.9994506848889009E-001                  6.9321208078032048E-002                  5.1312028833991787E+000                 -2.8242957970301839E+000                  1.0409734630036340E+001                  6.9999998441199707E-001                  2.8000001558800292E-001                  2.0000000000000018E-002                  2.3520025589688986E-022                  0.0000000000000000E+000                  0.0000000000000000E+000 
                                     334                  9.9994303007132046E-001                  6.9149141013637810E-002                  5.1369825511289875E+000                 -2.8141173325535744E+000                  1.0426049866451464E+001                  6.9999998441199707E-001                  2.8000001558800292E-001                  2.0000000000000018E-002                  2.4095871974019089E-022                  0.0000000000000000E+000                  0.0000000000000000E+000 
                                     335                  9.9994092030040693E-001                  6.8974968030206862E-002                  5.1427751067672274E+000                 -2.8039708449999963E+000                  1.0442340053672970E+001                  6.9999998441199707E-001                  2.8000001558800292E-001                  2.0000000000000018E-002                  2.4684137035949454E-022                  0.0000000000000000E+000                  0.0000000000000000E+000 
                                     336                  9.9993873670402644E-001                  6.8798649846009405E-002                  5.1485805109655187E+000                 -2.7938551623093728E+000                  1.0458606277107540E+001                  6.9999998441199707E-001                  2.8000001558800292E-001                  2.0000000000000018E-002                  2.5285113470604864E-022                  0.0000000000000000E+000                  0.0000000000000000E+000 
                                     337                  9.9993647672547969E-001                  6.8620146811283672E-002                  5.1543986727204762E+000                 -2.7837691292574553E+000                  1.0474849582295985E+001                  6.9999998441199707E-001                  2.8000001558800292E-001                  2.0000000000000018E-002                  2.5899102672620858E-022                  0.0000000000000000E+000                  0.0000000000000000E+000 
                                     338                  9.9993413772064232E-001                  6.8439418903894114E-002                  5.1602294562818694E+000                 -2.7737115875819311E+000                  1.0491070976810670E+001                  6.9999998441199707E-001                  2.8000001558800292E-001                  2.0000000000000018E-002                  2.6526416249701764E-022                  0.0000000000000000E+000                  0.0000000000000000E+000 
                                     339                  9.9993171695502459E-001                  6.8256425733376522E-002                  5.1660726838565312E+000                 -2.7636813825584614E+000                  1.0507271432050599E+001                  6.9999998441199707E-001                  2.8000001558800292E-001                  2.0000000000000018E-002                  2.7167376016942645E-022                  0.0000000000000000E+000                  0.0000000000000000E+000 
                                     340                  9.9992921160073078E-001                  6.8071126542820951E-002                  5.1719281465518350E+000                 -2.7536773889462256E+000                  1.0523451884939766E+001                  6.9999998441199707E-001                  2.8000001558800292E-001                  2.0000000000000018E-002                  2.7822312662794735E-022                  0.0000000000000000E+000                  0.0000000000000000E+000 
                                     341                  9.9992661873332334E-001                  6.7883480199967247E-002                  5.1777956152853042E+000                 -2.7436985055563525E+000                  1.0539613239536694E+001                  6.9999998441199707E-001                  2.8000001558800292E-001                  2.0000000000000018E-002                  2.8491566307963132E-022                  0.0000000000000000E+000                  0.0000000000000000E+000 
                                     342                  9.9992393532857948E-001                  6.7693445190397605E-002                  5.1836748437326401E+000                 -2.7337436531919184E+000                  1.0555756368561443E+001                  6.9999998441199707E-001                  2.8000001558800292E-001                  2.0000000000000018E-002                  2.9175486885153055E-022                  0.0000000000000000E+000                  0.0000000000000000E+000 
                                     343                  9.9992115825914341E-001                  6.7500979611505293E-002                  5.1895655745458322E+000                 -2.7238117859970634E+000                  1.0571882114844938E+001                  6.9999998441199707E-001                  2.8000001558800292E-001                  2.0000000000000018E-002                  2.9874433588954087E-022                  0.0000000000000000E+000                  0.0000000000000000E+000 
                                     344                  9.9991828429106788E-001                  6.7306041161228417E-002                  5.1954675491501439E+000                 -2.7139018986508234E+000                  1.0587991292706036E+001                  6.9999998441199707E-001                  2.8000001558800292E-001                  2.0000000000000018E-002                  3.0588774516619540E-022                  0.0000000000000000E+000                  0.0000000000000000E+000 
                                     345                  9.9991531008024348E-001                  6.7108587123058852E-002                  5.2013805126859785E+000                 -2.7040130258976629E+000                  1.0604084689261152E+001                  6.9999998441199707E-001                  2.8000001558800292E-001                  2.0000000000000018E-002                  3.1318886804049615E-022                  0.0000000000000000E+000                  0.0000000000000000E+000 
                                     346                  9.9991223216870850E-001                  6.6908574350541442E-002                  5.2073042158996534E+000                 -2.6941442423313799E+000                  1.0620163065670418E+001                  6.9999998441199707E-001                  2.8000001558800292E-001                  2.0000000000000018E-002                  3.2065156741746606E-022                  0.0000000000000000E+000                  0.0000000000000000E+000 
                                     347                  9.9990904698083993E-001                  6.6705959251137578E-002                  5.2132384182473848E+000                 -2.6842946629814377E+000                  1.0636227158324129E+001                  6.9999998441199707E-001                  2.8000001558800292E-001                  2.0000000000000018E-002                  3.2827979824235973E-022                  0.0000000000000000E+000                  0.0000000000000000E+000 
                                     348                  9.9990575081941979E-001                  6.6500697768989855E-002                  5.2191828905496696E+000                 -2.6744634458748764E+000                  1.0652277679973139E+001                  6.9999998441199707E-001                  2.8000001558800292E-001                  2.0000000000000018E-002                  3.3607760627736227E-022                  0.0000000000000000E+000                  0.0000000000000000E+000 
                                     349                  9.9990233986157140E-001                  6.6292745365642128E-002                  5.2251374158242907E+000                 -2.6646497905627595E+000                  1.0668315320806434E+001                  6.9999998441199707E-001                  2.8000001558800292E-001                  2.0000000000000018E-002                  3.4404912982254565E-022                  0.0000000000000000E+000                  0.0000000000000000E+000 
                                     350                  9.9989881015456472E-001                  6.6082057000452069E-002                  5.2311017866201670E+000                 -2.6548529272546530E+000                  1.0684340749479214E+001                  6.9999998441199707E-001                  2.8000001558800292E-001                  2.0000000000000018E-002                  3.5219860941776915E-022                  0.0000000000000000E+000                  0.0000000000000000E+000 
                                     351                  9.9989515761148406E-001                  6.5868587115357660E-002                  5.2370758014179737E+000                 -2.6450721158293478E+000                  1.0700354614093021E+001                  6.9999998441199707E-001                  2.8000001558800292E-001                  2.0000000000000018E-002                  3.6053039025157995E-022                  0.0000000000000000E+000                  0.0000000000000000E+000 
                                     352                  9.9989137800675476E-001                  6.5652289619448245E-002                  5.2430592641362370E+000                 -2.6353066465198594E+000                  1.0716357543128687E+001                  6.9999998441199707E-001                  2.8000001558800292E-001                  2.0000000000000018E-002                  3.6904892318347883E-022                  0.0000000000000000E+000                  0.0000000000000000E+000 
                                     353                  9.9988746697152686E-001                  6.5433117872542870E-002                  5.2490519819406973E+000                 -2.6255558284841749E+000                  1.0732350146335442E+001                  6.9999998441199707E-001                  2.8000001558800292E-001                  2.0000000000000018E-002                  3.7775877659959528E-022                  0.0000000000000000E+000                  0.0000000000000000E+000 
                                     354                  9.9988341998890595E-001                  6.5211024673868648E-002                  5.2550537601134719E+000                 -2.6158189831589818E+000                  1.0748333015580139E+001                  6.9999998441199707E-001                  2.8000001558800292E-001                  2.0000000000000018E-002                  3.8666464528775665E-022                  0.0000000000000000E+000                  0.0000000000000000E+000 
                                     355                  9.9987923238903265E-001                  6.4985962253730309E-002                  5.2610643995653064E+000                 -2.6060954481679097E+000                  1.0764306725659305E+001                  6.9999998441199707E-001                  2.8000001558800292E-001                  2.0000000000000018E-002                  3.9577135023508949E-022                  0.0000000000000000E+000                  0.0000000000000000E+000 
                                     356                  9.9987489934399898E-001                  6.4757882262955008E-002                  5.2670836969762629E+000                 -2.5963845715797231E+000                  1.0780271835076141E+001                  6.9999998441199707E-001                  2.8000001558800292E-001                  2.0000000000000018E-002                  4.0508384734974309E-022                  0.0000000000000000E+000                  0.0000000000000000E+000 
                                     357                  9.9987041586260328E-001                  6.4526735764987936E-002                  5.2731114444083564E+000                 -2.5866857032752844E+000                  1.0796228886784013E+001                  6.9999998441199707E-001                  2.8000001558800292E-001                  2.0000000000000018E-002                  4.1460723991742356E-022                  0.0000000000000000E+000                  0.0000000000000000E+000 
                                     358                  9.9986577678493138E-001                  6.4292473232499953E-002                  5.2791474289761453E+000                 -2.5769982046677211E+000                  1.0812178408897305E+001                  6.9999998441199707E-001                  2.8000001558800292E-001                  2.0000000000000018E-002                  4.2434677372681566E-022                  0.0000000000000000E+000                  0.0000000000000000E+000 
                                     359                  9.9986097677676622E-001                  6.4055044538818648E-002                  5.2851914334746954E+000                 -2.5673214482461839E+000                  1.0828120915372137E+001                  6.9999998441199707E-001                  2.8000001558800292E-001                  2.0000000000000018E-002                  4.3430784156266050E-022                  0.0000000000000000E+000                  0.0000000000000000E+000 
                                     360                  9.9985601032381310E-001                  6.3814398949355464E-002                  5.2912432395618350E+000                 -2.5576548090131523E+000                  1.0844056906658343E+001                  6.9999998441199707E-001                  2.8000001558800292E-001                  2.0000000000000018E-002                  4.4449599652124195E-022                  0.0000000000000000E+000                  0.0000000000000000E+000 
                                     361                  9.9985087172574161E-001                  6.3570485117662653E-002                  5.2973026315250653E+000                 -2.5479976762727090E+000                  1.0859986870323389E+001                  6.9999998441199707E-001                  2.8000001558800292E-001                  2.0000000000000018E-002                  4.5491694452842435E-022                  0.0000000000000000E+000                  0.0000000000000000E+000 
                                     362                  9.9984555509003348E-001                  6.3323251074851011E-002                  5.3033693976349179E+000                 -2.5383494589143596E+000                  1.0875911281650600E+001                  6.9999998441199707E-001                  2.8000001558800292E-001                  2.0000000000000018E-002                  5.1425351346133203E-022                  0.0000000000000000E+000                  0.0000000000000000E+000 
                                     363                  9.9984005432563317E-001                  6.3072644215613635E-002                  5.3094433325705905E+000                 -2.5287095781147970E+000                  1.0891830604211608E+001                  6.9999998441199707E-001                  2.8000001558800292E-001                  2.0000000000000018E-002                  6.8073972582560956E-022                  0.0000000000000000E+000                  0.0000000000000000E+000 
                                     364                  9.9983436313639451E-001                  6.2818611287967022E-002                  5.3155242415540487E+000                 -2.5190774723548621E+000                  1.0907745290410197E+001                  6.9999998441199707E-001                  2.8000001558800292E-001                  2.0000000000000018E-002                  9.0025440767779724E-022                  0.0000000000000000E+000                  0.0000000000000000E+000 
                                     365                  9.9982847501432093E-001                  6.2561098379823529E-002                  5.3216119424923942E+000                 -2.5094526070894663E+000                  1.0923655782000044E+001                  6.9999998441199707E-001                  2.8000001558800292E-001                  2.0000000000000018E-002                  1.1893992739020200E-021                  0.0000000000000000E+000                  0.0000000000000000E+000 
                                     366                  9.9982238323258854E-001                  6.2300050899227188E-002                  5.3277062665459161E+000                 -2.4998344702857693E+000                  1.0939562510583059E+001                  6.9999998441199707E-001                  2.8000001558800292E-001                  2.0000000000000018E-002                  1.5698802819662281E-021                  0.0000000000000000E+000                  0.0000000000000000E+000 
                                     367                  9.9981608083834683E-001                  6.2035413556311640E-002                  5.3338070591081568E+000                 -2.4902225685879715E+000                  1.0955465898090582E+001                  6.9999998441199707E-001                  2.8000001558800292E-001                  2.0000000000000018E-002                  2.0700476968039961E-021                  0.0000000000000000E+000                  0.0000000000000000E+000 
                                     368                  9.9980956064528759E-001                  6.1767130346767243E-002                  5.3399141805933734E+000                 -2.4806164351235727E+000                  1.0971366357248025E+001                  6.9999998441199707E-001                  2.8000001558800292E-001                  2.0000000000000018E-002                  2.7268918763710640E-021                  0.0000000000000000E+000                  0.0000000000000000E+000 
                                     369                  9.9980281522597791E-001                  6.1495144529669019E-002                  5.3460275063285723E+000                 -2.4710156282856057E+000                  1.0987264292024573E+001                  6.9999998441199707E-001                  2.8000001558800292E-001                  2.0000000000000018E-002                  3.5886269766178749E-021                  0.0000000000000000E+000                  0.0000000000000000E+000 
                                     370                  9.9979583690394636E-001                  6.1219398604969187E-002                  5.3521469246735185E+000                 -2.4614197244712108E+000                  1.1003160098068623E+001                  6.9999998441199707E-001                  2.8000001558800292E-001                  2.0000000000000018E-002                  4.7180321143359193E-021                  0.0000000000000000E+000                  0.0000000000000000E+000 
                                     371                  9.9978861774551753E-001                  6.0939834294530912E-002                  5.3582723350758537E+000                 -2.4518283194699015E+000                  1.1019054163129082E+001                  6.9999998441199707E-001                  2.8000001558800292E-001                  2.0000000000000018E-002                  6.1967674916312162E-021                  0.0000000000000000E+000                  0.0000000000000000E+000 
                                     372                  9.9978114955138564E-001                  6.0656392521425573E-002                  5.3644036476503256E+000                 -2.4422410286705047E+000                  1.1034946867463429E+001                  6.9999998441199707E-001                  2.8000001558800292E-001                  2.0000000000000018E-002                  8.1309446272337715E-021                  0.0000000000000000E+000                  0.0000000000000000E+000 
                                     373                  9.9977342384792178E-001                  6.0369013388138937E-002                  5.3705407809588452E+000                 -2.4326574815179485E+000                  1.1050838584233160E+001                  6.9999998441199707E-001                  2.8000001558800292E-001                  2.0000000000000018E-002                  1.0658306948344420E-020                  0.0000000000000000E+000                  0.0000000000000000E+000 
                                     374                  9.9976543187820088E-001                  6.0077636157508607E-002                  5.3766836587079547E+000                 -2.4230773184691770E+000                  1.1066729679886093E+001                  6.9999998441199707E-001                  2.8000001558800292E-001                  2.0000000000000018E-002                  1.3957476050383660E-020                  0.0000000000000000E+000                  0.0000000000000000E+000 
                                     375                  9.9975716459274844E-001                  5.9782199234976761E-002                  5.3828322086860059E+000                 -2.4135001908685276E+000                  1.1082620514520828E+001                  6.9999998441199707E-001                  2.8000001558800292E-001                  2.0000000000000018E-002                  1.8259846571045456E-020                  0.0000000000000000E+000                  0.0000000000000000E+000 
                                     376                  9.9974861263999626E-001                  5.9482640150450364E-002                  5.3889863617915426E+000                 -2.4039257578362276E+000                  1.1098511442230276E+001                  6.9999998441199707E-001                  2.8000001558800292E-001                  2.0000000000000018E-002                  2.3864871922087298E-020                  0.0000000000000000E+000                  0.0000000000000000E+000 
                                     377                  9.9973976635644390E-001                  5.9178895541864486E-002                  5.3951460497397585E+000                 -2.3943536831080090E+000                  1.1114402811429803E+001                  6.9999998441199707E-001                  2.8000001558800292E-001                  2.0000000000000018E-002                  3.1159685210573138E-020                  0.0000000000000000E+000                  0.0000000000000000E+000 
                                     378                  9.9973061575650801E-001                  5.8870901140451772E-002                  5.4013112038987936E+000                 -2.3847836351805465E+000                  1.1130294965175818E+001                  6.9999998441199707E-001                  2.8000001558800292E-001                  2.0000000000000018E-002                  4.0644259549404476E-020                  0.0000000000000000E+000                  0.0000000000000000E+000 
                                     379                  9.9972115052205435E-001                  5.8558591755478298E-002                  5.4074817553167431E+000                 -2.3752152855959863E+000                  1.1146188241475937E+001                  6.9999998441199707E-001                  2.8000001558800292E-001                  2.0000000000000018E-002                  5.2963638974416099E-020                  0.0000000000000000E+000                  0.0000000000000000E+000 
                                     380                  9.9971135999159799E-001                  5.8241901259792540E-002                  5.4136576344038927E+000                 -2.3656483065341170E+000                  1.1162082973591172E+001                  6.9999998441199707E-001                  2.8000001558800292E-001                  2.0000000000000018E-002                  6.8949182100293833E-020                  0.0000000000000000E+000                  0.0000000000000000E+000 
                                     381                  9.9970123314916459E-001                  5.7920762576772769E-002                  5.4198387707072539E+000                 -2.3560823731091176E+000                  1.1177979490330126E+001                  6.9999998441199707E-001                  2.8000001558800292E-001                  2.0000000000000018E-002                  8.9671283118426565E-020                  0.0000000000000000E+000                  0.0000000000000000E+000 
                                     382                  9.9969075861280154E-001                  5.7595107665296505E-002                  5.4260250932249390E+000                 -2.3465171627198420E+000                  1.1193878116335863E+001                  6.9999998441199707E-001                  2.8000001558800292E-001                  2.0000000000000018E-002                  1.1650669566641867E-019                  0.0000000000000000E+000                  0.0000000000000000E+000 
                                     383                  9.9967992462272826E-001                  5.7264867504790311E-002                  5.4322165314334869E+000                 -2.3369523522515019E+000                  1.1209779172365785E+001                  6.9999998441199707E-001                  2.8000001558800292E-001                  2.0000000000000018E-002                  1.5122441891149656E-019                  0.0000000000000000E+000                  0.0000000000000000E+000 
                                     384                  9.9966871902911469E-001                  5.6929972082082177E-002                  5.4384130163200011E+000                 -2.3273876224335268E+000                  1.1225682975564499E+001                  6.9999998441199707E-001                  2.8000001558800292E-001                  2.0000000000000018E-002                  1.9609514846888956E-019                  0.0000000000000000E+000                  0.0000000000000000E+000 
                                     385                  9.9965712927947714E-001                  5.6590350374585180E-002                  5.4446144808320414E+000                 -2.3178226587521165E+000                  1.1241589839729352E+001                  6.9999998441199707E-001                  2.8000001558800292E-001                  2.0000000000000018E-002                  2.5403061188383201E-019                  0.0000000000000000E+000                  0.0000000000000000E+000 
                                     386                  9.9964514240568136E-001                  5.6245930332318311E-002                  5.4508208613404747E+000                 -2.3082571483753829E+000                  1.1257500075562367E+001                  6.9999998441199707E-001                  2.8000001558800292E-001                  2.0000000000000018E-002                  3.2876078634299228E-019                  0.0000000000000000E+000                  0.0000000000000000E+000 
                                     387                  9.9963274501054988E-001                  5.5896638862154208E-002                  5.4570320996233193E+000                 -2.2986907844509044E+000                  1.1273413990902622E+001                  6.9999998441199707E-001                  2.8000001558800292E-001                  2.0000000000000018E-002                  4.2505907220633458E-019                  0.0000000000000000E+000                  0.0000000000000000E+000 
                                     388                  9.9961992325406435E-001                  5.5542401808464419E-002                  5.4632481436796843E+000                 -2.2891232690809376E+000                  1.1289331890946821E+001                  6.9999998441199707E-001                  2.8000001558800292E-001                  2.0000000000000018E-002                  5.4902810038082873E-019                  0.0000000000000000E+000                  0.0000000000000000E+000 
                                     389                  9.9960666283914346E-001                  5.5183143930732759E-002                  5.4694689490170818E+000                 -2.2795543105828724E+000                  1.1305254078466303E+001                  6.9999998441199707E-001                  2.8000001558800292E-001                  2.0000000000000018E-002                  7.0846218089789924E-019                  0.0000000000000000E+000                  0.0000000000000000E+000 
                                     390                  9.9959294899697837E-001                  5.4818788882562641E-002                  5.4756944810069479E+000                 -2.2699836259955570E+000                  1.1321180854021581E+001                  6.9999998441199707E-001                  2.8000001558800292E-001                  2.0000000000000018E-002                  9.1330652179479362E-019                  0.0000000000000000E+000                  0.0000000000000000E+000 
                                     391                  9.9957876647191646E-001                  5.4449259187845531E-002                  5.4819247162211813E+000                 -2.2604109458723354E+000                  1.1337112516175083E+001                  6.9999998441199707E-001                  2.8000001558800292E-001                  2.0000000000000018E-002                  1.1762384804952206E-018                  0.0000000000000000E+000                  0.0000000000000000E+000 
                                     392                  9.9956409950587732E-001                  5.4074476211839195E-002                  5.4881596431120672E+000                 -2.2508360118289219E+000                  1.1353049361702908E+001                  6.9999998441199707E-001                  2.8000001558800292E-001                  2.0000000000000018E-002                  1.5134026015444873E-018                  0.0000000000000000E+000                  0.0000000000000000E+000 
                                     393                  9.9954893182228854E-001                  5.3694360133112053E-002                  5.4943992633544569E+000                 -2.2412585756542787E+000                  1.1368991685805586E+001                  6.9999998441199707E-001                  2.8000001558800292E-001                  2.0000000000000018E-002                  1.9453393457492635E-018                  0.0000000000000000E+000                  0.0000000000000000E+000 
                                     394                  9.9953324660952592E-001                  5.3308829915108928E-002                  5.5006435928924580E+000                 -2.2316784047331333E+000                  1.1384939782318021E+001                  6.9999998441199707E-001                  2.8000001558800292E-001                  2.0000000000000018E-002                  2.4981574468606094E-018                  0.0000000000000000E+000                  0.0000000000000000E+000 
                                     395                  9.9951702650384355E-001                  5.2917803271634485E-002                  5.5068926620125094E+000                 -2.2220952802188472E+000                  1.1400893943919341E+001                  6.9999998441199707E-001                  2.8000001558800292E-001                  2.0000000000000018E-002                  3.2050124929387042E-018                  0.0000000000000000E+000                  0.0000000000000000E+000 
                                     396                  9.9950025357178018E-001                  5.2521196632422711E-002                  5.5131465144169054E+000                 -2.2125089917154890E+000                  1.1416854462337922E+001                  6.9999998441199707E-001                  2.8000001558800292E-001                  2.0000000000000018E-002                  4.1079700165458884E-018                  0.0000000000000000E+000                  0.0000000000000000E+000 
                                     397                  9.9948290929203365E-001                  5.2118925112327671E-002                  5.5194052063203776E+000                 -2.2029193411217789E+000                  1.1432821628540161E+001                  6.9999998441199707E-001                  2.8000001558800292E-001                  2.0000000000000018E-002                  5.2603509724386284E-018                  0.0000000000000000E+000                  0.0000000000000000E+000 
                                     398                  9.9946497453680827E-001                  5.1710902476254476E-002                  5.5256688059736483E+000                 -2.1933261420030603E+000                  1.1448795732904816E+001                  6.9999998441199707E-001                  2.8000001558800292E-001                  2.0000000000000018E-002                  6.7296821219804455E-018                  0.0000000000000000E+000                  0.0000000000000000E+000 
                                     399                  9.9944642955260399E-001                  5.1297041103394558E-002                  5.5319373910484853E+000                 -2.1837292122800500E+000                  1.1464777065394854E+001                  6.9999998441199707E-001                  2.8000001558800292E-001                  2.0000000000000018E-002                  8.6014035962763429E-018                  0.0000000000000000E+000                  0.0000000000000000E+000 
                                     400                  9.9942725394042420E-001                  5.0877251957000963E-002                  5.5382110454820435E+000                 -2.1741283744342610E+000                  1.1480765915730512E+001                  6.9999998441199707E-001                  2.8000001558800292E-001                  2.0000000000000018E-002                  1.0983523582384066E-017                  0.0000000000000000E+000                  0.0000000000000000E+000 
                                     401                  9.9940742663538462E-001                  5.0451444552883737E-002                  5.5444898582673323E+000                 -2.1645234555864943E+000                  1.1496762573564158E+001                  6.9999998441199707E-001                  2.8000001558800292E-001                  2.0000000000000018E-002                  1.4012457794166617E-017                  0.0000000000000000E+000                  0.0000000000000000E+000 
                                     402                  9.9938692588570599E-001                  5.0019526926660896E-002                  5.5507739209593652E+000                 -2.1549142824892171E+000                  1.1512767328657192E+001                  6.9999998441199707E-001                  2.8000001558800292E-001                  2.0000000000000018E-002                  1.7860347876147484E-017                  0.0000000000000000E+000                  0.0000000000000000E+000 
                                     403                  9.9936572923107170E-001                  4.9581405604866222E-002                  5.5570633241377312E+000                 -2.1453006789156137E+000                  1.1528780471058436E+001                  6.9999998441199707E-001                  2.8000001558800292E-001                  2.0000000000000018E-002                  2.2744224373186274E-017                  0.0000000000000000E+000                  0.0000000000000000E+000 
                                     404                  9.9934381348033308E-001                  4.9136985577828779E-002                  5.5633581558022511E+000                 -2.1356824652646744E+000                  1.1544802291283856E+001                  6.9999998441199707E-001                  2.8000001558800292E-001                  2.0000000000000018E-002                  2.8937470231419176E-017                  0.0000000000000000E+000                  0.0000000000000000E+000 
                                     405                  9.9932115468854210E-001                  4.8686170272233840E-002                  5.5696585002316032E+000                 -2.1260594572868330E+000                  1.1560833080497479E+001                  6.9999998441199707E-001                  2.8000001558800292E-001                  2.0000000000000018E-002                  3.6784149575628537E-017                  0.0000000000000000E+000                  0.0000000000000000E+000 
                                     406                  9.9929772813329409E-001                  4.8228861524303702E-002                  5.5759644362849361E+000                 -2.1164314643030480E+000                  1.1576873130686270E+001                  6.9999998441199707E-001                  2.8000001558800292E-001                  2.0000000000000018E-002                  4.6716900453142770E-017                  0.0000000000000000E+000                  0.0000000000000000E+000 
                                     407                  9.9927350829037975E-001                  4.7764959554630976E-002                  5.5822760364640329E+000                 -2.1067982881308316E+000                  1.1592922734816170E+001                  6.9999998441199707E-001                  2.8000001558800292E-001                  2.0000000000000018E-002                  5.9279259335081712E-017                  0.0000000000000000E+000                  0.0000000000000000E+000 
                                     408                  9.9924846880875084E-001                  4.7294362944448616E-002                  5.5885933669107670E+000                 -2.0971597237267763E+000                  1.1608982186972552E+001                  6.9999998441199707E-001                  2.8000001558800292E-001                  2.0000000000000018E-002                  7.5153491270614598E-017                  0.0000000000000000E+000                  0.0000000000000000E+000 
                                     409                  9.9922258248475782E-001                  4.6816968611072603E-002                  5.5949164878514965E+000                 -2.0875155599388520E+000                  1.1625051782498886E+001                  6.9999998441199707E-001                  2.8000001558800292E-001                  2.0000000000000018E-002                  9.5195253101325646E-017                  0.0000000000000000E+000                  0.0000000000000000E+000 
                                     410                  9.9919582123562634E-001                  4.6332671782051728E-002                  5.6012454539406091E+000                 -2.0778655787569473E+000                  1.1641131818138025E+001                  6.9999998441199707E-001                  2.8000001558800292E-001                  2.0000000000000018E-002                  1.2047672973541478E-016                  0.0000000000000000E+000                  0.0000000000000000E+000 
                                     411                  9.9916815607215292E-001                  4.5841365969673933E-002                  5.6075803146990406E+000                 -2.0682095560040041E+000                  1.1657222592176490E+001                  6.9999998441199707E-001                  2.8000001558800292E-001                  2.0000000000000018E-002                  1.5234026756403675E-016                  0.0000000000000000E+000                  0.0000000000000000E+000 
                                     412                  9.9913955707059510E-001                  4.5342942944170496E-002                  5.6139211158834055E+000                 -2.0585472631875712E+000                  1.1673324404591938E+001                  6.9999998441199707E-001                  2.8000001558800292E-001                  2.0000000000000018E-002                  1.9246500726051197E-016                  0.0000000000000000E+000                  0.0000000000000000E+000 
                                     413                  9.9910999334373518E-001                  4.4837292704211884E-002                  5.6202679006554845E+000                 -2.0488784676988283E+000                  1.1689437557204279E+001                  6.9999998441199707E-001                  2.8000001558800292E-001                  2.0000000000000018E-002                  2.4294959545000606E-016                  0.0000000000000000E+000                  0.0000000000000000E+000 
                                     414                  9.9907943301109403E-001                  4.4324303446395472E-002                  5.6266207101243797E+000                 -2.0392029331392298E+000                  1.1705562353830574E+001                  6.9999998441199707E-001                  2.8000001558800292E-001                  2.0000000000000018E-002                  3.0641476365896073E-016                  0.0000000000000000E+000                  0.0000000000000000E+000 
                                     415                  9.9904784316826978E-001                  4.3803861533534584E-002                  5.6329795847451383E+000                 -2.0295204207237156E+000                  1.1721699100439739E+001                  6.9999998441199707E-001                  2.8000001558800292E-001                  2.0000000000000018E-002                  3.8613045265006737E-016                  0.0000000000000000E+000                  0.0000000000000000E+000 
                                     416                  9.9901518985539517E-001                  4.3275851460630198E-002                  5.6393445657016494E+000                 -2.0198306904009278E+000                  1.1737848105292299E+001                  6.9999998441199707E-001                  2.8000001558800292E-001                  2.0000000000000018E-002                  4.8617322557079094E-016                  0.0000000000000000E+000                  0.0000000000000000E+000 
                                     417                  9.9898143802473816E-001                  4.2740155819438221E-002                  5.6457156954634558E+000                 -2.0101335011176880E+000                  1.1754009679062374E+001                  6.9999998441199707E-001                  2.8000001558800292E-001                  2.0000000000000018E-002                  6.1162101687556638E-016                  0.0000000000000000E+000                  0.0000000000000000E+000 
                                     418                  9.9894655150739997E-001                  4.2196655262157823E-002                  5.6520930189373404E+000                 -2.0004286112127754E+000                  1.1770184134956937E+001                  6.9999998441199707E-001                  2.8000001558800292E-001                  2.0000000000000018E-002                  7.6879389873716928E-016                  0.0000000000000000E+000                  0.0000000000000000E+000 
                                     419                  9.9891049297906143E-001                  4.1645228463488684E-002                  5.6584765847810194E+000                 -1.9907157801116895E+000                  1.1786371788840746E+001                  6.9999998441199707E-001                  2.8000001558800292E-001                  2.0000000000000018E-002                  9.6555150504556875E-016                  0.0000000000000000E+000                  0.0000000000000000E+000 
                                     420                  9.9887322392474887E-001                  4.1085752079308500E-002                  5.6648664459775677E+000                 -1.9809947688533465E+000                  1.1802572959367819E+001                  6.9999998441199707E-001                  2.8000001558800292E-001                  2.0000000000000018E-002                  1.2116601410046444E-015                  0.0000000000000000E+000                  0.0000000000000000E+000 
                                     421                  9.9883470460259149E-001                  4.0518100703156708E-002                  5.6712626606985443E+000                 -1.9712653394284758E+000                  1.1818787968119828E+001                  6.9999998441199707E-001                  2.8000001558800292E-001                  2.0000000000000018E-002                  1.5192455856719669E-015                  0.0000000000000000E+000                  0.0000000000000000E+000 
                                     422                  9.9879489400654686E-001                  3.9942146822023190E-002                  5.6776652934050595E+000                 -1.9615272564849897E+000                  1.1835017139751610E+001                  6.9999998441199707E-001                  2.8000001558800292E-001                  2.0000000000000018E-002                  1.9033511719578426E-015                  0.0000000000000000E+000                  0.0000000000000000E+000 
                                     423                  9.9875374982806120E-001                  3.9357760768199940E-002                  5.6840744154178440E+000                 -1.9517802883526498E+000                  1.1851260802143978E+001                  6.9999998441199707E-001                  2.8000001558800292E-001                  2.0000000000000018E-002                  2.3826250851836120E-015                  0.0000000000000000E+000                  0.0000000000000000E+000 
                                     424                  9.9871122841664184E-001                  3.8764810667889303E-002                  5.6904901055624979E+000                 -1.9420242056161139E+000                  1.1867519286555886E+001                  6.9999998441199707E-001                  2.8000001558800292E-001                  2.0000000000000018E-002                  2.9801662217773738E-015                  0.0000000000000000E+000                  0.0000000000000000E+000 
                                     425                  9.9866728473935251E-001                  3.8163162390319819E-002                  5.6969124510458551E+000                 -1.9322587824215789E+000                  1.1883792927760702E+001                  6.9999998441199707E-001                  2.8000001558800292E-001                  2.0000000000000018E-002                  3.7245644467896453E-015                  0.0000000000000000E+000                  0.0000000000000000E+000 
                                     426                  9.9862187233925581E-001                  3.7552679494230141E-002                  5.7033415479767848E+000                 -1.9224837981627905E+000                  1.1900082064171155E+001                  6.9999998441199707E-001                  2.8000001558800292E-001                  2.0000000000000018E-002                  4.6511789874311653E-015                  0.0000000000000000E+000                  0.0000000000000000E+000 
                                     427                  9.9857494329272412E-001                  3.6933223170168124E-002                  5.7097775016556724E+000                 -1.9126990354907993E+000                  1.1916387037969653E+001                  6.9999998441199707E-001                  2.8000001558800292E-001                  2.0000000000000018E-002                  5.8037084260676697E-015                  0.0000000000000000E+000                  0.0000000000000000E+000 
                                     428                  9.9852644816556624E-001                  3.6304652183297703E-002                  5.7162204268652195E+000                 -1.9029042804965410E+000                  1.1932708195248415E+001                  6.9999998441199707E-001                  2.8000001558800292E-001                  2.0000000000000018E-002                  7.2361174698653266E-015                  0.0000000000000000E+000                  0.0000000000000000E+000 
                                     429                  9.9847633596794128E-001                  3.5666822813595324E-002                  5.7226704480991692E+000                 -1.8930993247562713E+000                  1.1949045886160015E+001                  6.9999998441199707E-001                  2.8000001558800292E-001                  2.0000000000000018E-002                  9.0149999589612753E-015                  0.0000000000000000E+000                  0.0000000000000000E+000 
                                     430                  9.9842455410802455E-001                  3.5019588790537584E-002                  5.7291276992631675E+000                 -1.8832839630282505E+000                  1.1965400465078886E+001                  6.9999998441199707E-001                  2.8000001558800292E-001                  2.0000000000000018E-002                  1.1222474928592414E-014                  0.0000000000000000E+000                  0.0000000000000000E+000 
                                     431                  9.9837104834439616E-001                  3.4362801228459430E-002                  5.7355923227008878E+000                 -1.8734579915310885E+000                  1.1981772290773304E+001                  6.9999998441199707E-001                  2.8000001558800292E-001                  2.0000000000000018E-002                  1.3959733377318766E-014                  0.0000000000000000E+000                  0.0000000000000000E+000 
                                     432                  9.9831576273711986E-001                  3.3696308561862259E-002                  5.7420644685710798E+000                 -1.8636212093558997E+000                  1.1998161726581657E+001                  6.9999998441199707E-001                  2.8000001558800292E-001                  2.0000000000000018E-002                  1.7351379215692644E-014                  0.0000000000000000E+000                  0.0000000000000000E+000 
                                     433                  9.9825863959751759E-001                  3.3019956476367698E-002                  5.7485442940301494E+000                 -1.8537734165297075E+000                  1.2014569140577832E+001                  6.9999998441199707E-001                  2.8000001558800292E-001                  2.0000000000000018E-002                  2.1550738733038448E-014                  0.0000000000000000E+000                  0.0000000000000000E+000 
                                     434                  9.9819961943669100E-001                  3.2333587841208905E-002                  5.7550319611086707E+000                 -1.8439144110332533E+000                  1.2030994905726812E+001                  6.9999998441199707E-001                  2.8000001558800292E-001                  2.0000000000000018E-002                  2.6746349445363914E-014                  0.0000000000000000E+000                  0.0000000000000000E+000 
                                     435                  9.9813864091269111E-001                  3.1637042644239527E-002                  5.7615276351275631E+000                 -1.8340439886210602E+000                  1.2047439400046830E+001                  6.9999998441199707E-001                  2.8000001558800292E-001                  2.0000000000000018E-002                  3.3169885517586332E-014                  0.0000000000000000E+000                  0.0000000000000000E+000 
                                     436                  9.9807564077627287E-001                  3.0930157924787070E-002                  5.7680314836585191E+000                 -1.8241619417066646E+000                  1.2063903006784184E+001                  6.9999998441199707E-001                  2.8000001558800292E-001                  2.0000000000000018E-002                  4.1105831782698773E-014                  0.0000000000000000E+000                  0.0000000000000000E+000 
                                     437                  9.9801055381519133E-001                  3.0212767705708729E-002                  5.7745436741393759E+000                 -1.8142680567783613E+000                  1.2080386114601001E+001                  6.9999998441199707E-001                  2.8000001558800292E-001                  2.0000000000000018E-002                  5.0903282164032649E-014                  0.0000000000000000E+000                  0.0000000000000000E+000 
                                     438                  9.9794331279700377E-001                  2.9484702927209047E-002                  5.7810643719518255E+000                 -1.8043621123773350E+000                  1.2096889117775357E+001                  6.9999998441199707E-001                  2.8000001558800292E-001                  2.0000000000000018E-002                  6.2990320316337133E-014                  0.0000000000000000E+000                  0.0000000000000000E+000 
                                     439                  9.9787384841034366E-001                  2.8745791381701059E-002                  5.7875937396160122E+000                 -1.7944438787707402E+000                  1.2113412416412482E+001                  6.9999998441199707E-001                  2.8000001558800292E-001                  2.0000000000000018E-002                  7.7891537159472212E-014                  0.0000000000000000E+000                  0.0000000000000000E+000 
                                     440                  9.9780208920462943E-001                  2.7995857647037700E-002                  5.7941319353856802E+000                 -1.7845131173967841E+000                  1.2129956416657587E+001                  6.9999998441199707E-001                  2.8000001558800292E-001                  2.0000000000000018E-002                  9.6249352609337604E-014                  0.0000000000000000E+000                  0.0000000000000000E+000 
                                     441                  9.9772796152825327E-001                  2.7234723019301698E-002                  5.8006791120854109E+000                 -1.7745695781583075E+000                  1.2146521530899298E+001                  6.9999998441199707E-001                  2.8000001558800292E-001                  2.0000000000000018E-002                  1.1884995159677452E-013                  0.0000000000000000E+000                  0.0000000000000000E+000 
                                     442                  9.9765138946524634E-001                  2.6462205449265558E-002                  5.8072354169057219E+000                 -1.7646129995653483E+000                  1.2163108177972164E+001                  6.9999998441199707E-001                  2.8000001558800292E-001                  2.0000000000000018E-002                  1.4665481361863865E-013                  0.0000000000000000E+000                  0.0000000000000000E+000 
                                     443                  9.9757229477029841E-001                  2.5678119476748765E-002                  5.8138009916905915E+000                 -1.7546431103858369E+000                  1.2179716783371427E+001                  6.9999998441199707E-001                  2.8000001558800292E-001                  2.0000000000000018E-002                  1.8083901718417876E-013                  0.0000000000000000E+000                  0.0000000000000000E+000 
                                     444                  9.9749059680207186E-001                  2.4882276159805521E-002                  5.8203759732916351E+000                 -1.7446596279795545E+000                  1.2196347779482990E+001                  6.9999998441199707E-001                  2.8000001558800292E-001                  2.0000000000000018E-002                  2.2283774588428643E-013                  0.0000000000000000E+000                  0.0000000000000000E+000 
                                     445                  9.9740621245476380E-001                  2.4074483004483317E-002                  5.8269604940207653E+000                 -1.7346622585837024E+000                  1.2213001605828573E+001                  6.9999998441199707E-001                  2.8000001558800292E-001                  2.0000000000000018E-002                  2.7440271489206373E-013                  0.0000000000000000E+000                  0.0000000000000000E+000 
                                     446                  9.9731905608786930E-001                  2.3254543891563024E-002                  5.8335546832705321E+000                 -1.7246506998187590E+000                  1.2229678709326457E+001                  6.9999998441199707E-001                  2.8000001558800292E-001                  2.0000000000000018E-002                  3.3767060013785765E-013                  0.0000000000000000E+000                  0.0000000000000000E+000 
                                     447                  9.9722903945409791E-001                  2.2422258995882894E-002                  5.8401586691538654E+000                 -1.7146246408859056E+000                  1.2246379544565100E+001                  6.9999998441199707E-001                  2.8000001558800292E-001                  2.0000000000000018E-002                  4.1524597283819999E-013                  0.0000000000000000E+000                  0.0000000000000000E+000 
                                     448                  9.9713607162543372E-001                  2.1577424702426122E-002                  5.8467725794940959E+000                 -1.7045837629770144E+000                  1.2263104574080455E+001                  6.9999998441199707E-001                  2.8000001558800292E-001                  2.0000000000000018E-002                  5.1030174665817786E-013                  0.0000000000000000E+000                  0.0000000000000000E+000 
                                     449                  9.9704005891736469E-001                  2.0719833519220271E-002                  5.8533965444245082E+000                 -1.6945277416010018E+000                  1.2279854268636399E+001                  6.9999998441199707E-001                  2.8000001558800292E-001                  2.0000000000000018E-002                  6.2670079381652735E-013                  0.0000000000000000E+000                  0.0000000000000000E+000 
                                     450                  9.9694090481119324E-001                  1.9849273982516173E-002                  5.8600306990646036E+000                 -1.6844562490238686E+000                  1.2296629107518006E+001                  6.9999998441199707E-001                  2.8000001558800292E-001                  2.0000000000000018E-002                  7.6914310681087255E-013                  0.0000000000000000E+000                  0.0000000000000000E+000 
                                     451                  9.9683850987434175E-001                  1.8965530552991702E-002                  5.8666751849587824E+000                 -1.6743689548954193E+000                  1.2313429578843161E+001                  6.9999998441199707E-001                  2.8000001558800292E-001                  2.0000000000000018E-002                  9.4334375702512624E-013                  0.0000000000000000E+000                  0.0000000000000000E+000 
                                     452                  9.9673277167859164E-001                  1.8068383505936484E-002                  5.8733301532347069E+000                 -1.6642655275032581E+000                  1.2330256179894565E+001                  6.9999998441199707E-001                  2.8000001558800292E-001                  2.0000000000000018E-002                  1.1562480511433804E-012                  0.0000000000000000E+000                  0.0000000000000000E+000 
                                     453                  9.9662358471618639E-001                  1.7157608813643085E-002                  5.8799957678459442E+000                 -1.6541456382131179E+000                  1.2347109417474954E+001                  6.9999998441199707E-001                  2.8000001558800292E-001                  2.0000000000000018E-002                  1.4162915204968929E-012                  0.0000000000000000E+000                  0.0000000000000000E+000 
                                     454                  9.9651084031373138E-001                  1.6232978012438608E-002                  5.8866722067995099E+000                 -1.6440089619727858E+000                  1.2363989808292835E+001                  6.9999998441199707E-001                  2.8000001558800292E-001                  2.0000000000000018E-002                  1.7337138875517720E-012                  0.0000000000000000E+000                  0.0000000000000000E+000 
                                     455                  9.9639442654375476E-001                  1.5294258061182646E-002                  5.8933596631892797E+000                 -1.6338551753157875E+000                  1.2380897879371966E+001                  6.9999998441199707E-001                  2.8000001558800292E-001                  2.0000000000000018E-002                  2.1209380898758515E-012                  0.0000000000000000E+000                  0.0000000000000000E+000 
                                     456                  9.9627422813402411E-001                  1.4341211197428731E-002                  5.9000583460748892E+000                 -1.6236839592695065E+000                  1.2397834168468158E+001                  6.9999998441199707E-001                  2.8000001558800292E-001                  2.0000000000000018E-002                  2.5930276122292697E-012                  0.0000000000000000E+000                  0.0000000000000000E+000 
                                     457                  9.9615012637463562E-001                  1.3373594780952604E-002                  5.9067684801832030E+000                 -1.6134949988754450E+000                  1.2414799224495031E+001                  6.9999998441199707E-001                  2.8000001558800292E-001                  2.0000000000000018E-002                  3.1682380261109742E-012                  0.0000000000000000E+000                  0.0000000000000000E+000 
                                     458                  9.9602199902276867E-001                  1.2391161130820144E-002                  5.9134903028112458E+000                 -1.6032879779372520E+000                  1.2431793607965218E+001                  6.9999998441199707E-001                  2.8000001558800292E-001                  2.0000000000000018E-002                  3.8686816548744342E-012                  0.0000000000000000E+000                  0.0000000000000000E+000 
                                     459                  9.9588972020503719E-001                  1.1393657366539786E-002                  5.9202240604985255E+000                 -1.5930625767766908E+000                  1.2448817891449163E+001                  6.9999998441199707E-001                  2.8000001558800292E-001                  2.0000000000000018E-002                  4.7211281992203922E-012                  0.0000000000000000E+000                  0.0000000000000000E+000 
                                     460                  9.9575316031734873E-001                  1.0380825246811939E-002                  5.9269700074565961E+000                 -1.5828184709378255E+000                  1.2465872660064361E+001                  6.9999998441199707E-001                  2.8000001558800292E-001                  2.0000000000000018E-002                  5.7579689058619593E-012                  0.0000000000000000E+000                  0.0000000000000000E+000 
                                     461                  9.9561218592202505E-001                  9.3524010022922148E-003                  5.9337284018725693E+000                 -1.5725553276601170E+000                  1.2482958512009953E+001                  6.9999998441199707E-001                  2.8000001558800292E-001                  2.0000000000000018E-002                  7.0183766576099392E-012                  0.0000000000000000E+000                  0.0000000000000000E+000 
                                     462                  9.9546665964201853E-001                  8.3081151670872447E-003                  5.9404995022460536E+000                 -1.5622728008869200E+000                  1.2500076059119211E+001                  6.9999998441199707E-001                  2.8000001558800292E-001                  2.0000000000000018E-002                  8.5497012316948979E-012                  0.0000000000000000E+000                  0.0000000000000000E+000 
                                     463                  9.9531644005263220E-001                  7.2476924164582967E-003                  5.9472835662442840E+000                 -1.5519705300003599E+000                  1.2517225927398954E+001                  6.9999998441199707E-001                  2.8000001558800292E-001                  2.0000000000000018E-002                  1.0409146991293278E-011                  0.0000000000000000E+000                  0.0000000000000000E+000 
                                     464                  9.9516138157073253E-001                  6.1708514025796716E-003                  5.9540808494390900E+000                 -1.5416481395524526E+000                  1.2534408757558083E+001                  6.9999998441199707E-001                  2.8000001558800292E-001                  2.0000000000000018E-002                  1.2665788884265059E-011                  0.0000000000000000E+000                  0.0000000000000000E+000 
                                     465                  9.9500133434139149E-001                  5.0773045855828716E-003                  5.9608916041864468E+000                 -1.5313052361227548E+000                  1.2551625205530405E+001                  6.9999998441199707E-001                  2.8000001558800292E-001                  2.0000000000000018E-002                  1.5402993911276038E-011                  0.0000000000000000E+000                  0.0000000000000000E+000 
                                     466                  9.9483614412190247E-001                  3.9667580669708125E-003                  5.9677160797524698E+000                 -1.5209414095914555E+000                  1.2568875943004326E+001                  6.9999998441199707E-001                  2.8000001558800292E-001                  2.0000000000000018E-002                  1.8721328545361766E-011                  0.0000000000000000E+000                  0.0000000000000000E+000 
                                     467                  9.9466565216291969E-001                  2.8389114128915781E-003                  5.9745545238218813E+000                 -1.5105562376528445E+000                  1.2586161657993701E+001                  6.9999998441199707E-001                  2.8000001558800292E-001                  2.0000000000000018E-002                  2.2742048427823144E-011                  0.0000000000000000E+000                  0.0000000000000000E+000 
                                     468                  9.9448969508620511E-001                  1.6934574551031650E-003                  5.9814071840167697E+000                 -1.5001492821609337E+000                  1.2603483055443052E+001                  6.9999998441199707E-001                  2.8000001558800292E-001                  2.0000000000000018E-002                  2.7611285501504294E-011                  0.0000000000000000E+000                  0.0000000000000000E+000 
                                     469                  9.9430810475947162E-001                  5.3008209378743211E-004                  5.9882743091330717E+000                 -1.4897200870897764E+000                  1.2620840857819717E+001                  6.9999998441199707E-001                  2.8000001558800292E-001                  2.0000000000000018E-002                  3.3505069555310779E-011                  0.0000000000000000E+000                  0.0000000000000000E+000 
                                     470                  9.9412070816863707E-001                 -6.5153589937663660E-004                  5.9951561518990850E+000                 -1.4792681786785347E+000                  1.2638235805677514E+001                  6.9999998441199707E-001                  2.8000001558800292E-001                  2.0000000000000018E-002                  4.0635349707879207E-011                  0.0000000000000000E+000                  0.0000000000000000E+000 
                                     471                  9.9392732728751343E-001                 -1.8517250834722779E-003                  6.0020529714104107E+000                 -1.4687930709136072E+000                  1.2655668658194381E+001                  6.9999998441199707E-001                  2.8000001558800292E-001                  2.0000000000000018E-002                  4.9257211229160591E-011                  7.8021736839798666E-037                  0.0000000000000000E+000 
                                     472                  9.9372777894495279E-001                 -3.0708215712969959E-003                  6.0089650348497559E+000                 -1.4582942696218346E+000                  1.2673140193698046E+001                  6.9999998441199707E-001                  2.8000001558800292E-001                  2.0000000000000018E-002                  5.9677521974905950E-011                  1.6266994794485874E-036                  0.0000000000000000E+000 
                                     473                  9.9352187468926645E-001                 -4.3091692721061222E-003                  6.0158926204773024E+000                 -1.4477712763806836E+000                  1.2690651210222695E+001                  6.9999998441199707E-001                  2.8000001558800292E-001                  2.0000000000000018E-002                  7.2265291073365610E-011                  3.3842244375557031E-036                  0.0000000000000000E+000 
                                     474                  9.9330942064919414E-001                 -5.5671201595740962E-003                  6.0228360199923543E+000                 -1.4372235863379481E+000                  1.2708202526113364E+001                  6.9999998441199707E-001                  2.8000001558800292E-001                  2.0000000000000018E-002                  8.7464074878822184E-011                  7.0255791849315663E-036                  0.0000000000000000E+000 
                                     475                  9.9309021739169201E-001                 -6.8450345468239852E-003                  6.0297955398058738E+000                 -1.4266506849439211E+000                  1.2725794980637000E+001                  6.9999998441199707E-001                  2.8000001558800292E-001                  2.0000000000000018E-002                  1.0580682929588264E-010                  1.4554178779657202E-035                  0.0000000000000000E+000 
                                     476                  9.9286405977715020E-001                 -8.1432813615288785E-003                  6.0367715026335800E+000                 -1.4160520478922105E+000                  1.2743429434571244E+001                  6.9999998441199707E-001                  2.8000001558800292E-001                  2.0000000000000018E-002                  1.2793368815044112E-010                  3.0087617547298892E-035                  0.0000000000000000E+000 
                                     477                  9.9263073681221226E-001                 -9.4622384297436170E-003                  6.0437642487488752E+000                 -1.4054271459197032E+000                  1.2761106770768212E+001                  6.9999998441199707E-001                  2.8000001558800292E-001                  2.0000000000000018E-002                  1.5461323686210827E-010                  6.2071873142700850E-035                  0.0000000000000000E+000 
                                     478                  9.9239003150032523E-001                 -1.0802292783658260E-002                  6.0507741367999692E+000                 -1.3947754429226504E+000                  1.2778827894703870E+001                  6.9999998441199707E-001                  2.8000001558800292E-001                  2.0000000000000018E-002                  1.8676796570068932E-010                  1.2779734196668519E-034                  0.0000000000000000E+000 
                                     479                  9.9214172068994977E-001                 -1.2163840975278617E-002                  6.0578015445869822E+000                 -1.3840963962107904E+000                  1.2796593735052962E+001                  6.9999998441199707E-001                  2.8000001558800292E-001                  2.0000000000000018E-002                  2.2550471657910098E-010                  2.6259243634309035E-034                  0.0000000000000000E+000 
                                     480                  9.9188557491961271E-001                 -1.3547289407780608E-002                  6.0648468696163267E+000                 -1.3733894582145783E+000                  1.2814405244316124E+001                  6.9999998441199707E-001                  2.8000001558800292E-001                  2.0000000000000018E-002                  2.7215109519599911E-010                  5.3850541145696189E-034                  0.0000000000000000E+000 
                                     481                  9.9162135825993958E-001                 -1.4953054689476546E-002                  6.0719105284519124E+000                 -1.3626540719580513E+000                  1.2832263399471564E+001                  6.9999998441199707E-001                  2.8000001558800292E-001                  2.0000000000000018E-002                  3.2829900693338978E-010                  1.1021988276270126E-033                  0.0000000000000000E+000 
                                     482                  9.9134882815338143E-001                 -1.6381563987597051E-002                  6.0789929552354245E+000                 -1.3518896702743028E+000                  1.2850169202623183E+001                  6.9999998441199707E-001                  2.8000001558800292E-001                  2.0000000000000018E-002                  3.9585669260893789E-010                  2.2516806436125311E-033                  0.0000000000000000E+000 
                                     483                  9.9106773525189440E-001                 -1.7833255392954946E-002                  6.0860946006384387E+000                 -1.3410956760271506E+000                  1.2868123681639835E+001                  6.9999998441199707E-001                  2.8000001558800292E-001                  2.0000000000000018E-002                  4.7711091957797698E-010                  4.5914085441345643E-033                  0.0000000000000000E+000 
                                     484                  9.9077782325283026E-001                 -1.9308578298777721E-002                  6.0932159289502730E+000                 -1.3302714975272656E+000                  1.2886127890788732E+001                  6.9999998441199707E-001                  2.8000001558800292E-001                  2.0000000000000018E-002                  5.7480127683141790E-010                  9.3452930164382233E-033                  0.0000000000000000E+000 
                                     485                  9.9047882873313775E-001                 -2.0807993778362878E-002                  6.1003574143686068E+000                 -1.3194165251187393E+000                  1.2904182911395452E+001                  6.9999998441199707E-001                  2.8000001558800292E-001                  2.0000000000000018E-002                  6.9220890346320773E-010                  1.8987306655022726E-032                  0.0000000000000000E+000 
                                     486                  9.9017048098106775E-001                 -2.2331974969639498E-002                  6.1075195390548433E+000                 -1.3085301296298590E+000                  1.2922289852553769E+001                  6.9999998441199707E-001                  2.8000001558800292E-001                  2.0000000000000018E-002                  8.3326246150171060E-010                  3.8509940260096941E-032                  0.0000000000000000E+000 
                                     487                  9.8985250182564000E-001                 -2.3881007472290511E-002                  6.1147027904624620E+000                 -1.2976116605343124E+000                  1.2940449851867758E+001                  6.9999998441199707E-001                  2.8000001558800292E-001                  2.0000000000000018E-002                  1.0026646470998044E-009                  7.7971662936058594E-032                  0.0000000000000000E+000 
                                     488                  9.8952460546440724E-001                 -2.5455589754652813E-002                  6.1219076588466326E+000                 -1.2866604413636500E+000                  1.2958664076212072E+001                  6.9999998441199707E-001                  2.8000001558800292E-001                  2.0000000000000018E-002                  1.2060432032092450E-009                  1.5760516395229798E-031                  0.0000000000000000E+000 
                                     489                  9.8918649828982175E-001                 -2.7056233559896160E-002                  6.1291346367626574E+000                 -1.2756757697463899E+000                  1.2976933722496824E+001                  6.9999998441199707E-001                  2.8000001558800292E-001                  2.0000000000000018E-002                  1.4501311771002027E-009                  3.1804511093581942E-031                  0.0000000000000000E+000 
                                     490                  9.8883787871479867E-001                 -2.8683464326152625E-002                  6.1363842195172058E+000                 -1.2646569187064072E+000                  1.2995260018432880E+001                  6.9999998441199707E-001                  2.8000001558800292E-001                  2.0000000000000018E-002                  1.7429820555921640E-009                  6.4077616302938922E-031                  0.0000000000000000E+000 
                                     491                  9.8847843699768800E-001                 -3.0337821626592074E-002                  6.1436569057667816E+000                 -1.2536031338507403E+000                  1.3013644223330125E+001                  6.9999998441199707E-001                  2.8000001558800292E-001                  2.0000000000000018E-002                  2.0942264993754086E-009                  1.2889551530793548E-030                  0.0000000000000000E+000 
                                     492                  9.8810785506590337E-001                 -3.2019859619667822E-002                  6.1509531990083177E+000                 -1.2425136353908264E+000                  1.3032087628952306E+001                  6.9999998441199707E-001                  2.8000001558800292E-001                  2.0000000000000018E-002                  2.5153786925325249E-009                  2.5887936609024781E-030                  0.0000000000000000E+000 
                                     493                  9.8772580633850671E-001                 -3.3730147528231030E-002                  6.1582736103181546E+000                 -1.2313876199947889E+000                  1.3050591560426044E+001                  6.9999998441199707E-001                  2.8000001558800292E-001                  2.0000000000000018E-002                  3.0202019348540932E-009                  5.1915794510339668E-030                  0.0000000000000000E+000 
                                     494                  9.8733195554807263E-001                 -3.5469270148549469E-002                  6.1656186603323357E+000                 -1.2202242602339533E+000                  1.3069157377195529E+001                  6.9999998441199707E-001                  2.8000001558800292E-001                  2.0000000000000018E-002                  3.6251448449762584E-009                  1.0395809629140809E-029                  0.0000000000000000E+000 
                                     495                  9.8692595856249088E-001                 -3.7237828379858902E-002                  6.1729888814988163E+000                 -1.2090227061992780E+000                  1.3087786473996426E+001                  6.9999998441199707E-001                  2.8000001558800292E-001                  2.0000000000000018E-002                  4.3498618222525968E-009                  2.0786829655977082E-029                  0.0000000000000000E+000 
                                     496                  9.8650746220794594E-001                 -3.9036439780763044E-002                  6.1803848209043446E+000                 -1.1977820870303049E+000                  1.3106480281860426E+001                  6.9999998441199707E-001                  2.8000001558800292E-001                  2.0000000000000018E-002                  5.2178341086496565E-009                  4.1505332851645955E-029                  0.0000000000000000E+000 
                                     497                  9.8607610409236757E-001                 -4.0865739159255357E-002                  6.1878070420151454E+000                 -1.1865015110266952E+000                  1.3125240269197796E+001                  6.9999998441199707E-001                  2.8000001558800292E-001                  2.0000000000000018E-002                  6.2571107748829932E-009                  8.2759923967680944E-029                  0.0000000000000000E+000 
                                     498                  9.8563151242893854E-001                 -4.2726379196062099E-002                  6.1952561264902721E+000                 -1.1751800654484239E+000                  1.3144067942978090E+001                  6.9999998441199707E-001                  2.8000001558800292E-001                  2.0000000000000018E-002                  7.5011928967048887E-009                  1.6479799819740196E-028                  0.0000000000000000E+000 
                                     499                  9.8517330585987828E-001                 -4.4619031102500081E-002                  6.2027326759434178E+000                 -1.1638168177679353E+000                  1.3162964850004503E+001                  6.9999998441199707E-001                  2.8000001558800292E-001                  2.0000000000000018E-002                  8.9900886096798560E-009                  3.2772903953913977E-028                  0.0000000000000000E+000 
                                     500                  9.8470109328120636E-001                 -4.6544385319962932E-002                  6.2102373127772506E+000                 -1.1524108144273406E+000                  1.3181932578254033E+001                  6.9999998441199707E-001                  2.8000001558800292E-001                  2.0000000000000018E-002                  1.0771572038039407E-008                  6.5091593465246376E-028                  0.0000000000000000E+000 
                                     501                  9.8421447367010051E-001                 -4.8503152247931065E-002                  6.2177706805454855E+000                 -1.1409610793194154E+000                  1.3200972758285513E+001                  6.9999998441199707E-001                  2.8000001558800292E-001                  2.0000000000000018E-002                  1.2902685559425092E-008                  1.2912135239644286E-027                  0.0000000000000000E+000 
                                     502                  9.8371303591428860E-001                 -5.0496063005438921E-002                  6.2253334442928647E+000                 -1.1294666137716747E+000                  1.3220087064763637E+001                  6.9999998441199707E-001                  2.8000001558800292E-001                  2.0000000000000018E-002                  1.5451532571312627E-008                  2.5582970179003635E-027                  0.0000000000000000E+000 
                                     503                  9.8319635864271526E-001                 -5.2523870240023501E-002                  6.2329262902609912E+000                 -1.1179263938465664E+000                  1.3239277218130884E+001                  6.9999998441199707E-001                  2.8000001558800292E-001                  2.0000000000000018E-002                  1.8499417022240868E-008                  5.0629130843921696E-027                  0.0000000000000000E+000 
                                     504                  9.8266401005750914E-001                 -5.4587348975923843E-002                  6.2405499251222913E+000                 -1.1063393681625566E+000                  1.3258544986427196E+001                  6.9999998441199707E-001                  2.8000001558800292E-001                  2.0000000000000018E-002                  2.2143396829575280E-008                  1.0008378790694731E-026                  0.0000000000000000E+000 
                                     505                  9.8211554776795196E-001                 -5.6687297504878886E-002                  6.2482050757405689E+000                 -1.0947044562854999E+000                  1.3277892187237606E+001                  6.9999998441199707E-001                  2.8000001558800292E-001                  2.0000000000000018E-002                  2.6499331855298531E-008                  1.9763239993575305E-026                  0.0000000000000000E+000 
                                     506                  9.8155051862775233E-001                 -5.8824538321546514E-002                  6.2558924885337284E+000                 -1.0830205461272764E+000                  1.3297320689776326E+001                  6.9999998441199707E-001                  2.8000001558800292E-001                  2.0000000000000018E-002                  3.1705522321396123E-008                  3.8985339341180140E-026                  0.0000000000000000E+000 
                                     507                  9.8096845857499526E-001                 -6.0999919105928321E-002                  6.2636129289246369E+000                 -1.0712864911536677E+000                  1.3316832417148467E+001                  6.9999998441199707E-001                  2.8000001558800292E-001                  2.0000000000000018E-002                  3.7927052680922391E-008                  7.6826497459815660E-026                  0.0000000000000000E+000 
                                     508                  9.8036889247408798E-001                 -6.3214313758881105E-002                  6.2713671814171299E+000                 -1.0595011087067849E+000                  1.3336429348820321E+001                  6.9999998441199707E-001                  2.8000001558800292E-001                  2.0000000000000018E-002                  4.5360978774077951E-008                  1.5125342973846439E-025                  0.0000000000000000E+000 
                                     509                  9.7975133395935365E-001                 -6.5468623502382389E-002                  6.2791560495494076E+000                 -1.0476631774337268E+000                  1.3356113523308720E+001                  6.9999998441199707E-001                  2.8000001558800292E-001                  2.0000000000000018E-002                  5.4242522673389570E-008                  2.9751029717113415E-025                  0.0000000000000000E+000 
                                     510                  9.7911528528073677E-001                 -6.7763778043643003E-002                  6.2869803561848059E+000                 -1.0357714342911579E+000                  1.3375887041077080E+001                  6.9999998441199707E-001                  2.8000001558800292E-001                  2.0000000000000018E-002                  6.4852472683570870E-008                  5.8468179812133491E-025                  0.0000000000000000E+000 
                                     511                  9.7846023715275254E-001                 -7.0100736802144167E-002                  6.2946734015214476E+000                 -1.0236540078733181E+000                  1.3395752067647322E+001                  6.9999997306548190E-001                  2.8000002693451825E-001                  1.9999999999999796E-002                  7.7308751008120549E-008                  1.1329241644337564E-024                  0.0000000000000000E+000 
                                     512                  9.7778566860595506E-001                 -7.2479548053664758E-002                  6.3020013456351185E+000                 -1.0110708005903304E+000                  1.3415710667694631E+001                  6.9999996862915370E-001                  2.8000003137084623E-001                  2.0000000000000018E-002                  9.1533911289305836E-008                  2.1253364171220966E-024                  0.0000000000000000E+000 
                                     513                  9.7709104683998693E-001                 -7.4898883729230620E-002                  6.3090229617390339E+000                 -9.9807994183164550E-001                  1.3435764558891334E+001                  6.9999996294134115E-001                  2.8000003705865895E-001                  1.9999999999999907E-002                  1.0776232599494454E-007                  3.8800193533589416E-024                  0.0000000000000000E+000 
                                     514                  9.7637582707721227E-001                 -7.7357627898807624E-002                  6.3157850359665106E+000                 -9.8472765519651850E-001                  1.3455915159181103E+001                  6.9999995573136542E-001                  2.8000004426863484E-001                  1.9999999999999796E-002                  1.2625952085924343E-007                  6.9213487317496515E-024                  0.0000000000000000E+000 
                                     515                  9.7563945241893069E-001                 -7.9854832595675149E-002                  6.3223255810886645E+000                 -9.7105149096885324E-001                  1.3476163624900703E+001                  6.9999994668146392E-001                  2.8000005331853617E-001                  1.9999999999999907E-002                  1.4732664799921933E-007                  1.2104062308966073E-023                  0.0000000000000000E+000 
                                     516                  9.7488135370427753E-001                 -8.2389685883791058E-002                  6.3286758663972336E+000                 -9.5708236334779784E-001                  1.3496510882228231E+001                  6.9999993541695449E-001                  2.8000006458304566E-001                  1.9999999999999796E-002                  1.7130512994857079E-007                  2.0807932835686893E-023                  0.0000000000000000E+000 
                                     517                  9.7410094937054970E-001                 -8.4961487305299996E-002                  6.3348618839251056E+000                 -9.4284601835555504E-001                  1.3516957653506635E+001                  6.9999992291517599E-001                  2.8000007708482416E-001                  1.9999999999999796E-002                  1.9858190552807959E-007                  3.5241613827288624E-023                  0.0000000000000000E+000 
                                     518                  9.7329764531329055E-001                 -8.7569628668001387E-002                  6.3409054430969194E+000                 -9.2836412345162522E-001                  1.3537504479530444E+001                  6.9999990547815660E-001                  2.8000009452184349E-001                  1.9999999999999907E-002                  2.2959539487272725E-007                  5.8914708543947937E-023                  0.0000000000000000E+000 
                                     519                  9.7247083474824680E-001                 -9.0213578824736324E-002                  6.3468249998950270E+000                 -9.1365509642350640E-001                  1.3558151738583559E+001                  6.9999988417604464E-001                  2.8000011582395540E-001                  2.0000000000000018E-002                  2.6484228094982261E-007                  9.7368204089718983E-023                  0.0000000000000000E+000 
                                     520                  9.7161989807578575E-001                 -9.2892871530218288E-002                  6.3526362906680660E+000                 -8.9873473511204194E-001                  1.3578899662876394E+001                  6.9999986548655813E-001                  2.8000013451344202E-001                  1.9999999999999796E-002                  3.0488519079943647E-007                  1.5930053323888936E-022                  0.0000000000000000E+000 
                                     521                  9.7074420274640172E-001                 -9.5607095650802332E-002                  6.3583527500478079E+000                 -8.8361662265281604E-001                  1.3599748352904136E+001                  6.9999984620192346E-001                  2.8000015379807652E-001                  2.0000000000000018E-002                  3.5036098068472061E-007                  2.5829639154182556E-022                  0.0000000000000000E+000 
                                     522                  9.6984310312574007E-001                 -9.8355886689822980E-002                  6.3639857616827342E+000                 -8.6831237420673091E-001                  1.3620697790002380E+001                  6.9999982537873584E-001                  2.8000017462126431E-001                  1.9999999999999796E-002                  4.0198945554267299E-007                  4.1546895112254704E-022                  0.0000000000000000E+000 
                                     523                  9.6891594036077244E-001                 -1.0113891884529425E-001                  6.3695449304239409E+000                 -8.5283190309949197E-001                  1.3641747847200955E+001                  6.9999980206906998E-001                  2.8000019793093023E-001                  1.9999999999999796E-002                  4.6058328523759652E-007                  6.6348398560580065E-022                  0.0000000000000000E+000 
                                     524                  9.6796204224757576E-001                 -1.0395589787220458E-001                  6.3750383809395919E+000                 -8.3718371541269365E-001                  1.3662898298565104E+001                  6.9999977594519702E-001                  2.8000022405480318E-001                  1.9999999999999796E-002                  5.2705953257084627E-007                  1.0526697845824002E-021                  0.0000000000000000E+000 
                                     525                  9.6698072309917760E-001                 -1.0680655509663398E-001                  6.3804729981802266E+000                 -8.2137514612903273E-001                  1.3684148827294951E+001                  6.9999974668073217E-001                  2.8000025331926787E-001                  2.0000000000000018E-002                  6.0245255078050982E-007                  1.6602620236847549E-021                  0.0000000000000000E+000 
                                     526                  9.6597128361193507E-001                 -1.0969064236289860E-001                  6.3858546198317052E+000                 -8.0541254813243679E-001                  1.3705499032777141E+001                  6.9999971391185722E-001                  2.8000028608814287E-001                  1.9999999999999907E-002                  6.8792837231193049E-007                  2.6043463590707700E-021                  0.0000000000000000E+000 
                                     527                  9.6493301073136661E-001                 -1.1260792772411017E-001                  6.3911881921060516E+000                 -7.8930144492734555E-001                  1.3726948436728829E+001                  6.9999967718541856E-001                  2.8000032281458148E-001                  2.0000000000000018E-002                  7.8480074616281873E-007                  4.0648182934908564E-021                  0.0000000000000000E+000 
                                     528                  9.6386517751733025E-001                 -1.1555819173220017E-001                  6.3964778972120584E+000                 -7.7304665484401480E-001                  1.3748496488576938E+001                  6.9999963613654215E-001                  2.8000036386345806E-001                  1.9999999999999796E-002                  8.9454899723865390E-007                  6.3147917445714621E-021                  0.0000000000000000E+000 
                                     529                  9.6276704300637772E-001                 -1.1854122421897585E-001                  6.4017272596086858E+000                 -7.5665239432280229E-001                  1.3770142570202704E+001                  6.9999959022070846E-001                  2.8000040977929164E-001                  1.9999999999999907E-002                  1.0188379071368950E-006                  9.7675168706464710E-021                  0.0000000000000000E+000 
                                     530                  9.6163785206973829E-001                 -1.2155682149192401E-001                  6.4069392889834855E+000                 -7.4012241926000955E-001                  1.3791886000137442E+001                  6.9999953887601629E-001                  2.8000046112398369E-001                  2.0000000000000018E-002                  1.1595407645898870E-006                  1.5046304510041524E-020                  0.0000000000000000E+000 
                                     531                  9.6047683526711036E-001                 -1.2460478426840736E-001                  6.4121166856569713E+000                 -7.2346023028994544E-001                  1.3813726037352737E+001                  6.9999948147606794E-001                  2.8000051852393215E-001                  1.9999999999999907E-002                  1.3187671195777972E-006                  2.3088607304755258E-020                  0.0000000000000000E+000 
                                     532                  9.5928320869518080E-001                 -1.2768491688730246E-001                  6.4172619696454660E+000                 -7.0666920060136806E-001                  1.3835661884919533E+001                  6.9999941732257531E-001                  2.8000058267742461E-001                  2.0000000000000018E-002                  1.4988940383073731E-006                  3.5300608264697699E-020                  0.0000000000000000E+000 
                                     533                  9.5805617382800956E-001                 -1.3079702736259036E-001                  6.4223775053958940E+000                 -6.8975259736857408E-001                  1.3857692693716389E+001                  6.9999934563736810E-001                  2.8000065436263216E-001                  1.9999999999999796E-002                  1.7025999960393227E-006                  5.3786235479916700E-020                  0.0000000000000000E+000 
                                     534                  9.5679491734795052E-001                 -1.3394092757688691E-001                  6.4274655167057722E+000                 -6.7271359274452924E-001                  1.3879817566203673E+001                  6.9999926555380054E-001                  2.8000073444619944E-001                  2.0000000000000018E-002                  1.9329029301451433E-006                  8.1685835858242575E-020                  0.0000000000000000E+000 
                                     535                  9.5549861096610789E-001                 -1.3711643355057865E-001                  6.4325281006553112E+000                 -6.5555527422517657E-001                  1.3902035560269391E+001                  6.9999917603676698E-001                  2.8000082396323311E-001                  1.9999999999999907E-002                  2.1932031207263908E-006                  1.2367613501990475E-019                  0.0000000000000000E+000 
                                     536                  9.5416641123059398E-001                 -1.4032336579015067E-001                  6.4369451886295757E+000                 -6.4036603119735380E-001                  1.3921638516868640E+001                  6.9999908941847055E-001                  2.8000091058152943E-001                  2.0000000000000018E-002                  2.4493046621590476E-006                  1.7748598701447613E-019                  0.0000000000000000E+000 
                                     537                  9.5313266994567569E-001                 -1.4277374171404311E-001                  6.4407116924648724E+000                 -6.2734499848546199E-001                  1.3938422939483594E+001                  6.9999900782795710E-001                  2.8000099217204283E-001                  2.0000000000000018E-002                  2.6910196313796811E-006                  2.4133714548946326E-019                  0.0000000000000000E+000 
                                     538                  9.5209892866075718E-001                 -1.4519206786272845E-001                  6.4457271020407632E+000                 -6.0998867706540283E-001                  1.3960790518290866E+001                  6.9999888815216316E-001                  2.8000111184783677E-001                  2.0000000000000018E-002                  3.0494864783524280E-006                  3.6291737580536449E-019                  0.0000000000000000E+000 
                                     539                  9.5031071956180224E-001                 -1.4930308667233630E-001                  6.4513192282967236E+000                 -5.9019980253119209E-001                  1.3986165217416852E+001                  6.9999873735695672E-001                  2.8000126264304331E-001                  2.0000000000000018E-002                  3.5078474700744323E-006                  5.7160224959457592E-019                  0.0000000000000000E+000 
                                     540                  9.4883614270574901E-001                 -1.5262636104607716E-001                  6.4562864819130521E+000                 -5.7251478932448285E-001                  1.4008811546945564E+001                  6.9999858652999980E-001                  2.8000141347000029E-001                  1.9999999999999907E-002                  3.9719867324537776E-006                  8.5467562260983863E-019                  0.0000000000000000E+000 
                                     541                  9.4732145219227559E-001                 -1.5598028568084019E-001                  6.4612383742410575E+000                 -5.5472684929655203E-001                  1.4031544919281734E+001                  6.9999841826906106E-001                  2.8000158173093886E-001                  2.0000000000000018E-002                  4.4959137126962240E-006                  1.2750633262514876E-018                  0.0000000000000000E+000 
                                     542                  9.4576571283394839E-001                 -1.5936471655917706E-001                  6.4661761935241415E+000                 -5.3683843984656021E-001                  1.4054364199027447E+001                  6.9999823059716315E-001                  2.8000176940283683E-001                  2.0000000000000018E-002                  5.0872138832300709E-006                  1.8981506157729340E-018                  0.0000000000000000E+000 
                                     543                  9.4416797252795914E-001                 -1.6277951645426961E-001                  6.4711010550269927E+000                 -5.1885185401865996E-001                  1.4077268238512392E+001                  6.9999802122109356E-001                  2.8000197877890665E-001                  1.9999999999999796E-002                  5.7544178622426192E-006                  2.8199254202432468E-018                  0.0000000000000000E+000 
                                     544                  9.4252726192059322E-001                 -1.6622455468918182E-001                  6.4760139218588266E+000                 -5.0076923868006551E-001                  1.4100255881647424E+001                  6.9999778787736688E-001                  2.8000221212263310E-001                  2.0000000000000018E-002                  6.5071166768184819E-006                  4.1810661444367899E-018                  0.0000000000000000E+000 
                                     545                  9.4084259405067394E-001                 -1.6969970700165909E-001                  6.4809156232992908E+000                 -4.8259260939710902E-001                  1.4123325967609528E+001                  6.9999752777099566E-001                  2.8000247222900437E-001                  2.0000000000000018E-002                  7.3560907557860713E-006                  6.1874094720741182E-018                  0.0000000000000000E+000 
                                     546                  9.3911296396864397E-001                 -1.7320485550171830E-001                  6.4858068709406682E+000                 -4.6432386334706532E-001                  1.4146477334295739E+001                  6.9999723788827750E-001                  2.8000276211172265E-001                  1.9999999999999796E-002                  8.3134542682706641E-006                  9.1396403430500321E-018                  0.0000000000000000E+000 
                                     547                  9.3733734834386317E-001                 -1.7673988868563406E-001                  6.4906882729055040E+000                 -4.4596479029398917E-001                  1.4169708821453460E+001                  6.9999691488085880E-001                  2.8000308511914124E-001                  2.0000000000000018E-002                  9.3928165698091057E-006                  1.3476291173358029E-017                  0.0000000000000000E+000 
                                     548                  9.3551470506290968E-001                 -1.8030470149116176E-001                  6.4955603463868625E+000                 -4.2751708277158013E-001                  1.4193019273525859E+001                  6.9999655502885516E-001                  2.8000344497114488E-001                  2.0000000000000018E-002                  1.0609462726039039E-005                  1.9835918434366602E-017                  0.0000000000000000E+000 
                                     549                  9.3364397281325584E-001                 -1.8389919540424426E-001                  6.5004235287320746E+000                 -4.0898234480735646E-001                  1.4216407542246404E+001                  6.9999615409161531E-001                  2.8000384590838484E-001                  1.9999999999999796E-002                  1.1980555325927250E-005                  2.9146868481261041E-017                  0.0000000000000000E+000 
                                     550                  9.3172407065555851E-001                 -1.8752327860343335E-001                  6.5052781985481891E+000                 -3.9036211136525295E-001                  1.4239872488879101E+001                  6.9999570767836194E-001                  2.8000429232163798E-001                  2.0000000000000018E-002                  1.3525362135529156E-005                  4.2756704787346506E-017                  0.0000000000000000E+000 
                                     551                  9.2975389760139637E-001                 -1.9117686620637417E-001                  6.5101247293797089E+000                 -3.7165790086504857E-001                  1.4263412986057228E+001                  6.9999521059794889E-001                  2.8000478940205115E-001                  2.0000000000000018E-002                  1.5265518736870912E-005                  6.2618697002844680E-017                  0.0000000000000000E+000 
                                     552                  9.2773233219665274E-001                 -1.9485988091618431E-001                  6.5149635332529847E+000                 -3.5287125772601141E-001                  1.4287027919376223E+001                  6.9999465718827014E-001                  2.8000534281172990E-001                  2.0000000000000018E-002                  1.7225325924328953E-005                  9.1560245119648390E-017                  0.0000000000000000E+000 
                                     553                  9.2565823210573306E-001                 -1.9857225402573239E-001                  6.5197950631773383E+000                 -3.3400375340859012E-001                  1.4310716188847325E+001                  6.9999404116182706E-001                  2.8000595883817292E-001                  2.0000000000000018E-002                  1.9432078264248685E-005                  1.3366866437255330E-016                  0.0000000000000000E+000 
                                     554                  9.2353043370185461E-001                 -2.0231392643800697E-001                  6.5246198082366202E+000                 -3.1505698028548984E-001                  1.4334476710141271E+001                  6.9999335553746600E-001                  2.8000664446253415E-001                  1.9999999999999796E-002                  2.1916431739986750E-005                  1.9484508210088233E-016                  0.0000000000000000E+000 
                                     555                  9.2134775167718974E-001                 -2.0608484962023496E-001                  6.5294382889872109E+000                 -2.9603254633360038E-001                  1.4358308415560439E+001                  6.9999259256465785E-001                  2.8000740743534214E-001                  2.0000000000000018E-002                  2.4712816538049279E-005                  2.8359891176156872E-016                  0.0000000000000000E+000 
                                     556                  9.1910897867658292E-001                 -2.0988498649484005E-001                  6.5342510531377220E+000                 -2.7693206942629106E-001                  1.4382210254792378E+001                  6.9999174345803594E-001                  2.8000825654196404E-001                  2.0000000000000018E-002                  2.7859900567877712E-005                  4.1218631174685080E-016                  0.0000000000000000E+000 
                                     557                  9.1681288494930135E-001                 -2.1371431227596796E-001                  6.5390586714894026E+000                 -2.5775717263077125E-001                  1.4406181195530918E+001                  6.9999079899863803E-001                  2.8000920100136167E-001                  2.0000000000000240E-002                  3.1401109953854547E-005                  5.9824005992123818E-016                  0.0000000000000000E+000 
                                     558                  9.1445821801468963E-001                 -2.1757281526918698E-001                  6.5438617340885035E+000                 -2.3850947954413237E-001                  1.4430220223935480E+001                  6.9998974842573358E-001                  2.8001025157426623E-001                  2.0000000000000240E-002                  3.5385213315206564E-005                  8.6710090596418619E-016                  0.0000000000000000E+000 
                                     559                  9.1204370235740795E-001                 -2.2146049761076497E-001                  6.5486608465296072E+000                 -2.1919061107379981E-001                  1.4454326344838920E+001                  6.9998857996590147E-001                  2.8001142003409818E-001                  2.0000000000000351E-002                  3.9866977768726344E-005                  1.2551496000277231E-015                  0.0000000000000000E+000 
                                     560                  9.0956803916128359E-001                 -2.2537737594865986E-001                  6.5534566251786233E+000                 -1.9980218014068404E-001                  1.4478498581743505E+001                  6.9998728054890369E-001                  2.8001271945109579E-001                  2.0000000000000462E-002                  4.4907904647957323E-005                  1.8145651107646006E-015                  0.0000000000000000E+000 
                                     561                  9.0702990607439338E-001                 -2.2932348206299311E-001                  6.5582496815991815E+000                 -1.8034577556571638E-001                  1.4502735976753947E+001                  6.9998583566464900E-001                  2.8001416433535015E-001                  2.0000000000000906E-002                  5.0577047778880896E-005                  2.6201124861173614E-015                  0.0000000000000000E+000 
                                     562                  9.0442795698927148E-001                 -2.3329886335315053E-001                  6.5630406046488279E+000                 -1.6082294406183995E-001                  1.4527037590429586E+001                  6.9998422920405179E-001                  2.8001577079594725E-001                  2.0000000000000906E-002                  5.6951925187126662E-005                  3.7788168994775602E-015                  0.0000000000000000E+000 
                                     563                  9.0176082185804607E-001                 -2.3730358313674094E-001                  6.5678299578674357E+000                 -1.4123518824688649E-001                  1.4551402501397821E+001                  6.9998244295509848E-001                  2.8001755704490000E-001                  2.0000000000001572E-002                  6.4119546971172389E-005                  5.4437421667967822E-015                  0.0000000000000000E+000 
                                     564                  8.9902710655584883E-001                 -2.4133772088486408E-001                  6.5726182844784349E+000                 -1.2158397259211633E-001                  1.4575829805730050E+001                  6.9998045766285188E-001                  2.8001954233714582E-001                  2.0000000000002238E-002                  7.2177573116583010E-005                  7.8336019009982102E-015                  0.0000000000000000E+000 
                                     565                  8.9622539278807967E-001                 -2.4540137248058302E-001                  6.5774061124046730E+000                 -1.0187072832243628E-001                  1.4600318616259884E+001                  6.9997825099368960E-001                  2.8002174900630739E-001                  2.0000000000003015E-002                  8.1235612808975335E-005                  1.1260651220441851E-014                  0.0000000000000000E+000 
                                     566                  8.9335423801728830E-001                 -2.4949465053530215E-001                  6.5821939592744565E+000                 -8.2096859560275348E-002                  1.4624868061906524E+001                  6.9997579845824653E-001                  2.8002420154174945E-001                  2.0000000000004015E-002                  9.1416683705617817E-005                  1.6170330147257463E-014                  0.0000000000000000E+000 
                                     567                  8.9041217542764695E-001                 -2.5361768475582852E-001                  6.5857758059178657E+000                 -6.7156452158687624E-002                  1.4643380753329660E+001                  6.9997379103505664E-001                  2.8002620896493813E-001                  2.0000000000005236E-002                  9.9874413116774106E-005                  2.1189115114655556E-014                  0.0000000000000000E+000 
                                     568                  8.8890494468539161E-001                 -2.5570278768295240E-001                  6.5881701718864178E+000                 -5.7225130761994682E-002                  1.4655700310623665E+001                  6.9997234882232551E-001                  2.8002765117766798E-001                  2.0000000000006457E-002                  1.0593685458081692E-004                  2.5372821727986248E-014                  0.0000000000000000E+000 
                                     569                  8.8739771394313616E-001                 -2.5777018999624868E-001                  6.5911799464745275E+000                 -4.4771890636859962E-002                  1.4671155810954195E+001                  6.9997045025724569E-001                  2.8002954974274652E-001                  2.0000000000007789E-002                  1.1406237389186932E-004                  3.1807199077445477E-014                  0.0000000000000000E+000 
                                     570                  8.8506733325648645E-001                 -2.6093289805825770E-001                  6.5947724513514290E+000                 -2.9820644893840724E-002                  1.4689690388707792E+001                  6.9996798876263822E-001                  2.8003201123735194E-001                  2.0000000000009788E-002                  1.2458758005000844E-004                  4.1640651566135434E-014                  0.0000000000000000E+000 
                                     571                  8.8273695256983675E-001                 -2.6405564113004121E-001                  6.5989591143507322E+000                 -1.2432667603642474E-002                  1.4711254612708860E+001                  6.9996485723067048E-001                  2.8003514276931629E-001                  2.0000000000013229E-002                  1.3804531987134073E-004                  5.6945758895138588E-014                  0.0000000000000000E+000 
                                     572                  8.7953481196248973E-001                 -2.6828409482023768E-001                  6.6025382910064092E+000                  2.6276315496473863E-003                  1.4729884635948409E+001                  6.9996194592472849E-001                  2.8003805407525462E-001                  2.0000000000016893E-002                  1.5073934611111440E-004                  7.4401870944417051E-014                  0.0000000000000000E+000 
                                     573                  8.7790466329934191E-001                 -2.7040954281857604E-001                  6.6055425629239988E+000                  1.5146656004449333E-002                  1.4745400516151575E+001                  6.9995933032360191E-001                  2.8004066967637736E-001                  2.0000000000020668E-002                  1.6222503259587633E-004                  9.3047906050383464E-014                  0.0000000000000000E+000 
                                     574                  8.7542253287769589E-001                 -2.7361224170640092E-001                  6.6097504817129229E+000                  3.2707667909890915E-002                  1.4767159106391372E+001                  6.9995536676987702E-001                  2.8004463323009565E-001                  2.0000000000027329E-002                  1.7977558772937731E-004                  1.2718558311344881E-013                  0.0000000000000000E+000 
                                     575                  8.7204307494665612E-001                 -2.7790979059007942E-001                  6.6145520821430317E+000                  5.2854939883017711E-002                  1.4792096001638917E+001                  6.9995037143804373E-001                  2.8004962856191862E-001                  2.0000000000037654E-002                  2.0213009262275687E-004                  1.8153679054516573E-013                  0.0000000000000000E+000 
                                     576                  8.6858217992024300E-001                 -2.8223845607686676E-001                  6.6193579241297043E+000                  7.3052224706574992E-002                  1.4817087237932965E+001                  6.9994482179994288E-001                  2.8005517820000536E-001                  2.0000000000051754E-002                  2.2723995016164940E-004                  2.5891768262097699E-013                  0.0000000000000000E+000 
                                     577                  8.6503819723110142E-001                 -2.8659851905981970E-001                  6.6241686302027381E+000                  9.3298125138114266E-002                  1.4842132049202640E+001                  6.9993865742582928E-001                  2.8006134257409948E-001                  2.0000000000071294E-002                  2.5544325227816179E-004                  3.6901599922860050E-013                  0.0000000000000000E+000 
                                     578                  8.6140945393940949E-001                 -2.9099028329658672E-001                  6.6289848407676386E+000                  1.1359123731428623E-001                  1.4867229678081632E+001                  6.9993181022888717E-001                  2.8006818977101483E-001                  2.0000000000097939E-002                  2.8711960178757199E-004                  5.2557107424124129E-013                  0.0000000000000000E+000 
                                     579                  8.5769425523864518E-001                 -2.9541407630513505E-001                  6.6338072110095805E+000                  1.3393015252665319E-001                  1.4892379375475549E+001                  6.9992420501429242E-001                  2.8007579498557300E-001                  2.0000000000134577E-002                  3.2269522755790184E-004                  7.4806090693013024E-013                  0.0000000000000000E+000 
                                     580                  8.5389088504893595E-001                 -2.9987025026986724E-001                  6.6374201694067398E+000                  1.4929015537004181E-001                  1.4911343379261391E+001                  6.9991798460146815E-001                  2.8008201539836169E-001                  2.0000000000170104E-002                  3.5224269765256376E-004                  9.7409203714065496E-013                  0.0000000000000000E+000 
                                     581                  8.5194424586766015E-001                 -3.0212342975827611E-001                  6.6398365467289597E+000                  1.5949280088253778E-001                  1.4923956688234906E+001                  6.9991353044149696E-001                  2.8008646955830324E-001                  2.0000000000199858E-002                  3.7340506645027523E-004                  1.1616005514294549E-012                  0.0000000000000000E+000 
                                     582                  8.4999760668638435E-001                 -3.0435867848067216E-001                  6.6434732036076962E+000                  1.7473853733922384E-001                  1.4942830906928299E+001                  6.9990637732653282E-001                  2.8009362267321314E-001                  2.0000000000254037E-002                  4.0751695217946344E-004                  1.5127704100618640E-012                  0.0000000000000000E+000 
                                     583                  8.4601266359993954E-001                 -3.0888077107232975E-001                  6.6483180322940205E+000                  1.9520640965563468E-001                  1.4968132340944614E+001                  6.9989596015123867E-001                  2.8010403984841281E-001                  2.0000000000348517E-002                  4.5790415747462261E-004                  2.1494810571555550E-012                  0.0000000000000000E+000 
                                     584                  8.4193428018151295E-001                 -3.1343645844968165E-001                  6.6531716975226356E+000                  2.1571449951400562E-001                  1.4993482926098222E+001                  6.9988439264957303E-001                  2.8011560734994861E-001                  2.0000000000478302E-002                  5.1448764320362230E-004                  3.0526579758452829E-012                  0.0000000000000000E+000 
                                     585                  8.3776066267671812E-001                 -3.1802620064969733E-001                  6.6580348327814622E+000                  2.3626147412553378E-001                  1.5018881951033906E+001                  6.9987154862534873E-001                  2.8012845137399539E-001                  2.0000000000655938E-002                  5.7802810551851891E-004                  4.3333241659040352E-012                  0.0000000000000000E+000 
                                     586                  8.3349000019806074E-001                 -3.2265048668497059E-001                  6.6616810352322382E+000                  2.5177560741026522E-001                  1.5038033700919575E+001                  6.9986104387647796E-001                  2.8013895612269429E-001                  2.0000000000827800E-002                  6.3080672354362912E-004                  5.6322780492407015E-012                  0.0000000000000000E+000 
                                     587                  8.3130523300765224E-001                 -3.2498877509440738E-001                  6.6641202005039366E+000                  2.6207720064245332E-001                  1.5050768962397321E+001                  6.9985352531200062E-001                  2.8014647468702786E-001                  2.0000000000971463E-002                  6.6859821913515648E-004                  6.7083525756795427E-012                  0.0000000000000000E+000 
                                     588                  8.2912046581724375E-001                 -3.2730929214241278E-001                  6.6677918856038367E+000                  2.7746573825415227E-001                  1.5069821283604199E+001                  6.9984145529358799E-001                  2.8015854470517887E-001                  2.0000000001233142E-002                  7.2949832038328032E-004                  8.7207609145237517E-012                  0.0000000000000000E+000 
                                     589                  8.2465021773470726E-001                 -3.3200424798677081E-001                  6.6726866009946466E+000                  2.9812207749432051E-001                  1.5095361378484670E+001                  6.9982387922776612E-001                  2.8017612077054432E-001                  2.0000000001689555E-002                  8.1946149502920183E-004                  1.2364082607400282E-011                  0.0000000000000000E+000 
                                     590                  8.2007740055521117E-001                 -3.3673539281225978E-001                  6.6775927384376290E+000                  3.1881268855976674E-001                  1.5120947143168662E+001                  6.9980436848245253E-001                  2.8019563151523280E-001                  2.0000000002314611E-002                  9.2047445781913569E-004                  1.7523030296041862E-011                  0.0000000000000000E+000 
                                     591                  8.1540014668404137E-001                 -3.4150333593386445E-001                  6.6825106610828620E+000                  3.3953657855182556E-001                  1.5146577902291073E+001                  6.9978271138342418E-001                  2.8021728861340561E-001                  2.0000000003170149E-002                  1.0338903328549990E-003                  2.4825788418157411E-011                  0.0000000000000000E+000 
                                     592                  8.1061657781319263E-001                 -3.4630871821289477E-001                  6.6861997887833571E+000                  3.5518259636234245E-001                  1.5165904387896990E+001                  6.9976499994666008E-001                  2.8023500004934393E-001                  2.0000000003995932E-002                  1.1281008469895088E-003                  3.2223704655694102E-011                  0.0000000000000000E+000 
                                     593                  8.0817069215088388E-001                 -3.4873887442955581E-001                  6.6886678792978991E+000                  3.6556869094413691E-001                  1.5178752940928367E+001                  6.9975232853161851E-001                  2.8024767146369439E-001                  2.0000000004687157E-002                  1.1955408029484841E-003                  3.8345345953042660E-011                  0.0000000000000000E+000 
                                     594                  8.0572480648857492E-001                 -3.5115162557963181E-001                  6.6923833210432182E+000                  3.8107892666241200E-001                  1.5197970378259578E+001                  6.9973199266346986E-001                  2.8026800733058765E-001                  2.0000000005942487E-002                  1.3041862273904384E-003                  4.9780035932285473E-011                  0.0000000000000000E+000 
                                     595                  8.0072293778453396E-001                 -3.5603393691347973E-001                  6.6973384626582355E+000                  4.0189710558135999E-001                  1.5223732080698383E+001                  6.9970238279638153E-001                  2.8029761719548479E-001                  2.0000000008133734E-002                  1.4646807910491074E-003                  7.0456281643781720E-011                  0.0000000000000000E+000 
                                     596                  7.9560907110639789E-001                 -3.6095580925856702E-001                  6.7023066273541092E+000                  4.2274496529869521E-001                  1.5249536149137814E+001                  6.9966952259617721E-001                  2.8033047739269235E-001                  2.0000000011130448E-002                  1.6448541598806381E-003                  9.9689875439724075E-011                  0.0000000000000000E+000 
                                     597                  7.9038130208966506E-001                 -3.6591802058938716E-001                  6.7072881427663473E+000                  4.4362163004828042E-001                  1.5275381944277786E+001                  6.9963305695169142E-001                  2.8036694303307952E-001                  2.0000000015229058E-002                  1.8471131585711534E-003                  1.4101146757335180E-010                  0.0000000000000000E+000 
                                     598                  7.8503772458304444E-001                 -3.7092138720749707E-001                  6.7110264998771365E+000                  4.5938208865445046E-001                  1.5294870873260040E+001                  6.9960323608685770E-001                  2.8039676389395590E-001                  2.0000000019186448E-002                  2.0151291362672449E-003                  1.8282908193124152E-010                  0.0000000000000000E+000 
                                     599                  7.8230707866177140E-001                 -3.7345215577922536E-001                  6.7135276519850420E+000                  4.6984117955614602E-001                  1.5307824502557867E+001                  6.9958190845548274E-001                  2.8041809152202357E-001                  2.0000000022493691E-002                  2.1353718191143415E-003                  2.1739922766375228E-010                  0.0000000000000000E+000 
                                     600                  7.7957643274049837E-001                 -3.7596612830099818E-001                  6.7172930465564091E+000                  4.8545594205310183E-001                  1.5327194693742273E+001                  6.9954768985737370E-001                  2.8045231011412713E-001                  2.0000000028499221E-002                  2.3290322672864902E-003                  2.8190863821762394E-010                  0.0000000000000000E+000 
                                     601                  7.7399552324285437E-001                 -3.8105441823352276E-001                  6.7223173756532972E+000                  5.0641310684283836E-001                  1.5353161863792508E+001                  6.9949786860945096E-001                  2.8050213135156865E-001                  2.0000000038980392E-002                  2.6151532443957340E-003                  3.9845305618716007E-010                  0.0000000000000000E+000 
                                     602                  7.6829309762083597E-001                 -3.8618657143235913E-001                  6.7273572267395529E+000                  5.2739492717154890E-001                  1.5379168305690095E+001                  6.9944259035606560E-001                  2.8055740959062159E-001                  2.0000000053312816E-002                  2.9363706284545096E-003                  5.6306463669251554E-010                  0.0000000000000000E+000 
                                     603                  7.6246726466625758E-001                 -3.9136358788512471E-001                  6.7324133456531818E+000                  5.4840023154612438E-001                  1.5405213439186006E+001                  6.9938126017545099E-001                  2.8061873975163687E-001                  2.0000000072912139E-002                  3.2970262349466431E-003                  7.9554737198328337E-010                  0.0000000000000000E+000 
                                     604                  7.5651614296266689E-001                 -3.9658652213427587E-001                  6.7362104986257716E+000                  5.6425623904384969E-001                  1.5424853379999011E+001                  6.9933110560752365E-001                  2.8066889430062719E-001                  2.0000000091849213E-002                  3.5967717779980118E-003                  1.0307423335406454E-009                  0.0000000000000000E+000 
                                     605                  7.5347700325584110E-001                 -3.9922909007456342E-001                  6.7387515211782905E+000                  5.7477538709438403E-001                  1.5437904439029795E+001                  6.9929524864197878E-001                  2.8070475125036348E-001                  2.0000000107657678E-002                  3.8113137839289836E-003                  1.2250789728850091E-009                  0.0000000000000000E+000 
                                     606                  7.5043786354901532E-001                 -4.0185579321038611E-001                  6.7412972123848585E+000                  5.8529864478521221E-001                  1.5450963942493617E+001                  6.9925757838262281E-001                  2.8074242149176182E-001                  2.0000000125615314E-002                  4.0386958731959471E-003                  1.4560320468295139E-009                  0.0000000000000000E+000 
                                     607                  7.4733421812169687E-001                 -4.0452233785738811E-001                  6.7438474207599031E+000                  5.9582800027386695E-001                  1.5464033627598903E+001                  6.9921780190973648E-001                  2.8078219794302711E-001                  2.0000000147236463E-002                  4.2797129021167959E-003                  1.7304872213652255E-009                  0.0000000000000000E+000 
                                     608                  7.4423057269437842E-001                 -4.0717325262836751E-001                  6.7476876752615151E+000                  6.1154155612903227E-001                  1.5483572031190050E+001                  6.9915400587093757E-001                  2.8084599394255166E-001                  2.0000000186510825E-002                  4.6680538096251023E-003                  2.2423684815979424E-009                  0.0000000000000000E+000 
                                     609                  7.3789243477693878E-001                 -4.1254086034727777E-001                  6.7528174492422739E+000                  6.3262867414872725E-001                  1.5509766435320461E+001                  6.9906113407215331E-001                  2.8093886567274723E-001                  2.0000000255099515E-002                  5.2427075794139666E-003                  3.1672772482003261E-009                  0.0000000000000000E+000 
                                     610                  7.3142163530662219E-001                 -4.1795922707528971E-001                  6.7579680541589227E+000                  6.5373328343785542E-001                  1.5535996995396756E+001                  6.9895813827439135E-001                  2.8104186137666642E-001                  2.0000000348942226E-002                  5.8892709812043810E-003                  4.4738243952851792E-009                  0.0000000000000000E+000 
                                     611                  7.2481638409482985E-001                 -4.2342973955570778E-001                  6.7631404935904778E+000                  6.7485428186217566E-001                  1.5562263304271839E+001                  6.9884393440894443E-001                  2.8115606511369434E-001                  2.0000000477361279E-002                  6.6175892141784555E-003                  6.3198098055036812E-009                  0.0000000000000000E+000 
                                     612                  7.1807491855628869E-001                 -4.2895386383173195E-001                  6.7670297296433457E+000                  6.9079599532518576E-001                  1.5582071810918602E+001                  6.9875010901406409E-001                  2.8124989038212644E-001                  2.0000000603809465E-002                  7.2255139260018180E-003                  8.1889943337417754E-009                  0.0000000000000000E+000 
                                     613                  7.1463521285550069E-001                 -4.3175019741457121E-001                  6.7696332930790053E+000                  7.0136775972769283E-001                  1.5595231397541633E+001                  6.9868348556514592E-001                  2.8131651372854272E-001                  2.0000000706311361E-002                  7.6621997607341612E-003                  9.7338604983505918E-009                  0.0000000000000000E+000 
                                     614                  7.1119550715471280E-001                 -4.3453237630370428E-001                  6.7722429821644115E+000                  7.1194196165827550E-001                  1.5608398725578871E+001                  6.9861335624479370E-001                  2.8138664292895327E-001                  2.0000000826253084E-002                  8.1267962874415692E-003                  1.1570684609668823E-008                  0.0000000000000000E+000 
                                     615                  7.0768598009057238E-001                 -4.3735691829050305E-001                  6.7748587257238411E+000                  7.2252067368615813E-001                  1.5621575737808948E+001                  6.9853954551094244E-001                  2.8146045352245042E-001                  2.0000000966607145E-002                  8.6215509770118468E-003                  1.3754731828807549E-008                  0.0000000000000000E+000 
                                     616                  7.0417645302643195E-001                 -4.4016766900043358E-001                  6.7787989557400792E+000                  7.3830175046676039E-001                  1.5641269378898293E+001                  6.9842167541971656E-001                  2.8157832335694050E-001                  2.0000001223343000E-002                  9.4243570649341340E-003                  1.7829932233620210E-008                  0.0000000000000000E+000 
                                     617                  6.9701609778251616E-001                 -4.4586228035485248E-001                  6.7840689436452086E+000                  7.5947867109561629E-001                  1.5667675452562209E+001                  6.9824971982638462E-001                  2.8175027849879175E-001                  2.0000001674823631E-002                  1.0628857375910060E-002                  2.5204889525285121E-008                  0.0000000000000000E+000 
                                     618                  6.8971282548313040E-001                 -4.5161726122979828E-001                  6.7880349530183128E+000                  7.7546254349242505E-001                  1.5687591499704391E+001                  6.9810875241512194E-001                  2.8189124546493577E-001                  2.0000002119942240E-002                  1.1650425631870989E-002                  3.2682648542476543E-008                  0.0000000000000000E+000 
                                     619                  6.8598894614926964E-001                 -4.5453175813523189E-001                  6.7906905346796806E+000                  7.8605968182392594E-001                  1.5700820317356696E+001                  6.9800889034909475E-001                  2.8199110716990650E-001                  2.0000002480998758E-002                  1.2394971729834742E-002                  3.8867206045596067E-008                  0.0000000000000000E+000 
                                     620                  6.8226506681540877E-001                 -4.5743371669490113E-001                  6.7933533258904397E+000                  7.9665843079879839E-001                  1.5714056674202364E+001                  6.9790400448449963E-001                  2.8209599261171570E-001                  2.0000002903784675E-002                  1.3198510946803126E-002                  4.6226097131325710E-008                  0.0000000000000000E+000 
                                     621                  6.7846818515765306E-001                 -4.6038014771667285E-001                  6.7960233234480496E+000                  8.0726095630938877E-001                  1.5727302669979879E+001                  6.9779390409603104E-001                  2.8220609250507295E-001                  2.0000003398896071E-002                  1.4068715255791654E-002                  5.4983234371404266E-008                  0.0000000000000000E+000 
                                     622                  6.7467130349989712E-001                 -4.6331451868395040E-001                  6.7987008302969141E+000                  8.1786464042869456E-001                  1.5740556201610435E+001                  6.9767918546285179E-001                  2.8232081057069458E-001                  2.0000003966453628E-002                  1.5014393976150743E-002                  6.5405823272481794E-008                  0.0000000000000000E+000 
                                     623                  6.7080068821210526E-001                 -4.6629395952778935E-001                  6.8013858634372131E+000                  8.2847229585126136E-001                  1.5753819411422228E+001                  6.9755780144180690E-001                  2.8244219390180164E-001                  2.0000004656391512E-002                  1.6047356508765466E-002                  7.7812053862716069E-008                  0.0000000000000000E+000 
                                     624                  6.6693007292431328E-001                 -4.6926185205957255E-001                  6.8040787197617298E+000                  8.3908085019178880E-001                  1.5767090176184679E+001                  6.9743165811509023E-001                  2.8256833645134832E-001                  2.0000005433561396E-002                  1.7180213369268942E-002                  9.2581826368856437E-008                  0.0000000000000000E+000 
                                     625                  6.6298502297258488E-001                 -4.7227544161975699E-001                  6.8067794340030323E+000                  8.4969305287986874E-001                  1.5780370682070517E+001                  6.9729897366729243E-001                  2.8270101995968083E-001                  2.0000006373026791E-002                  1.8429473538400066E-002                  1.1016780809940572E-007                  0.0000000000000000E+000 
                                     626                  6.5903997302085671E-001                 -4.7527803296539395E-001                  6.8094818992572463E+000                  8.6028181454183850E-001                  1.5793627803987848E+001                  6.9716002115645881E-001                  2.8283997136739819E-001                  2.0000007476143056E-002                  1.9811590246154157E-002                  1.3105667259980177E-007                  0.0000000000000000E+000 
                                     627                  6.5503867674496741E-001                 -4.7831270242586721E-001                  6.8121989913412824E+000                  8.7089766055970630E-001                  1.5806925327321881E+001                  6.9701575252064130E-001                  2.8298423872309347E-001                  2.0000008756265286E-002                  2.1354687042544122E-002                  1.5599059758825756E-007                  0.0000000000000000E+000 
                                     628                  6.5099966743156290E-001                 -4.8136551982145703E-001                  6.8149244986328146E+000                  8.8151537736198637E-001                  1.5820231629563647E+001                  6.9686564994392541E-001                  2.8313433979925645E-001                  2.0000010256818079E-002                  2.3083367166533194E-002                  1.8569343604137403E-007                  0.0000000000000000E+000 
                                     629                  6.4692278920054813E-001                 -4.8443681864209043E-001                  6.8176585877460489E+000                  8.9213480386966892E-001                  1.5833546765138978E+001                  6.9670984124934399E-001                  2.8329014673462166E-001                  2.0000012016034407E-002                  2.5029134419312815E-002                  2.2108348665815790E-007                  0.0000000000000000E+000 
                                     630                  6.4280789097915969E-001                 -4.8752694358558957E-001                  6.8204014262748949E+000                  9.0275575858487611E-001                  1.5846870796370860E+001                  6.9654853575562881E-001                  2.8345145016553497E-001                  2.0000014078836226E-002                  2.7227928161027058E-002                  2.6325732854947560E-007                  0.0000000000000000E+000 
                                     631                  6.3865482669080031E-001                 -4.9063625117736276E-001                  6.8224637326674005E+000                  9.1074684547207474E-001                  1.5856893537759133E+001                  6.9642425674084485E-001                  2.8357572741674802E-001                  2.0000015842407182E-002                  2.9068949154130143E-002                  3.0012612121496572E-007                  0.0000000000000000E+000 
                                     632                  6.3655914107041478E-001                 -4.9220173469059320E-001                  6.8238418826883560E+000                  9.1605823411969067E-001                  1.5863562275466318E+001                  6.9633980942288010E-001                  2.8366017342138616E-001                  2.0000017155733740E-002                  3.0394971946605436E-002                  3.2754205814971284E-007                  0.0000000000000000E+000 
                                     633                  6.3446345545002925E-001                 -4.9376499112718530E-001                  6.8259140316940421E+000                  9.2400108277545501E-001                  1.5873545524612805E+001                  6.9621075797114607E-001                  2.8378922269322132E-001                  2.0000019335632668E-002                  3.2547268576400543E-002                  3.7345049339381811E-007                  0.0000000000000000E+000 
                                     634                  6.3023364176398688E-001                 -4.9691378407803849E-001                  6.8286841303860868E+000                  9.3462528185017535E-001                  1.5886896697539102E+001                  6.9603518762359762E-001                  2.8396478971175154E-001                  2.0000022664650841E-002                  3.5754609403564432E-002                  4.4490495852780662E-007                  0.0000000000000000E+000 
                                     635                  6.2596525574052575E-001                 -5.0008290725643489E-001                  6.8307673221268361E+000                  9.4261862455508050E-001                  1.5896940380691923E+001                  6.9590112046656094E-001                  2.8409885401323698E-001                  2.0000025520202080E-002                  3.8437511896986465E-002                  5.0740710594273872E-007                  0.0000000000000000E+000 
                                     636                  6.2381171452186468E-001                 -5.0167874669404944E-001                  6.8321594887038399E+000                  9.4793105900419949E-001                  1.5903622892864654E+001                  6.9581067159259757E-001                  2.8418930076855276E-001                  2.0000027638849671E-002                  4.0363637974581625E-002                  5.5389986677456625E-007                  0.0000000000000000E+000 
                                     637                  6.2165817330320361E-001                 -5.0327264781189385E-001                  6.8342527971831810E+000                  9.5587475862412752E-001                  1.5913626525258568E+001                  6.9567351438707015E-001                  2.8432645445766946E-001                  2.0000031155260389E-002                  4.3470822731902795E-002                  6.3177939885536124E-007                  0.0000000000000000E+000 
                                     638                  6.1731227641251130E-001                 -5.0648367952768458E-001                  6.8370517033862477E+000                  9.6649982985073601E-001                  1.5927005732252914E+001                  6.9548862805068556E-001                  2.8451133541275003E-001                  2.0000036536564458E-002                  4.8041822509487332E-002                  7.5306992345322106E-007                  0.0000000000000000E+000 
                                     639                  6.1292745329386911E-001                 -5.0971632125495914E-001                  6.8391569528732177E+000                  9.7449365219671935E-001                  1.5937071114037282E+001                  6.9534869949316613E-001                  2.8465125934488705E-001                  2.0000041161946758E-002                  5.1798626752069643E-002                  8.5923087469298533E-007                  0.0000000000000000E+000 
                                     640                  6.1071552598360046E-001                 -5.1134441859651791E-001                  6.8405639179724531E+000                  9.7980596522908114E-001                  1.5943767918915933E+001                  6.9525485699873657E-001                  2.8474509841371110E-001                  2.0000044587552335E-002                  5.4453830905021386E-002                  9.3822888049994565E-007                  0.0000000000000000E+000 
                                     641                  6.0850359867333181E-001                 -5.1297090310595894E-001                  6.8426795593376326E+000                  9.8774885484345165E-001                  1.5953792732843814E+001                  6.9511330137064653E-001                  2.8488664835553884E-001                  2.0000050273814685E-002                  5.8658593395140561E-002                  1.0706072787222361E-006                  0.0000000000000000E+000 
                                     642                  6.0404061402141696E-001                 -5.1624815787061085E-001                  6.8455088558564423E+000                  9.9837293658117143E-001                  1.5967201167977649E+001                  6.9492332488630015E-001                  2.8507661612562935E-001                  2.0000058988070446E-002                  6.4665913098432018E-002                  1.2769116568743632E-006                  0.0000000000000000E+000 
                                     643                  5.9953840780536649E-001                 -5.1954844936627864E-001                  6.8476373656484739E+000                  1.0063662505232929E+000                  1.5977289246954928E+001                  6.9477975230436495E-001                  2.8522018120392173E-001                  2.0000066491713264E-002                  6.9446286869523768E-002                  1.4576035933764450E-006                  0.0000000000000000E+000 
                                     644                  5.9726765177796737E-001                 -5.2121092484222498E-001                  6.8490599324651908E+000                  1.0116780098131166E+000                  1.5984001026579380E+001                  6.9468336762035165E-001                  2.8531656033823671E-001                  2.0000072041411632E-002                  7.2743229593346753E-002                  1.5921163448298911E-006                  0.0000000000000000E+000 
                                     645                  5.9499689575056824E-001                 -5.2287215209005256E-001                  6.8504851793360624E+000                  1.0169895908379847E+000                  1.5990715226576297E+001                  6.9458634691047094E-001                  2.8541357504686021E-001                  2.0000078042668790E-002                  7.6122330642187694E-002                  1.7391372628437599E-006                  0.0000000000000000E+000 
                                     646                  5.9270644843127418E-001                 -5.2454659662447511E-001                  6.8519131293740347E+000                  1.0223013501730274E+000                  1.5997432179318336E+001                  6.9448854834494744E-001                  2.8551136709056579E-001                  2.0000084564486764E-002                  7.9571593619666495E-002                  1.8998408150341822E-006                  0.0000000000000000E+000 
                                     647                  5.9041600111198012E-001                 -5.2621992303825704E-001                  6.8540604339808366E+000                  1.0302432616614188E+000                  1.6007486910503516E+001                  6.9434003625467855E-001                  2.8565986835201451E-001                  2.0000095393306938E-002                  8.4855144821584905E-002                  2.1692806789439811E-006                  0.0000000000000000E+000 
                                     648                  5.8579565495277452E-001                 -5.2959244142452389E-001                  6.8569328211545404E+000                  1.0408677361176697E+000                  1.6020936785430507E+001                  6.9413767573135532E-001                  2.8586221225473352E-001                  2.0000112013911164E-002                  9.2077256382859421E-002                  2.5895864343908933E-006                  0.0000000000000000E+000 
                                     649                  5.8113579643168689E-001                 -5.3299012732266060E-001                  6.8590943310449806E+000                  1.0488629295164649E+000                  1.6031057162819469E+001                  6.9398164278326879E-001                  2.8601823086746558E-001                  2.0000126349265623E-002                  9.7598538233376650E-002                  2.9580674766795138E-006                  0.0000000000000000E+000 
                                     650                  5.7878608476586457E-001                 -5.3470211971686288E-001                  6.8605390427279715E+000                  1.0541762276310651E+000                  1.6037790293348468E+001                  6.9387513444934923E-001                  2.8612472860583105E-001                  2.0000136944819724E-002                  1.0131243873168717E-001                  3.2325342008740918E-006                  0.0000000000000000E+000 
                                     651                  5.7643637310004225E-001                 -5.3641340910619895E-001                  6.8619866429494012E+000                  1.0594899061043848E+000                  1.6044526065496314E+001                  6.9376635768889194E-001                  2.8623349389405561E-001                  2.0000148417052444E-002                  1.0505448057779532E-001                  3.5326812977341615E-006                  0.0000000000000000E+000 
                                     652                  5.7406685715445427E-001                 -5.3813848956439092E-001                  6.8634371659429672E+000                  1.0648043853045353E+000                  1.6051264829419736E+001                  6.9365500131027680E-001                  2.8634483780965686E-001                  2.0000160880066398E-002                  1.0882271975296927E-001                  3.8609380484784547E-006                  0.0000000000000000E+000 
                                     653                  5.7169734120886617E-001                 -5.3986301373160661E-001                  6.8656185672740042E+000                  1.0727510669438700E+000                  1.6061352018923511E+001                  6.9348263669320154E-001                  2.8651718172521196E-001                  2.0000181581586451E-002                  1.1452192934135355E-001                  4.4116324552974364E-006                  0.0000000000000000E+000 
                                     654                  5.6691866602639007E-001                 -5.4333969127758641E-001                  6.8685374887309294E+000                  1.0833850419706328E+000                  1.6074847018333109E+001                  6.9324138097613475E-001                  2.8675840562497246E-001                  2.0000213398892797E-002                  1.2225162764154791E-001                  5.2715852001013815E-006                  0.0000000000000000E+000 
                                     655                  5.6210032216797412E-001                 -5.4684391562598544E-001                  6.8707347490979727E+000                  1.0913897763888034E+000                  1.6085002685183515E+001                  6.9305072555818037E-001                  2.8694903355898704E-001                  2.0000240882832587E-002                  1.2817434268734404E-001                  6.0263241355468997E-006                  0.0000000000000000E+000 
                                     656                  5.5967130805239429E-001                 -5.4861008732232741E-001                  6.8729419764063442E+000                  1.0993546971476720E+000                  1.6095125605328807E+001                  6.9285047595288540E-001                  2.8714925191158308E-001                  2.0000272135531461E-002                  1.3421538381042472E-001                  6.8904735274584411E-006                  0.0000000000000000E+000 
                                     657                  5.5479343480543686E-001                 -5.5215682995530313E-001                  6.8751505041019909E+000                  1.1073542563634109E+000                  1.6105281761365344E+001                  6.9264138996110280E-001                  2.8735830292241138E-001                  2.0000307116485816E-002                  1.4042151803462827E-001                  7.8780286691676781E-006                  0.0000000000000000E+000 
                                     658                  5.5234457567405937E-001                 -5.5393741418755627E-001                  6.8773690813625308E+000                  1.1153138766074442E+000                  1.6115404672704592E+001                  6.9242137634838996E-001                  2.8757827679709957E-001                  2.0000346854510465E-002                  1.4680611320021048E-001                  9.0088649459575619E-006                  0.0000000000000000E+000 
                                     659                  5.4740717212020340E-001                 -5.5752817391184195E-001                  6.8803388930549261E+000                  1.1259679761424921E+000                  1.6128949463347858E+001                  6.9211049920681667E-001                  2.8788909278125707E-001                  2.0000408011926263E-002                  1.5568344385828911E-001                  1.0776893673913471E-005                  0.0000000000000000E+000 
                                     660                  5.4243009878830084E-001                 -5.6114914509293534E-001                  6.8825753604341173E+000                  1.1339898509471000E+000                  1.6139144162220816E+001                  6.9186344013429413E-001                  2.8813609895362607E-001                  2.0000460912079854E-002                  1.6265568198339050E-001                  1.2330534336060100E-005                  0.0000000000000000E+000 
                                     661                  5.3992174056886189E-001                 -5.6297470865153032E-001                  6.8848220003267500E+000                  1.1419714557514953E+000                  1.6149304810334943E+001                  6.9160370940573335E-001                  2.8839576962089264E-001                  2.0000520973374014E-002                  1.6990607721700299E-001                  1.4110765520308160E-005                  0.0000000000000000E+000 
                                     662                  5.3488522169022834E-001                 -5.6664235402615259E-001                  6.8870712648307828E+000                  1.1499907226840917E+000                  1.6159502015175036E+001                  6.9133203919430719E-001                  2.8866737230018252E-001                  2.0000588505510342E-002                  1.7747728407359448E-001                  1.6147914630071970E-005                  0.0000000000000000E+000 
                                     663                  5.3235706103103375E-001                 -5.6848446415725495E-001                  6.8893308058228149E+000                  1.1579694085357333E+000                  1.6169664656300768E+001                  6.9104681502231768E-001                  2.8895251984287901E-001                  2.0000665134803253E-002                  1.8537209459979412E-001                  1.8482515045784664E-005                  0.0000000000000000E+000 
                                     664                  5.2726118502912844E-001                 -5.7220049496614045E-001                  6.8923568156086636E+000                  1.1686512679486922E+000                  1.6183264930697611E+001                  6.9064477563445037E-001                  2.8935444114174763E-001                  2.0000783223802054E-002                  1.9647767745858932E-001                  2.2137571278531643E-005                  0.0000000000000000E+000 
                                     665                  5.2212581693335358E-001                 -5.7594977540497960E-001                  6.8946366665190029E+000                  1.1766957250310970E+000                  1.6193503203414149E+001                  6.9032624642774998E-001                  2.8967286805733405E-001                  2.0000885514915967E-002                  2.0526782811247374E-001                  2.5353883088411339E-005                  0.0000000000000000E+000 
                                     666                  5.1953842454966637E-001                 -5.7784065325142175E-001                  6.8961610128810102E+000                  1.1820426544753395E+000                  1.6200314553930468E+001                  6.9010579920003801E-001                  2.8989323966637898E-001                  2.0000961133582962E-002                  2.1134091563550592E-001                  2.7754913565799316E-005                  0.0000000000000000E+000 
                                     667                  5.1695103216597915E-001                 -5.7973295902744337E-001                  6.8984542000958058E+000                  1.1900389338956074E+000                  1.6210510119297755E+001                  6.8976253009875210E-001                  2.9023638289168480E-001                  2.0001087009563046E-002                  2.2078063660978484E-001                  3.1791394102577261E-005                  0.0000000000000000E+000 
                                     668                  5.1173691943544364E-001                 -5.8355125475976277E-001                  6.9015264358020598E+000                  1.2007461116080684E+000                  1.6224156439000925E+001                  6.8927989306801740E-001                  2.9071882573706664E-001                  2.0001281194915954E-002                  2.3406102646396779E-001                  3.8117857883274111E-005                  0.0000000000000000E+000 
                                     669                  5.0648358120508563E-001                 -5.8740537912069779E-001                  6.9046149403395747E+000                  1.2114625126196952E+000                  1.6237819063542268E+001                  6.8876837684948966E-001                  2.9123011298201018E-001                  2.0001510168500158E-002                  2.4815039092397823E-001                  4.5719803263298827E-005                  0.0000000000000000E+000 
                                     670                  5.0119113417769756E-001                 -5.9129625824357068E-001                  6.9077201511412234E+000                  1.2221889757426279E+000                  1.6251498508050993E+001                  6.8822574774486511E-001                  2.9177247137590784E-001                  2.0001780879226994E-002                  2.6309357679673884E-001                  5.4857829723200276E-005                  0.0000000000000000E+000 
                                     671                  4.9585970979582022E-001                 -5.9522485055387564E-001                  6.9108424996987452E+000                  1.2329261296230323E+000                  1.6265195311862328E+001                  6.8765048771383086E-001                  2.9234741126843106E-001                  2.0002101017738028E-002                  2.7893949910380589E-001                  6.5846420973966494E-005                  0.0000000000000000E+000 
                                     672                  4.9048945475941114E-001                 -5.9919215053482078E-001                  6.9139824118173516E+000                  1.2436743229155049E+000                  1.6278910039615329E+001                  6.8704200210451760E-001                  2.9295551899697403E-001                  2.0002478898508369E-002                  2.9574195899925348E-001                  7.9065217529963622E-005                  0.0000000000000000E+000 
                                     673                  4.8508053156223579E-001                 -6.0319919342758310E-001                  6.9171403081545053E+000                  1.2544346558603434E+000                  1.6292643282783409E+001                  6.8639757710339189E-001                  2.9359949687865639E-001                  2.0002926017951728E-002                  3.1355812234268277E-001                  9.4972036317611975E-005                  0.0000000000000000E+000 
                                     674                  4.7963311904736544E-001                 -6.0724705054197337E-001                  6.9203166045471782E+000                  1.2652078412796344E+000                  1.6306395660450871E+001                  6.8571574523521273E-001                  2.9428079988230882E-001                  2.0003454882478455E-002                  3.3245065218559411E-001                  1.1411944027300230E-004                  0.0000000000000000E+000 
                                     675                  4.7414741298262503E-001                 -6.1133683505094538E-001                  6.9227123877071124E+000                  1.2733264306933663E+000                  1.6316753693374356E+001                  6.8517804792327064E-001                  2.9481803765244657E-001                  2.0003914424282732E-002                  3.4739514308479225E-001                  1.3102033901008092E-004                  0.0000000000000000E+000 
                                     676                  4.7138551981981097E-001                 -6.1340125595656669E-001                  6.9251191859072962E+000                  1.2814026865232540E+000                  1.6327073002038670E+001                  6.8461783004156807E-001                  2.9537773383630378E-001                  2.0004436122128100E-002                  3.6297373352565665E-001                  1.5043469292675562E-004                  0.0000000000000000E+000 
                                     677                  4.6584280907770442E-001                 -6.1755610268989236E-001                  6.9275340370593002E+000                  1.2895291709311139E+000                  1.6337442958984461E+001                  6.8403408694753409E-001                  2.9596088596122361E-001                  2.0005027091242300E-002                  3.7928189139066815E-001                  1.7274991143519683E-004                  0.0000000000000000E+000 
                                     678                  4.6306199149841198E-001                 -6.1964664045757001E-001                  6.9299599727205896E+000                  1.2976132540443133E+000                  1.6347773613431752E+001                  6.8342619250794756E-001                  2.9656810956920426E-001                  2.0005697922848231E-002                  3.9628202966573417E-001                  1.9838199116590567E-004                  0.0000000000000000E+000 
                                     679                  4.5746275771361300E-001                 -6.2386932112983962E-001                  6.9332139369158607E+000                  1.3084475844840266E+000                  1.6361609310664022E+001                  6.8257452780635441E-001                  2.9741873614823622E-001                  2.0006736045409368E-002                  4.2020013520793742E-001                  2.3866946126557142E-004                  0.0000000000000000E+000 
                                     680                  4.5182619495309334E-001                 -6.2813882677560628E-001                  6.9364883209773653E+000                  1.3193000309286211E+000                  1.6375467697986032E+001                  6.8167476097310031E-001                  2.9831727351526022E-001                  2.0007965511639414E-002                  4.4557883291973271E-001                  2.8720211023873141E-004                  0.0000000000000000E+000 
                                     681                  4.4615259300189120E-001                 -6.3245650305495327E-001                  6.9397835187110664E+000                  1.3301719896894482E+000                  1.6389349587873358E+001                  6.8072410259509486E-001                  2.9926647520710059E-001                  2.0009422197804549E-002                  4.7250943952905400E-001                  3.4566160077488913E-004                  0.0000000000000000E+000 
                                     682                  4.4044226249740764E-001                 -6.3682374759349547E-001                  6.9430999209941868E+000                  1.3410645749097549E+000                  1.6403255829841562E+001                  6.7972072397101158E-001                  3.0026812919870965E-001                  2.0011146830278825E-002                  5.0108961679702202E-001                  4.1606377971436907E-004                  0.0000000000000000E+000 
                                     683                  4.3469553567568847E-001                 -6.4124201620419452E-001                  6.9464379159558716E+000                  1.3519795598790416E+000                  1.6417187312352894E+001                  6.7866099690052295E-001                  3.0132581285849575E-001                  2.0013190240981249E-002                  5.3142082562968518E-001                  5.0081505900014239E-004                  0.0000000000000000E+000 
                                     684                  4.2891276714761623E-001                 -6.4571281979938600E-001                  6.9497978889556071E+000                  1.3629184448683844E+000                  1.6431144964057236E+001                  6.7754223984220563E-001                  3.0244214962809313E-001                  2.0015610529701244E-002                  5.6361138779247566E-001                  6.0278236904695874E-004                  0.0000000000000000E+000 
                                     685                  4.2309433470604457E-001                 -6.5023773084037739E-001                  6.9523345731394279E+000                  1.3711717331628730E+000                  1.6441665071728899E+001                  6.7666126222356893E-001                  3.0332102176015241E-001                  2.0017716016278664E-002                  5.8909851172813765E-001                  6.9270030379587125E-004                  0.0000000000000000E+000 
                                     686                  4.2016748743600657E-001                 -6.5252428336320301E-001                  6.9548824289555284E+000                  1.3793831346581544E+000                  1.6452142655035164E+001                  6.7574551903924940E-001                  3.0423437666766423E-001                  2.0020104293086316E-002                  6.1566110837860422E-001                  7.9572139437610403E-004                  0.0000000000000000E+000 
                                     687                  4.1429637520293777E-001                 -6.5713342241622441E-001                  6.9574424192656110E+000                  1.3876599531867013E+000                  1.6462684951846160E+001                  6.7479132226232252E-001                  3.0518586449172203E-001                  2.0022813245955451E-002                  6.4350195377700847E-001                  9.1392186717137425E-004                  0.0000000000000000E+000 
                                     688                  4.1135211023990670E-001                 -6.5945621851472247E-001                  6.9600136066252425E+000                  1.3958951646992661E+000                  1.6473184072171467E+001                  6.7379974927562003E-001                  3.0617436736511561E-001                  2.0025883359264363E-002                  6.7251198783840560E-001                  1.0490979121922906E-003                  0.0000000000000000E+000 
                                     689                  4.0542919745047951E-001                 -6.6415353804482558E-001                  6.9634655549678905E+000                  1.4069475411942076E+000                  1.6487256544011871E+001                  6.7241191290773694E-001                  3.0755745793713501E-001                  2.0030629155127988E-002                  7.1334806993287958E-001                  1.2604059318365717E-003                  0.0000000000000000E+000 
                                     690                  3.9947238108229849E-001                 -6.6891192395530175E-001                  6.9669416725220170E+000                  1.4180332482707367E+000                  1.6501360494051895E+001                  6.7094750908438827E-001                  3.0901625588786219E-001                  2.0036235027749538E-002                  7.5668305558652071E-001                  1.5127634415214616E-003                  0.0000000000000000E+000 
                                     691                  3.9348216817542986E-001                 -6.7373330131299591E-001                  6.9704425014002762E+000                  1.4291543519572416E+000                  1.6515497130628685E+001                  6.6940272083532815E-001                  3.1055443145045619E-001                  2.0042847714215606E-002                  8.0266811747435285E-001                  1.8132730928733024E-003                  0.0000000000000000E+000 
                                     692                  3.8745909456307676E-001                 -6.7861967886592778E-001                  6.9739686217543726E+000                  1.4403131036025978E+000                  1.6529667716125015E+001                  6.6777327654991703E-001                  3.1217608798452096E-001                  2.0050635465562072E-002                  8.5146266103437696E-001                  2.1698216230651248E-003                  0.0000000000000000E+000 
                                     693                  3.8140372595545186E-001                 -6.8357315289078335E-001                  6.9775206526130278E+000                  1.4515119708078967E+000                  1.6543873569449342E+001                  6.6605437131853695E-001                  3.1388583909661516E-001                  2.0059789584847887E-002                  9.0323448762793324E-001                  2.5909296892545580E-003                  0.0000000000000000E+000 
                                     694                  3.7531665907219175E-001                 -6.8859591099213324E-001                  6.9810992528277716E+000                  1.4627534319007618E+000                  1.6558116068514600E+001                  6.6424127586383996E-001                  3.1568820182452956E-001                  2.0070522311630423E-002                  9.5816133271678161E-001                  3.0854610207710306E-003                  0.0000000000000000E+000 
                                     695                  3.6919852282693472E-001                 -6.9369023866182267E-001                  6.9847051222096272E+000                  1.4740400251491301E+000                  1.6572396653038666E+001                  6.6232920241944360E-001                  3.1758773239276139E-001                  2.0083065187795013E-002                  1.0164312083323479E+000                  3.6621040305078924E-003                  0.0000000000000000E+000 
                                     696                  3.6304997956741170E-001                 -6.9885852584796737E-001                  6.9883390028293384E+000                  1.4853744853221762E+000                  1.6586716827625430E+001                  6.6031291906276945E-001                  3.1958941466693297E-001                  2.0097666270297632E-002                  1.0782420833030171E+000                  4.3285296445948951E-003                  0.0000000000000000E+000 
                                     697                  3.5687172637451864E-001                 -7.0410327245252446E-001                  6.9920016804582241E+000                  1.4967597705186688E+000                  1.6601078164942155E+001                  6.5818668480803666E-001                  3.2169873224437245E-001                  2.0114582947590831E-002                  1.1438020618654197E+000                  5.0901263975931359E-003                  0.0000000000000000E+000 
                                     698                  3.5066449642442354E-001                 -7.0942709397898807E-001                  6.9956939861978480E+000                  1.5081988840523690E+000                  1.6615482308966357E+001                  6.5594477632061665E-001                  3.2392115677726102E-001                  2.0134066902122383E-002                  1.2133310802804769E+000                  5.9482341133048630E-003                  0.0000000000000000E+000 
                                     699                  3.4442906041801868E-001                 -7.1483272993655245E-001                  6.9994167983961804E+000                  1.5196949107949425E+000                  1.6629930978614340E+001                  6.5358139199011533E-001                  3.2626226282172549E-001                  2.0156345188159230E-002                  1.2870613387752567E+000                  6.8977428114096696E-003                  0.0000000000000000E+000 
                                     700                  3.3816622808041913E-001                 -7.2032305259564067E-001                  7.0031710415762296E+000                  1.5312511295487385E+000                  1.6644425971739420E+001                  6.5109034156105083E-001                  3.2872809352507987E-001                  2.0181564913869243E-002                  1.3652369761612106E+000                  7.9204621943410741E-003                  1.0903748218544132E-052 
                                     701                  3.3187684973596127E-001                 -7.2590107513288149E-001                  7.0069576640863325E+000                  1.5428710524597034E+000                  1.6658969169352599E+001                  6.4846502960280916E-001                  3.3132513685452147E-001                  2.0209833542669364E-002                  1.4481141260097334E+000                  8.9949252843289518E-003                  1.9313253119198886E-052 
                                     702                  3.2556181796426714E-001                 -7.3156996003522456E-001                  7.0107776095991552E+000                  1.5545582923891315E+000                  1.6673562540030623E+001                  6.4569892127779738E-001                  3.3405997922433950E-001                  2.0241099497863124E-002                  1.5359624262854417E+000                  1.0073790641796638E-002                  3.4351523549344212E-052 
                                     703                  3.1922206934305614E-001                 -7.3733303010971218E-001                  7.0146318099610632E+000                  1.5663165917464204E+000                  1.6688208144780553E+001                  6.4278550452668248E-001                  3.3693934537233988E-001                  2.0275150100977690E-002                  1.6290654454700195E+000                  1.1092426514970737E-002                  6.1362946028798741E-052 
                                     704                  3.1285858628396740E-001                 -7.4319378023102700E-001                  7.0185211868481163E+000                  1.5781499063011251E+000                  1.6702908142370607E+001                  6.3971805590937469E-001                  3.3997042281598538E-001                  2.0311521274639865E-002                  1.7277203721996597E+000                  1.1965531081405526E-002                  1.1010179070393354E-051 
                                     705                  3.0647239896877670E-001                 -7.4915588914112707E-001                  7.0224466536178145E+000                  1.5900624139921045E+000                  1.6717664795037916E+001                  6.3648963417342419E-001                  3.4316090885206851E-001                  2.0349456974507296E-002                  1.8322383497190338E+000                  1.2590394296264549E-002                  1.9845811280065121E-051 
                                     706                  3.0006458739226866E-001                 -7.5522323235278599E-001                  7.0254203191144882E+000                  1.5990947133117099E+000                  1.6728817805963555E+001                  6.3395294553853720E-001                  3.4566868859604027E-001                  2.0378365865422521E-002                  1.9149373538865846E+000                  1.2830628435048761E-002                  3.0997258935102632E-051 
                                     707                  2.9685043545598683E-001                 -7.5829977095655121E-001                  7.0284059460425912E+000                  1.6080928579837963E+000                  1.6739916048797678E+001                  6.3132913757118359E-001                  3.4826392588956434E-001                  2.0406936539252074E-002                  2.0007686634831394E+000                  1.2822577197288442E-002                  4.8464141832174636E-051 
                                     708                  2.9041247854401292E-001                 -7.6453259051167466E-001                  7.0324255003732574E+000                  1.6202221641640850E+000                  1.6754824611842075E+001                  6.2766862628747266E-001                  3.5188774928751415E-001                  2.0443624425013240E-002                  2.1214099679550031E+000                  1.2373365338179731E-002                  8.8409668903647752E-051 
                                     709                  2.8395583699553834E-001                 -7.7088129160955843E-001                  7.0354704925959446E+000                  1.6294230131762015E+000                  1.6766093449492047E+001                  6.2479660526805658E-001                  3.5473415685405402E-001                  2.0469237877889457E-002                  2.2167986660764196E+000                  1.1688303810592562E-002                  1.3934851260402129E-050 
                                     710                  2.8072300042275583E-001                 -7.7409817523307634E-001                  7.0385273712712930E+000                  1.6385913952155726E+000                  1.6777305576716699E+001                  6.2182966913182847E-001                  3.5767790259056065E-001                  2.0492428277610886E-002                  2.3157142371371040E+000                  1.0721394876997452E-002                  2.1985554282618789E-050 
                                     711                  2.7424056619526477E-001                 -7.8062972262226016E-001                  7.0426468268292091E+000                  1.6509687549917542E+000                  1.6792383509073403E+001                  6.1769160371890974E-001                  3.6178951464860826E-001                  2.0518881632481945E-002                  2.4547707910639693E+000                  9.0781986301601211E-003                  4.0623605695769072E-050 
                                     712                  2.6774273494298556E-001                 -7.8728941913125339E-001                  7.0468077994035401E+000                  1.6634554068599521E+000                  1.6807534234466345E+001                  6.1334775066857650E-001                  3.6611276569461426E-001                  2.0539483636809241E-002                  2.6018851195108548E+000                  7.2190271504338557E-003                  7.5463828536949691E-050 
                                     713                  2.6123093555545646E-001                 -7.9408267940190713E-001                  7.0510111998763350E+000                  1.6760580944133947E+000                  1.6822760947352258E+001                  6.0878836520034629E-001                  3.7065748451451275E-001                  2.0554150285140960E-002                  2.7574706961372182E+000                  5.4099309470747817E-003                  1.4095269499842459E-049 
                                     714                  2.5470666482673571E-001                 -8.0101523892017612E-001                  7.0552579458993234E+000                  1.6887843280551011E+000                  1.6838067010716028E+001                  6.0400253962638895E-001                  3.7543394254559342E-001                  2.0563517828017686E-002                  2.9219497263941805E+000                  3.9177118551429304E-003                  2.6475106555580496E-049 
                                     715                  2.4817149072883676E-001                 -8.0809317348604481E-001                  7.0595489726571135E+000                  1.7016422850829400E+000                  1.6853455965241753E+001                  5.9897836097550250E-001                  3.8045287628410851E-001                  2.0568762740388991E-002                  3.0957520660247404E+000                  2.9301697285596300E-003                  5.0013665012456592E-049 
                                     716                  2.4162705590489236E-001                 -8.1532292251199701E-001                  7.0638852364932356E+000                  1.7146388420594898E+000                  1.6868931538534326E+001                  5.9370352843451257E-001                  3.8572521264913440E-001                  2.0571258916353030E-002                  3.2793045222461332E+000                  2.5049636538803780E-003                  9.5033988346222024E-049 
                                     717                  2.3507508140263375E-001                 -8.2271134934964918E-001                  7.0671757791939314E+000                  1.7245368335624354E+000                  1.6880656434013073E+001                  5.8956386631944757E-001                  3.8986406581803557E-001                  2.0572067862516863E-002                  3.4242239166969659E+000                  2.5215642806316798E-003                  1.5461809110024168E-048 
                                     718                  2.3179622603691993E-001                 -8.2646761270830482E-001                  7.0704768307648491E+000                  1.7344110858692476E+000                  1.6892315935379646E+001                  5.8529411700875278E-001                  3.9413348675482551E-001                  2.0572396236421708E-002                  3.5738910776761550E+000                  2.7712435217338545E-003                  2.5174265697227613E-048 
                                     719                  2.2523659225923370E-001                 -8.3410764767312084E-001                  7.0749303246597490E+000                  1.7477907514198734E+000                  1.6908025112042932E+001                  5.7933883111653584E-001                  4.0008867679704369E-001                  2.0572492086420535E-002                  3.7837799948630750E+000                  3.3928139830407943E-003                  4.8564987692832498E-048 
                                     720                  2.1867410310350618E-001                 -8.4192553108811774E-001                  7.0783113508406625E+000                  1.7579956610228418E+000                  1.6919936421455400E+001                  5.7466618956837956E-001                  4.0476135140255287E-001                  2.0572459029067569E-002                  3.9493492729218964E+000                  4.0450413392523320E-003                  7.9944287367896625E-048 
                                     721                  2.1539239235975088E-001                 -8.4590338376684204E-001                  7.0817023121869989E+000                  1.7681813488115052E+000                  1.6931779338801231E+001                  5.6985123017707984E-001                  4.0957637047384693E-001                  2.0572399349073178E-002                  4.1200639489073394E+000                  4.8485356582377917E-003                  1.3167772129458342E-047 
                                     722                  2.0882918388644006E-001                 -8.5400468214808345E-001                  7.0851402224779312E+000                  1.7785938752777180E+000                  1.6943813840328325E+001                  5.6483041287214575E-001                  4.1459725695031052E-001                  2.0572330177543785E-002                  4.2991354244103359E+000                  5.8316428591134797E-003                  2.1835723046368790E-047 
                                     723                  2.0554877579303141E-001                 -8.5812882713374461E-001                  7.0885873313378731E+000                  1.7889891830337672E+000                  1.6955776864468277E+001                  5.5966059414966685E-001                  4.1976715303568246E-001                  2.0572252814650693E-002                  4.4835640527016745E+000                  7.0129923472841372E-003                  3.6226273412808843E-047 
                                     724                  1.9899029907169657E-001                 -8.6653429366275259E-001                  7.0932422434317370E+000                  1.8031133542767626E+000                  1.6971920730361628E+001                  5.5245435378299312E-001                  4.2697351090969737E-001                  2.0572135307309503E-002                  4.7418851355599614E+000                  8.9867550841527897E-003                  7.1722851242154416E-047 
                                     725                  1.9243770141881050E-001                 -8.7515584712472028E-001                  7.0967796895665209E+000                  1.8139168466289095E+000                  1.6984182357843796E+001                  5.4680357932226076E-001                  4.3262438710642986E-001                  2.0572033571309323E-002                  4.9454238461705042E+000                  1.0840720962288339E-002                  1.2047107092343109E-046 
                                     726                  1.8916317239385066E-001                 -8.7955219160263509E-001                  7.1003254325346470E+000                  1.8247087393064234E+000                  1.6996368746464903E+001                  5.4099191965699989E-001                  4.3843616173647942E-001                  2.0571918606520745E-002                  5.1546680734324708E+000                  1.3069571694488521E-002                  2.0240784505257443E-046 
                                     727                  1.8262371424958607E-001                 -8.8851999786990343E-001                  7.1039240897376574E+000                  1.8357730867948874E+000                  1.7008776285592468E+001                  5.3493398246458890E-001                  4.4449423142462380E-001                  2.0571786110787249E-002                  5.3740229651942331E+000                  1.5790010969663263E-002                  3.4265538210301803E-046 
                                     728                  1.7936010939026722E-001                 -8.9309234606906718E-001                  7.1075299359535595E+000                  1.8468282813519177E+000                  1.7021104482179194E+001                  5.2870896477640972E-001                  4.5071940096251023E-001                  2.0571634261079996E-002                  5.5992322581744656E+000                  1.9064126679553560E-002                  5.8012444487104362E-046 
                                     729                  1.7284041609028197E-001                 -9.0243408060274022E-001                  7.1124042191673134E+000                  1.8618973773452574E+000                  1.7037773021568480E+001                  5.2003724012313435E-001                  4.5939136776876466E-001                  2.0571392108100994E-002                  5.9142903654954155E+000                  2.4564409514719131E-002                  1.1812511432564488E-045 
                                     730                  1.6633722019590566E-001                 -9.1204311792147119E-001                  7.1161125395944653E+000                  1.8734626041509819E+000                  1.7050458959742315E+001                  5.1324077535397761E-001                  4.6618805125930401E-001                  2.0571173386718433E-002                  6.1622564217859486E+000                  2.9761491854544062E-002                  2.0280255663516406E-045 
                                     731                  1.6309011274219593E-001                 -9.1695588378527715E-001                  7.1198268059035339E+000                  1.8850261913348889E+000                  1.7063060648374623E+001                  5.0626544197260526E-001                  4.7316364009276701E-001                  2.0570917934627730E-002                  6.4163102381342929E+000                  3.6030282592960303E-002                  3.4812168479046991E-045 
                                     732                  1.5661694336559789E-001                 -9.2699617177083748E-001                  7.1248487532932998E+000                  1.9008163833690388E+000                  1.7080114141549107E+001                  4.9655549829402212E-001                  4.8287399956516308E-001                  2.0570502140814795E-002                  6.7712432635728090E+000                  4.6596743692876093E-002                  7.2228932472591687E-045 
                                     733                  1.5016806817212064E-001                 -9.3734524808495867E-001                  7.1299310272474949E+000                  1.9169193396206967E+000                  1.7097335168372130E+001                  4.8640177640956395E-001                  4.9302824488335201E-001                  2.0569978707084102E-002                  7.1427996272259033E+000                  6.0348909432448146E-002                  1.5100866396090152E-044 
                                     734                  1.4374691270131018E-001                 -9.4802254826614230E-001                  7.1350747249011972E+000                  1.9333534246662443E+000                  1.7114732476268305E+001                  4.7578685171855212E-001                  5.0364383275527647E-001                  2.0569315526171472E-002                  7.5313155836223284E+000                  7.8272846446551803E-002                  3.1816814718626279E-044 
                                     735                  1.3735709245219002E-001                 -9.5904942548570060E-001                  7.1402818676245232E+000                  1.9501408658050201E+000                  1.7132315415166762E+001                  4.6469221066236371E-001                  5.1473931876350643E-001                  2.0568470574129805E-002                  7.9371200085639986E+000                  1.0167261695473410E-001                  6.7574580182836058E-044 
                                     736                  1.3100242743259044E-001                 -9.7044935333789994E-001                  7.1455545187796883E+000                  1.9673062801811965E+000                  1.7150093989082258E+001                  4.5309807299481214E-001                  5.2633453799517960E-001                  2.0567389010008208E-002                  8.3603850735795220E+000                  1.3227370108229192E-001                  1.4470895286897506E-043 
                                     737                  1.2468695841729988E-001                 -9.8224820706951177E-001                  7.1508947303151560E+000                  1.9848771232915756E+000                  1.7168078910327964E+001                  4.4098305596641285E-001                  5.3845094512251657E-001                  2.0565998911070582E-002                  8.8010205623346263E+000                  1.7236434300555262E-001                  3.1254388642219370E-043 
                                     738                  1.1841496519473022E-001                 -9.9447458820567924E-001                  7.1563044444531343E+000                  2.0028841477382393E+000                  1.7186281654863304E+001                  4.2832401708552931E-001                  5.5111177672750122E-001                  2.0564206186969525E-002                  9.2585158730038284E+000                  2.2498597283637045E-001                  6.8100338739995276E-043 
                                     739                  1.1219098714121406E-001                 -1.0071602022308641E+000                  7.1617853143061332E+000                  2.0213621260243255E+000                  1.7204714516630240E+001                  4.1509556250054613E-001                  5.6434254973570952E-001                  2.0561887763744346E-002                  9.7316871239113478E+000                  2.9418965748277981E-001                  1.4973513470208418E-042 
                                     740                  1.0601984653656199E-001                 -1.0203402935638046E+000                  7.1673385379926602E+000                  2.0403503887804857E+000                  1.7223390656450256E+001                  4.0127008048328866E-001                  5.7817103663953162E-001                  2.0558882877179663E-002                  1.0218324825502519E+001                  3.8538297461987164E-001                  3.3230364040597251E-042 
                                     741                  9.9906675129011469E-002                 -1.0340541572251016E+000                  7.1729647130125489E+000                  2.0598782744433857E+000                  1.7242324140269979E+001                  3.8681761940812542E-001                  5.9262739828676070E-001                  2.0554982305113878E-002                  1.0714299439119056E+001                  5.0578056804783533E-001                  7.4444517781445946E-042 
                                     742                  9.3856944583421364E-002                 -1.0483462682485221E+000                  7.1786636890932112E+000                  2.0799731454835837E+000                  1.7261530049652833E+001                  3.7170660695169261E-001                  6.0774347807412454E-001                  2.0549914974182792E-002                  1.1212980900725531E+001                  6.6502518154199008E-001                  1.6835404928194660E-041 
                                     743                  8.7876501605415311E-002                 -1.0632674386222090E+000                  7.1844344940730274E+000                  2.1006892268740969E+000                  1.7281024641540636E+001                  3.5590348383662640E-001                  6.2355318418182237E-001                  2.0543331981551227E-002                  1.1704974287600105E+001                  8.7607905673737341E-001                  3.8435573228675755E-041 
                                     744                  8.1971608744083102E-002                 -1.0788752061266458E+000                  7.1902730438436189E+000                  2.1220904044940689E+000                  1.7300825381963673E+001                  3.3937292992371015E-001                  6.4009228145471686E-001                  2.0534788621572986E-002                  1.2176110264369568E+001                  1.1562623966562666E+000                  8.8564250061209782E-041 
                                     745                  7.6148992156167605E-002                 -1.0952349418255822E+000                  7.1975995754025615E+000                  2.1495713715770335E+000                  1.7325720292110027E+001                  3.1782269635150601E-001                  6.6165667608668588E-001                  2.0520627561808169E-002                  1.2697567479183034E+001                  1.6347686738390825E+000                  2.5229122491715565E-040 
                                     746                  6.7598028794153164E-002                 -1.1213273231928591E+000                  7.2043727620435458E+000                  2.1760693632599564E+000                  1.7349250780033024E+001                  2.9718220025873593E-001                  6.8231431868691894E-001                  2.0503481054345185E-002                  1.3088967424992699E+001                  2.2500694947143067E+000                  6.6490897061266365E-040 
                                     747                  6.3424153590180221E-002                 -1.1350914621643646E+000                  7.2088923362334523E+000                  2.1941936415582393E+000                  1.7364966405804015E+001                  2.8277427260274357E-001                  6.9673689048392151E-001                  2.0488836913334918E-002                  1.3251601509177210E+001                  2.7817878245647143E+000                  1.2706068135476768E-039 
                                     748                  5.9250278386207278E-002                 -1.1496489985496610E+000                  7.2141848554954322E+000                  2.2160401430972496E+000                  1.7383503809581907E+001                  2.6516190881373503E-001                  7.1437024205243360E-001                  2.0467849133831373E-002                  1.3304925013357423E+001                  3.5615530242854461E+000                  2.7181539229293987E-039 
                                     749                  5.3835522419266757E-002                 -1.1698937965999052E+000                  7.2194927504112334E+000                  2.2385110125207177E+000                  1.7402453909968866E+001                  2.4741616147686255E-001                  7.3214037807162424E-001                  2.0443460451513240E-002                  1.3233200137427009E+001                  4.5581548352033865E+000                  5.8201846087687172E-039 
                                     750                  4.9902536187969859E-002                 -1.1857143582307292E+000                  7.2240415776848561E+000                  2.2585360724385048E+000                  1.7418871814755171E+001                  2.3135781647350134E-001                  7.4822475150423717E-001                  2.0417432022261428E-002                  1.2981689369529136E+001                  5.6230722951841514E+000                  1.1217868997834899E-038 
                                     751                  4.5969549956672968E-002                 -1.2026292445468083E+000                  7.2278591102092546E+000                  2.2760264461864530E+000                  1.7432913059204626E+001                  2.1732932038603373E-001                  7.6227835077386896E-001                  2.0392328840097340E-002                  1.2620990114857371E+001                  6.6918897246340379E+000                  1.9515121129740923E-038 
                                     752                  4.3430279399844951E-002                 -1.2142073090706897E+000                  7.2308865174009327E+000                  2.2902418721797719E+000                  1.7444161322797669E+001                  2.0595971121095338E-001                  7.7367012743285657E-001                  2.0370161356190075E-002                  1.2236009651776047E+001                  7.6686706724197027E+000                  3.0302935812732428E-038 
                                     753                  4.0891008843016940E-002                 -1.2263697083924996E+000                  7.2335174375755829E+000                  2.3028869635996116E+000                  1.7454095254883878E+001                  1.9597559163791942E-001                  7.8367496207277609E-001                  2.0349446289304463E-002                  1.1835349036769136E+001                  8.6199681275606963E+000                  4.4447247838829359E-038 
                                     754                  3.9066344114518370E-002                 -1.2355077807732331E+000                  7.2357311582389832E+000                  2.3137451209267947E+000                  1.7462547897723905E+001                  1.8733549260476537E-001                  7.9233374199459172E-001                  2.0330765400642936E-002                  1.1430857924375157E+001                  9.4921135385353868E+000                  6.1418700364624654E-038 
                                     755                  3.7241679386019744E-002                 -1.2450128490296493E+000                  7.2374020319128682E+000                  2.3221331468241488E+000                  1.7469031779680037E+001                  1.8053672158085468E-001                  7.9914820339662296E-001                  2.0315075022522389E-002                  1.1070431452561140E+001                  1.0195983246581127E+001                  7.8512196936242362E-038 
                                     756                  3.6329347021770375E-002                 -1.2499129180854762E+000                  7.2385179602936365E+000                  2.3277156848385969E+000                  1.7473388446916179E+001                  1.7601618224117754E-001                  8.0367910217793137E-001                  2.0304715580891086E-002                  1.0817678087728273E+001                  1.0683819699187302E+001                  9.2462705116652013E-038 
                                     757                  3.5417014657521118E-002                 -1.2549187657919958E+000                  7.2401944112358505E+000                  2.3361634531884179E+000                  1.7479976373623227E+001                  1.6911522979779797E-001                  8.1059616450025074E-001                  2.0288605701951345E-002                  1.0406724250292111E+001                  1.1443725631363625E+001                  1.1825107721841242E-037 
                                     758                  3.3592349929022602E-002                 -1.2652708022793968E+000                  7.2418511866373692E+000                  2.3446919577178864E+000                  1.7486635187340770E+001                  1.6218643009910522E-001                  8.1754145190504757E-001                  2.0272117995847161E-002                  9.9692895869703282E+000                  1.2227515881193142E+001                  1.5091971058523929E-037 
                                     759                  3.2724802242430351E-002                 -1.2703622697141934E+000                  7.2429193860347976E+000                  2.3502685927076987E+000                  1.7490961553547514E+001                  1.5764741227320489E-001                  8.2209143846247956E-001                  2.0261149264315548E-002                  9.6690634605846419E+000                  1.2747255185921240E+001                  1.7669409791673925E-037 
                                     760                  3.1857254555838099E-002                 -1.2755708011852391E+000                  7.2439883307085831E+000                  2.3559593206479867E+000                  1.7495336152009791E+001                  1.5301894030612248E-001                  8.2673129652221755E-001                  2.0249763171659940E-002                  9.3523030938372234E+000                  1.3277734717559163E+001                  2.0702930336091000E-037 
                                     761                  3.0989706869245848E-002                 -1.2809021020981592E+000                  7.2450575713738630E+000                  2.3617925587489701E+000                  1.7499760740511896E+001                  1.4827753061486701E-001                  8.3148461108565364E-001                  2.0237858299479328E-002                  9.0171366877457562E+000                  1.3816725645048242E+001                  2.4280077625192600E-037 
                                     762                  3.0122159182653596E-002                 -1.2863620132762019E+000                  7.2461266097604122E+000                  2.3678092042583798E+000                  1.7504237158319324E+001                  1.4337906981840420E-001                  8.3639570727021528E-001                  2.0225222911380514E-002                  8.6596075372430050E+000                  1.4360932995689781E+001                  2.8510621138775866E-037 
                                     763                  2.9254611496061348E-002                 -1.2919563554881635E+000                  7.2471949079221343E+000                  2.3739017988014424E+000                  1.7508767311500826E+001                  1.3853884252141729E-001                  8.4124819466484735E-001                  2.0212962813735302E-002                  8.3030405509476193E+000                  1.4910056616729037E+001                  3.3474811397964277E-037 
                                     764                  2.8387063809469093E-002                 -1.2976929135498891E+000                  7.2487943337012677E+000                  2.3832934388745888E+000                  1.7515628170036244E+001                  1.3116457757665906E-001                  8.4864125953955727E-001                  2.0194162883783617E-002                  7.7474566192681333E+000                  1.5731990378541626E+001                  4.2628531470625843E-037 
                                     765                  2.6651968436284590E-002                 -1.3096244790810383E+000                  7.2503532327518005E+000                  2.3929165012695885E+000                  1.7522548814726690E+001                  1.2380829273177943E-001                  8.5601641631544600E-001                  2.0175290952774594E-002                  7.1831097862907933E+000                  1.6525262114214797E+001                  5.4088235405390751E-037 
                                     766                  2.5841766893725748E-002                 -1.3154191307366685E+000                  7.2513417169094661E+000                  2.3991776367528881E+000                  1.7526996369258423E+001                  1.1907370855203742E-001                  8.6076311980107689E-001                  2.0163171646885747E-002                  6.8151245675529397E+000                  1.7013918099279060E+001                  6.2953328111592349E-037 
                                     767                  2.5031565351166907E-002                 -1.3213672378447197E+000                  7.2528173718641202E+000                  2.4087692585915024E+000                  1.7533735054863694E+001                  1.1183592911628167E-001                  8.6801951142329414E-001                  2.0144559460424150E-002                  6.2458949653387119E+000                  1.7704433065262176E+001                  7.9077656376091918E-037 
                                     768                  2.3411162266049331E-002                 -1.3337617366787062E+000                  7.2547636121459105E+000                  2.4219803241568387E+000                  1.7542982673100671E+001                  1.0206288488023553E-001                  8.7781752752890851E-001                  2.0119587590855970E-002                  5.4750007208390956E+000                  1.8519032153767593E+001                  1.0713929676934399E-036 
                                     769                  2.1790759180931762E-002                 -1.3468924873373453E+000                  7.2566782445426927E+000                  2.4356768786334890E+000                  1.7552489261958982E+001                  9.2099284124829456E-002                  8.8780647006368185E-001                  2.0094245811488665E-002                  4.6934179889824348E+000                  1.9146352931624794E+001                  1.4501673705236112E-036 
                                     770                  2.0170356095814079E-002                 -1.3608634357713969E+000                  7.2584531498621523E+000                  2.4491741139564560E+000                  1.7561771881852579E+001                  8.2451068836485411E-002                  8.9747913301364679E-001                  2.0069798149867757E-002                  3.9508224925227697E+000                  1.9488456448014865E+001                  1.9290271816013229E-036 
                                     771                  1.8719134737701260E-002                 -1.3741926524316670E+000                  7.2604954731037434E+000                  2.4653747926014078E+000                  1.7573007634321918E+001                  7.1313882288977337E-002                  9.0864376627777510E-001                  2.0042351433247507E-002                  3.1303850138557223E+000                  1.9549547476702671E+001                  2.6859901398520321E-036 
                                     772                  1.6542302700532030E-002                 -1.3959210361033423E+000                  7.2624385998347680E+000                  2.4822731664931839E+000                  1.7584819025315234E+001                  6.0291943739793019E-002                  9.1969246771137614E-001                  2.0015588548830898E-002                  2.3703910157410117E+000                  1.9101683104453652E+001                  3.7100849432103839E-036 
                                     773                  1.5091081342419210E-002                 -1.4117929122026820E+000                  7.2640520022594988E+000                  2.4971378583436814E+000                  1.7595364121757445E+001                  5.1103822013890687E-002                  9.2890232521582139E-001                  1.9993852770287868E-002                  1.7893963744460479E+000                  1.8282044483367311E+001                  4.8695079077982728E-036 
                                     774                  1.3394650009621478E-002                 -1.4321024336686190E+000                  7.2653371411159613E+000                  2.5100687825531325E+000                  1.7604710289018172E+001                  4.3627517007328954E-002                  9.3639596909544764E-001                  1.9976513897223436E-002                  1.3598006998845111E+000                  1.7236732446753415E+001                  6.0813457671830642E-036 
                                     775                  1.2423829355880267E-002                 -1.4447505521821398E+000                  7.2662339248222025E+000                  2.5195221765668467E+000                  1.7611668643671130E+001                  3.8452966942087920E-002                  9.4158236631562497E-001                  1.9964666742287140E-002                  1.0886233517543289E+000                  1.6295037921075672E+001                  7.1146501141082356E-036 
                                     776                  1.1453008702139056E-002                 -1.4582976094228688E+000                  7.2670008620912556E+000                  2.5280965559229349E+000                  1.7618081233398662E+001                  3.4001883494241048E-002                  9.4604351972458334E-001                  1.9954596781175615E-002                  8.7432280405617235E-001                  1.5315837600828852E+001                  8.1563593635788847E-036 
                                     777                  1.0683913171799841E-002                 -1.4697708777939487E+000                  7.2676517756141124E+000                  2.5357165459025643E+000                  1.7623877064949315E+001                  3.0249840526312150E-002                  9.4980401218897559E-001                  1.9946147284712223E-002                  7.0848479239706352E-001                  1.4361121576918238E+001                  9.1736998312762056E-036 
                                     778                  9.9148176414607381E-003                 -1.4820061717438551E+000                  7.2681356164292996E+000                  2.5416708768795377E+000                  1.7628496888303975E+001                  2.7494331457741956E-002                  9.5256563818333939E-001                  1.9940030358918670E-002                  5.9600898174252515E-001                  1.3581081448162555E+001                  1.0024522522942732E-035 
                                     779                  9.4892898362579636E-003                 -1.4891471441938149E+000                  7.2684714497647596E+000                  2.5459271651252453E+000                  1.7631830304549371E+001                  2.5588514898539423E-002                  9.5447569917505393E-001                  1.9935785926406657E-002                  5.2293688351037770E-001                  1.2996404680294599E+001                  1.0667243098893699E-035 
                                     780                  9.0637620310551892E-003                 -1.4965835559197251E+000                  7.2689617158715674E+000                  2.5522966109907927E+000                  1.7636895550173964E+001                  2.2870282302421253E-002                  9.5719995537285407E-001                  1.9929762324724654E-002                  4.2581301247956593E-001                  1.2100597837008387E+001                  1.1686852960381145E-035 
                                     781                  8.2127064206496403E-003                 -1.5124627104571169E+000                  7.2694473305187763E+000                  2.5590927044773517E+000                  1.7642398636395104E+001                  2.0169449063716594E-002                  9.5990672891558548E-001                  1.9923822020697868E-002                  3.3790374562143155E-001                  1.1126053240980131E+001                  1.2824314585185636E-035 
                                     782                  7.7251793759365315E-003                 -1.5222510323486316E+000                  7.2697889022994984E+000                  2.5640546764509327E+000                  1.7646479711811452E+001                  1.8308873467743618E-002                  9.6177140900712521E-001                  1.9919717525131220E-002                  2.8252031045582532E-001                  1.0404548107274815E+001                  1.3700843875111501E-035 
                                     783                  7.2376523312234209E-003                 -1.5326258573720697E+000                  7.2701182990598996E+000                  2.5690476326806886E+000                  1.7650646859435987E+001                  1.6544394852633305E-002                  9.6353974714377966E-001                  1.9915858003587084E-002                  2.3406357757211699E-001                  9.6797526065147270E+000                  1.4616740214970674E-035 
                                     784                  6.7501252865102002E-003                 -1.5436692572600546E+000                  7.2704354897766024E+000                  2.5740795844736812E+000                  1.7654907868397046E+001                  1.4874567947338598E-002                  9.6521324457940916E-001                  1.9912187473252296E-002                  1.9196372598943678E-001                  8.9551655696161596E+000                  1.5572681978564043E-035 
                                     785                  6.2625982417970905E-003                 -1.5554816920257970E+000                  7.2707404860878881E+000                  2.5791589030030151E+000                  1.7659271944114153E+001                  1.3299389077490092E-002                  9.6679188717574416E-001                  1.9908723746765777E-002                  1.5570194155545647E-001                  8.2346612453146140E+000                  1.6569384004596810E-035 
                                     786                  5.7750711970839808E-003                 -1.5681879975263360E+000                  7.2710333491704553E+000                  2.5843042658154962E+000                  1.7663750098666764E+001                  1.1806724329303386E-002                  9.6828785333171774E-001                  1.9905422338978851E-002                  1.2451203269996901E-001                  7.5150730394932221E+000                  1.7609217851513047E-035 
                                     787                  5.2875441523707609E-003                 -1.5819457002341248E+000                  7.2713158521603480E+000                  2.5895496598809102E+000                  1.7668381869487714E+001                  1.0399907304364448E-002                  9.6969777978638771E-001                  1.9902312909247821E-002                  9.8038422592580568E-002                  6.8028286884462759E+000                  1.8698917113420059E-035 
                                     788                  4.7944431409440158E-003                 -1.5971381229943933E+000                  7.2715879926879046E+000                  2.5949044246005419E+000                  1.7673187425822920E+001                  9.0926696215399543E-003                  9.7100798400756594E-001                  1.9899346370894078E-002                  7.6063790063474357E-002                  6.1108469602142996E+000                  1.9839934910106931E-035 
                                     789                  4.3013421295172716E-003                 -1.6138933634284132E+000                  7.2719012798045739E+000                  2.6014482363147389E+000                  1.7679163367368325E+001                  7.6630862831028202E-003                  9.7244081193658127E-001                  1.9896101780315867E-002                  5.5007651948321336E-002                  5.3175687690850602E+000                  2.1276256956239070E-035 
                                     790                  3.6083091832150860E-003                 -1.6408460477915809E+000                  7.2722452946697862E+000                  2.6094013426382112E+000                  1.7686557379782197E+001                  6.1533025262955551E-003                  9.7395416261272427E-001                  1.9892534860980193E-002                  3.6241241699094283E-002                  4.4314001176965592E+000                  2.3059422211735072E-035 
                                     791                  2.9152762369129000E-003                 -1.6733175368239874E+000                  7.2724771024521475E+000                  2.6154153479494466E+000                  1.7692242501985103E+001                  5.1761532824860564E-003                  9.7493369560331133E-001                  1.9890151114202559E-002                  2.6060587916273720E-002                  3.8285314901586456E+000                  2.4423083692300108E-035 
                                     792                  2.6153783345995718E-003                 -1.6897515199072208E+000                  7.2726135977655737E+000                  2.6191292358726517E+000                  1.7695789010807587E+001                  4.6294054680019606E-003                  9.7548181911761511E-001                  1.9888775414382942E-002                  2.1052752466005020E-002                  3.4798654719108035E+000                  2.5283677587840566E-035 
                                     793                  2.3154804322862432E-003                 -1.7081245688319617E+000                  7.2727468460749645E+000                  2.6229616970772094E+000                  1.7699476939513044E+001                  4.1128544138298428E-003                  9.7599968354977140E-001                  1.9887462036398795E-002                  1.6785842813330804E-002                  3.1423131806546860E+000                  2.6179404009329573E-035 
                                     794                  2.0155825299729146E-003                 -1.7289742291056887E+000                  7.2728772063276637E+000                  2.6269373116343941E+000                  1.7703333218115318E+001                  3.6280547126078546E-003                  9.7648572876606454E-001                  1.9886216521327604E-002                  1.3198913961972451E-002                  2.8179818579602429E+000                  2.7116153385534334E-035 
                                     795                  1.7156846276595861E-003                 -1.7530986786133980E+000                  7.2730331727262509E+000                  2.6319947900351233E+000                  1.7708280006884323E+001                  3.0786529818797605E-003                  9.7703654297970322E-001                  1.9884804038416970E-002                  9.6304059999762388E-003                  2.4406464458685702E+000                  2.8322137923006082E-035 
                                     796                  1.2843993889333216E-003                 -1.7962507463429482E+000                  7.2732139355696059E+000                  2.6385010984348902E+000                  1.7714696231793763E+001                  2.4661654512503975E-003                  9.7765079822563361E-001                  1.9883036323115943E-002                  6.2845086110878559E-003                  2.0055019809917192E+000                  2.9883481984647071E-035 
                                     797                  8.5311415020705716E-004                 -1.8568665358108263E+000                  7.2733855391728692E+000                  2.6454542751807328E+000                  1.7721614862091421E+001                  1.9197526669771517E-003                  9.7819892999418334E-001                  1.9881317338839466E-002                  3.8765565332350453E-003                  1.6026164385572088E+000                  3.1567433745504260E-035 
                                     798                  4.7075807497121147E-004                 -1.9443883170939069E+000                  7.2735232219095263E+000                  2.6517649375100047E+000                  1.7727955146041833E+001                  1.5263424219766795E-003                  9.7859370650515998E-001                  1.9879951072863333E-002                  2.4900604397962234E-003                  1.3037402370137288E+000                  3.3106602527511651E-035 
                                     799                  2.4037935970389054E-004                 -2.0427665750400936E+000                  7.2736110327496668E+000                  2.6561817144174542E+000                  1.7732417692372490E+001                  1.2938242508820561E-003                  9.7882711880742523E-001                  1.9879056941692674E-002                  1.8092177641743166E-003                  1.1225676918599725E+000                  3.4194125625163569E-035 
                                     800                  1.2519000207023012E-004                 -2.1378767514362069E+000                  7.2736622730422820E+000                  2.6589113607627168E+000                  1.7735184966522443E+001                  1.1657614823567981E-003                  9.7895570962101697E-001                  1.9878528896626224E-002                  1.4788929516170754E-003                  1.0211460166129205E+000                  3.4871667677457952E-035 
                                     801                  6.7595323253399897E-005                 -2.2275046130894252E+000                  7.2736925388221447E+000                  2.6605819407298648E+000                  1.7736881838295400E+001                  1.0928595345719358E-003                  9.7902892633272087E-001                  1.9878214132707184E-002                  1.3051613277050983E-003                  9.6284211407323250E-001                  3.5288443732213922E-035 
                                     802                  3.8797983844984785E-005                 -2.3081216467349099E+000                  7.2737103256254647E+000                  2.6615850669925134E+000                  1.7737901888126984E+001                  1.0509901550424469E-003                  9.7907098183676300E-001                  1.9878028008194604E-002                  1.2101053954011681E-003                  9.2915991187775560E-001                  3.5539496976742707E-035 
                                     803                  2.4399314140777232E-005                 -2.3754113185433776E+000                  7.2737205635438187E+000                  2.6621698109505276E+000                  1.7738496880071061E+001                  1.0272242195216012E-003                  9.7909485531161389E-001                  1.9877920468864496E-002                  1.1576880805696168E-003                  9.0997510612142618E-001                  3.5686124585066545E-035 
                                     804                  1.7199979288673450E-005                 -2.4261107078443507E+000                  7.2737281725429357E+000                  2.6626074544237088E+000                  1.7738942379814514E+001                  1.0097356737980567E-003                  9.7911242392579556E-001                  1.9877840400406410E-002                  1.1198288485373402E-003                  8.9582643627762282E-001                  3.5796036499861226E-035 
                                     805                  1.0000644436625185E-005                 -2.5047076814904119E+000                  7.2737358260953737E+000                  2.6630515145423534E+000                  1.7739394560313045E+001                  9.9225948183934761E-004                  9.7912998092403170E-001                  1.9877759594128963E-002                  1.0826016599364558E-003                  8.8166092563887555E-001                  3.5907632378684563E-035 
                                     806                  5.0003222191175034E-006                 -2.6051346641770468E+000                  7.2737417078446498E+000                  2.6633953356629094E+000                  1.7739744771651385E+001                  9.7891103750646306E-004                  9.7914339164476816E-001                  1.9877697317725374E-002                  1.0545753254319913E-003                  8.7082289799446289E-001                  3.5994095163970184E-035 
                                     807                  2.5001611104191745E-006                 -2.7055306614628081E+000                  7.2737453946677917E+000                  2.6636118458134082E+000                  1.7739965353012028E+001                  9.7058503440399532E-004                  9.7915175674643906E-001                  1.9877658219156991E-002                  1.0372731821410124E-003                  8.6405463360230084E-001                  3.6048578318593724E-035 
                                     808                  1.2500805560144992E-006                 -2.8059071425388895E+000                  7.2737477099356873E+000                  2.6637482055996844E+000                  1.7740104295472584E+001                  9.6537268249468299E-004                  9.7915699367653797E-001                  1.9877633640967396E-002                  1.0265115564631882E-003                  8.5981428000551130E-001                  3.6082906581212268E-035 
                                     809                  6.2504027881216118E-007                 -2.9062713149517858E+000                  7.2737491655851825E+000                  2.6638340937606237E+000                  1.7740191817718348E+001                  9.6210202542041474E-004                  9.7916027979623288E-001                  1.9877618178346657E-002                  1.0197863986395274E-003                  8.5715227147620776E-001                  3.6104534451295105E-035 
                                     810                  3.1252014021099228E-007                 -3.0066276966790833E+000                  7.2737500814536507E+000                  2.6638881946690338E+000                  1.7740246950849983E+001                  9.6004675172450945E-004                  9.7916234480259778E-001                  1.9877608445677653E-002                  1.0155712040945586E-003                  8.5547897151927155E-001                  3.6118160137374407E-035 
                                     811                  1.5626007088265226E-007                 -3.1069790939083086E+000                  7.2737506579740847E+000                  2.6639222739723887E+000                  1.7740281681533585E+001                  9.5875403351328560E-004                  9.7916364364877384E-001                  1.9877602317712850E-002                  1.0129242494833584E-003                  8.5442630782799611E-001                  3.6126744194729203E-035 
                                     812                  7.8130036218482246E-008                 -3.2073271964188659E+000                  7.2737511420025065E+000                  2.6639508972361461E+000                  1.7740310852615707E+001                  9.5766941260470428E-004                  9.7916473341502330E-001                  1.9877597172372030E-002                  1.0107059548831300E-003                  8.5354298030570308E-001                  3.6133954713318652E-035 
