                                       1                                        2                                        3                                        4                                        5                                        6                                        7                                        8                                        9                                       10                                       11                                       12                                       13                                       14                                       15                                       16                                       17                                       18                                       19                                       20                                       21                                       22                                       23                                       24                                       25                                       26                                       27                                       28                                       29                                       30                                       31                                       32                                       33                                       34                                       35                                       36                                       37                                       38                                       39                                       40                                       41                                       42                                       43                                       44                                       45                                       46                                       47                                       48                                       49 
                            model_number                                num_zones                             initial_mass                                initial_z                                 star_age                                time_step                                     Teff                            photosphere_L                            photosphere_r                               center_eta                                center_h1                               center_he3                               center_he4                               center_c12                               center_n14                               center_o16                              center_ne20                                star_mass                                star_mdot                             star_mass_h1                            star_mass_he3                            star_mass_he4                            star_mass_c12                            star_mass_n14                            star_mass_o16                           star_mass_ne20                             he_core_mass                             co_core_mass                             fe_core_mass                   neutron_rich_core_mass                             dynamic_time                             kh_timescale                            nuc_timescale                           power_nuc_burn                             power_h_burn                            power_he_burn                                power_neu                                burn_min1                                burn_min2                             time_seconds                           version_number                                 compiler                                    build                         MESA_SDK_version                             math_backend                                     date                                     msun                                     rsun                                     lsun 
                                       1                                      701                  1.0000000000000000E+000                  2.0000000000000000E-002                  1.0000000000000001E-005                  1.0000000000000001E-005                  4.3821869102192950E+003                  1.1323664530123212E+000                  1.8461409840134178E+000                 -4.0635549310862604E+000                  7.0000000000000018E-001                  2.9797635251138448E-005                  2.7997020236474890E-001                  3.4468833607861297E-003                  1.0103427409336068E-003                  9.3805276451495428E-003                  2.0850244238750366E-003                  1.0000000000000000E+000                  0.0000000000000000E+000                  6.9999999999999984E-001                  2.9797635251138425E-005                  2.7997020236474884E-001                  3.4468833607861284E-003                  1.0103427409336066E-003                  9.3805276451495462E-003                  2.0850244238750362E-003                  0.0000000000000000E+000                  0.0000000000000000E+000                  0.0000000000000000E+000                  0.0000000000000000E+000                  2.5104660457718612E+004                  1.1264944331398509E+007                  8.8310634542360382E+009                  1.1866327403789404E-005                  1.1866327403789409E-005                  0.0000000000000000E+000                  4.7485859191905862E-007                  5.0000000000000000E+001                  1.0000000000000000E+003                  3.1557600000000002E+002                               "r25.12.1"                               "gfortran"                                 "13.3.0"                  "aarch64-macos-25.12.1"                                 "CRMATH"                               "20260306"                  1.9884098706980504E+033                  6.9570000000000000E+010                  3.8280000000000003E+033 

                                       1                                        2                                        3                                        4                                        5                                        6                                        7                                        8                                        9                                       10                                       11                                       12 
                                    zone                                     mass                                     logR                                     logT                                   logRho                                     logP                        x_mass_fraction_H                       y_mass_fraction_He                   z_mass_fraction_metals                                       pp                                      cno                                tri_alpha 
                                       1                  1.0000000000000000E+000                  2.6626486366773006E-001                  3.6417402328634871E+000                 -6.8157189018999080E+000                  4.6281908870824520E+000                  7.0000000000000007E-001                  2.8000000000000003E-001                  1.9999999999999907E-002                  2.2430336740711869E-026                  0.0000000000000000E+000                  0.0000000000000000E+000 
                                       2                  9.9999999999899991E-001                  2.6626465147085937E-001                  3.6418513175144960E+000                 -6.8149454240453551E+000                  4.6290775603104315E+000                  7.0000000000000007E-001                  2.8000000000000003E-001                  1.9999999999999907E-002                  2.2470335764124462E-026                  0.0000000000000000E+000                  0.0000000000000000E+000 
                                       3                  9.9999999999775002E-001                  2.6626438669631702E-001                  3.6419749890455795E+000                 -6.8140883810057664E+000                  4.6300606366715087E+000                  7.0000000000000007E-001                  2.8000000000000003E-001                  1.9999999999999907E-002                  2.2514739536575186E-026                  0.0000000000000000E+000                  0.0000000000000000E+000 
                                       4                  9.9999999999650002E-001                  2.6626412244328607E-001                  3.6421608465783599E+000                 -6.8128073487019520E+000                  4.6315310948842150E+000                  7.0000000000000007E-001                  2.8000000000000003E-001                  1.9999999999999907E-002                  2.2581274059090555E-026                  0.0000000000000000E+000                  0.0000000000000000E+000 
                                       5                  9.9999999999400002E-001                  2.6626359549241130E-001                  3.6425339883455301E+000                 -6.8102616485566729E+000                  4.6344571729500039E+000                  7.0000000000000007E-001                  2.8000000000000003E-001                  1.9999999999999907E-002                  2.2714077436765398E-026                  0.0000000000000000E+000                  0.0000000000000000E+000 
                                       6                  9.9999999998900002E-001                  2.6626254774454439E-001                  3.6434111775078097E+000                 -6.8044043030514505E+000                  4.6412090473738310E+000                  7.0000000000000007E-001                  2.8000000000000003E-001                  1.9999999999999907E-002                  2.3022615884799360E-026                  0.0000000000000000E+000                  0.0000000000000000E+000 
                                       7                  9.9999999997650002E-001                  2.6625996343282549E-001                  3.6446889351585958E+000                 -6.7962410741995978E+000                  4.6506762762519340E+000                  7.0000000000000007E-001                  2.8000000000000003E-001                  1.9999999999999907E-002                  2.3459622294946293E-026                  0.0000000000000000E+000                  0.0000000000000000E+000 
                                       8                  9.9999999996400013E-001                  2.6625742719865997E-001                  3.6466399241204748E+000                 -6.7844083360086946E+000                  4.6645013792758983E+000                  7.0000000000000007E-001                  2.8000000000000003E-001                  1.9999999999999907E-002                  2.4107841473302602E-026                  0.0000000000000000E+000                  0.0000000000000000E+000 
                                       9                  9.9999999993899991E-001                  2.6625249094106368E-001                  3.6506789329032774E+000                 -6.7621393873528621E+000                  4.6908986140201456E+000                  7.0000000000000007E-001                  2.8000000000000003E-001                  1.9999999999999907E-002                  2.5376752975624918E-026                  0.0000000000000000E+000                  0.0000000000000000E+000 
                                      10                  9.9999999988900001E-001                  2.6624311142707124E-001                  3.6553494582315977E+000                 -6.7400201591851499E+000                  4.7177958868620991E+000                  7.0000000000000007E-001                  2.8000000000000003E-001                  1.9999999999999907E-002                  2.6703256174092861E-026                  0.0000000000000000E+000                  0.0000000000000000E+000 
                                      11                  9.9999999985774990E-001                  2.6623754003718814E-001                  3.6590596184822908E+000                 -6.7242008115882674E+000                  4.7374097929429322E+000                  7.0000000000000007E-001                  2.8000000000000003E-001                  1.9999999999999907E-002                  2.7694281674981861E-026                  0.0000000000000000E+000                  0.0000000000000000E+000 
                                      12                  9.9999999982650001E-001                  2.6623216773270425E-001                  3.6647776768199090E+000                 -6.7021895804052685E+000                  4.7652648981838110E+000                  7.0000000000000007E-001                  2.8000000000000003E-001                  1.9999999999999907E-002                  2.9134705243270170E-026                  0.0000000000000000E+000                  0.0000000000000000E+000 
                                      13                  9.9999999976400000E-001                  2.6622195357019357E-001                  3.6708011335739266E+000                 -6.6821612535578003E+000                  4.7914429764404787E+000                  7.0000000000000007E-001                  2.8000000000000003E-001                  1.9999999999999907E-002                  3.0510379996942128E-026                  0.0000000000000000E+000                  0.0000000000000000E+000 
                                      14                  9.9999999973275000E-001                  2.6621707640935854E-001                  3.6748845387709470E+000                 -6.6697091825776820E+000                  4.8080582912525527E+000                  7.0000000000000007E-001                  2.8000000000000003E-001                  1.9999999999999907E-002                  3.1398230503798838E-026                  0.0000000000000000E+000                  0.0000000000000000E+000 
                                      15                  9.9999999970150000E-001                  2.6621233694314062E-001                  3.6790362178572629E+000                 -6.6579337022857361E+000                  4.8240619745059661E+000                  7.0000000000000007E-001                  2.8000000000000003E-001                  1.9999999999999907E-002                  3.2261600859906813E-026                  0.0000000000000000E+000                  0.0000000000000000E+000 
                                      16                  9.9999999967024988E-001                  2.6620772410750843E-001                  3.6832475605231503E+000                 -6.6467824656732972E+000                  4.8394974681713894E+000                  7.0000000000000007E-001                  2.8000000000000003E-001                  1.9999999999999907E-002                  3.3101082557068698E-026                  0.0000000000000000E+000                  0.0000000000000000E+000 
                                      17                  9.9999999963900010E-001                  2.6620322806502106E-001                  3.6896235749646435E+000                 -6.6310878443355046E+000                  4.8616693111472342E+000                  7.0000000000000007E-001                  2.8000000000000003E-001                  1.9999999999999907E-002                  3.4319743398922505E-026                  0.0000000000000000E+000                  0.0000000000000000E+000 
                                      18                  9.9999999957649999E-001                  2.6619455474172432E-001                  3.6982735532546474E+000                 -6.6119519835153886E+000                  4.8895760059698778E+000                  7.0000000000000007E-001                  2.8000000000000003E-001                  1.9999999999999907E-002                  3.5866488959931178E-026                  0.0000000000000000E+000                  0.0000000000000000E+000 
                                      19                  9.9999999951399998E-001                  2.6618625479826014E-001                  3.7069482331616026E+000                 -6.5945072563816014E+000                  4.9157991890060888E+000                  7.0000000000000007E-001                  2.8000000000000003E-001                  1.9999999999999907E-002                  3.7337217004215840E-026                  0.0000000000000000E+000                  0.0000000000000000E+000 
                                      20                  9.9999999945149987E-001                  2.6617828119143294E-001                  3.7134207888472712E+000                 -6.5823678824500309E+000                  4.9344784562915907E+000                  7.0000000000000007E-001                  2.8000000000000003E-001                  1.9999999999999907E-002                  3.8396110148506700E-026                  0.0000000000000000E+000                  0.0000000000000000E+000 
                                      21                  9.9999999942025009E-001                  2.6617440412516774E-001                  3.7176965122634762E+000                 -6.5746624801977296E+000                  4.9464998102632229E+000                  7.0000000000000007E-001                  2.8000000000000003E-001                  1.9999999999999907E-002                  3.9083767935237203E-026                  0.0000000000000000E+000                  0.0000000000000000E+000 
                                      22                  9.9999999938899997E-001                  2.6617059513939412E-001                  3.7240455950508227E+000                 -6.5636349970293466E+000                  4.9639306574092190E+000                  7.0000000000000007E-001                  2.8000000000000003E-001                  1.9999999999999907E-002                  4.0089385424130286E-026                  0.0000000000000000E+000                  0.0000000000000000E+000 
                                      23                  9.9999999932649997E-001                  2.6616316787785066E-001                  3.7324014356022510E+000                 -6.5498487181525658E+000                  4.9861356616457204E+000                  7.0000000000000007E-001                  2.8000000000000003E-001                  1.9999999999999907E-002                  4.1383063572938449E-026                  0.0000000000000000E+000                  0.0000000000000000E+000 
                                      24                  9.9999999926399996E-001                  2.6615597232159977E-001                  3.7406612840244526E+000                 -6.5370368614421528E+000                  5.0072617257663703E+000                  7.0000000000000007E-001                  2.8000000000000003E-001                  1.9999999999999907E-002                  4.2622710355909426E-026                  0.0000000000000000E+000                  0.0000000000000000E+000 
                                      25                  9.9999999920149996E-001                  2.6614898559434996E-001                  3.7468529985043304E+000                 -6.5280681188714968E+000                  5.0224590376535323E+000                  7.0000000000000007E-001                  2.8000000000000003E-001                  1.9999999999999907E-002                  4.3512542527295824E-026                  0.0000000000000000E+000                  0.0000000000000000E+000 
                                      26                  9.9999999917024995E-001                  2.6614556351035984E-001                  3.7509872809017408E+000                 -6.5223813052934929E+000                  5.0323032574196143E+000                  7.0000000000000007E-001                  2.8000000000000003E-001                  1.9999999999999907E-002                  4.4086360842876720E-026                  0.0000000000000000E+000                  0.0000000000000000E+000 
                                      27                  9.9999999913899995E-001                  2.6614218586498328E-001                  3.7572363854130839E+000                 -6.5143030183898833E+000                  5.0466638765037564E+000                  7.0000000000000007E-001                  2.8000000000000003E-001                  1.9999999999999907E-002                  4.4914523825421910E-026                  0.0000000000000000E+000                  0.0000000000000000E+000 
                                      28                  9.9999999907649995E-001                  2.6613555483835000E-001                  3.7658596773188688E+000                 -6.5045315509287160E+000                  5.0651023949720475E+000                  7.0000000000000007E-001                  2.8000000000000003E-001                  1.9999999999999907E-002                  4.5937089464630594E-026                  0.0000000000000000E+000                  0.0000000000000000E+000 
                                      29                  9.9999999901400005E-001                  2.6612907104780181E-001                  3.7725774976070463E+000                 -6.4979492187669727E+000                  5.0784358528741080E+000                  7.0000000000000007E-001                  2.8000000000000003E-001                  1.9999999999999907E-002                  4.6639012729076536E-026                  0.0000000000000000E+000                  0.0000000000000000E+000 
                                      30                  9.9999999898274994E-001                  2.6612587781071573E-001                  3.7771164298989470E+000                 -6.4938435113454620E+000                  5.0871029542766673E+000                  7.0000000000000007E-001                  2.8000000000000003E-001                  1.9999999999999907E-002                  4.7082257509751347E-026                  0.0000000000000000E+000                  0.0000000000000000E+000 
                                      31                  9.9999999895149994E-001                  2.6612271454996955E-001                  3.7840018842055869E+000                 -6.4880785075851817E+000                  5.0997880416934525E+000                  7.0000000000000007E-001                  2.8000000000000003E-001                  1.9999999999999907E-002                  4.7711758135370218E-026                  0.0000000000000000E+000                  0.0000000000000000E+000 
                                      32                  9.9999999888899993E-001                  2.6611647125155313E-001                  3.7944956365502773E+000                 -6.4802683364631264E+000                  5.1181479412598145E+000                  7.0000000000000007E-001                  2.8000000000000003E-001                  1.9999999999999907E-002                  4.8578027441901962E-026                  0.0000000000000000E+000                  0.0000000000000000E+000 
                                      33                  9.9999999881087498E-001                  2.6610880585197100E-001                  3.8031936887580313E+000                 -6.4742883402890348E+000                  5.1328773924741906E+000                  7.0000000000000007E-001                  2.8000000000000003E-001                  1.9999999999999907E-002                  4.9251921493036430E-026                  0.0000000000000000E+000                  0.0000000000000000E+000 
                                      34                  9.9999999877181245E-001                  2.6610502541522774E-001                  3.8088907226228437E+000                 -6.4704730526277485E+000                  5.1424269443681201E+000                  7.0000000000000007E-001                  2.8000000000000003E-001                  1.9999999999999907E-002                  4.9686749662225774E-026                  0.0000000000000000E+000                  0.0000000000000000E+000 
                                      35                  9.9999999873274992E-001                  2.6610127794682392E-001                  3.8172458893173089E+000                 -6.4649473946472638E+000                  5.1563692125326801E+000                  7.0000000000000007E-001                  2.8000000000000003E-001                  1.9999999999999907E-002                  5.0323325701247306E-026                  0.0000000000000000E+000                  0.0000000000000000E+000 
                                      36                  9.9999999865462497E-001                  2.6609387748130547E-001                  3.8252371293948939E+000                 -6.4594974326310428E+000                  5.1698786823197844E+000                  7.0000000000000007E-001                  2.8000000000000003E-001                  1.9999999999999907E-002                  5.0959171926304980E-026                  0.0000000000000000E+000                  0.0000000000000000E+000 
                                      37                  9.9999999861556244E-001                  2.6609022325311343E-001                  3.8303954707870216E+000                 -6.4559273267404063E+000                  5.1786573320007534E+000                  7.0000000000000007E-001                  2.8000000000000003E-001                  1.9999999999999907E-002                  5.1380045762667509E-026                  0.0000000000000000E+000                  0.0000000000000000E+000 
                                      38                  9.9999999857649990E-001                  2.6608659885015967E-001                  3.8378769199208005E+000                 -6.4506475376796137E+000                  5.1915017230819291E+000                  7.0000000000000007E-001                  2.8000000000000003E-001                  1.9999999999999907E-002                  5.2008853037938601E-026                  0.0000000000000000E+000                  0.0000000000000000E+000 
                                      39                  9.9999999849837484E-001                  2.6607943736887651E-001                  3.8472553784600083E+000                 -6.4435941954682399E+000                  5.2080582774354784E+000                  7.0000000000000007E-001                  2.8000000000000003E-001                  1.9999999999999907E-002                  5.2860912436913613E-026                  0.0000000000000000E+000                  0.0000000000000000E+000 
                                      40                  9.9999999842025000E-001                  2.6607239091147189E-001                  3.8538517665241807E+000                 -6.4382781254170487E+000                  5.2200749776338711E+000                  7.0000000000000007E-001                  2.8000000000000003E-001                  1.9999999999999907E-002                  5.3512321153565372E-026                  0.0000000000000000E+000                  0.0000000000000000E+000 
                                      41                  9.9999999838118747E-001                  2.6606891042014830E-001                  3.8580922599238248E+000                 -6.4347635038394699E+000                  5.2279055270632311E+000                  7.0000000000000007E-001                  2.8000000000000003E-001                  1.9999999999999907E-002                  5.3947391090454114E-026                  0.0000000000000000E+000                  0.0000000000000000E+000 
                                      42                  9.9999999834212494E-001                  2.6606545789910885E-001                  3.8642251452989034E+000                 -6.4295309197584212E+000                  5.2393931831056548E+000                  7.0000000000000007E-001                  2.8000000000000003E-001                  1.9999999999999907E-002                  5.4601689051615817E-026                  0.0000000000000000E+000                  0.0000000000000000E+000 
                                      43                  9.9999999826399999E-001                  2.6605863531092583E-001                  3.8718789999858747E+000                 -6.4225018668951863E+000                  5.2542530582633029E+000                  7.0000000000000007E-001                  2.8000000000000003E-001                  1.9999999999999907E-002                  5.5493133851554048E-026                  0.0000000000000000E+000                  0.0000000000000000E+000 
                                      44                  9.9999999818587504E-001                  2.6605192194362420E-001                  3.8790281587951556E+000                 -6.4154756030285878E+000                  5.2686221366432004E+000                  7.0000000000000007E-001                  2.8000000000000003E-001                  1.9999999999999907E-002                  5.6398774579738379E-026                  0.0000000000000000E+000                  0.0000000000000000E+000 
                                      45                  9.9999999810775020E-001                  2.6604531601124182E-001                  3.8857103822110441E+000                 -6.4084573392446167E+000                  5.2825318187146042E+000                  7.0000000000000007E-001                  2.8000000000000003E-001                  1.9999999999999907E-002                  5.7318143173682573E-026                  0.0000000000000000E+000                  0.0000000000000000E+000 
                                      46                  9.9999999802962514E-001                  2.6603881567952592E-001                  3.8919627546720581E+000                 -6.4014546500129050E+000                  5.2960105840848168E+000                  7.0000000000000007E-001                  2.8000000000000003E-001                  1.9999999999999907E-002                  5.8250412851561269E-026                  0.0000000000000000E+000                  0.0000000000000000E+000 
                                      47                  9.9999999795150019E-001                  2.6603241903560104E-001                  3.8978207245461998E+000                 -6.3944758415368552E+000                  5.3090843429236756E+000                  7.0000000000000007E-001                  2.8000000000000003E-001                  1.9999999999999907E-002                  5.9194593310705696E-026                  0.0000000000000000E+000                  0.0000000000000000E+000 
                                      48                  9.9999999787337523E-001                  2.6602612408386489E-001                  3.9033174997432081E+000                 -6.3875290163239420E+000                  5.3217767360771164E+000                  7.0000000000000007E-001                  2.8000000000000003E-001                  1.9999999999999907E-002                  6.0149650118857681E-026                  0.0000000000000000E+000                  0.0000000000000000E+000 
                                      49                  9.9999999779525039E-001                  2.6601992875571306E-001                  3.9084837813884774E+000                 -6.3806219687986729E+000                  5.3341093926039589E+000                  7.0000000000000007E-001                  2.8000000000000003E-001                  1.9999999999999907E-002                  6.1114519464503397E-026                  0.0000000000000000E+000                  0.0000000000000000E+000 
                                      50                  9.9999999771712533E-001                  2.6601383092017167E-001                  3.9133477195170463E+000                 -6.3737618320748970E+000                  5.3461021517845291E+000                  7.0000000000000007E-001                  2.8000000000000003E-001                  1.9999999999999907E-002                  6.2088160174607227E-026                  0.0000000000000000E+000                  0.0000000000000000E+000 
                                      51                  9.9999999763900038E-001                  2.6600782839871845E-001                  3.9179349798811520E+000                 -6.3669547791702943E+000                  5.3577732553244273E+000                  7.0000000000000007E-001                  2.8000000000000003E-001                  1.9999999999999907E-002                  6.3069602912612592E-026                  0.0000000000000000E+000                  0.0000000000000000E+000 
                                      52                  9.9999999756087543E-001                  2.6600191898309455E-001                  3.9222688708325673E+000                 -6.3602060617389338E+000                  5.3691395144292757E+000                  7.0000000000000007E-001                  2.8000000000000003E-001                  1.9999999999999907E-002                  6.4057954019005976E-026                  0.0000000000000000E+000                  0.0000000000000000E+000 
                                      53                  9.9999999748275048E-001                  2.6599610045131811E-001                  3.9263705011146244E+000                 -6.3535202131754529E+000                  5.3802164555925476E+000                  7.0000000000000007E-001                  2.8000000000000003E-001                  1.9999999999999907E-002                  6.5052374582164277E-026                  0.0000000000000000E+000                  0.0000000000000000E+000 
                                      54                  9.9999999740462542E-001                  2.6599037057979041E-001                  3.9302589514145749E+000                 -6.3469010544158850E+000                  5.3910184482706525E+000                  7.0000000000000007E-001                  2.8000000000000003E-001                  1.9999999999999907E-002                  6.6052087064379898E-026                  0.0000000000000000E+000                  0.0000000000000000E+000 
                                      55                  9.9999999732650058E-001                  2.6598472715442795E-001                  3.9357858969447834E+000                 -6.3371664580134075E+000                  5.4067345972916705E+000                  7.0000000000000007E-001                  2.8000000000000003E-001                  1.9999999999999907E-002                  6.7550321935301506E-026                  0.0000000000000000E+000                  0.0000000000000000E+000 
                                      56                  9.9999999717025057E-001                  2.6597368984530750E-001                  3.9424772062464650E+000                 -6.3243566775480966E+000                  5.4268440894527696E+000                  7.0000000000000007E-001                  2.8000000000000003E-001                  1.9999999999999907E-002                  6.9573776441358632E-026                  0.0000000000000000E+000                  0.0000000000000000E+000 
                                      57                  9.9999999701400055E-001                  2.6596297252877898E-001                  3.9470601419895788E+000                 -6.3148998474318381E+000                  5.4413392013729105E+000                  7.0000000000000007E-001                  2.8000000000000003E-001                  1.9999999999999907E-002                  7.1106396217391298E-026                  0.0000000000000000E+000                  0.0000000000000000E+000 
                                      58                  9.9999999693587549E-001                  2.6595772900582942E-001                  3.9514301829869671E+000                 -6.3057096565876760E+000                  5.4553667726731376E+000                  7.0000000000000007E-001                  2.8000000000000003E-001                  1.9999999999999907E-002                  7.2628154527099258E-026                  0.0000000000000000E+000                  0.0000000000000000E+000 
                                      59                  9.9999999677962559E-001                  2.6594746099672639E-001                  3.9567947986289687E+000                 -6.2936640270104869E+000                  5.4733937421658361E+000                  7.0000000000000007E-001                  2.8000000000000003E-001                  1.9999999999999907E-002                  7.4672174284733439E-026                  0.0000000000000000E+000                  0.0000000000000000E+000 
                                      60                  9.9999999662337558E-001                  2.6593747317000327E-001                  3.9605164476111749E+000                 -6.2847954495913658E+000                  5.4864404798844433E+000                  7.0000000000000007E-001                  2.8000000000000003E-001                  1.9999999999999907E-002                  7.6213771497207971E-026                  0.0000000000000000E+000                  0.0000000000000000E+000 
                                      61                  9.9999999654525062E-001                  2.6593257994993907E-001                  3.9640894225798502E+000                 -6.2761649509904096E+000                  5.4991072442300535E+000                  7.0000000000000007E-001                  2.8000000000000003E-001                  1.9999999999999907E-002                  7.7744545200620709E-026                  0.0000000000000000E+000                  0.0000000000000000E+000 
                                      62                  9.9999999638900050E-001                  2.6592298559068706E-001                  3.9685251782470798E+000                 -6.2648722726674624E+000                  5.5154427085210775E+000                  7.0000000000000007E-001                  2.8000000000000003E-001                  1.9999999999999907E-002                  7.9794050885974997E-026                  0.0000000000000000E+000                  0.0000000000000000E+000 
                                      63                  9.9999999623275060E-001                  2.6591363688016217E-001                  3.9726658715414138E+000                 -6.2538687703498361E+000                  5.5311872740614607E+000                  7.0000000000000007E-001                  2.8000000000000003E-001                  1.9999999999999907E-002                  8.1843052634265914E-026                  0.0000000000000000E+000                  0.0000000000000000E+000 
                                      64                  9.9999999607650059E-001                  2.6590452147648180E-001                  3.9765450578898873E+000                 -6.2431456720930028E+000                  5.5463822151551359E+000                  7.0000000000000007E-001                  2.8000000000000003E-001                  1.9999999999999907E-002                  8.3890468117069409E-026                  0.0000000000000000E+000                  0.0000000000000000E+000 
                                      65                  9.9999999592025057E-001                  2.6589562783083559E-001                  3.9801912441344229E+000                 -6.2326935909384087E+000                  5.5610646265342263E+000                  7.0000000000000007E-001                  2.8000000000000003E-001                  1.9999999999999907E-002                  8.5935438143204359E-026                  0.0000000000000000E+000                  0.0000000000000000E+000 
                                      66                  9.9999999576400067E-001                  2.6588694514464584E-001                  3.9836288012158327E+000                 -6.2225028762036008E+000                  5.5752679693490856E+000                  7.0000000000000007E-001                  2.8000000000000003E-001                  1.9999999999999907E-002                  8.7977274730562352E-026                  0.0000000000000000E+000                  0.0000000000000000E+000 
                                      67                  9.9999999560775055E-001                  2.6587846332297937E-001                  3.9868786791631554E+000                 -6.2125638727182881E+000                  5.5890225308090065E+000                  7.0000000000000007E-001                  2.8000000000000003E-001                  1.9999999999999907E-002                  9.0015417881371681E-026                  0.0000000000000000E+000                  0.0000000000000000E+000 
                                      68                  9.9999999545150053E-001                  2.6587017292666881E-001                  3.9899589815603775E+000                 -6.2028669926711508E+000                  5.6023558133611733E+000                  7.0000000000000007E-001                  2.8000000000000003E-001                  1.9999999999999907E-002                  9.2049424358035054E-026                  0.0000000000000000E+000                  0.0000000000000000E+000 
                                      69                  9.9999999529525052E-001                  2.6586206512700461E-001                  3.9928854379237526E+000                 -6.1934028181216885E+000                  5.6152928659855545E+000                  7.0000000000000007E-001                  2.8000000000000003E-001                  1.9999999999999907E-002                  9.4078947389942771E-026                  0.0000000000000000E+000                  0.0000000000000000E+000 
                                      70                  9.9999999513900062E-001                  2.6585413166225380E-001                  3.9970583580427044E+000                 -6.1796764977305489E+000                  5.6340047001522606E+000                  7.0000000000000007E-001                  2.8000000000000003E-001                  1.9999999999999907E-002                  9.7102262442004891E-026                  0.0000000000000000E+000                  0.0000000000000000E+000 
                                      71                  9.9999999482650048E-001                  2.6583875714339517E-001                  4.0021402306425662E+000                 -6.1620327465100759E+000                  5.6577654280388705E+000                  7.0000000000000007E-001                  2.8000000000000003E-001                  1.9999999999999907E-002                  1.0113161527407042E-025                  0.0000000000000000E+000                  0.0000000000000000E+000 
                                      72                  9.9999999451400057E-001                  2.6582399317896915E-001                  4.0056446865541524E+000                 -6.1492729172255967E+000                  5.6747722321454290E+000                  7.0000000000000007E-001                  2.8000000000000003E-001                  1.9999999999999907E-002                  1.0414944497655319E-025                  0.0000000000000000E+000                  0.0000000000000000E+000 
                                      73                  9.9999999435775044E-001                  2.6581682438556886E-001                  4.0078856683773783E+000                 -6.1410240246486731E+000                  5.6857517469613716E+000                  7.0000000000000007E-001                  2.8000000000000003E-001                  1.9999999999999907E-002                  1.0614817146363487E-025                  0.0000000000000000E+000                  0.0000000000000000E+000 
                                      74                  9.9999999420150043E-001                  2.6580979012460315E-001                  4.0111149799782444E+000                 -6.1290126891017271E+000                  5.7017184967557917E+000                  7.0000000000000007E-001                  2.8000000000000003E-001                  1.9999999999999907E-002                  1.0912736540911040E-025                  0.0000000000000000E+000                  0.0000000000000000E+000 
                                      75                  9.9999999388900040E-001                  2.6579610438676621E-001                  4.0151190856471377E+000                 -6.1135264289387736E+000                  5.7221359863800512E+000                  7.0000000000000007E-001                  2.8000000000000003E-001                  1.9999999999999907E-002                  1.1309223543205242E-025                  0.0000000000000000E+000                  0.0000000000000000E+000 
                                      76                  9.9999999357650038E-001                  2.6578289683576983E-001                  4.0188554471707176E+000                 -6.0986543630173271E+000                  5.7416388550973245E+000                  7.0000000000000007E-001                  2.8000000000000003E-001                  1.9999999999999907E-002                  1.1703544700514596E-025                  0.0000000000000000E+000                  0.0000000000000000E+000 
                                      77                  9.9999999326400035E-001                  2.6577013276546246E-001                  4.0232274222283646E+000                 -6.0809010315066487E+000                  5.7648495212591913E+000                  7.0000000000000007E-001                  2.8000000000000003E-001                  1.9999999999999907E-002                  1.2192310918297491E-025                  0.0000000000000000E+000                  0.0000000000000000E+000 
                                      78                  9.9999999279525031E-001                  2.6575175156662612E-001                  4.0280235294665747E+000                 -6.0606147069549738E+000                  5.7911622530376494E+000                  7.0000000000000007E-001                  2.8000000000000003E-001                  1.9999999999999907E-002                  1.2775861528793758E-025                  0.0000000000000000E+000                  0.0000000000000000E+000 
                                      79                  9.9999999232650028E-001                  2.6573420705041573E-001                  4.0317027244645116E+000                 -6.0444900764056904E+000                  5.8119370189496857E+000                  7.0000000000000007E-001                  2.8000000000000003E-001                  1.9999999999999907E-002                  1.3259565895906625E-025                  0.0000000000000000E+000                  0.0000000000000000E+000 
                                      80                  9.9999999201400025E-001                  2.6572293588739632E-001                  4.0344937845298041E+000                 -6.0321024303409816E+000                  5.8278713454316922E+000                  7.0000000000000007E-001                  2.8000000000000003E-001                  1.9999999999999907E-002                  1.3643577365832392E-025                  0.0000000000000000E+000                  0.0000000000000000E+000 
                                      81                  9.9999999170150022E-001                  2.6571198083587477E-001                  4.0371492577990784E+000                 -6.0201183299301801E+000                  5.8432431952428630E+000                  7.0000000000000007E-001                  2.8000000000000003E-001                  1.9999999999999907E-002                  1.4025664586599751E-025                  0.0000000000000000E+000                  0.0000000000000000E+000 
                                      82                  9.9999999138900020E-001                  2.6570132315423622E-001                  4.0396814495899980E+000                 -6.0085130007090735E+000                  5.8580909397406487E+000                  7.0000000000000007E-001                  2.8000000000000003E-001                  1.9999999999999907E-002                  1.4405875708872693E-025                  0.0000000000000000E+000                  0.0000000000000000E+000 
                                      83                  9.9999999107650017E-001                  2.6569094574445329E-001                  4.0433058981841441E+000                 -5.9918162656311083E+000                  5.8794540840962073E+000                  7.0000000000000007E-001                  2.8000000000000003E-001                  1.9999999999999907E-002                  1.4971051840090498E-025                  0.0000000000000000E+000                  0.0000000000000000E+000 
                                      84                  9.9999999045150012E-001                  2.6567097161987957E-001                  4.0477492204080985E+000                 -5.9706147500834810E+000                  5.9064006289151374E+000                  7.0000000000000007E-001                  2.8000000000000003E-001                  1.9999999999999907E-002                  1.5720794140724785E-025                  0.0000000000000000E+000                  0.0000000000000000E+000 
                                      85                  9.9999998982649996E-001                  2.6565194661672925E-001                  4.0508326295393795E+000                 -5.9554465453973897E+000                  5.9255703901105115E+000                  7.0000000000000007E-001                  2.8000000000000003E-001                  1.9999999999999907E-002                  1.6280126269130981E-025                  0.0000000000000000E+000                  0.0000000000000000E+000 
                                      86                  9.9999998951400004E-001                  2.6564275971956325E-001                  4.0528107023014783E+000                 -5.9456983112639294E+000                  5.9378967490417827E+000                  7.0000000000000007E-001                  2.8000000000000003E-001                  1.9999999999999907E-002                  1.6650061247000005E-025                  0.0000000000000000E+000                  0.0000000000000000E+000 
                                      87                  9.9999998920149991E-001                  2.6563377617189682E-001                  4.0553756469323776E+000                 -5.9330040585192085E+000                  5.9539458743158020E+000                  7.0000000000000007E-001                  2.8000000000000003E-001                  1.9999999999999907E-002                  1.7144430232181097E-025                  0.0000000000000000E+000                  0.0000000000000000E+000 
                                      88                  9.9999998867326623E-001                  2.6561902707587437E-001                  4.0587607326474151E+000                 -5.9159545349071383E+000                  5.9754370809281623E+000                  7.0000000000000007E-001                  2.8000000000000003E-001                  1.9999999999999907E-002                  1.7831599271954568E-025                  0.0000000000000000E+000                  0.0000000000000000E+000 
                                      89                  9.9999998802606482E-001                  2.6560164997381985E-001                  4.0628272377867445E+000                 -5.8951746222765582E+000                  6.0015773980672362E+000                  7.0000000000000007E-001                  2.8000000000000003E-001                  1.9999999999999907E-002                  1.8706488455748118E-025                  0.0000000000000000E+000                  0.0000000000000000E+000 
                                      90                  9.9999998716312966E-001                  2.6557955999110222E-001                  4.0660418309456032E+000                 -5.8781972877550634E+000                  6.0227997462621037E+000                  7.0000000000000007E-001                  2.8000000000000003E-001                  1.9999999999999907E-002                  1.9453064243791046E-025                  0.0000000000000000E+000                  0.0000000000000000E+000 
                                      91                  9.9999998673166191E-001                  2.6556893723732122E-001                  4.0681003988914402E+000                 -5.8673327651666600E+000                  6.0363941995250405E+000                  7.0000000000000007E-001                  2.8000000000000003E-001                  1.9999999999999907E-002                  1.9946399684953438E-025                  0.0000000000000000E+000                  0.0000000000000000E+000 
                                      92                  9.9999998630019427E-001                  2.6555857618018686E-001                  4.0710710972383168E+000                 -5.8516604465971991E+000                  6.0560216667137956E+000                  7.0000000000000007E-001                  2.8000000000000003E-001                  1.9999999999999907E-002                  2.0680182679051161E-025                  0.0000000000000000E+000                  0.0000000000000000E+000 
                                      93                  9.9999998543725888E-001                  2.6553858643438144E-001                  4.0738439516005736E+000                 -5.8365701706498001E+000                  6.0748036990633896E+000                  7.0000000000000007E-001                  2.8000000000000003E-001                  1.9999999999999907E-002                  2.1412226501473763E-025                  0.0000000000000000E+000                  0.0000000000000000E+000 
                                      94                  9.9999998500579135E-001                  2.6552893189704080E-001                  4.0756292775411422E+000                 -5.8268697668770146E+000                  6.0868895115301020E+000                  7.0000000000000007E-001                  2.8000000000000003E-001                  1.9999999999999907E-002                  2.1896436114976418E-025                  0.0000000000000000E+000                  0.0000000000000000E+000 
                                      95                  9.9999998457432371E-001                  2.6551948999027752E-001                  4.0782186734004089E+000                 -5.8128190690912112E+000                  6.1044115848273615E+000                  7.0000000000000007E-001                  2.8000000000000003E-001                  1.9999999999999907E-002                  2.2617290622298296E-025                  0.0000000000000000E+000                  0.0000000000000000E+000 
                                      96                  9.9999998371138843E-001                  2.6550120559528573E-001                  4.0814660171126409E+000                 -5.7948598105867051E+000                  6.1267297714584279E+000                  7.0000000000000007E-001                  2.8000000000000003E-001                  1.9999999999999907E-002                  2.3573346773358006E-025                  0.0000000000000000E+000                  0.0000000000000000E+000 
                                      97                  9.9999998284845315E-001                  2.6548365971824572E-001                  4.0837649576270740E+000                 -5.7819297767967797E+000                  6.1427491163961898E+000                  7.0000000000000007E-001                  2.8000000000000003E-001                  1.9999999999999907E-002                  2.4286613678448679E-025                  0.0000000000000000E+000                  0.0000000000000000E+000 
                                      98                  9.9999998241698562E-001                  2.6547514335561462E-001                  4.0852538868319357E+000                 -5.7735750675428807E+000                  6.1531103529432567E+000                  7.0000000000000007E-001                  2.8000000000000003E-001                  1.9999999999999907E-002                  2.4758933465066839E-025                  0.0000000000000000E+000                  0.0000000000000000E+000 
                                      99                  9.9999998198551787E-001                  2.6546678877328989E-001                  4.0874253758413790E+000                 -5.7614155935909608E+000                  6.1682041050878071E+000                  7.0000000000000007E-001                  2.8000000000000003E-001                  1.9999999999999907E-002                  2.5462820748414246E-025                  0.0000000000000000E+000                  0.0000000000000000E+000 
                                     100                  9.9999998112258259E-001                  2.6545053956633291E-001                  4.0901751806245761E+000                 -5.7457887479605114E+000                  6.1875490524138383E+000                  7.0000000000000007E-001                  2.8000000000000003E-001                  1.9999999999999907E-002                  2.6396909368101475E-025                  0.0000000000000000E+000                  0.0000000000000000E+000 
                                     101                  9.9999998025964731E-001                  2.6543486291810447E-001                  4.0927915197053100E+000                 -5.7308108941064857E+000                  6.2060715490117797E+000                  7.0000000000000007E-001                  2.8000000000000003E-001                  1.9999999999999907E-002                  2.7324370837163088E-025                  0.0000000000000000E+000                  0.0000000000000000E+000 
                                     102                  9.9999997939671215E-001                  2.6541971609356418E-001                  4.0946643566484058E+000                 -5.7199562968184310E+000                  6.2194645934417103E+000                  7.0000000000000007E-001                  2.8000000000000003E-001                  1.9999999999999907E-002                  2.8016824812007932E-025                  0.0000000000000000E+000                  0.0000000000000000E+000 
                                     103                  9.9999997896524440E-001                  2.6541232904757733E-001                  4.0964922847236096E+000                 -5.7094495715388236E+000                  6.2324578118367215E+000                  7.0000000000000007E-001                  2.8000000000000003E-001                  1.9999999999999907E-002                  2.8703806925178158E-025                  0.0000000000000000E+000                  0.0000000000000000E+000 
                                     104                  9.9999997810230912E-001                  2.6539790700456528E-001                  4.0988258421923023E+000                 -5.6958816110284598E+000                  6.2492008526294027E+000                  7.0000000000000007E-001                  2.8000000000000003E-001                  1.9999999999999907E-002                  2.9615945755970303E-025                  0.0000000000000000E+000                  0.0000000000000000E+000 
                                     105                  9.9999997723937384E-001                  2.6538392718941872E-001                  4.1016202638254944E+000                 -5.6796317736709048E+000                  6.2692633854002828E+000                  7.0000000000000007E-001                  2.8000000000000003E-001                  1.9999999999999907E-002                  3.0746631781390140E-025                  0.0000000000000000E+000                  0.0000000000000000E+000 
                                     106                  9.9999997594497092E-001                  2.6536372520075879E-001                  4.1042548038294306E+000                 -5.6640446537537867E+000                  6.2884433862604681E+000                  7.0000000000000007E-001                  2.8000000000000003E-001                  1.9999999999999907E-002                  3.1871775364495673E-025                  0.0000000000000000E+000                  0.0000000000000000E+000 
                                     107                  9.9999997508203564E-001                  2.6535073052225649E-001                  4.1071115752686858E+000                 -5.6472855705095526E+000                  6.3091155074039422E+000                  7.0000000000000007E-001                  2.8000000000000003E-001                  1.9999999999999907E-002                  3.3127524353782203E-025                  0.0000000000000000E+000                  0.0000000000000000E+000 
                                     108                  9.9999997351089320E-001                  2.6532796396136316E-001                  4.1097063636273257E+000                 -5.6317095230869780E+000                  6.3282385424302827E+000                  7.0000000000000007E-001                  2.8000000000000003E-001                  1.9999999999999907E-002                  3.4338981561968997E-025                  0.0000000000000000E+000                  0.0000000000000000E+000 
                                     109                  9.9999997272532204E-001                  2.6531698042951612E-001                  4.1113812243204784E+000                 -5.6217082298106309E+000                  6.3405361253978008E+000                  7.0000000000000007E-001                  2.8000000000000003E-001                  1.9999999999999907E-002                  3.5140123610418936E-025                  0.0000000000000000E+000                  0.0000000000000000E+000 
                                     110                  9.9999997193975099E-001                  2.6530624614018539E-001                  4.1134112785862476E+000                 -5.6095972019097209E+000                  6.3554354799056645E+000                  7.0000000000000007E-001                  2.8000000000000003E-001                  1.9999999999999907E-002                  3.6135343942407822E-025                  0.0000000000000000E+000                  0.0000000000000000E+000 
                                     111                  9.9999997076139402E-001                  2.6529058609107681E-001                  4.1157440162457561E+000                 -5.5955697590683364E+000                  6.3726675882643598E+000                  7.0000000000000007E-001                  2.8000000000000003E-001                  1.9999999999999907E-002                  3.7323353196089659E-025                  0.0000000000000000E+000                  0.0000000000000000E+000 
                                     112                  9.9999996958303716E-001                  2.6527542215612554E-001                  4.1183527115776419E+000                 -5.5798817748085519E+000                  6.3919465289673632E+000                  7.0000000000000007E-001                  2.8000000000000003E-001                  1.9999999999999907E-002                  3.8698358722393510E-025                  0.0000000000000000E+000                  0.0000000000000000E+000 
                                     113                  9.9999996801189472E-001                  2.6525591856129754E-001                  4.1211808136799615E+000                 -5.5627391352155158E+000                  6.4129837441666817E+000                  7.0000000000000007E-001                  2.8000000000000003E-001                  1.9999999999999907E-002                  4.0258890426559780E-025                  0.0000000000000000E+000                  0.0000000000000000E+000 
                                     114                  9.9999996644075229E-001                  2.6523716734649139E-001                  4.1238698478652509E+000                 -5.5463782026253492E+000                  6.4330522127166976E+000                  7.0000000000000007E-001                  2.8000000000000003E-001                  1.9999999999999907E-002                  4.1806963296097922E-025                  0.0000000000000000E+000                  0.0000000000000000E+000 
                                     115                  9.9999996486960985E-001                  2.6521910709916185E-001                  4.1264330671699607E+000                 -5.5307309615107298E+000                  6.4522372672410500E+000                  7.0000000000000007E-001                  2.8000000000000003E-001                  1.9999999999999907E-002                  4.3343210606961057E-025                  0.0000000000000000E+000                  0.0000000000000000E+000 
                                     116                  9.9999996329846741E-001                  2.6520168382872022E-001                  4.1282710099204447E+000                 -5.5194116078387871E+000                  6.4660917752783691E+000                  7.0000000000000007E-001                  2.8000000000000003E-001                  1.9999999999999907E-002                  4.4489646277699016E-025                  0.0000000000000000E+000                  0.0000000000000000E+000 
                                     117                  9.9999996251289625E-001                  2.6519319555851428E-001                  4.1300663924860013E+000                 -5.5084697312927480E+000                  6.4795189712673169E+000                  7.0000000000000007E-001                  2.8000000000000003E-001                  1.9999999999999907E-002                  4.5626689619997028E-025                  0.0000000000000000E+000                  0.0000000000000000E+000 
                                     118                  9.9999996094175381E-001                  2.6517663996020108E-001                  4.1323619472568307E+000                 -5.4943618192456167E+000                  6.4968021545608305E+000                  7.0000000000000007E-001                  2.8000000000000003E-001                  1.9999999999999907E-002                  4.7135767617644119E-025                  0.0000000000000000E+000                  0.0000000000000000E+000 
                                     119                  9.9999995937061137E-001                  2.6516061171992028E-001                  4.1345657360108765E+000                 -5.4807883580126342E+000                  6.5134261872540504E+000                  7.0000000000000007E-001                  2.8000000000000003E-001                  1.9999999999999907E-002                  4.8634809567790098E-025                  0.0000000000000000E+000                  0.0000000000000000E+000 
                                     120                  9.9999995779946893E-001                  2.6514507498591150E-001                  4.1372131360015532E+000                 -5.4645345281487119E+000                  6.5333522689947250E+000                  7.0000000000000007E-001                  2.8000000000000003E-001                  1.9999999999999907E-002                  5.0492778984144418E-025                  0.0000000000000000E+000                  0.0000000000000000E+000 
                                     121                  9.9999995544275533E-001                  2.6512262303196926E-001                  4.1407182463935213E+000                 -5.4429507889426842E+000                  6.5598020921429017E+000                  7.0000000000000007E-001                  2.8000000000000003E-001                  1.9999999999999907E-002                  5.3070271002152645E-025                  0.0000000000000000E+000                  0.0000000000000000E+000 
                                     122                  9.9999995230047045E-001                  2.6509413348442978E-001                  4.1439909365981435E+000                 -5.4225498118676345E+000                  6.5847394587914501E+000                  7.0000000000000007E-001                  2.8000000000000003E-001                  1.9999999999999907E-002                  5.5627475099447657E-025                  0.0000000000000000E+000                  0.0000000000000000E+000 
                                     123                  9.9999994994375685E-001                  2.6507374339370554E-001                  4.1471191076568239E+000                 -5.4031967879494731E+000                  6.6084426150191780E+000                  7.0000000000000007E-001                  2.8000000000000003E-001                  1.9999999999999907E-002                  5.8167223557846316E-025                  0.0000000000000000E+000                  0.0000000000000000E+000 
                                     124                  9.9999994677369108E-001                  2.6504750739916633E-001                  4.1496516852827341E+000                 -5.3872971034803321E+000                  6.6278541084695028E+000                  7.0000000000000007E-001                  2.8000000000000003E-001                  1.9999999999999907E-002                  6.0340396589526058E-025                  0.0000000000000000E+000                  0.0000000000000000E+000 
                                     125                  9.9999994518865820E-001                  2.6503485927331066E-001                  4.1521054679731506E+000                 -5.3721337092926991E+000                  6.6464370870184091E+000                  7.0000000000000007E-001                  2.8000000000000003E-001                  1.9999999999999907E-002                  6.2488602207777952E-025                  0.0000000000000000E+000                  0.0000000000000000E+000 
                                     126                  9.9999994201859255E-001                  2.6501042787080348E-001                  4.1551995973220146E+000                 -5.3528314605027845E+000                  6.6700438575089516E+000                  7.0000000000000007E-001                  2.8000000000000003E-001                  1.9999999999999907E-002                  6.5334268697546438E-025                  0.0000000000000000E+000                  0.0000000000000000E+000 
                                     127                  9.9999993884852667E-001                  2.6498705468794020E-001                  4.1581324566455731E+000                 -5.3345195804676377E+000                  6.6924380264813603E+000                  7.0000000000000007E-001                  2.8000000000000003E-001                  1.9999999999999907E-002                  6.8153743688588949E-025                  0.0000000000000000E+000                  0.0000000000000000E+000 
                                     128                  9.9999993567846091E-001                  2.6496464299548589E-001                  4.1602251385346261E+000                 -5.3213557213754408E+000                  6.7085102510956469E+000                  7.0000000000000007E-001                  2.8000000000000003E-001                  1.9999999999999907E-002                  7.0255528831870691E-025                  0.0000000000000000E+000                  0.0000000000000000E+000 
                                     129                  9.9999993409342802E-001                  2.6495377046269381E-001                  4.1622642529708944E+000                 -5.3087014879733374E+000                  6.7240103704924126E+000                  7.0000000000000007E-001                  2.8000000000000003E-001                  1.9999999999999907E-002                  7.2337086103869593E-025                  0.0000000000000000E+000                  0.0000000000000000E+000 
                                     130                  9.9999993092336237E-001                  2.6493264751705781E-001                  4.1648605577362998E+000                 -5.2924732394412208E+000                  6.7438562582285861E+000                  7.0000000000000007E-001                  2.8000000000000003E-001                  1.9999999999999907E-002                  7.5097158342825263E-025                  0.0000000000000000E+000                  0.0000000000000000E+000 
                                     131                  9.9999992775329649E-001                  2.6491229639102026E-001                  4.1679674191959037E+000                 -5.2731701532566895E+000                  6.7674974710438303E+000                  7.0000000000000007E-001                  2.8000000000000003E-001                  1.9999999999999907E-002                  7.8517805051601402E-025                  0.0000000000000000E+000                  0.0000000000000000E+000 
                                     132                  9.9999992298418550E-001                  2.6488300574314039E-001                  4.1714833879256545E+000                 -5.2511893354083643E+000                  6.7943803189208420E+000                  7.0000000000000007E-001                  2.8000000000000003E-001                  1.9999999999999907E-002                  8.2603302825582966E-025                  0.0000000000000000E+000                  0.0000000000000000E+000 
                                     133                  9.9999991818704981E-001                  2.6485499151314923E-001                  4.1742533255218426E+000                 -5.2337825565310609E+000                  6.8156435578416694E+000                  7.0000000000000007E-001                  2.8000000000000003E-001                  1.9999999999999907E-002                  8.5989102970608908E-025                  0.0000000000000000E+000                  0.0000000000000000E+000 
                                     134                  9.9999991498895935E-001                  2.6483704625990601E-001                  4.1763856909804167E+000                 -5.2204626456959602E+000                  6.8319376594471324E+000                  7.0000000000000007E-001                  2.8000000000000003E-001                  1.9999999999999907E-002                  8.8673504373543347E-025                  0.0000000000000000E+000                  0.0000000000000000E+000 
                                     135                  9.9999991179086889E-001                  2.6481964091207971E-001                  4.1784419422007808E+000                 -5.2076237239176582E+000                  6.8476449453213224E+000                  7.0000000000000007E-001                  2.8000000000000003E-001                  1.9999999999999907E-002                  9.1340350179930576E-025                  0.0000000000000000E+000                  0.0000000000000000E+000 
                                     136                  9.9999990859277843E-001                  2.6480274057980285E-001                  4.1809224582671876E+000                 -5.1922190848002190E+000                  6.8665152738376802E+000                  7.0000000000000007E-001                  2.8000000000000003E-001                  1.9999999999999907E-002                  9.4646321084562405E-025                  0.0000000000000000E+000                  0.0000000000000000E+000 
                                     137                  9.9999990379564274E-001                  2.6477827001917115E-001                  4.1832843009515521E+000                 -5.1774212611649242E+000                  6.8846036981548568E+000                  7.0000000000000007E-001                  2.8000000000000003E-001                  1.9999999999999907E-002                  9.7934825678224855E-025                  0.0000000000000000E+000                  0.0000000000000000E+000 
                                     138                  9.9999990059755228E-001                  2.6476250061817608E-001                  4.1851193696734503E+000                 -5.1659870474518534E+000                  6.8985984844677954E+000                  7.0000000000000007E-001                  2.8000000000000003E-001                  1.9999999999999907E-002                  1.0055398387048985E-024                  0.0000000000000000E+000                  0.0000000000000000E+000 
                                     139                  9.9999989737819683E-001                  2.6474703718163806E-001                  4.1869099849130595E+000                 -5.1548374081611250E+000                  6.9122467107673549E+000                  7.0000000000000007E-001                  2.8000000000000003E-001                  1.9999999999999907E-002                  1.0317547785874989E-024                  0.0000000000000000E+000                  0.0000000000000000E+000 
                                     140                  9.9999989413757640E-001                  2.6473186452721936E-001                  4.1890874818981931E+000                 -5.1413458987787699E+000                  6.9287805904422521E+000                  7.0000000000000007E-001                  2.8000000000000003E-001                  1.9999999999999907E-002                  1.0643925455026375E-024                  0.0000000000000000E+000                  0.0000000000000000E+000 
                                     141                  9.9999988927664563E-001                  2.6470979885446266E-001                  4.1920056791252147E+000                 -5.1232799050092419E+000                  6.9509233596008331E+000                  7.0000000000000007E-001                  2.8000000000000003E-001                  1.9999999999999907E-002                  1.1097213146916803E-024                  0.0000000000000000E+000                  0.0000000000000000E+000 
                                     142                  9.9999988279540486E-001                  2.6468157181341978E-001                  4.1943758767654504E+000                 -5.1084535178570940E+000                  6.9690484278548643E+000                  7.0000000000000007E-001                  2.8000000000000003E-001                  1.9999999999999907E-002                  1.1483621375142367E-024                  0.0000000000000000E+000                  0.0000000000000000E+000 
                                     143                  9.9999987955478442E-001                  2.6466793001035449E-001                  4.1962969273978112E+000                 -5.0965879550460516E+000                  6.9835972302618279E+000                  7.0000000000000007E-001                  2.8000000000000003E-001                  1.9999999999999907E-002                  1.1802547245582898E-024                  0.0000000000000000E+000                  0.0000000000000000E+000 
                                     144                  9.9999987469385376E-001                  2.6464801650089353E-001                  4.1985165817145189E+000                 -5.0828425956837613E+000                  7.0004389325481764E+000                  7.0000000000000007E-001                  2.8000000000000003E-001                  1.9999999999999907E-002                  1.2183103022816843E-024                  0.0000000000000000E+000                  0.0000000000000000E+000 
                                     145                  9.9999986983292311E-001                  2.6462872076886140E-001                  4.2010116838391243E+000                 -5.0674662425332802E+000                  7.0192993789406790E+000                  7.0000000000000007E-001                  2.8000000000000003E-001                  1.9999999999999907E-002                  1.2623393765282132E-024                  0.0000000000000000E+000                  0.0000000000000000E+000 
                                     146                  9.9999986335168223E-001                  2.6460388430051540E-001                  4.2037338447237538E+000                 -5.0506608039764069E+000                  7.0399011963110576E+000                  7.0000000000000007E-001                  2.8000000000000003E-001                  1.9999999999999907E-002                  1.3122849743059419E-024                  0.0000000000000000E+000                  0.0000000000000000E+000 
                                     147                  9.9999985687044135E-001                  2.6457998652354736E-001                  4.2063373227980705E+000                 -5.0346181847192808E+000                  7.0595740505786120E+000                  7.0000000000000007E-001                  2.8000000000000003E-001                  1.9999999999999907E-002                  1.3618086239876005E-024                  0.0000000000000000E+000                  0.0000000000000000E+000 
                                     148                  9.9999985038920047E-001                  2.6455695167912469E-001                  4.2088434671829811E+000                 -5.0192062444691281E+000                  7.0784799137449648E+000                  7.0000000000000007E-001                  2.8000000000000003E-001                  1.9999999999999907E-002                  1.4111472135345841E-024                  0.0000000000000000E+000                  0.0000000000000000E+000 
                                     149                  9.9999984385042062E-001                  2.6453451905392456E-001                  4.2112702178862600E+000                 -5.0043111372437554E+000                  7.0967574826571944E+000                  7.0000000000000007E-001                  2.8000000000000003E-001                  1.9999999999999907E-002                  1.4605316874012572E-024                  0.0000000000000000E+000                  0.0000000000000000E+000 
                                     150                  9.9999983725410191E-001                  2.6451264867170099E-001                  4.2136130444418507E+000                 -4.9899576396896839E+000                  7.1143755655782766E+000                  7.0000000000000007E-001                  2.8000000000000003E-001                  1.9999999999999907E-002                  1.5097573374552271E-024                  0.0000000000000000E+000                  0.0000000000000000E+000 
                                     151                  9.9999983065778297E-001                  2.6449148614958284E-001                  4.2158686480493879E+000                 -4.9761655210970472E+000                  7.1313099467621877E+000                  7.0000000000000007E-001                  2.8000000000000003E-001                  1.9999999999999907E-002                  1.5586224289464645E-024                  0.0000000000000000E+000                  0.0000000000000000E+000 
                                     152                  9.9999982406146415E-001                  2.6447098218674198E-001                  4.2185855753934680E+000                 -4.9596724628226658E+000                  7.1515933355097276E+000                  7.0000000000000007E-001                  2.8000000000000003E-001                  1.9999999999999907E-002                  1.6191409174563153E-024                  0.0000000000000000E+000                  0.0000000000000000E+000 
                                     153                  9.9999981416698591E-001                  2.6444136722438605E-001                  4.2216824151625651E+000                 -4.9408254009782908E+000                  7.1747516726000287E+000                  7.0000000000000007E-001                  2.8000000000000003E-001                  1.9999999999999907E-002                  1.6911836586587172E-024                  0.0000000000000000E+000                  0.0000000000000000E+000 
                                     154                  9.9999980427250768E-001                  2.6441300429459352E-001                  4.2241404835348844E+000                 -4.9258383291388723E+000                  7.1931542261303898E+000                  7.0000000000000007E-001                  2.8000000000000003E-001                  1.9999999999999907E-002                  1.7507563696687815E-024                  0.0000000000000000E+000                  0.0000000000000000E+000 
                                     155                  9.9999979767618896E-001                  2.6439473411951286E-001                  4.2260577691239378E+000                 -4.9142297460415758E+000                  7.2074304489109524E+000                  7.0000000000000007E-001                  2.8000000000000003E-001                  1.9999999999999907E-002                  1.7983405439554746E-024                  0.0000000000000000E+000                  0.0000000000000000E+000 
                                     156                  9.9999979099152381E-001                  2.6437670532937851E-001                  4.2284144770086423E+000                 -4.9000533129838892E+000                  7.2248897812088604E+000                  7.0000000000000007E-001                  2.8000000000000003E-001                  1.9999999999999907E-002                  1.8582109006558038E-024                  0.0000000000000000E+000                  0.0000000000000000E+000 
                                     157                  9.9999978083200702E-001                  2.6435018063531085E-001                  4.2315857862643780E+000                 -4.8810229254332604E+000                  7.2483351884940186E+000                  7.0000000000000007E-001                  2.8000000000000003E-001                  1.9999999999999907E-002                  1.9417314901792462E-024                  0.0000000000000000E+000                  0.0000000000000000E+000 
                                     158                  9.9999976728598461E-001                  2.6431632357050067E-001                  4.2341584631496048E+000                 -4.8654464940752913E+000                  7.2674764546789916E+000                  7.0000000000000007E-001                  2.8000000000000003E-001                  1.9999999999999907E-002                  2.0128844144109651E-024                  0.0000000000000000E+000                  0.0000000000000000E+000 
                                     159                  9.9999976051297335E-001                  2.6429998860706710E-001                  4.2358262351211105E+000                 -4.8554536156856800E+000                  7.2797859423459181E+000                  7.0000000000000007E-001                  2.8000000000000003E-001                  1.9999999999999907E-002                  2.0599010548716004E-024                  0.0000000000000000E+000                  0.0000000000000000E+000 
                                     160                  9.9999975373996219E-001                  2.6428402343004093E-001                  4.2382608541917257E+000                 -4.8410064992503248E+000                  7.2976223005981211E+000                  7.0000000000000007E-001                  2.8000000000000003E-001                  1.9999999999999907E-002                  2.1298266467417888E-024                  0.0000000000000000E+000                  0.0000000000000000E+000 
                                     161                  9.9999974019393989E-001                  2.6425313279042606E-001                  4.2405803222947345E+000                 -4.8270801740883922E+000                  7.3147597112754479E+000                  7.0000000000000007E-001                  2.8000000000000003E-001                  1.9999999999999907E-002                  2.1994815195959387E-024                  0.0000000000000000E+000                  0.0000000000000000E+000 
                                     162                  9.9999973342092874E-001                  2.6423817252299875E-001                  4.2428405242620215E+000                 -4.8137343125572789E+000                  7.3312486967755879E+000                  7.0000000000000007E-001                  2.8000000000000003E-001                  1.9999999999999907E-002                  2.2683735643933545E-024                  0.0000000000000000E+000                  0.0000000000000000E+000 
                                     163                  9.9999971987490632E-001                  2.6420915305408244E-001                  4.2457199792491656E+000                 -4.7966667907405283E+000                  7.3523086692545565E+000                  7.0000000000000007E-001                  2.8000000000000003E-001                  1.9999999999999907E-002                  2.3596362574754552E-024                  0.0000000000000000E+000                  0.0000000000000000E+000 
                                     164                  9.9999970632888402E-001                  2.6418124642837254E-001                  4.2491611931734132E+000                 -4.7764737273081783E+000                  7.3772802694127568E+000                  7.0000000000000007E-001                  2.8000000000000003E-001                  1.9999999999999907E-002                  2.4723741311853637E-024                  0.0000000000000000E+000                  0.0000000000000000E+000 
                                     165                  9.9999968600985034E-001                  2.6414127889615513E-001                  4.2530956134165834E+000                 -4.7533610539111635E+000                  7.4058405941479295E+000                  7.0000000000000007E-001                  2.8000000000000003E-001                  1.9999999999999907E-002                  2.6080509493060149E-024                  0.0000000000000000E+000                  0.0000000000000000E+000 
                                     166                  9.9999966514824323E-001                  2.6410236025210249E-001                  4.2562270462907632E+000                 -4.7349436114542698E+000                  7.4285811165266500E+000                  7.0000000000000007E-001                  2.8000000000000003E-001                  1.9999999999999907E-002                  2.7214870581792748E-024                  0.0000000000000000E+000                  0.0000000000000000E+000 
                                     167                  9.9999965124050538E-001                  2.6407748630600125E-001                  4.2598539070087034E+000                 -4.7140539518707723E+000                  7.4545031406468922E+000                  7.0000000000000007E-001                  2.8000000000000003E-001                  1.9999999999999907E-002                  2.8561453095273902E-024                  0.0000000000000000E+000                  0.0000000000000000E+000 
                                     168                  9.9999962323882652E-001                  2.6402974530484447E-001                  4.2632695741700370E+000                 -4.6940708178715811E+000                  7.4791865553730412E+000                  7.0000000000000007E-001                  2.8000000000000003E-001                  1.9999999999999907E-002                  2.9912038260914546E-024                  0.0000000000000000E+000                  0.0000000000000000E+000 
                                     169                  9.9999960895868245E-001                  2.6400648778496039E-001                  4.2654959628735751E+000                 -4.6812272033885414E+000                  7.4951028307864638E+000                  7.0000000000000007E-001                  2.8000000000000003E-001                  1.9999999999999907E-002                  3.0813687892340518E-024                  0.0000000000000000E+000                  0.0000000000000000E+000 
                                     170                  9.9999959467853849E-001                  2.6398390442547326E-001                  4.2681866703390323E+000                 -4.6658320627103649E+000                  7.5142152945518985E+000                  7.0000000000000007E-001                  2.8000000000000003E-001                  1.9999999999999907E-002                  3.1930421355624411E-024                  0.0000000000000000E+000                  0.0000000000000000E+000 
                                     171                  9.9999957325832256E-001                  2.6395120293157015E-001                  4.2712678044360421E+000                 -4.6481945320938962E+000                  7.5360989446231761E+000                  7.0000000000000007E-001                  2.8000000000000003E-001                  1.9999999999999907E-002                  3.3259751982082896E-024                  0.0000000000000000E+000                  0.0000000000000000E+000 
                                     172                  9.9999955183810663E-001                  2.6391979594815806E-001                  4.2737237344044532E+000                 -4.6341363713279584E+000                  7.5535339303935061E+000                  7.0000000000000007E-001                  2.8000000000000003E-001                  1.9999999999999907E-002                  3.4358919499390947E-024                  0.0000000000000000E+000                  0.0000000000000000E+000 
                                     173                  9.9999953755796267E-001                  2.6389952125322186E-001                  4.2761072834758975E+000                 -4.6206563820737383E+000                  7.5702989810401338E+000                  7.0000000000000007E-001                  2.8000000000000003E-001                  1.9999999999999907E-002                  3.5447056913361430E-024                  0.0000000000000000E+000                  0.0000000000000000E+000 
                                     174                  9.9999951613774662E-001                  2.6387003359791261E-001                  4.2783092489173526E+000                 -4.6081385360739606E+000                  7.5858399734462036E+000                  7.0000000000000007E-001                  2.8000000000000003E-001                  1.9999999999999907E-002                  3.6488433375872174E-024                  0.0000000000000000E+000                  0.0000000000000000E+000 
                                     175                  9.9999950321974407E-001                  2.6385275278898562E-001                  4.2807313694695202E+000                 -4.5945766374235903E+000                  7.6027390305917590E+000                  7.0000000000000007E-001                  2.8000000000000003E-001                  1.9999999999999907E-002                  3.7651300809001226E-024                  0.0000000000000000E+000                  0.0000000000000000E+000 
                                     176                  9.9999947738373918E-001                  2.6381924788766353E-001                  4.2830479837315547E+000                 -4.5814796322270812E+000                  7.6190100014665623E+000                  7.0000000000000007E-001                  2.8000000000000003E-001                  1.9999999999999907E-002                  3.8809550800705595E-024                  0.0000000000000000E+000                  0.0000000000000000E+000 
                                     177                  9.9999946446573662E-001                  2.6380299030440391E-001                  4.2853095470294225E+000                 -4.5689050943953911E+000                  7.6346956321797519E+000                  7.0000000000000007E-001                  2.8000000000000003E-001                  1.9999999999999907E-002                  3.9955187795321161E-024                  0.0000000000000000E+000                  0.0000000000000000E+000 
                                     178                  9.9999943862973162E-001                  2.6377139786079135E-001                  4.2882006742076415E+000                 -4.5527940776424112E+000                  7.6547713618587183E+000                  7.0000000000000007E-001                  2.8000000000000003E-001                  1.9999999999999907E-002                  4.1472702767229886E-024                  0.0000000000000000E+000                  0.0000000000000000E+000 
                                     179                  9.9999941279372662E-001                  2.6374094940558707E-001                  4.2916157587879029E+000                 -4.5339625226606008E+000                  7.6782905873866643E+000                  7.0000000000000007E-001                  2.8000000000000003E-001                  1.9999999999999907E-002                  4.3319859263368427E-024                  0.0000000000000000E+000                  0.0000000000000000E+000 
                                     180                  9.9999937499457314E-001                  2.6369828162078479E-001                  4.2952739205023427E+000                 -4.5137720191231576E+000                  7.7034841823775153E+000                  7.0000000000000007E-001                  2.8000000000000003E-001                  1.9999999999999907E-002                  4.5392029944982695E-024                  0.0000000000000000E+000                  0.0000000000000000E+000 
                                     181                  9.9999934072317653E-001                  2.6366134316530498E-001                  4.2991702503901132E+000                 -4.4925397141095686E+000                  7.7300509228483794E+000                  7.0000000000000007E-001                  2.8000000000000003E-001                  1.9999999999999907E-002                  4.7678408595719891E-024                  0.0000000000000000E+000                  0.0000000000000000E+000 
                                     182                  9.9999929435555801E-001                  2.6361373776432317E-001                  4.3023364922258649E+000                 -4.4751620733545048E+000                  7.7517372286662782E+000                  7.0000000000000007E-001                  2.8000000000000003E-001                  1.9999999999999907E-002                  4.9635368250462728E-024                  0.0000000000000000E+000                  0.0000000000000000E+000 
                                     183                  9.9999927117174892E-001                  2.6359086312196228E-001                  4.3044870960527888E+000                 -4.4635269909819355E+000                  7.7663066049262452E+000                  7.0000000000000007E-001                  2.8000000000000003E-001                  1.9999999999999907E-002                  5.0990448867227253E-024                  0.0000000000000000E+000                  0.0000000000000000E+000 
                                     184                  9.9999924565061638E-001                  2.6356634396864742E-001                  4.3073664140359309E+000                 -4.4480922409780019E+000                  7.7856732467896954E+000                  7.0000000000000007E-001                  2.8000000000000003E-001                  1.9999999999999907E-002                  5.2845469732666919E-024                  0.0000000000000000E+000                  0.0000000000000000E+000 
                                     185                  9.9999920386293284E-001                  2.6352759019625271E-001                  4.3113404967378628E+000                 -4.4268944361329909E+000                  7.8122890304880759E+000                  7.0000000000000007E-001                  2.8000000000000003E-001                  1.9999999999999907E-002                  5.5503907754185179E-024                  0.0000000000000000E+000                  0.0000000000000000E+000 
                                     186                  9.9999914814602109E-001                  2.6347836506490985E-001                  4.3145841426751659E+000                 -4.4094874639061006E+000                  7.8340920743699911E+000                  7.0000000000000007E-001                  2.8000000000000003E-001                  1.9999999999999907E-002                  5.7786917733747096E-024                  0.0000000000000000E+000                  0.0000000000000000E+000 
                                     187                  9.9999911945308129E-001                  2.6345400500769189E-001                  4.3167222715697759E+000                 -4.3981668500511564E+000                  7.8483166348791160E+000                  7.0000000000000007E-001                  2.8000000000000003E-001                  1.9999999999999907E-002                  5.9321969977915800E-024                  0.0000000000000000E+000                  0.0000000000000000E+000 
                                     188                  9.9999909076014137E-001                  2.6343026778871509E-001                  4.3193177769657387E+000                 -4.3845408805673882E+000                  7.8654698720036826E+000                  7.0000000000000007E-001                  2.8000000000000003E-001                  1.9999999999999907E-002                  6.1223954581725079E-024                  0.0000000000000000E+000                  0.0000000000000000E+000 
                                     189                  9.9999904772073156E-001                  2.6339575480547783E-001                  4.3221910755609274E+000                 -4.3694587416667598E+000                  7.8844457295241215E+000                  7.0000000000000007E-001                  2.8000000000000003E-001                  1.9999999999999907E-002                  6.3400592532721041E-024                  0.0000000000000000E+000                  0.0000000000000000E+000 
                                     190                  9.9999900806057962E-001                  2.6336503020216306E-001                  4.3252141942255591E+000                 -4.3537390753272831E+000                  7.9042632344455104E+000                  7.0000000000000007E-001                  2.8000000000000003E-001                  1.9999999999999907E-002                  6.5751883194261892E-024                  0.0000000000000000E+000                  0.0000000000000000E+000 
                                     191                  9.9999895743321565E-001                  2.6332719462181237E-001                  4.3287521046362265E+000                 -4.3354473123822510E+000                  7.9273436407954518E+000                  7.0000000000000007E-001                  2.8000000000000003E-001                  1.9999999999999907E-002                  6.8598223047070467E-024                  0.0000000000000000E+000                  0.0000000000000000E+000 
                                     192                  9.9999889761883864E-001                  2.6328432496937015E-001                  4.3316308089037943E+000                 -4.3205368680407510E+000                  7.9461344034408024E+000                  7.0000000000000007E-001                  2.8000000000000003E-001                  1.9999999999999907E-002                  7.1009598866153688E-024                  0.0000000000000000E+000                  0.0000000000000000E+000 
                                     193                  9.9999886311814368E-001                  2.6326042694877594E-001                  4.3344878247104655E+000                 -4.3060002039091900E+000                  7.9645347934636765E+000                  7.0000000000000007E-001                  2.8000000000000003E-001                  1.9999999999999907E-002                  7.3442360928125938E-024                  0.0000000000000000E+000                  0.0000000000000000E+000 
                                     194                  9.9999880124429630E-001                  2.6321896949961604E-001                  4.3371181373636958E+000                 -4.2925186845742589E+000                  7.9815534031803139E+000                  7.0000000000000007E-001                  2.8000000000000003E-001                  1.9999999999999907E-002                  7.5773205881522245E-024                  0.0000000000000000E+000                  0.0000000000000000E+000 
                                     195                  9.9999877030737261E-001                  2.6319887008550130E-001                  4.3394567204358721E+000                 -4.2807277406160722E+000                  7.9964989835180482E+000                  7.0000000000000007E-001                  2.8000000000000003E-001                  1.9999999999999907E-002                  7.7872519533404080E-024                  0.0000000000000000E+000                  0.0000000000000000E+000 
                                     196                  9.9999871670036500E-001                  2.6316496866511163E-001                  4.3420950610158053E+000                 -4.2674073835939614E+000                  8.0133667198552008E+000                  7.0000000000000007E-001                  2.8000000000000003E-001                  1.9999999999999907E-002                  8.0314415356440380E-024                  0.0000000000000000E+000                  0.0000000000000000E+000 
                                     197                  9.9999867136019704E-001                  2.6313715541964927E-001                  4.3448090908111867E+000                 -4.2538396752025021E+000                  8.0305854421871707E+000                  7.0000000000000007E-001                  2.8000000000000003E-001                  1.9999999999999907E-002                  8.2880648716853411E-024                  0.0000000000000000E+000                  0.0000000000000000E+000 
                                     198                  9.9999861167827309E-001                  2.6310166275470137E-001                  4.3472156484914510E+000                 -4.2417895326638115E+000                  8.0458617779533519E+000                  7.0000000000000007E-001                  2.8000000000000003E-001                  1.9999999999999907E-002                  8.5228746381737863E-024                  0.0000000000000000E+000                  0.0000000000000000E+000 
                                     199                  9.9999857466643305E-001                  2.6308025004217306E-001                  4.3499592889588765E+000                 -4.2282757688338588E+000                  8.0630643474981021E+000                  7.0000000000000007E-001                  2.8000000000000003E-001                  1.9999999999999907E-002                  8.7941539703301533E-024                  0.0000000000000000E+000                  0.0000000000000000E+000 
                                     200                  9.9999849866422974E-001                  2.6303761767025874E-001                  4.3526091175615429E+000                 -4.2151222254185514E+000                  8.0797599241284228E+000                  7.0000000000000007E-001                  2.8000000000000003E-001                  1.9999999999999907E-002                  9.0665208170276836E-024                  0.0000000000000000E+000                  0.0000000000000000E+000 
                                     201                  9.9999846066312814E-001                  2.6301693288894507E-001                  4.3543356161849802E+000                 -4.2066472080103434E+000                  8.0905461023035450E+000                  7.0000000000000007E-001                  2.8000000000000003E-001                  1.9999999999999907E-002                  9.2464783919303415E-024                  0.0000000000000000E+000                  0.0000000000000000E+000 
                                     202                  9.9999842266202654E-001                  2.6299664497586900E-001                  4.3569245515183468E+000                 -4.1940776571353027E+000                  8.1065860819698141E+000                  7.0000000000000007E-001                  2.8000000000000003E-001                  1.9999999999999907E-002                  9.5200002434185558E-024                  0.0000000000000000E+000                  0.0000000000000000E+000 
                                     203                  9.9999834411431077E-001                  2.6295589787173823E-001                  4.3600884844755088E+000                 -4.1786888351313722E+000                  8.1261994055243747E+000                  7.0000000000000007E-001                  2.8000000000000003E-001                  1.9999999999999907E-002                  9.8659518542850292E-024                  0.0000000000000000E+000                  0.0000000000000000E+000 
                                     204                  9.9999827422878529E-001                  2.6292089729317702E-001                  4.3629615383077640E+000                 -4.1648238091278920E+000                  8.1438975743386983E+000                  7.0000000000000007E-001                  2.8000000000000003E-001                  1.9999999999999907E-002                  1.0188439764759830E-023                  0.0000000000000000E+000                  0.0000000000000000E+000 
                                     205                  9.9999820434326003E-001                  2.6288698840410657E-001                  4.3659887907270791E+000                 -4.1503329743277027E+000                  8.1624248238791033E+000                  7.0000000000000007E-001                  2.8000000000000003E-001                  1.9999999999999907E-002                  1.0536796026472430E-023                  0.0000000000000000E+000                  0.0000000000000000E+000 
                                     206                  9.9999812172527769E-001                  2.6284820739443687E-001                  4.3691437484146505E+000                 -4.1353046774222548E+000                  8.1816518065994011E+000                  7.0000000000000007E-001                  2.8000000000000003E-001                  1.9999999999999907E-002                  1.0910706812540537E-023                  0.0000000000000000E+000                  0.0000000000000000E+000 
                                     207                  9.9999803910729534E-001                  2.6281073553931439E-001                  4.3718343014808676E+000                 -4.1225396117545055E+000                  8.1979902351940037E+000                  7.0000000000000007E-001                  2.8000000000000003E-001                  1.9999999999999907E-002                  1.1238750252053097E-023                  0.0000000000000000E+000                  0.0000000000000000E+000 
                                     208                  9.9999797549856151E-001                  2.6278271473909942E-001                  4.3747058962768071E+000                 -4.1090871321879980E+000                  8.2152606829763588E+000                  7.0000000000000007E-001                  2.8000000000000003E-001                  1.9999999999999907E-002                  1.1595180035054502E-023                  0.0000000000000000E+000                  0.0000000000000000E+000 
                                     209                  9.9999787848144917E-001                  2.6274127053112151E-001                  4.3784376526643118E+000                 -4.0917056927113222E+000                  8.2375942298578622E+000                  7.0000000000000007E-001                  2.8000000000000003E-001                  1.9999999999999907E-002                  1.2072565099024326E-023                  0.0000000000000000E+000                  0.0000000000000000E+000 
                                     210                  9.9999775816588365E-001                  2.6269187449073184E-001                  4.3831012191333665E+000                 -4.0702289980155992E+000                  8.2652525641992689E+000                  7.0000000000000007E-001                  2.8000000000000003E-001                  1.9999999999999907E-002                  1.2689770563371479E-023                  0.0000000000000000E+000                  0.0000000000000000E+000 
                                     211                  9.9999759349953510E-001                  2.6262750662256484E-001                  4.3869864019538101E+000                 -4.0522768714470017E+000                  8.2883226751899919E+000                  7.0000000000000007E-001                  2.8000000000000003E-001                  1.9999999999999907E-002                  1.3229929922884585E-023                  0.0000000000000000E+000                  0.0000000000000000E+000 
                                     212                  9.9999750632545259E-001                  2.6259479928867147E-001                  4.3896964868141914E+000                 -4.0399574289004585E+000                  8.3042178687037325E+000                  7.0000000000000007E-001                  2.8000000000000003E-001                  1.9999999999999907E-002                  1.3613907725150544E-023                  0.0000000000000000E+000                  0.0000000000000000E+000 
                                     213                  9.9999741208727699E-001                  2.6256042245980127E-001                  4.3924358701702584E+000                 -4.0275731564967501E+000                  8.3202115402008854E+000                  7.0000000000000007E-001                  2.8000000000000003E-001                  1.9999999999999907E-002                  1.4011186240787772E-023                  0.0000000000000000E+000                  0.0000000000000000E+000 
                                     214                  9.9999731702299655E-001                  2.6252671126324162E-001                  4.3951386998181610E+000                 -4.0154309113046862E+000                  8.3359110067210036E+000                  7.0000000000000007E-001                  2.8000000000000003E-001                  1.9999999999999907E-002                  1.4412001952168386E-023                  0.0000000000000000E+000                  0.0000000000000000E+000 
                                     215                  9.9999721942182640E-001                  2.6249304688128117E-001                  4.3976552815827947E+000                 -4.0041791942448723E+000                  8.3504697995532347E+000                  7.0000000000000007E-001                  2.8000000000000003E-001                  1.9999999999999907E-002                  1.4793693555631083E-023                  0.0000000000000000E+000                  0.0000000000000000E+000 
                                     216                  9.9999713208101071E-001                  2.6246368555382665E-001                  4.4003092760472011E+000                 -3.9924192483538561E+000                  8.3657169923783918E+000                  7.0000000000000007E-001                  2.8000000000000003E-001                  1.9999999999999907E-002                  1.5203481025394385E-023                  0.0000000000000000E+000                  0.0000000000000000E+000 
                                     217                  9.9999701902649585E-001                  2.6242668689801230E-001                  4.4030770432894180E+000                 -3.9801928286245851E+000                  8.3815720803575644E+000                  7.0000000000000007E-001                  2.8000000000000003E-001                  1.9999999999999907E-002                  1.5641616085042682E-023                  0.0000000000000000E+000                  0.0000000000000000E+000 
                                     218                  9.9999691617170028E-001                  2.6239395277116129E-001                  4.4063215996918652E+000                 -3.9660319015230212E+000                  8.3999883056783293E+000                  7.0000000000000007E-001                  2.8000000000000003E-001                  1.9999999999999907E-002                  1.6164949850219852E-023                  0.0000000000000000E+000                  0.0000000000000000E+000 
                                     219                  9.9999675822113177E-001                  2.6234528308043825E-001                  4.4101345894966224E+000                 -3.9494541027187537E+000                  8.4215523459230752E+000                  7.0000000000000007E-001                  2.8000000000000003E-001                  1.9999999999999907E-002                  1.6799992932407621E-023                  0.0000000000000000E+000                  0.0000000000000000E+000 
                                     220                  9.9999659653721473E-001                  2.6229731289727132E-001                  4.4134069001541043E+000                 -3.9353003544375253E+000                  8.4399745994040440E+000                  7.0000000000000007E-001                  2.8000000000000003E-001                  1.9999999999999907E-002                  1.7361974681678003E-023                  0.0000000000000000E+000                  0.0000000000000000E+000 
                                     221                  9.9999647242553513E-001                  2.6226166048713523E-001                  4.4166685322135999E+000                 -3.9213805916594393E+000                  8.4581509129512256E+000                  7.0000000000000007E-001                  2.8000000000000003E-001                  1.9999999999999907E-002                  1.7933083946464661E-023                  0.0000000000000000E+000                  0.0000000000000000E+000 
                                     222                  9.9999630251885552E-001                  2.6221437897788075E-001                  4.4198742568289271E+000                 -3.9077212900835496E+000                  8.4759801484617103E+000                  7.0000000000000007E-001                  2.8000000000000003E-001                  1.9999999999999907E-002                  1.8511852154451366E-023                  0.0000000000000000E+000                  0.0000000000000000E+000 
                                     223                  9.9999617194669865E-001                  2.6217915844612233E-001                  4.4233562158321007E+000                 -3.8931069797898341E+000                  8.4951277064806234E+000                  7.0000000000000007E-001                  2.8000000000000003E-001                  1.9999999999999907E-002                  1.9151884809011762E-023                  0.0000000000000000E+000                  0.0000000000000000E+000 
                                     224                  9.9999596589351214E-001                  2.6212540035713766E-001                  4.4266128499557036E+000                 -3.8794085416046959E+000                  8.5130467406451018E+000                  7.0000000000000007E-001                  2.8000000000000003E-001                  1.9999999999999907E-002                  1.9771982769467718E-023                  0.0000000000000000E+000                  0.0000000000000000E+000 
                                     225                  9.9999584335090685E-001                  2.6209441330398098E-001                  4.4289785519882763E+000                 -3.8695726501377932E+000                  8.5259499373133796E+000                  7.0000000000000007E-001                  2.8000000000000003E-001                  1.9999999999999907E-002                  2.0229639124870594E-023                  0.0000000000000000E+000                  0.0000000000000000E+000 
                                     226                  9.9999572080830157E-001                  2.6206411374441690E-001                  4.4325177608238464E+000                 -3.8550641131395866E+000                  8.5450520545304549E+000                  7.0000000000000007E-001                  2.8000000000000003E-001                  1.9999999999999907E-002                  2.0924215305489302E-023                  0.0000000000000000E+000                  0.0000000000000000E+000 
                                     227                  9.9999546699231068E-001                  2.6200339872072309E-001                  4.4359768354982601E+000                 -3.8407973992830406E+000                  8.5637822904141974E+000                  7.0000000000000007E-001                  2.8000000000000003E-001                  1.9999999999999907E-002                  2.1630583797701675E-023                  0.0000000000000000E+000                  0.0000000000000000E+000 
                                     228                  9.9999533556450171E-001                  2.6197296644246076E-001                  4.4394640676911665E+000                 -3.8267228625258616E+000                  8.5823690627819360E+000                  7.0000000000000007E-001                  2.8000000000000003E-001                  1.9999999999999907E-002                  2.2350920892242895E-023                  0.0000000000000000E+000                  0.0000000000000000E+000 
                                     229                  9.9999506802922911E-001                  2.6191297499458815E-001                  4.4428381186119354E+000                 -3.8130259243051956E+000                  8.6004074460621798E+000                  7.0000000000000007E-001                  2.8000000000000003E-001                  1.9999999999999907E-002                  2.3075078202717060E-023                  0.0000000000000000E+000                  0.0000000000000000E+000 
                                     230                  9.9999493192176547E-001                  2.6188339298591851E-001                  4.4450982766317209E+000                 -3.8039718796159532E+000                  8.6123723292214507E+000                  7.0000000000000007E-001                  2.8000000000000003E-001                  1.9999999999999907E-002                  2.3566667298746044E-023                  0.0000000000000000E+000                  0.0000000000000000E+000 
                                     231                  9.9999479096920041E-001                  2.6185338381171852E-001                  4.4485041370145710E+000                 -3.7905032126481921E+000                  8.6302307072124336E+000                  7.0000000000000007E-001                  2.8000000000000003E-001                  1.9999999999999907E-002                  2.4317496467555213E-023                  0.0000000000000000E+000                  0.0000000000000000E+000 
                                     232                  9.9999450404772183E-001                  2.6179414459263028E-001                  4.4518054603627357E+000                 -3.7773764751164594E+000                  8.6475900654991360E+000                  7.0000000000000007E-001                  2.8000000000000003E-001                  1.9999999999999907E-002                  2.5072401345944401E-023                  0.0000000000000000E+000                  0.0000000000000000E+000 
                                     233                  9.9999435807880821E-001                  2.6176489548384890E-001                  4.4551406207909716E+000                 -3.7643842675493779E+000                  8.6648689875215616E+000                  7.0000000000000007E-001                  2.8000000000000003E-001                  1.9999999999999907E-002                  2.5842770264420119E-023                  0.0000000000000000E+000                  0.0000000000000000E+000 
                                     234                  9.9999405575378542E-001                  2.6170608344464008E-001                  4.4584152022779495E+000                 -3.7515608433435572E+000                  8.6818799690377517E+000                  7.0000000000000007E-001                  2.8000000000000003E-001                  1.9999999999999907E-002                  2.6626468639369878E-023                  0.0000000000000000E+000                  0.0000000000000000E+000 
                                     235                  9.9999389921421700E-001                  2.6167650839825896E-001                  4.4605982001477820E+000                 -3.7431158960885851E+000                  8.6931184624075524E+000                  7.0000000000000007E-001                  2.8000000000000003E-001                  1.9999999999999907E-002                  2.7155585695028777E-023                  0.0000000000000000E+000                  0.0000000000000000E+000 
                                     236                  9.9999374267464858E-001                  2.6164749701965206E-001                  4.4638749371525588E+000                 -3.7305974319405992E+000                  8.7098332268032248E+000                  7.0000000000000007E-001                  2.8000000000000003E-001                  1.9999999999999907E-002                  2.7959445973816818E-023                  0.0000000000000000E+000                  0.0000000000000000E+000 
                                     237                  9.9999341846162881E-001                  2.6158910045063011E-001                  4.4681902456081124E+000                 -3.7141487300454590E+000                  8.7317900660966039E+000                  7.0000000000000007E-001                  2.8000000000000003E-001                  1.9999999999999907E-002                  2.9052179951176471E-023                  0.0000000000000000E+000                  0.0000000000000000E+000 
                                     238                  9.9999308272166032E-001                  2.6153085175673840E-001                  4.4724748376988241E+000                 -3.6979723598886003E+000                  8.7534261296423264E+000                  7.0000000000000007E-001                  2.8000000000000003E-001                  1.9999999999999907E-002                  3.0168712312591557E-023                  0.0000000000000000E+000                  0.0000000000000000E+000 
                                     239                  9.9999273504792074E-001                  2.6147271467289024E-001                  4.4767314831109601E+000                 -3.6820523949005652E+000                  8.7747611599886337E+000                  7.0000000000000007E-001                  2.8000000000000003E-001                  1.9999999999999907E-002                  3.1309686345982770E-023                  0.0000000000000000E+000                  0.0000000000000000E+000 
                                     240                  9.9999237501935401E-001                  2.6141465525915469E-001                  4.4809627323729773E+000                 -3.6663741616161358E+000                  8.7958132907895887E+000                  7.0000000000000007E-001                  2.8000000000000003E-001                  1.9999999999999907E-002                  3.2475758957889967E-023                  0.0000000000000000E+000                  0.0000000000000000E+000 
                                     241                  9.9999200220017792E-001                  2.6135664166087780E-001                  4.4851709401369746E+000                 -3.6509241597512201E+000                  8.8165992147764012E+000                  7.0000000000000007E-001                  2.8000000000000003E-001                  1.9999999999999907E-002                  3.3667597516731515E-023                  0.0000000000000000E+000                  0.0000000000000000E+000 
                                     242                  9.9999161613937382E-001                  2.6129864389199153E-001                  4.4893582904892142E+000                 -3.6356900119211408E+000                  8.8371343303471264E+000                  7.0000000000000007E-001                  2.8000000000000003E-001                  1.9999999999999907E-002                  3.4885874747945246E-023                  0.0000000000000000E+000                  0.0000000000000000E+000 
                                     243                  9.9999121637015942E-001                  2.6124063363532235E-001                  4.4935268173181857E+000                 -3.6206602787635607E+000                  8.8574328699587230E+000                  7.0000000000000007E-001                  2.8000000000000003E-001                  1.9999999999999907E-002                  3.6131274992908146E-023                  0.0000000000000000E+000                  0.0000000000000000E+000 
                                     244                  9.9999080240944349E-001                  2.6118258407614942E-001                  4.4976784173220326E+000                 -3.6058243534960388E+000                  8.8775080129686206E+000                  7.0000000000000007E-001                  2.8000000000000003E-001                  1.9999999999999907E-002                  3.7404495989142555E-023                  0.0000000000000000E+000                  0.0000000000000000E+000 
                                     245                  9.9999037375726252E-001                  2.6112446975683878E-001                  4.5018148611968236E+000                 -3.5911723808623419E+000                  8.8973719851340487E+000                  7.0000000000000007E-001                  2.8000000000000003E-001                  1.9999999999999907E-002                  3.8706249668463037E-023                  0.0000000000000000E+000                  0.0000000000000000E+000 
                                     246                  9.9998992989619606E-001                  2.6106626644819070E-001                  4.5059378072154317E+000                 -3.5766952242193990E+000                  8.9170361466197861E+000                  7.0000000000000007E-001                  2.8000000000000003E-001                  1.9999999999999907E-002                  4.0037259338007782E-023                  0.0000000000000000E+000                  0.0000000000000000E+000 
                                     247                  9.9998947029076546E-001                  2.6100795103002528E-001                  4.5100488176575730E+000                 -3.5623844246568215E+000                  8.9365110700734274E+000                  7.0000000000000007E-001                  2.8000000000000003E-001                  1.9999999999999907E-002                  4.1398257682828349E-023                  0.0000000000000000E+000                  0.0000000000000000E+000 
                                     248                  9.9998899438680933E-001                  2.6094950138126738E-001                  4.5141493701454705E+000                 -3.5482321144821931E+000                  8.9558066100854603E+000                  7.0000000000000007E-001                  2.8000000000000003E-001                  1.9999999999999907E-002                  4.2789989560704914E-023                  0.0000000000000000E+000                  0.0000000000000000E+000 
                                     249                  9.9998850161083896E-001                  2.6089089628490769E-001                  4.5182408638660476E+000                 -3.5342309616408598E+000                  8.9749319651509634E+000                  7.0000000000000007E-001                  2.8000000000000003E-001                  1.9999999999999907E-002                  4.4213212782102543E-023                  0.0000000000000000E+000                  0.0000000000000000E+000 
                                     250                  9.9998799136937211E-001                  2.6083211534321843E-001                  4.5223246250970197E+000                 -3.5203741224373348E+000                  8.9938957330849423E+000                  7.0000000000000007E-001                  2.8000000000000003E-001                  1.9999999999999907E-002                  4.5668698660910577E-023                  0.0000000000000000E+000                  0.0000000000000000E+000 
                                     251                  9.9998746304824260E-001                  2.6077313890159659E-001                  4.5264019155963364E+000                 -3.5066552127065584E+000                  9.0127059607050306E+000                  7.0000000000000007E-001                  2.8000000000000003E-001                  1.9999999999999907E-002                  4.7157231080277237E-023                  0.0000000000000000E+000                  0.0000000000000000E+000 
                                     252                  9.9998691601188927E-001                  2.6071394797818787E-001                  4.5304739429813212E+000                 -3.4930682834243609E+000                  9.0313701884801070E+000                  7.0000000000000007E-001                  2.8000000000000003E-001                  1.9999999999999907E-002                  4.8679605262612354E-023                  0.0000000000000000E+000                  0.0000000000000000E+000 
                                     253                  9.9998634960261790E-001                  2.6065452419831880E-001                  4.5345418673197821E+000                 -3.4796077859942978E+000                  9.0498954907465539E+000                  7.0000000000000007E-001                  2.8000000000000003E-001                  1.9999999999999907E-002                  5.0236627893122346E-023                  0.0000000000000000E+000                  0.0000000000000000E+000 
                                     254                  9.9998576313983967E-001                  2.6059484973484554E-001                  4.5386068044276930E+000                 -3.4662685394492811E+000                  9.0682885120160233E+000                  7.0000000000000007E-001                  2.8000000000000003E-001                  1.9999999999999907E-002                  5.1829117406200368E-023                  0.0000000000000000E+000                  0.0000000000000000E+000 
                                     255                  9.9998515591928339E-001                  2.6053490725392303E-001                  4.5426698290703955E+000                 -3.4530457003412018E+000                  9.0865554998258187E+000                  7.0000000000000007E-001                  2.8000000000000003E-001                  1.9999999999999907E-002                  5.3457904328954054E-023                  0.0000000000000000E+000                  0.0000000000000000E+000 
                                     256                  9.9998452721218067E-001                  2.6047467986561523E-001                  4.5467319795510237E+000                 -3.4399347290557873E+000                  9.1047023345162632E+000                  7.0000000000000007E-001                  2.8000000000000003E-001                  1.9999999999999907E-002                  5.5123832457708756E-023                  0.0000000000000000E+000                  0.0000000000000000E+000 
                                     257                  9.9998387626442309E-001                  2.6041415107978960E-001                  4.5507942632543434E+000                 -3.4269313786294817E+000                  9.1227345562716309E+000                  7.0000000000000007E-001                  2.8000000000000003E-001                  1.9999999999999907E-002                  5.6827757537508189E-023                  0.0000000000000000E+000                  0.0000000000000000E+000 
                                     258                  9.9998320229569149E-001                  2.6035330476397112E-001                  4.5548576603437629E+000                 -3.4140316838154154E+000                  9.1406573897227510E+000                  7.0000000000000007E-001                  2.8000000000000003E-001                  1.9999999999999907E-002                  5.8570545897934245E-023                  0.0000000000000000E+000                  0.0000000000000000E+000 
                                     259                  9.9998250449855608E-001                  2.6029212510304151E-001                  4.5589231262740277E+000                 -3.4012319413157757E+000                  9.1584757663713798E+000                  7.0000000000000007E-001                  2.8000000000000003E-001                  1.9999999999999907E-002                  6.0353074328757537E-023                  0.0000000000000000E+000                  0.0000000000000000E+000 
                                     260                  9.9998178203754395E-001                  2.6023059656185321E-001                  4.5629915939345729E+000                 -3.3885286892821509E+000                  9.1761943450643226E+000                  7.0000000000000007E-001                  2.8000000000000003E-001                  1.9999999999999907E-002                  6.2176230288109335E-023                  0.0000000000000000E+000                  0.0000000000000000E+000 
                                     261                  9.9998103404817817E-001                  2.6016870385079072E-001                  4.5670639752531690E+000                 -3.3759186734828455E+000                  9.1938175307179932E+000                  7.0000000000000007E-001                  2.8000000000000003E-001                  1.9999999999999907E-002                  6.4040914382742698E-023                  0.0000000000000000E+000                  0.0000000000000000E+000 
                                     262                  9.9998025963598280E-001                  2.6010643189617061E-001                  4.5711411626474288E+000                 -3.3633988419323844E+000                  9.2113494914700151E+000                  7.0000000000000007E-001                  2.8000000000000003E-001                  1.9999999999999907E-002                  6.5948039108737672E-023                  0.0000000000000000E+000                  0.0000000000000000E+000 
                                     263                  9.9997945787545306E-001                  2.6004376581139188E-001                  4.5752240310743444E+000                 -3.3509663418628786E+000                  9.2287941744143041E+000                  7.0000000000000007E-001                  2.8000000000000003E-001                  1.9999999999999907E-002                  6.7898527152615469E-023                  0.0000000000000000E+000                  0.0000000000000000E+000 
                                     264                  9.9997862780899371E-001                  2.5998069086841552E-001                  4.5793134403328910E+000                 -3.3386185082279947E+000                  9.2461553200586852E+000                  7.0000000000000007E-001                  2.8000000000000003E-001                  1.9999999999999907E-002                  6.9893310947583730E-023                  0.0000000000000000E+000                  0.0000000000000000E+000 
                                     265                  9.9997776844581965E-001                  2.5991719247073503E-001                  4.5834102367551761E+000                 -3.3263528539777001E+000                  9.2634364756277510E+000                  7.0000000000000007E-001                  2.8000000000000003E-001                  1.9999999999999907E-002                  7.1933332038259590E-023                  0.0000000000000000E+000                  0.0000000000000000E+000 
                                     266                  9.9997687876081964E-001                  2.5985325612751120E-001                  4.5875152522295020E+000                 -3.3141670415377802E+000                  9.2806410073205221E+000                  7.0000000000000007E-001                  2.8000000000000003E-001                  1.9999999999999907E-002                  7.4019543779175942E-023                  0.0000000000000000E+000                  0.0000000000000000E+000 
                                     267                  9.9997595769338254E-001                  2.5978886743165147E-001                  4.5916293025968962E+000                 -3.3020588732462852E+000                  9.2977721116208407E+000                  7.0000000000000007E-001                  2.8000000000000003E-001                  1.9999999999999907E-002                  7.6152911295352645E-023                  0.0000000000000000E+000                  0.0000000000000000E+000 
                                     268                  9.9997500414618401E-001                  2.5972401203907025E-001                  4.5957531888632355E+000                 -3.2900262873855453E+000                  9.3148328257513207E+000                  7.0000000000000007E-001                  2.8000000000000003E-001                  1.9999999999999907E-002                  7.8334410534508886E-023                  0.0000000000000000E+000                  0.0000000000000000E+000 
                                     269                  9.9997401698393096E-001                  2.5965867564826506E-001                  4.5998876994635411E+000                 -3.2780673506771438E+000                  9.3318260373487938E+000                  7.0000000000000007E-001                  2.8000000000000003E-001                  1.9999999999999907E-002                  8.0565027945948004E-023                  0.0000000000000000E+000                  0.0000000000000000E+000 
                                     270                  9.9997299503206483E-001                  2.5959284398072457E-001                  4.6040336113203724E+000                 -3.2661802498325812E+000                  9.3487544934268882E+000                  7.0000000000000007E-001                  2.8000000000000003E-001                  1.9999999999999907E-002                  8.2845760416451685E-023                  0.0000000000000000E+000                  0.0000000000000000E+000 
                                     271                  9.9997193707542120E-001                  2.5952650276227918E-001                  4.6081916869023161E+000                 -3.2543632783300205E+000                  9.3656208086876180E+000                  7.0000000000000007E-001                  2.8000000000000003E-001                  1.9999999999999907E-002                  8.5177616276429302E-023                  0.0000000000000000E+000                  0.0000000000000000E+000 
                                     272                  9.9997084185684348E-001                  2.5945963770619074E-001                  4.6123626709948971E+000                 -3.2426148224380982E+000                  9.3824274732382733E+000                  7.0000000000000007E-001                  2.8000000000000003E-001                  1.9999999999999907E-002                  8.7561616751436926E-023                  0.0000000000000000E+000                  0.0000000000000000E+000 
                                     273                  9.9996970807575158E-001                  2.5939223449805315E-001                  4.6165472916477839E+000                 -3.2309333556712363E+000                  9.3991768597640384E+000                  7.0000000000000007E-001                  2.8000000000000003E-001                  1.9999999999999907E-002                  8.9998795973967593E-023                  0.0000000000000000E+000                  0.0000000000000000E+000 
                                     274                  9.9996853438666067E-001                  2.5932427878132958E-001                  4.6207462620117106E+000                 -3.2193174354159941E+000                  9.4158712302019829E+000                  7.0000000000000007E-001                  2.8000000000000003E-001                  1.9999999999999907E-002                  9.2490200598969671E-023                  0.0000000000000000E+000                  0.0000000000000000E+000 
                                     275                  9.9996731939765227E-001                  2.5925575614310908E-001                  4.6249602804482990E+000                 -3.2077657028842785E+000                  9.4325127419575452E+000                  7.0000000000000007E-001                  2.8000000000000003E-001                  1.9999999999999907E-002                  9.5036888682076619E-023                  0.0000000000000000E+000                  0.0000000000000000E+000 
                                     276                  9.9996606166879309E-001                  2.5918665209960512E-001                  4.6291900263237045E+000                 -3.1962768766398546E+000                  9.4491034537010883E+000                  7.0000000000000007E-001                  2.8000000000000003E-001                  1.9999999999999907E-002                  9.7639929920317343E-023                  0.0000000000000000E+000                  0.0000000000000000E+000 
                                     277                  9.9996475971050081E-001                  2.5911695208233687E-001                  4.6334361566953017E+000                 -3.1848497258904920E+000                  9.4656453307779831E+000                  7.0000000000000007E-001                  2.8000000000000003E-001                  1.9999999999999907E-002                  1.0030041079226524E-022                  0.0000000000000000E+000                  0.0000000000000000E+000 
                                     278                  9.9996341198185656E-001                  2.5904664142830719E-001                  4.6376993071003803E+000                 -3.1734830631168172E+000                  9.4821402502624803E+000                  7.0000000000000007E-001                  2.8000000000000003E-001                  1.9999999999999907E-002                  1.0301943593147602E-022                  0.0000000000000000E+000                  0.0000000000000000E+000 
                                     279                  9.9996201688885944E-001                  2.5897570537123238E-001                  4.6419800926484642E+000                 -3.1621757410735287E+000                  9.4985900056830292E+000                  7.0000000000000007E-001                  2.8000000000000003E-001                  1.9999999999999907E-002                  1.0579812864130534E-022                  0.0000000000000000E+000                  0.0000000000000000E+000 
                                     280                  9.9996057278262374E-001                  2.5890412903311821E-001                  4.6462791065706242E+000                 -3.1509266675276320E+000                  9.5149963114443512E+000                  7.0000000000000007E-001                  2.8000000000000003E-001                  1.9999999999999907E-002                  1.0863762694500355E-022                  0.0000000000000000E+000                  0.0000000000000000E+000 
                                     281                  9.9995907795751671E-001                  2.5883189741323664E-001                  4.6505969159159664E+000                 -3.1397348002963139E+000                  9.5313608069718825E+000                  7.0000000000000007E-001                  2.8000000000000003E-001                  1.9999999999999907E-002                  1.1153908415615410E-022                  0.0000000000000000E+000                  0.0000000000000000E+000 
                                     282                  9.9995753064923276E-001                  2.5875899537768243E-001                  4.6549340593725415E+000                 -3.1285991205751902E+000                  9.5476850606006600E+000                  7.0000000000000007E-001                  2.8000000000000003E-001                  1.9999999999999907E-002                  1.1450367543442430E-022                  0.0000000000000000E+000                  0.0000000000000000E+000 
                                     283                  9.9995592903280395E-001                  2.5868540765315495E-001                  4.6592910476503526E+000                 -3.1175186306957423E+000                  9.5639705732255820E+000                  7.0000000000000007E-001                  2.8000000000000003E-001                  1.9999999999999907E-002                  1.1753259865491460E-022                  0.0000000000000000E+000                  0.0000000000000000E+000 
                                     284                  9.9995427122054459E-001                  2.5861111882108695E-001                  4.6636683637045158E+000                 -3.1064923567020264E+000                  9.5802187817293252E+000                  7.0000000000000007E-001                  2.8000000000000003E-001                  1.9999999999999907E-002                  1.2062707399209486E-022                  0.0000000000000000E+000                  0.0000000000000000E+000 
                                     285                  9.9995255525992699E-001                  2.5853611331124210E-001                  4.6680664604775357E+000                 -3.0955193649644173E+000                  9.5964310622046245E+000                  7.0000000000000007E-001                  2.8000000000000003E-001                  1.9999999999999907E-002                  1.2378833928031342E-022                  0.0000000000000000E+000                  0.0000000000000000E+000 
                                     286                  9.9995077913138686E-001                  2.5846037539236577E-001                  4.6724857576979888E+000                 -3.0845987319013179E+000                  9.6126087329860024E+000                  7.0000000000000007E-001                  2.8000000000000003E-001                  1.9999999999999907E-002                  1.2701765863753260E-022                  0.0000000000000000E+000                  0.0000000000000000E+000 
                                     287                  9.9994894074605545E-001                  2.5838388916790400E-001                  4.6769266407320762E+000                 -3.0737295266063414E+000                  9.6287530575037046E+000                  7.0000000000000007E-001                  2.8000000000000003E-001                  1.9999999999999907E-002                  1.3031632848967465E-022                  0.0000000000000000E+000                  0.0000000000000000E+000 
                                     288                  9.9994703794341722E-001                  2.5830663857483038E-001                  4.6813894602792780E+000                 -3.0629108089767558E+000                  9.6448652469714489E+000                  7.0000000000000007E-001                  2.8000000000000003E-001                  1.9999999999999907E-002                  1.3368567955659863E-022                  0.0000000000000000E+000                  0.0000000000000000E+000 
                                     289                  9.9994506848888898E-001                  2.5822860738297670E-001                  4.6858745312737931E+000                 -3.0521416438262290E+000                  9.6609464629196289E+000                  7.0000000000000007E-001                  2.8000000000000003E-001                  1.9999999999999907E-002                  1.3712707381643776E-022                  0.0000000000000000E+000                  0.0000000000000000E+000 
                                     290                  9.9994303007131935E-001                  2.5814977919199178E-001                  4.6903821310255438E+000                 -3.0414211100046287E+000                  9.6769978195844395E+000                  7.0000000000000007E-001                  2.8000000000000003E-001                  1.9999999999999907E-002                  1.4064190248490347E-022                  0.0000000000000000E+000                  0.0000000000000000E+000 
                                     291                  9.9994092030040571E-001                  2.5807013742669588E-001                  4.6949124975316545E+000                 -3.0307482739945648E+000                  9.6930203861628907E+000                  7.0000000000000007E-001                  2.8000000000000003E-001                  1.9999999999999907E-002                  1.4423159565774196E-022                  0.0000000000000000E+000                  0.0000000000000000E+000 
                                     292                  9.9993873670402533E-001                  2.5798966533730855E-001                  4.6994658284240973E+000                 -3.0201221856243263E+000                  9.7090151889418586E+000                  7.0000000000000007E-001                  2.8000000000000003E-001                  1.9999999999999907E-002                  1.4789762561990263E-022                  0.0000000000000000E+000                  0.0000000000000000E+000 
                                     293                  9.9993647672547858E-001                  2.5790834600070683E-001                  4.7040422800658392E+000                 -3.0095418826297053E+000                  9.7249832133092227E+000                  7.0000000000000007E-001                  2.8000000000000003E-001                  1.9999999999999907E-002                  1.5164150729559234E-022                  0.0000000000000000E+000                  0.0000000000000000E+000 
                                     294                  9.9993413772064133E-001                  2.5782616232112976E-001                  4.7086419673993678E+000                 -2.9990064193821824E+000                  9.7409254056555046E+000                  7.0000000000000007E-001                  2.8000000000000003E-001                  1.9999999999999907E-002                  1.5546478966486307E-022                  0.0000000000000000E+000                  0.0000000000000000E+000 
                                     295                  9.9993171695502336E-001                  2.5774309702562098E-001                  4.7132649639146331E+000                 -2.9885148466400393E+000                  9.7568426751742194E+000                  7.0000000000000007E-001                  2.8000000000000003E-001                  1.9999999999999907E-002                  1.5936906411453830E-022                  0.0000000000000000E+000                  0.0000000000000000E+000 
                                     296                  9.9992921160072956E-001                  2.5765913266335883E-001                  4.7179113006377369E+000                 -2.9780661978616405E+000                  9.7727358955654342E+000                  7.0000000000000007E-001                  2.8000000000000003E-001                  1.9999999999999907E-002                  1.6335597141751625E-022                  0.0000000000000000E+000                  0.0000000000000000E+000 
                                     297                  9.9992661873332223E-001                  2.5757425160785363E-001                  4.7225809648602386E+000                 -2.9676594868831416E+000                  9.7886059066487103E+000                  7.0000000000000007E-001                  2.8000000000000003E-001                  1.9999999999999907E-002                  1.6742720507768311E-022                  0.0000000000000000E+000                  0.0000000000000000E+000 
                                     298                  9.9992393532857826E-001                  2.5748843605992233E-001                  4.7272739002594184E+000                 -2.9572937087783253E+000                  9.8044535158917903E+000                  7.0000000000000007E-001                  2.8000000000000003E-001                  1.9999999999999907E-002                  1.7158451363405662E-022                  0.0000000000000000E+000                  0.0000000000000000E+000 
                                     299                  9.9992115825914218E-001                  2.5740166805086862E-001                  4.7319900080890891E+000                 -2.9469678398016113E+000                  9.8202794998601828E+000                  7.0000000000000007E-001                  2.8000000000000003E-001                  1.9999999999999907E-002                  1.7582970341908952E-022                  0.0000000000000000E+000                  0.0000000000000000E+000 
                                     300                  9.9991828429106677E-001                  2.5731392944607023E-001                  4.7367291470803652E+000                 -2.9366808357801024E+000                  9.8360846055922000E+000                  7.0000000000000007E-001                  2.8000000000000003E-001                  1.9999999999999907E-002                  1.8016464210990825E-022                  0.0000000000000000E+000                  0.0000000000000000E+000 
                                     301                  9.9991531008024237E-001                  2.5722520194925719E-001                  4.7414911320251445E+000                 -2.9264316307380489E+000                  9.8518695519038300E+000                  7.0000000000000007E-001                  2.8000000000000003E-001                  1.9999999999999907E-002                  1.8459126241391282E-022                  0.0000000000000000E+000                  0.0000000000000000E+000 
                                     302                  9.9991223216870750E-001                  2.5713546710756208E-001                  4.7462757339937438E+000                 -2.9162191415494148E+000                  9.8676350306272784E+000                  7.0000000000000007E-001                  2.8000000000000003E-001                  1.9999999999999907E-002                  1.8911156328800276E-022                  0.0000000000000000E+000                  0.0000000000000000E+000 
                                     303                  9.9990904698083893E-001                  2.5704470631601761E-001                  4.7510826835862074E+000                 -2.9060422767942304E+000                  9.8833817077870947E+000                  7.0000000000000007E-001                  2.8000000000000003E-001                  1.9999999999999907E-002                  1.9372760907515054E-022                  0.0000000000000000E+000                  0.0000000000000000E+000 
                                     304                  9.9990575081941879E-001                  2.5695290082066258E-001                  4.7559116728486224E+000                 -2.8958999356205104E+000                  9.8991102247176102E+000                  7.0000000000000007E-001                  2.8000000000000003E-001                  1.9999999999999907E-002                  1.9844153288893768E-022                  0.0000000000000000E+000                  0.0000000000000000E+000 
                                     305                  9.9990233986157040E-001                  2.5686003172222605E-001                  4.7607623544406827E+000                 -2.8857910062650394E+000                  9.9148211991248623E+000                  7.0000000000000007E-001                  2.8000000000000003E-001                  1.9999999999999907E-002                  2.0325554036298176E-022                  0.0000000000000000E+000                  0.0000000000000000E+000 
                                     306                  9.9989881015456372E-001                  2.5676607998049733E-001                  4.7656343418809231E+000                 -2.8757143709918433E+000                  9.9305152260959311E+000                  7.0000000000000007E-001                  2.8000000000000003E-001                  1.9999999999999907E-002                  2.0817191046723744E-022                  0.0000000000000000E+000                  0.0000000000000000E+000 
                                     307                  9.9989515761148295E-001                  2.5667102641803968E-001                  4.7705272131061633E+000                 -2.8656689181259005E+000                  9.9461928790584579E+000                  7.0000000000000007E-001                  2.8000000000000003E-001                  1.9999999999999907E-002                  2.1319299252027236E-022                  0.0000000000000000E+000                  0.0000000000000000E+000 
                                     308                  9.9989137800675376E-001                  2.5657485172159566E-001                  4.7754405134006861E+000                 -2.8556535365739442E+000                  9.9618547106913216E+000                  7.0000000000000007E-001                  2.8000000000000003E-001                  1.9999999999999907E-002                  2.1832121151709457E-022                  0.0000000000000000E+000                  0.0000000000000000E+000 
                                     309                  9.9988746697152575E-001                  2.5647753644496657E-001                  4.7803737552551286E+000                 -2.8456671135985672E+000                  9.9775012537895353E+000                  7.0000000000000007E-001                  2.8000000000000003E-001                  1.9999999999999907E-002                  2.2355907223179722E-022                  0.0000000000000000E+000                  0.0000000000000000E+000 
                                     310                  9.9988341998890473E-001                  2.5637906101266733E-001                  4.7853264182346065E+000                 -2.8357085258246868E+000                  9.9931330220879975E+000                  7.0000000000000007E-001                  2.8000000000000003E-001                  1.9999999999999907E-002                  2.2890916728543511E-022                  0.0000000000000000E+000                  0.0000000000000000E+000 
                                     311                  9.9987923238903142E-001                  2.5627940572601221E-001                  4.7902979507696157E+000                 -2.8257766223781124E+000                  1.0008750511046911E+001                  7.0000000000000007E-001                  2.8000000000000003E-001                  1.9999999999999907E-002                  2.3437419043326544E-022                  0.0000000000000000E+000                  0.0000000000000000E+000 
                                     312                  9.9987489934399787E-001                  2.5617855077353041E-001                  4.7952877717898330E+000                 -2.8158702484577161E+000                  1.0024354198600113E+001                  7.0000000000000007E-001                  2.8000000000000003E-001                  1.9999999999999907E-002                  2.3995692832593239E-022                  0.0000000000000000E+000                  0.0000000000000000E+000 
                                     313                  9.9987041586260206E-001                  2.5607647623657076E-001                  4.8002952707680668E+000                 -2.8059882508147806E+000                  1.0039944545868911E+001                  7.0000000000000007E-001                  2.8000000000000003E-001                  1.9999999999999907E-002                  2.4566026115027151E-022                  0.0000000000000000E+000                  0.0000000000000000E+000 
                                     314                  9.9986577678493038E-001                  2.5597316209403015E-001                  4.8053198078700570E+000                 -2.7961294761029949E+000                  1.0055521997843266E+001                  7.0000000000000007E-001                  2.8000000000000003E-001                  1.9999999999999907E-002                  2.5148716723435328E-022                  0.0000000000000000E+000                  0.0000000000000000E+000 
                                     315                  9.9986097677676522E-001                  2.5586858822776187E-001                  4.8103607156119486E+000                 -2.7862927683422907E+000                  1.0071086984031787E+001                  7.0000000000000007E-001                  2.8000000000000003E-001                  1.9999999999999907E-002                  2.5744072848149740E-022                  0.0000000000000000E+000                  0.0000000000000000E+000 
                                     316                  9.9985601032381188E-001                  2.5576273442901704E-001                  4.8154173005231922E+000                 -2.7764769751164140E+000                  1.0086639919081932E+001                  7.0000000000000007E-001                  2.8000000000000003E-001                  1.9999999999999907E-002                  2.6352413070907080E-022                  0.0000000000000000E+000                  0.0000000000000000E+000 
                                     317                  9.9985087172574050E-001                  2.5565558040374492E-001                  4.8204888434431954E+000                 -2.7666809485515347E+000                  1.0102181203371970E+001                  7.0000000000000007E-001                  2.8000000000000003E-001                  1.9999999999999907E-002                  2.6974066695898529E-022                  0.0000000000000000E+000                  0.0000000000000000E+000 
                                     318                  9.9984555509003248E-001                  2.5554710577798184E-001                  4.8255746004918949E+000                 -2.7569035440344294E+000                  1.0117711223576000E+001                  7.0000000000000007E-001                  2.8000000000000003E-001                  1.9999999999999907E-002                  2.7609374235996240E-022                  0.0000000000000000E+000                  0.0000000000000000E+000 
                                     319                  9.9984005432563205E-001                  2.5543729010390442E-001                  4.8306738066638761E+000                 -2.7471436202735617E+000                  1.0133230353201570E+001                  7.0000000000000007E-001                  2.8000000000000003E-001                  1.9999999999999907E-002                  2.8258687836415237E-022                  0.0000000000000000E+000                  0.0000000000000000E+000 
                                     320                  9.9983436313639340E-001                  2.5532611286621593E-001                  4.8357856792829832E+000                 -2.7374000473744968E+000                  1.0148738953097629E+001                  7.0000000000000007E-001                  2.8000000000000003E-001                  1.9999999999999907E-002                  2.8922371162599740E-022                  0.0000000000000000E+000                  0.0000000000000000E+000 
                                     321                  9.9982847501431982E-001                  2.5521355348685926E-001                  4.8409094189265733E+000                 -2.7276717080076129E+000                  1.0164237371935068E+001                  7.0000000000000007E-001                  2.8000000000000003E-001                  1.9999999999999907E-002                  2.9600799713949205E-022                  0.0000000000000000E+000                  0.0000000000000000E+000 
                                     322                  9.9982238323258754E-001                  2.5509959132967724E-001                  4.8460442112047035E+000                 -2.7179574898882302E+000                  1.0179725946665730E+001                  7.0000000000000007E-001                  2.8000000000000003E-001                  1.9999999999999907E-002                  3.0294361767589112E-022                  0.0000000000000000E+000                  0.0000000000000000E+000 
                                     323                  9.9981608083834561E-001                  2.5498420570726288E-001                  4.8511892316179308E+000                 -2.7082562793329044E+000                  1.0195205002961950E+001                  7.0000000000000007E-001                  2.8000000000000003E-001                  1.9999999999999907E-002                  3.1003459334125279E-022                  0.0000000000000000E+000                  0.0000000000000000E+000 
                                     324                  9.9980956064528648E-001                  2.5486737588987901E-001                  4.8563436497303840E+000                 -2.6985669839509421E+000                  1.0210674855637318E+001                  7.0000000000000007E-001                  2.8000000000000003E-001                  1.9999999999999907E-002                  3.1728506994565648E-022                  0.0000000000000000E+000                  0.0000000000000000E+000 
                                     325                  9.9980281522597692E-001                  2.5474908110864303E-001                  4.8615066305309647E+000                 -2.6888885362184247E+000                  1.0226135809050326E+001                  7.0000000000000007E-001                  2.8000000000000003E-001                  1.9999999999999907E-002                  3.2469931998352710E-022                  0.0000000000000000E+000                  0.0000000000000000E+000 
                                     326                  9.9979583690394536E-001                  2.5462930055778082E-001                  4.8666773368843677E+000                 -2.6792198850811588E+000                  1.0241588157491689E+001                  7.0000000000000007E-001                  2.8000000000000003E-001                  1.9999999999999907E-002                  3.3228175282764115E-022                  0.0000000000000000E+000                  0.0000000000000000E+000 
                                     327                  9.9978861774551631E-001                  2.5450801339922058E-001                  4.8718549349703446E+000                 -2.6695599941895831E+000                  1.0257032185555776E+001                  7.0000000000000007E-001                  2.8000000000000003E-001                  1.9999999999999907E-002                  3.4003692057331919E-022                  0.0000000000000000E+000                  0.0000000000000000E+000 
                                     328                  9.9978114955138464E-001                  2.5438519876781346E-001                  4.8770385984621916E+000                 -2.6599078625591654E+000                  1.0272468168496689E+001                  7.0000000000000007E-001                  2.8000000000000003E-001                  1.9999999999999907E-002                  3.4796950558603165E-022                  0.0000000000000000E+000                  0.0000000000000000E+000 
                                     329                  9.9977342384792078E-001                  2.5426083577079239E-001                  4.8822275099678549E+000                 -2.6502625267069329E+000                  1.0287896372570433E+001                  7.0000000000000007E-001                  2.8000000000000003E-001                  1.9999999999999907E-002                  3.5608432153853566E-022                  0.0000000000000000E+000                  0.0000000000000000E+000 
                                     330                  9.9976543187819977E-001                  2.5413490348638940E-001                  4.8874208642847776E+000                 -2.6406230569486255E+000                  1.0303317055363099E+001                  7.0000000000000007E-001                  2.8000000000000003E-001                  1.9999999999999907E-002                  3.6438631930385639E-022                  0.0000000000000000E+000                  0.0000000000000000E+000 
                                     331                  9.9975716459274733E-001                  2.5400738096325720E-001                  4.8926178742776338E+000                 -2.6309885596777560E+000                  1.0318730466100684E+001                  7.0000000000000007E-001                  2.8000000000000003E-001                  1.9999999999999907E-002                  3.7288058797868818E-022                  0.0000000000000000E+000                  0.0000000000000000E+000 
                                     332                  9.9974861263999526E-001                  2.5387824721908364E-001                  4.8978177747605098E+000                 -2.6213581865606943E+000                  1.0334136845937635E+001                  7.0000000000000007E-001                  2.8000000000000003E-001                  1.9999999999999907E-002                  3.8157234933321855E-022                  0.0000000000000000E+000                  0.0000000000000000E+000 
                                     333                  9.9973976635644279E-001                  2.5374748123618951E-001                  4.9030198239277372E+000                 -2.6117311340602352E+000                  1.0349536428230167E+001                  7.0000000000000007E-001                  2.8000000000000003E-001                  1.9999999999999907E-002                  3.9046696011856437E-022                  0.0000000000000000E+000                  0.0000000000000000E+000 
                                     334                  9.9973061575650690E-001                  2.5361506195681671E-001                  4.9082233074596564E+000                 -2.6021066282429555E+000                  1.0364929438800287E+001                  7.0000000000000007E-001                  2.8000000000000003E-001                  1.9999999999999907E-002                  3.9956992845454428E-022                  0.0000000000000000E+000                  0.0000000000000000E+000 
                                     335                  9.9972115052205324E-001                  2.5348096828258504E-001                  4.9134275449635911E+000                 -2.5924839376597455E+000                  1.0380316096191045E+001                  7.0000000000000007E-001                  2.8000000000000003E-001                  1.9999999999999907E-002                  4.0888690471328876E-022                  0.0000000000000000E+000                  0.0000000000000000E+000 
                                     336                  9.9971135999159688E-001                  2.5334517906965642E-001                  4.9186318934585724E+000                 -2.5828623934796435E+000                  1.0395696611914037E+001                  7.0000000000000007E-001                  2.8000000000000003E-001                  1.9999999999999907E-002                  4.1842366337697309E-022                  0.0000000000000000E+000                  0.0000000000000000E+000 
                                     337                  9.9970123314916348E-001                  2.5320767311703413E-001                  4.9238357489185409E+000                 -2.5732413865658019E+000                  1.0411071190690359E+001                  7.0000000000000007E-001                  2.8000000000000003E-001                  1.9999999999999907E-002                  4.2818610562560304E-022                  0.0000000000000000E+000                  0.0000000000000000E+000 
                                     338                  9.9969075861280032E-001                  2.5306842915480476E-001                  4.9290385528103693E+000                 -2.5636203436969254E+000                  1.0426440030685372E+001                  7.0000000000000007E-001                  2.8000000000000003E-001                  1.9999999999999907E-002                  4.3818028401871030E-022                  0.0000000000000000E+000                  0.0000000000000000E+000 
                                     339                  9.9967992462272715E-001                  2.5292742583920297E-001                  4.9342398007491743E+000                 -2.5539987530432851E+000                  1.0441803323736471E+001                  7.0000000000000007E-001                  2.8000000000000003E-001                  1.9999999999999907E-002                  4.4841237749377366E-022                  0.0000000000000000E+000                  0.0000000000000000E+000 
                                     340                  9.9966871902911358E-001                  2.5278464173876525E-001                  4.9394390459609028E+000                 -2.5443761852910689E+000                  1.0457161255575503E+001                  7.0000000000000007E-001                  2.8000000000000003E-001                  1.9999999999999907E-002                  4.5888866719668528E-022                  0.0000000000000000E+000                  0.0000000000000000E+000 
                                     341                  9.9965712927947592E-001                  2.5264005531242639E-001                  4.9446359009629193E+000                 -2.5347522879108300E+000                  1.0472514006045991E+001                  7.0000000000000007E-001                  2.8000000000000003E-001                  1.9999999999999907E-002                  4.6961553897782275E-022                  0.0000000000000000E+000                  0.0000000000000000E+000 
                                     342                  9.9964514240568025E-001                  2.5249364488802212E-001                  4.9498300457333242E+000                 -2.5251267631335836E+000                  1.0487861749308719E+001                  7.0000000000000007E-001                  2.8000000000000003E-001                  1.9999999999999907E-002                  4.8059950509354140E-022                  0.0000000000000000E+000                  0.0000000000000000E+000 
                                     343                  9.9963274501054866E-001                  2.5234538864694134E-001                  4.9550212369577862E+000                 -2.5154994018086532E+000                  1.0503204654029553E+001                  7.0000000000000007E-001                  2.8000000000000003E-001                  1.9999999999999907E-002                  4.9184716297274145E-022                  0.0000000000000000E+000                  0.0000000000000000E+000 
                                     344                  9.9961992325406335E-001                  2.5219526459615654E-001                  4.9602093104124796E+000                 -2.5058700983111821E+000                  1.0518542883557981E+001                  7.0000000000000007E-001                  2.8000000000000003E-001                  1.9999999999999907E-002                  5.0336517086948602E-022                  0.0000000000000000E+000                  0.0000000000000000E+000 
                                     345                  9.9960666283914223E-001                  2.5204325053323723E-001                  4.9653941811017512E+000                 -2.4962388382953322E+000                  1.0533876596104935E+001                  7.0000000000000007E-001                  2.8000000000000003E-001                  1.9999999999999907E-002                  5.1516025387895102E-022                  0.0000000000000000E+000                  0.0000000000000000E+000 
                                     346                  9.9959294899697726E-001                  2.5188932401341557E-001                  4.9705758439130445E+000                 -2.4866056690621448E+000                  1.0549205944920693E+001                  7.0000000000000007E-001                  2.8000000000000003E-001                  1.9999999999999907E-002                  5.2723923327538154E-022                  0.0000000000000000E+000                  0.0000000000000000E+000 
                                     347                  9.9957876647191535E-001                  2.5173346232525817E-001                  4.9757543741249473E+000                 -2.4769707325566865E+000                  1.0564531078471795E+001                  7.0000000000000007E-001                  2.8000000000000003E-001                  1.9999999999999907E-002                  5.3960897904587173E-022                  0.0000000000000000E+000                  0.0000000000000000E+000 
                                     348                  9.9956409950587621E-001                  2.5157564245288533E-001                  4.9809299271284617E+000                 -2.4673342734945005E+000                  1.0579852140618922E+001                  7.0000000000000007E-001                  2.8000000000000003E-001                  1.9999999999999907E-002                  5.5227638879962857E-022                  0.0000000000000000E+000                  0.0000000000000000E+000 
                                     349                  9.9954893182228743E-001                  2.5141584103290143E-001                  4.9861027336339916E+000                 -2.4576966090490173E+000                  1.0595169270796500E+001                  7.0000000000000007E-001                  2.8000000000000003E-001                  1.9999999999999907E-002                  5.6524841650620069E-022                  0.0000000000000000E+000                  0.0000000000000000E+000 
                                     350                  9.9953324660952469E-001                  2.5125403432008947E-001                  4.9912730845036455E+000                 -2.4480580778991334E+000                  1.0610482604192716E+001                  7.0000000000000007E-001                  2.8000000000000003E-001                  1.9999999999999907E-002                  5.7853213482232026E-022                  0.0000000000000000E+000                  0.0000000000000000E+000 
                                     351                  9.9951702650384255E-001                  2.5109019817039141E-001                  4.9964413183005831E+000                 -2.4384190731686006E+000                  1.0625792271927505E+001                  7.0000000000000007E-001                  2.8000000000000003E-001                  1.9999999999999907E-002                  5.9213468701071996E-022                  0.0000000000000000E+000                  0.0000000000000000E+000 
                                     352                  9.9950025357177896E-001                  2.5092430801054155E-001                  5.0016078193919000E+000                 -2.4287800475669843E+000                  1.0641098401225729E+001                  7.0000000000000007E-001                  2.8000000000000003E-001                  1.9999999999999907E-002                  6.0606327249167820E-022                  0.0000000000000000E+000                  0.0000000000000000E+000 
                                     353                  9.9948290929203254E-001                  2.5075633880418119E-001                  5.0067730105205852E+000                 -2.4191414797251061E+000                  1.0656401115575648E+001                  7.0000000000000007E-001                  2.8000000000000003E-001                  1.9999999999999907E-002                  6.2032518873580989E-022                  0.0000000000000000E+000                  0.0000000000000000E+000 
                                     354                  9.9946497453680716E-001                  2.5058626502964643E-001                  5.0119373335805850E+000                 -2.4095038338244592E+000                  1.0671700534872214E+001                  7.0000000000000007E-001                  2.8000000000000003E-001                  1.9999999999999907E-002                  6.3492788991174772E-022                  0.0000000000000000E+000                  0.0000000000000000E+000 
                                     355                  9.9944642955260277E-001                  2.5041406067284444E-001                  5.0171012364886494E+000                 -2.3998675792486783E+000                  1.0686996775554437E+001                  7.0000000000000007E-001                  2.8000000000000003E-001                  1.9999999999999907E-002                  6.4987895982967914E-022                  0.0000000000000000E+000                  0.0000000000000000E+000 
                                     356                  9.9942725394042309E-001                  2.5023969921223810E-001                  5.0222651721551319E+000                 -2.3902331926168023E+000                  1.0702289950742420E+001                  7.0000000000000007E-001                  2.8000000000000003E-001                  1.9999999999999907E-002                  6.6518610890185057E-022                  0.0000000000000000E+000                  0.0000000000000000E+000 
                                     357                  9.9940742663538351E-001                  2.5006315360248121E-001                  5.0274295960406334E+000                 -2.3806011397346429E+000                  1.0717580170374616E+001                  7.0000000000000007E-001                  2.8000000000000003E-001                  1.9999999999999907E-002                  6.8085720356725155E-022                  0.0000000000000000E+000                  0.0000000000000000E+000 
                                     358                  9.9938692588570488E-001                  2.4988439626487910E-001                  5.0325949608014700E+000                 -2.3709718641211803E+000                  1.0732867541344445E+001                  7.0000000000000007E-001                  2.8000000000000003E-001                  1.9999999999999907E-002                  6.9690028875346872E-022                  0.0000000000000000E+000                  0.0000000000000000E+000 
                                     359                  9.9936572923107048E-001                  2.4970339908252340E-001                  5.0377617135681989E+000                 -2.3613457990761932E+000                  1.0748152167635739E+001                  7.0000000000000007E-001                  2.8000000000000003E-001                  1.9999999999999907E-002                  7.1332357257361838E-022                  0.0000000000000000E+000                  0.0000000000000000E+000 
                                     360                  9.9934381348033197E-001                  2.4952013339045934E-001                  5.0429302963917024E+000                 -2.3517233675680904E+000                  1.0763434150457844E+001                  7.0000000000000007E-001                  2.8000000000000003E-001                  1.9999999999999907E-002                  7.3013542981209790E-022                  0.0000000000000000E+000                  0.0000000000000000E+000 
                                     361                  9.9932115468854099E-001                  2.4933456996575984E-001                  5.0481011448763757E+000                 -2.3421049581989459E+000                  1.0778713588380185E+001                  7.0000000000000007E-001                  2.8000000000000003E-001                  1.9999999999999907E-002                  7.4734444884391483E-022                  0.0000000000000000E+000                  0.0000000000000000E+000 
                                     362                  9.9929772813329309E-001                  2.4914667902783716E-001                  5.0532746848948902E+000                 -2.3324909266113596E+000                  1.0793990577458253E+001                  7.0000000000000007E-001                  2.8000000000000003E-001                  1.9999999999999907E-002                  7.6495943776216901E-022                  0.0000000000000000E+000                  0.0000000000000000E+000 
                                     363                  9.9927350829037864E-001                  2.4895643023880884E-001                  5.0584513306957577E+000                 -2.3228816130860523E+000                  1.0809265211338939E+001                  7.0000000000000007E-001                  2.8000000000000003E-001                  1.9999999999999907E-002                  7.8298939986983004E-022                  0.0000000000000000E+000                  0.0000000000000000E+000 
                                     364                  9.9924846880874973E-001                  2.4876379269686755E-001                  5.0636314846528734E+000                 -2.3132773403147731E+000                  1.0824537581349791E+001                  7.0000000000000007E-001                  2.8000000000000003E-001                  1.9999999999999907E-002                  8.0144354337830847E-022                  0.0000000000000000E+000                  0.0000000000000000E+000 
                                     365                  9.9922258248475671E-001                  2.4856873493079609E-001                  5.0688155386653557E+000                 -2.3036783936936494E+000                  1.0839807776584921E+001                  7.0000000000000007E-001                  2.8000000000000003E-001                  1.9999999999999907E-002                  8.2033132675417276E-022                  0.0000000000000000E+000                  0.0000000000000000E+000 
                                     366                  9.9919582123562523E-001                  2.4837122490355459E-001                  5.0740038765454143E+000                 -2.2940850335081979E+000                  1.0855075883990523E+001                  7.0000000000000007E-001                  2.8000000000000003E-001                  1.9999999999999907E-002                  8.3966244496762714E-022                  0.0000000000000000E+000                  0.0000000000000000E+000 
                                     367                  9.9916815607215181E-001                  2.4817123001094291E-001                  5.0791968748834320E+000                 -2.2844975093518252E+000                  1.0870341988451072E+001                  7.0000000000000007E-001                  2.8000000000000003E-001                  1.9999999999999907E-002                  8.5944680810881154E-022                  0.0000000000000000E+000                  0.0000000000000000E+000 
                                     368                  9.9913955707059399E-001                  2.4796871707389984E-001                  5.0843949027475848E+000                 -2.2749160581661680E+000                  1.0885606172877131E+001                  7.0000000000000007E-001                  2.8000000000000003E-001                  1.9999999999999907E-002                  8.7969455111552931E-022                  0.0000000000000000E+000                  0.0000000000000000E+000 
                                     369                  9.9910999334373418E-001                  2.4776365233165087E-001                  5.0895983201946891E+000                 -2.2653408937085895E+000                  1.0900868518294761E+001                  7.0000000000000007E-001                  2.8000000000000003E-001                  1.9999999999999907E-002                  9.0041606307590907E-022                  0.0000000000000000E+000                  0.0000000000000000E+000 
                                     370                  9.9907943301109303E-001                  2.4755600143990947E-001                  5.0948074764285272E+000                 -2.2557722100751607E+000                  1.0916129103935848E+001                  7.0000000000000007E-001                  2.8000000000000003E-001                  1.9999999999999907E-002                  9.2162198858133892E-022                  0.0000000000000000E+000                  0.0000000000000000E+000 
                                     371                  9.9904784316826856E-001                  2.4734572946767044E-001                  5.1000227091115820E+000                 -2.2462101846870182E+000                  1.0931388007325680E+001                  7.0000000000000007E-001                  2.8000000000000003E-001                  1.9999999999999907E-002                  9.4332322962235092E-022                  0.0000000000000000E+000                  0.0000000000000000E+000 
                                     372                  9.9901518985539406E-001                  2.4713280089289014E-001                  5.1052443445108802E+000                 -2.2366549828979032E+000                  1.0946645304353614E+001                  7.0000000000000007E-001                  2.8000000000000003E-001                  1.9999999999999907E-002                  9.6553094308637262E-022                  0.0000000000000000E+000                  0.0000000000000000E+000 
                                     373                  9.9898143802473705E-001                  2.4691717959642864E-001                  5.1104726993658147E+000                 -2.2271067730260072E+000                  1.0961901069324529E+001                  7.0000000000000007E-001                  2.8000000000000003E-001                  1.9999999999999907E-002                  9.8825651194882299E-022                  0.0000000000000000E+000                  0.0000000000000000E+000 
                                     374                  9.9894655150739886E-001                  2.4669882884869454E-001                  5.1157080829984238E+000                 -2.2175657148060846E+000                  1.0977155375006086E+001                  7.0000000000000007E-001                  2.8000000000000003E-001                  1.9999999999999907E-002                  1.0115115770829061E-021                  0.0000000000000000E+000                  0.0000000000000000E+000 
                                     375                  9.9891049297906043E-001                  2.4647771130172008E-001                  5.1209507979550066E+000                 -2.2080319553611409E+000                  1.0992408292678872E+001                  7.0000000000000007E-001                  2.8000000000000003E-001                  1.9999999999999907E-002                  1.0353080541763481E-021                  0.0000000000000000E+000                  0.0000000000000000E+000 
                                     376                  9.9887322392474776E-001                  2.4625378898329067E-001                  5.1262011411724719E+000                 -2.1985056408620038E+000                  1.1007659892189489E+001                  7.0000000000000007E-001                  2.8000000000000003E-001                  1.9999999999999907E-002                  1.0596581117691100E-021                  0.0000000000000000E+000                  0.0000000000000000E+000 
                                     377                  9.9883470460259050E-001                  2.4602702328498854E-001                  5.1314594073097064E+000                 -2.1889869354080767E+000                  1.1022910242007640E+001                  7.0000000000000007E-001                  2.8000000000000003E-001                  1.9999999999999907E-002                  1.0845741261375014E-021                  0.0000000000000000E+000                  0.0000000000000000E+000 
                                     378                  9.9879489400654575E-001                  2.4579737493996701E-001                  5.1367258913100704E+000                 -2.1794760030406302E+000                  1.1038159409288653E+001                  7.0000000000000007E-001                  2.8000000000000003E-001                  1.9999999999999907E-002                  1.1100687290460130E-021                  0.0000000000000000E+000                  0.0000000000000000E+000 
                                     379                  9.9875374982806020E-001                  2.4556480400929112E-001                  5.1420008885795685E+000                 -2.1699730043480479E+000                  1.1053407459939962E+001                  7.0000000000000007E-001                  2.8000000000000003E-001                  1.9999999999999907E-002                  1.1361548216579339E-021                  0.0000000000000000E+000                  0.0000000000000000E+000 
                                     380                  9.9871122841664073E-001                  2.4532926986977135E-001                  5.1472846921223168E+000                 -2.1604781111996925E+000                  1.1068654458683410E+001                  7.0000000000000007E-001                  2.8000000000000003E-001                  1.9999999999999907E-002                  1.1628455382873540E-021                  0.0000000000000000E+000                  0.0000000000000000E+000 
                                     381                  9.9866728473935140E-001                  2.4509073119358815E-001                  5.1525775859320513E+000                 -2.1509915061490439E+000                  1.1083900469100474E+001                  7.0000000000000007E-001                  2.8000000000000003E-001                  1.9999999999999907E-002                  1.1901542488926900E-021                  0.0000000000000000E+000                  0.0000000000000000E+000 
                                     382                  9.9862187233925481E-001                  2.4484914592789406E-001                  5.1578798407013933E+000                 -2.1415133532056769E+000                  1.1099145553664240E+001                  7.0000000000000007E-001                  2.8000000000000003E-001                  1.9999999999999907E-002                  1.2180946470015506E-021                  0.0000000000000000E+000                  0.0000000000000000E+000 
                                     383                  9.9857494329272301E-001                  2.4460447129020552E-001                  5.1631917129459532E+000                 -2.1320437952648637E+000                  1.1114389773771373E+001                  7.0000000000000007E-001                  2.8000000000000003E-001                  1.9999999999999907E-002                  1.2466807685502932E-021                  0.0000000000000000E+000                  0.0000000000000000E+000 
                                     384                  9.9852644816556513E-001                  2.4435666376550008E-001                  5.1685134397172874E+000                 -2.1225829539782830E+000                  1.1129633189777953E+001                  7.0000000000000007E-001                  2.8000000000000003E-001                  1.9999999999999907E-002                  1.2759270047254127E-021                  0.0000000000000000E+000                  0.0000000000000000E+000 
                                     385                  9.9847633596794005E-001                  2.4410567910372807E-001                  5.1738452300574442E+000                 -2.1131309197818626E+000                  1.1144875861039580E+001                  7.0000000000000007E-001                  2.8000000000000003E-001                  1.9999999999999907E-002                  1.3058481469903337E-021                  0.0000000000000000E+000                  0.0000000000000000E+000 
                                     386                  9.9842455410802344E-001                  2.4385147232350299E-001                  5.1791872612623129E+000                 -2.1036877434993873E+000                  1.1160117845954696E+001                  7.0000000000000007E-001                  2.8000000000000003E-001                  1.9999999999999907E-002                  1.3364594321771735E-021                  0.0000000000000000E+000                  0.0000000000000000E+000 
                                     387                  9.9837104834439516E-001                  2.4359399772156159E-001                  5.1845396790452618E+000                 -2.0942534315857650E+000                  1.1175359202010190E+001                  7.0000000000000007E-001                  2.8000000000000003E-001                  1.9999999999999907E-002                  1.3677765802559438E-021                  0.0000000000000000E+000                  0.0000000000000000E+000 
                                     388                  9.9831576273711886E-001                  2.4333320888616977E-001                  5.1899025987015230E+000                 -2.0848279214076899E+000                  1.1190599985823143E+001                  7.0000000000000007E-001                  2.8000000000000003E-001                  1.9999999999999907E-002                  1.3998159042888690E-021                  0.0000000000000000E+000                  0.0000000000000000E+000 
                                     389                  9.9825863959751659E-001                  2.4306905872718060E-001                  5.1952761064112272E+000                 -2.0754111042091261E+000                  1.1205840253161858E+001                  7.0000000000000007E-001                  2.8000000000000003E-001                  1.9999999999999907E-002                  1.4325942660905904E-021                  0.0000000000000000E+000                  0.0000000000000000E+000 
                                     390                  9.9819961943669000E-001                  2.4280149949484897E-001                  5.2006602595089353E+000                 -2.0660028387569995E+000                  1.1221080058949436E+001                  7.0000000000000007E-001                  2.8000000000000003E-001                  1.9999999999999907E-002                  1.4661290560739358E-021                  0.0000000000000000E+000                  0.0000000000000000E+000 
                                     391                  9.9813864091269000E-001                  2.4253048279199232E-001                  5.2060550879750584E+000                 -2.0566029325221797E+000                  1.1236319457266482E+001                  7.0000000000000007E-001                  2.8000000000000003E-001                  1.9999999999999907E-002                  1.5004382875598075E-021                  0.0000000000000000E+000                  0.0000000000000000E+000 
                                     392                  9.9807564077627187E-001                  2.4225595959916549E-001                  5.2114606003896364E+000                 -2.0472111122019347E+000                  1.1251558501356818E+001                  7.0000000000000007E-001                  2.8000000000000003E-001                  1.9999999999999907E-002                  1.5355407427169238E-021                  0.0000000000000000E+000                  0.0000000000000000E+000 
                                     393                  9.9801055381519022E-001                  2.4197788032072148E-001                  5.2168767888821224E+000                 -2.0378270801350857E+000                  1.1266797243633560E+001                  7.0000000000000007E-001                  2.8000000000000003E-001                  1.9999999999999907E-002                  1.5714558038832335E-021                  0.0000000000000000E+000                  0.0000000000000000E+000 
                                     394                  9.9794331279700266E-001                  2.4169619479757598E-001                  5.2223036293517113E+000                 -2.0284505244126052E+000                  1.1282035735690235E+001                  7.0000000000000007E-001                  2.8000000000000003E-001                  1.9999999999999907E-002                  1.6082034401062021E-021                  0.0000000000000000E+000                  0.0000000000000000E+000 
                                     395                  9.9787384841034255E-001                  2.4141085231433262E-001                  5.2277410868373346E+000                 -2.0190810860694373E+000                  1.1297274028316794E+001                  7.0000000000000007E-001                  2.8000000000000003E-001                  1.9999999999999907E-002                  1.6458043635270143E-021                  0.0000000000000000E+000                  0.0000000000000000E+000 
                                     396                  9.9780208920462832E-001                  2.4112180162891800E-001                  5.2331891277463285E+000                 -2.0097183661240252E+000                  1.1312512171508507E+001                  7.0000000000000007E-001                  2.8000000000000003E-001                  1.9999999999999907E-002                  1.6842800402950149E-021                  0.0000000000000000E+000                  0.0000000000000000E+000 
                                     397                  9.9772796152825205E-001                  2.4082899099990071E-001                  5.2386477258617017E+000                 -2.0003619813037603E+000                  1.1327750214458083E+001                  7.0000000000000007E-001                  2.8000000000000003E-001                  1.9999999999999907E-002                  1.7236524922065908E-021                  0.0000000000000000E+000                  0.0000000000000000E+000 
                                     398                  9.9765138946524523E-001                  2.4053236817803891E-001                  5.2441168619651091E+000                 -1.9910115663769468E+000                  1.1342988205544582E+001                  7.0000000000000007E-001                  2.8000000000000003E-001                  1.9999999999999907E-002                  1.7639442991074245E-021                  0.0000000000000000E+000                  0.0000000000000000E+000 
                                     399                  9.9757229477029730E-001                  2.4023188039570864E-001                  5.2495965358113743E+000                 -1.9816667803877970E+000                  1.1358226192331170E+001                  7.0000000000000007E-001                  2.8000000000000003E-001                  1.9999999999999907E-002                  1.8051785825722984E-021                  0.0000000000000000E+000                  0.0000000000000000E+000 
                                     400                  9.9749059680207064E-001                  2.3992747435118114E-001                  5.2550867829079229E+000                 -1.9723273296872565E+000                  1.1373464221574451E+001                  7.0000000000000007E-001                  2.8000000000000003E-001                  1.9999999999999907E-002                  1.8473789088525170E-021                  0.0000000000000000E+000                  0.0000000000000000E+000 
                                     401                  9.9740621245476258E-001                  2.3961909617547011E-001                  5.2605876774730547E+000                 -1.9629929757749602E+000                  1.1388702339247718E+001                  7.0000000000000007E-001                  2.8000000000000003E-001                  1.9999999999999907E-002                  1.8905692475823925E-021                  0.0000000000000000E+000                  0.0000000000000000E+000 
                                     402                  9.9731905608786808E-001                  2.3930669139123123E-001                  5.2660993280875124E+000                 -1.9536635799860647E+000                  1.1403940590579158E+001                  7.0000000000000007E-001                  2.8000000000000003E-001                  1.9999999999999907E-002                  1.9347737474020071E-021                  0.0000000000000000E+000                  0.0000000000000000E+000 
                                     403                  9.9722903945409669E-001                  2.3899020483631053E-001                  5.2716218730484972E+000                 -1.9443391868444957E+000                  1.1419179020106080E+001                  7.0000000000000007E-001                  2.8000000000000003E-001                  1.9999999999999907E-002                  1.9800162892939637E-021                  0.0000000000000000E+000                  0.0000000000000000E+000 
                                     404                  9.9713607162543272E-001                  2.3866958052072126E-001                  5.2771554776582068E+000                 -1.9350198927635096E+000                  1.1434417671745297E+001                  7.0000000000000007E-001                  2.8000000000000003E-001                  1.9999999999999907E-002                  2.0263210566230784E-021                  0.0000000000000000E+000                  0.0000000000000000E+000 
                                     405                  9.9704005891736369E-001                  2.3834476157278969E-001                  5.2827003328096644E+000                 -1.9257058244968313E+000                  1.1449656588865944E+001                  7.0000000000000007E-001                  2.8000000000000003E-001                  1.9999999999999907E-002                  2.0737126280031087E-021                  0.0000000000000000E+000                  0.0000000000000000E+000 
                                     406                  9.9694090481119202E-001                  2.3801569019858254E-001                  5.2882566335086469E+000                 -1.9163972898545667E+000                  1.1464895814370358E+001                  7.0000000000000007E-001                  2.8000000000000003E-001                  1.9999999999999907E-002                  2.1222151758954329E-021                  0.0000000000000000E+000                  0.0000000000000000E+000 
                                     407                  9.9683850987434075E-001                  2.3768230752327266E-001                  5.2938245388033405E+000                 -1.9070947292555436E+000                  1.1480135390803381E+001                  7.0000000000000007E-001                  2.8000000000000003E-001                  1.9999999999999907E-002                  2.1718526247666770E-021                  0.0000000000000000E+000                  0.0000000000000000E+000 
                                     408                  9.9673277167859042E-001                  2.3734455345996425E-001                  5.2994041546874300E+000                 -1.8977985088432741E+000                  1.1495375360486390E+001                  7.0000000000000007E-001                  2.8000000000000003E-001                  1.9999999999999907E-002                  2.2226497149402232E-021                  0.0000000000000000E+000                  0.0000000000000000E+000 
                                     409                  9.9662358471618528E-001                  2.3700236673354669E-001                  5.3049955371269055E+000                 -1.8885089336758267E+000                  1.1510615765656020E+001                  7.0000000000000007E-001                  2.8000000000000003E-001                  1.9999999999999907E-002                  2.6891561328162203E-021                  0.0000000000000000E+000                  0.0000000000000000E+000 
                                     410                  9.9651084031373027E-001                  2.3665568489649214E-001                  5.3105986787226156E+000                 -1.8792263227315964E+000                  1.1525856648613294E+001                  7.0000000000000007E-001                  2.8000000000000003E-001                  1.9999999999999907E-002                  3.4832695434236084E-021                  0.0000000000000000E+000                  0.0000000000000000E+000 
                                     411                  9.9639442654375354E-001                  2.3630444428563871E-001                  5.3162134907730625E+000                 -1.8699509293356600E+000                  1.1541098051884543E+001                  7.0000000000000007E-001                  2.8000000000000003E-001                  1.9999999999999907E-002                  4.5092623558785484E-021                  0.0000000000000000E+000                  0.0000000000000000E+000 
                                     412                  9.9627422813402300E-001                  2.3594858004238539E-001                  5.3218398017163571E+000                 -1.8606829036728441E+000                  1.1556340018370088E+001                  7.0000000000000007E-001                  2.8000000000000003E-001                  1.9999999999999907E-002                  5.8340101196365691E-021                  0.0000000000000000E+000                  0.0000000000000000E+000 
                                     413                  9.9615012637463440E-001                  2.3558802616675004E-001                  5.3274773700039120E+000                 -1.8514222426144276E+000                  1.1571582591476393E+001                  7.0000000000000007E-001                  2.8000000000000003E-001                  1.9999999999999907E-002                  7.5433971258731230E-021                  0.0000000000000000E+000                  0.0000000000000000E+000 
                                     414                  9.9602199902276756E-001                  2.3522271561851296E-001                  5.3331259085495484E+000                 -1.8421687916321623E+000                  1.1586825815230663E+001                  7.0000000000000007E-001                  2.8000000000000003E-001                  1.9999999999999907E-002                  9.7476333907144950E-021                  0.0000000000000000E+000                  0.0000000000000000E+000 
                                     415                  9.9588972020503608E-001                  2.3485258042458859E-001                  5.3387850986576213E+000                 -1.8329223642896899E+000                  1.1602069734380445E+001                  7.0000000000000007E-001                  2.8000000000000003E-001                  1.9999999999999907E-002                  1.2588027894677227E-020                  0.0000000000000000E+000                  0.0000000000000000E+000 
                                     416                  9.9575316031734762E-001                  2.3447755169116383E-001                  5.3444545908680423E+000                 -1.8236827340549842E+000                  1.1617314394503302E+001                  7.0000000000000007E-001                  2.8000000000000003E-001                  1.9999999999999907E-002                  1.6245608456461280E-020                  0.0000000000000000E+000                  0.0000000000000000E+000 
                                     417                  9.9561218592202394E-001                  2.3409755962383333E-001                  5.3501340211621802E+000                 -1.8144495294467342E+000                  1.1632559842138187E+001                  7.0000000000000007E-001                  2.8000000000000003E-001                  1.9999999999999907E-002                  2.0952099155483036E-020                  0.0000000000000000E+000                  0.0000000000000000E+000 
                                     418                  9.9546665964201742E-001                  2.3371253364199782E-001                  5.3558230330941443E+000                 -1.8052223360562507E+000                  1.1647806124901138E+001                  7.0000000000000007E-001                  2.8000000000000003E-001                  1.9999999999999907E-002                  2.7003880263522405E-020                  0.0000000000000000E+000                  0.0000000000000000E+000 
                                     419                  9.9531644005263109E-001                  2.3332240241048341E-001                  5.3615212830293055E+000                 -1.7960007685133126E+000                  1.1663053291570561E+001                  7.0000000000000007E-001                  2.8000000000000003E-001                  1.9999999999999907E-002                  3.4779712984815571E-020                  0.0000000000000000E+000                  0.0000000000000000E+000 
                                     420                  9.9516138157073142E-001                  2.3292709380873397E-001                  5.3672284398242374E+000                 -1.7867844352053563E+000                  1.1678301392153145E+001                  7.0000000000000007E-001                  2.8000000000000003E-001                  1.9999999999999907E-002                  4.4763233668573214E-020                  0.0000000000000000E+000                  0.0000000000000000E+000 
                                     421                  9.9500133434139049E-001                  2.3252653493121542E-001                  5.3729441897260788E+000                 -1.7775729095639563E+000                  1.1693550477929996E+001                  7.0000000000000007E-001                  2.8000000000000003E-001                  1.9999999999999907E-002                  5.7571487468063850E-020                  0.0000000000000000E+000                  0.0000000000000000E+000 
                                     422                  9.9483614412190136E-001                  2.3212065211549060E-001                  5.3786682403752923E+000                 -1.7683657901873335E+000                  1.1708800601491125E+001                  7.0000000000000007E-001                  2.8000000000000003E-001                  1.9999999999999907E-002                  7.3991074642485313E-020                  0.0000000000000000E+000                  0.0000000000000000E+000 
                                     423                  9.9466565216291858E-001                  2.3170937091543756E-001                  5.3844003203532678E+000                 -1.7591627055404511E+000                  1.1724051816795111E+001                  7.0000000000000007E-001                  2.8000000000000003E-001                  1.9999999999999907E-002                  9.5023905817755038E-020                  0.0000000000000000E+000                  0.0000000000000000E+000 
                                     424                  9.9448969508620400E-001                  2.3129261606719367E-001                  5.3901401772309043E+000                 -1.7499632962669345E+000                  1.1739304179245643E+001                  7.0000000000000007E-001                  2.8000000000000003E-001                  1.9999999999999907E-002                  1.2194507073811265E-019                  0.0000000000000000E+000                  0.0000000000000000E+000 
                                     425                  9.9430810475947051E-001                  2.3087031147056084E-001                  5.3958875756373894E+000                 -1.7407672184307528E+000                  1.1754557745741483E+001                  7.0000000000000007E-001                  2.8000000000000003E-001                  1.9999999999999907E-002                  1.5637595731247490E-019                  0.0000000000000000E+000                  0.0000000000000000E+000 
                                     426                  9.9412070816863585E-001                  2.3044238016742555E-001                  5.4016422967866422E+000                 -1.7315741503103232E+000                  1.1769812574686894E+001                  7.0000000000000007E-001                  2.8000000000000003E-001                  1.9999999999999907E-002                  2.0037656856776400E-019                  0.0000000000000000E+000                  0.0000000000000000E+000 
                                     427                  9.9392732728751232E-001                  2.3000874431338195E-001                  5.4074041376199586E+000                 -1.7223837905395929E+000                  1.1785068725965418E+001                  7.0000000000000007E-001                  2.8000000000000003E-001                  1.9999999999999907E-002                  2.5656197429552059E-019                  0.0000000000000000E+000                  0.0000000000000000E+000 
                                     428                  9.9372777894495157E-001                  2.2956932515080911E-001                  5.4131729082570637E+000                 -1.7131958537041294E+000                  1.1800326260886640E+001                  7.0000000000000007E-001                  2.8000000000000003E-001                  1.9999999999999907E-002                  3.2824905999992683E-019                  0.0000000000000000E+000                  0.0000000000000000E+000 
                                     429                  9.9352187468926523E-001                  2.2912404298568864E-001                  5.4189484303125415E+000                 -1.7040100693159641E+000                  1.1815585242140591E+001                  7.0000000000000007E-001                  2.8000000000000003E-001                  1.9999999999999907E-002                  4.1964130351316091E-019                  0.0000000000000000E+000                  0.0000000000000000E+000 
                                     430                  9.9330942064919303E-001                  2.2867281716345489E-001                  5.4247305368071848E+000                 -1.6948261820148183E+000                  1.1830845733771207E+001                  7.0000000000000007E-001                  2.8000000000000003E-001                  1.9999999999999907E-002                  5.3606124953675821E-019                  0.0000000000000000E+000                  0.0000000000000000E+000 
                                     431                  9.9309021739169079E-001                  2.2821556604337620E-001                  5.4305190708743174E+000                 -1.6856439506571712E+000                  1.1846107801132625E+001                  7.0000000000000007E-001                  2.8000000000000003E-001                  1.9999999999999907E-002                  6.8424270341224587E-019                  0.0000000000000000E+000                  0.0000000000000000E+000 
                                     432                  9.9286405977714920E-001                  2.2775220697395135E-001                  5.4363138840334209E+000                 -1.6764631451060885E+000                  1.1861371510803375E+001                  7.0000000000000007E-001                  2.8000000000000003E-001                  1.9999999999999907E-002                  8.7269765227727070E-019                  0.0000000000000000E+000                  0.0000000000000000E+000 
                                     433                  9.9263073681221115E-001                  2.2728265627214805E-001                  5.4421148358476081E+000                 -1.6672835454530248E+000                  1.1876636930455096E+001                  7.0000000000000007E-001                  2.8000000000000003E-001                  1.9999999999999907E-002                  1.1121766688858968E-018                  0.0000000000000000E+000                  0.0000000000000000E+000 
                                     434                  9.9239003150032412E-001                  2.2680682920422612E-001                  5.4479217935412416E+000                 -1.6581049429843311E+000                  1.1891904128682013E+001                  7.0000000000000007E-001                  2.8000000000000003E-001                  1.9999999999999907E-002                  1.4162460682451322E-018                  0.0000000000000000E+000                  0.0000000000000000E+000 
                                     435                  9.9214172068994877E-001                  2.2632463996602323E-001                  5.4537346307279462E+000                 -1.6489271389376732E+000                  1.1907173174825795E+001                  7.0000000000000007E-001                  2.8000000000000003E-001                  1.9999999999999907E-002                  1.8020107527143605E-018                  0.0000000000000000E+000                  0.0000000000000000E+000 
                                     436                  9.9188557491961171E-001                  2.2583600166339535E-001                  5.4595532266645774E+000                 -1.6397499417651444E+000                  1.1922444138816454E+001                  7.0000000000000007E-001                  2.8000000000000003E-001                  1.9999999999999907E-002                  2.2910187624494839E-018                  0.0000000000000000E+000                  0.0000000000000000E+000 
                                     437                  9.9162135825993847E-001                  2.2534082629492855E-001                  5.4653774663407892E+000                 -1.6305731675648354E+000                  1.1937717091002567E+001                  7.0000000000000007E-001                  2.8000000000000003E-001                  1.9999999999999907E-002                  2.9103922439128699E-018                  0.0000000000000000E+000                  0.0000000000000000E+000 
                                     438                  9.9134882815338032E-001                  2.2483902473484751E-001                  5.4712072403449836E+000                 -1.6213966412454222E+000                  1.1952992101947270E+001                  7.0000000000000007E-001                  2.8000000000000003E-001                  1.9999999999999907E-002                  3.6942402322108599E-018                  0.0000000000000000E+000                  0.0000000000000000E+000 
                                     439                  9.9106773525189329E-001                  2.2433050671552554E-001                  5.4770424445909294E+000                 -1.6122201952259410E+000                  1.1968269242184885E+001                  7.0000000000000007E-001                  2.8000000000000003E-001                  1.9999999999999907E-002                  4.6854219131480928E-018                  0.0000000000000000E+000                  0.0000000000000000E+000 
                                     440                  9.9077782325282915E-001                  2.2381518081271529E-001                  5.4828829802759769E+000                 -1.6030436691525005E+000                  1.1983548581939070E+001                  7.0000000000000007E-001                  2.8000000000000003E-001                  1.9999999999999907E-002                  5.9377454316905726E-018                  0.0000000000000000E+000                  0.0000000000000000E+000 
                                     441                  9.9047882873313653E-001                  2.2329295443233058E-001                  5.4887287543437004E+000                 -1.5938669111739936E+000                  1.1998830190831047E+001                  7.0000000000000007E-001                  2.8000000000000003E-001                  1.9999999999999907E-002                  7.5187075580754238E-018                  0.0000000000000000E+000                  0.0000000000000000E+000 
                                     442                  9.9017048098106675E-001                  2.2276373379529207E-001                  5.4945796803230698E+000                 -1.5846897791445234E+000                  1.2014114137597243E+001                  7.0000000000000007E-001                  2.8000000000000003E-001                  1.9999999999999907E-002                  9.5129043977959744E-018                  0.0000000000000000E+000                  0.0000000000000000E+000 
                                     443                  9.8985250182563878E-001                  2.2222742392074588E-001                  5.5004356786915904E+000                 -1.5755121407417028E+000                  1.2029400489800553E+001                  7.0000000000000007E-001                  2.8000000000000003E-001                  1.9999999999999907E-002                  1.2026273772466590E-017                  0.0000000000000000E+000                  0.0000000000000000E+000 
                                     444                  9.8952460546440613E-001                  2.2168392860964145E-001                  5.5062966770629016E+000                 -1.5663338745558459E+000                  1.2044689313522245E+001                  7.0000000000000007E-001                  2.8000000000000003E-001                  1.9999999999999907E-002                  1.5191367606884881E-017                  0.0000000000000000E+000                  0.0000000000000000E+000 
                                     445                  9.8918649828982053E-001                  2.2113315042769693E-001                  5.5121626112910524E+000                 -1.5571548729883544E+000                  1.2059980673024137E+001                  7.0000000000000007E-001                  2.8000000000000003E-001                  1.9999999999999907E-002                  1.9173899463813917E-017                  0.0000000000000000E+000                  0.0000000000000000E+000 
                                     446                  9.8883787871479756E-001                  2.2057499068596809E-001                  5.5180334263882864E+000                 -1.5479750416839815E+000                  1.2075274630376493E+001                  7.0000000000000007E-001                  2.8000000000000003E-001                  1.9999999999999907E-002                  2.4180868933258459E-017                  0.0000000000000000E+000                  0.0000000000000000E+000 
                                     447                  9.8847843699768678E-001                  2.2000934942325098E-001                  5.5239090763936698E+000                 -1.5387942999482691E+000                  1.2090571245076625E+001                  7.0000000000000007E-001                  2.8000000000000003E-001                  1.9999999999999907E-002                  3.0470633496521490E-017                  0.0000000000000000E+000                  0.0000000000000000E+000 
                                     448                  9.8810785506590215E-001                  2.1943612538744822E-001                  5.5297895240157615E+000                 -1.5296125877804310E+000                  1.2105870573677240E+001                  7.0000000000000007E-001                  2.8000000000000003E-001                  1.9999999999999907E-002                  3.8365384057209123E-017                  0.0000000000000000E+000                  0.0000000000000000E+000 
                                     449                  9.8772580633850560E-001                  2.1885521600727184E-001                  5.5356747403099531E+000                 -1.5204298618484660E+000                  1.2121172669420075E+001                  7.0000000000000007E-001                  2.8000000000000003E-001                  1.9999999999999907E-002                  4.8266586509190165E-017                  0.0000000000000000E+000                  0.0000000000000000E+000 
                                     450                  9.8733195554807140E-001                  2.1826651736863317E-001                  5.5415647044444158E+000                 -1.5112460902305502E+000                  1.2136477581863558E+001                  7.0000000000000007E-001                  2.8000000000000003E-001                  1.9999999999999907E-002                  6.0674079036270659E-017                  0.0000000000000000E+000                  0.0000000000000000E+000 
                                     451                  9.8692595856248977E-001                  2.1766992419852094E-001                  5.5474594020597756E+000                 -1.5020612605791461E+000                  1.2151785356479218E+001                  7.0000000000000007E-001                  2.8000000000000003E-001                  1.9999999999999907E-002                  7.6209665585558874E-017                  0.0000000000000000E+000                  0.0000000000000000E+000 
                                     452                  9.8650746220794483E-001                  2.1706532983960489E-001                  5.5533588211222087E+000                 -1.4928753829744248E+000                  1.2167096034224931E+001                  7.0000000000000007E-001                  2.8000000000000003E-001                  1.9999999999999907E-002                  9.5646233982857243E-017                  0.0000000000000000E+000                  0.0000000000000000E+000 
                                     453                  9.8607610409236646E-001                  2.1645262622056685E-001                  5.5592629492434664E+000                 -1.4836884701105455E+000                  1.2182409651130408E+001                  7.0000000000000007E-001                  2.8000000000000003E-001                  1.9999999999999907E-002                  1.1994367298677393E-016                  0.0000000000000000E+000                  0.0000000000000000E+000 
                                     454                  9.8563151242893743E-001                  2.1583170385323391E-001                  5.5651717732205794E+000                 -1.4745005384042760E+000                  1.2197726237903701E+001                  7.0000000000000007E-001                  2.8000000000000003E-001                  1.9999999999999907E-002                  1.5029313578013428E-016                  0.0000000000000000E+000                  0.0000000000000000E+000 
                                     455                  9.8517330585987706E-001                  2.1520245182842790E-001                  5.5710852749188424E+000                 -1.4653116186678676E+000                  1.2213045819550821E+001                  7.0000000000000007E-001                  2.8000000000000003E-001                  1.9999999999999907E-002                  1.8817151316785525E-016                  0.0000000000000000E+000                  0.0000000000000000E+000 
                                     456                  9.8470109328120525E-001                  2.1456475779699533E-001                  5.5770034263884849E+000                 -1.4561217397636850E+000                  1.2228368414982816E+001                  7.0000000000000007E-001                  2.8000000000000003E-001                  1.9999999999999907E-002                  2.3540842244128755E-016                  0.0000000000000000E+000                  0.0000000000000000E+000 
                                     457                  9.8421447367009929E-001                  2.1391850797665610E-001                  5.5829261890591644E+000                 -1.4469309217581612E+000                  1.2243694036605257E+001                  7.0000000000000007E-001                  2.8000000000000003E-001                  1.9999999999999907E-002                  2.9426853311726834E-016                  0.0000000000000000E+000                  0.0000000000000000E+000 
                                     458                  9.8371303591428749E-001                  2.1326358717108385E-001                  5.5888535137513715E+000                 -1.4377391766986272E+000                  1.2259022689923770E+001                  7.0000000000000007E-001                  2.8000000000000003E-001                  1.9999999999999907E-002                  3.6755263659464844E-016                  0.0000000000000000E+000                  0.0000000000000000E+000 
                                     459                  9.8319635864271415E-001                  2.1259987878895420E-001                  5.5947853397661236E+000                 -1.4285465099863490E+000                  1.2274354373185133E+001                  7.0000000000000007E-001                  2.8000000000000003E-001                  1.9999999999999907E-002                  4.5872159592087273E-016                  0.0000000000000000E+000                  0.0000000000000000E+000 
                                     460                  9.8266401005750803E-001                  2.1192726486170904E-001                  5.6007215942111568E+000                 -1.4193529208433677E+000                  1.2289689077049070E+001                  7.0000000000000007E-001                  2.8000000000000003E-001                  1.9999999999999907E-002                  5.7204821897919380E-016                  0.0000000000000000E+000                  0.0000000000000000E+000 
                                     461                  9.8211554776795085E-001                  2.1124562606185859E-001                  5.6066621926271099E+000                 -1.4101583977899350E+000                  1.2305026784269428E+001                  7.0000000000000007E-001                  2.8000000000000003E-001                  1.9999999999999907E-002                  7.1280320056280550E-016                  0.0000000000000000E+000                  0.0000000000000000E+000 
                                     462                  9.8155051862775122E-001                  2.1055484173098638E-001                  5.6126070416526952E+000                 -1.4009629134452382E+000                  1.2320367469384570E+001                  7.0000000000000007E-001                  2.8000000000000003E-001                  1.9999999999999907E-002                  8.8748261062552676E-016                  0.0000000000000000E+000                  0.0000000000000000E+000 
                                     463                  9.8096845857499426E-001                  2.0985478991794215E-001                  5.6185560410375084E+000                 -1.3917664410022839E+000                  1.2335711098442472E+001                  7.0000000000000007E-001                  2.8000000000000003E-001                  1.9999999999999907E-002                  1.1040858715398245E-015                  0.0000000000000000E+000                  0.0000000000000000E+000 
                                     464                  9.8036889247408687E-001                  2.0914534739131593E-001                  5.6245090836179203E+000                 -1.3825689551495208E+000                  1.2351057628781295E+001                  7.0000000000000007E-001                  2.8000000000000003E-001                  1.9999999999999907E-002                  1.3724551113105103E-015                  0.0000000000000000E+000                  0.0000000000000000E+000 
                                     465                  9.7975133395935243E-001                  2.0842638964907650E-001                  5.6304660569754317E+000                 -1.3733704204216657E+000                  1.2366407008865078E+001                  7.0000000000000007E-001                  2.8000000000000003E-001                  1.9999999999999907E-002                  1.7046892117434757E-015                  0.0000000000000000E+000                  0.0000000000000000E+000 
                                     466                  9.7911528528073577E-001                  2.0769779094670721E-001                  5.6364268459728901E+000                 -1.3641708023010992E+000                  1.2381759178153349E+001                  7.0000000000000007E-001                  2.8000000000000003E-001                  1.9999999999999907E-002                  2.1156484493052998E-015                  0.0000000000000000E+000                  0.0000000000000000E+000 
                                     467                  9.7846023715275143E-001                  2.0695942430774661E-001                  5.6423913333005586E+000                 -1.3549700755629122E+000                  1.2397114067005644E+001                  7.0000000000000007E-001                  2.8000000000000003E-001                  1.9999999999999907E-002                  2.6235688870470238E-015                  0.0000000000000000E+000                  0.0000000000000000E+000 
                                     468                  9.7778566860595384E-001                  2.0621116151876026E-001                  5.6483593997007189E+000                 -1.3457682182201465E+000                  1.2412471596644506E+001                  7.0000000000000007E-001                  2.8000000000000003E-001                  1.9999999999999907E-002                  3.2508098303327826E-015                  0.0000000000000000E+000                  0.0000000000000000E+000 
                                     469                  9.7709104683998582E-001                  2.0545287313142252E-001                  5.6543309251966587E+000                 -1.3365652105524912E+000                  1.2427831679194705E+001                  7.0000000000000007E-001                  2.8000000000000003E-001                  1.9999999999999907E-002                  4.0247623920373594E-015                  0.0000000000000000E+000                  0.0000000000000000E+000 
                                     470                  9.7637582707721104E-001                  2.0468442846234922E-001                  5.6603057898577536E+000                 -1.3273610433921879E+000                  1.2443194217781921E+001                  7.0000000000000007E-001                  2.8000000000000003E-001                  1.9999999999999907E-002                  4.9789527107072719E-015                  0.0000000000000000E+000                  0.0000000000000000E+000 
                                     471                  9.7563945241892969E-001                  2.0390569557620949E-001                  5.6662838737917482E+000                 -1.3181557174056961E+000                  1.2458559106667614E+001                  7.0000000000000007E-001                  2.8000000000000003E-001                  1.9999999999999907E-002                  6.1543803561239662E-015                  0.0000000000000000E+000                  0.0000000000000000E+000 
                                     472                  9.7488135370427642E-001                  2.0311654126713605E-001                  5.6722650574429121E+000                 -1.3089492402047440E+000                  1.2473926231431525E+001                  7.0000000000000007E-001                  2.8000000000000003E-001                  1.9999999999999907E-002                  7.6011406889412084E-015                  0.0000000000000000E+000                  0.0000000000000000E+000 
                                     473                  9.7410094937054870E-001                  2.0231683104094814E-001                  5.6782492220065937E+000                 -1.2997416290260835E+000                  1.2489295469226430E+001                  7.0000000000000007E-001                  2.8000000000000003E-001                  1.9999999999999907E-002                  9.3803895115113702E-015                  0.0000000000000000E+000                  0.0000000000000000E+000 
                                     474                  9.7329764531328933E-001                  2.0150642908642497E-001                  5.6842362496038961E+000                 -1.2905329113509207E+000                  1.2504666689093614E+001                  7.0000000000000007E-001                  2.8000000000000003E-001                  1.9999999999999907E-002                  1.1566720070935338E-014                  0.0000000000000000E+000                  0.0000000000000000E+000 
                                     475                  9.7247083474824558E-001                  2.0068519824115474E-001                  5.6902260232911992E+000                 -1.2813231242536824E+000                  1.2520039752307760E+001                  7.0000000000000007E-001                  2.8000000000000003E-001                  1.9999999999999907E-002                  1.4251036321130171E-014                  0.0000000000000000E+000                  0.0000000000000000E+000 
                                     476                  9.7161989807578464E-001                  1.9985299995474848E-001                  5.6962184270713232E+000                 -1.2721123137505010E+000                  1.2535414512756210E+001                  7.0000000000000007E-001                  2.8000000000000003E-001                  1.9999999999999907E-002                  1.7544022888263743E-014                  0.0000000000000000E+000                  0.0000000000000000E+000 
                                     477                  9.7074420274640061E-001                  1.9900969424791834E-001                  5.7022133460956370E+000                 -1.2629005346065743E+000                  1.2550790817374375E+001                  7.0000000000000007E-001                  2.8000000000000003E-001                  1.9999999999999907E-002                  2.1580331931283707E-014                  0.0000000000000000E+000                  0.0000000000000000E+000 
                                     478                  9.6984310312573896E-001                  1.9815513966500645E-001                  5.7082106667479504E+000                 -1.2536878500545370E+000                  1.2566168506628726E+001                  7.0000000000000007E-001                  2.8000000000000003E-001                  1.9999999999999907E-002                  2.6523630293122502E-014                  0.0000000000000000E+000                  0.0000000000000000E+000 
                                     479                  9.6891594036077122E-001                  1.9728919322174024E-001                  5.7142102764339331E+000                 -1.2444743310031763E+000                  1.2581547415022984E+001                  7.0000000000000007E-001                  2.8000000000000003E-001                  1.9999999999999907E-002                  3.2572677959683671E-014                  0.0000000000000000E+000                  0.0000000000000000E+000 
                                     480                  9.6796204224757465E-001                  1.9641171034954649E-001                  5.7202120635850155E+000                 -1.2352600552610185E+000                  1.2596927371632511E+001                  7.0000000000000007E-001                  2.8000000000000003E-001                  1.9999999999999907E-002                  3.9968642184764487E-014                  0.0000000000000000E+000                  0.0000000000000000E+000 
                                     481                  9.6698072309917638E-001                  1.9552254483498099E-001                  5.7262159179995411E+000                 -1.2260451070919158E+000                  1.2612308200684982E+001                  7.0000000000000007E-001                  2.8000000000000003E-001                  1.9999999999999907E-002                  4.9003890797906382E-014                  0.0000000000000000E+000                  0.0000000000000000E+000 
                                     482                  9.6597128361193396E-001                  1.9462154875229476E-001                  5.7322217312090213E+000                 -1.2168295764497365E+000                  1.2627689722182918E+001                  7.0000000000000007E-001                  2.8000000000000003E-001                  1.9999999999999907E-002                  6.0032554259689279E-014                  0.0000000000000000E+000                  0.0000000000000000E+000 
                                     483                  9.6493301073136539E-001                  1.9370857239077038E-001                  5.7382293967605689E+000                 -1.2076135591481929E+000                  1.2643071752552924E+001                  7.0000000000000007E-001                  2.8000000000000003E-001                  1.9999999999999907E-002                  7.3483200569503740E-014                  0.0000000000000000E+000                  0.0000000000000000E+000 
                                     484                  9.6386517751732914E-001                  1.9278346417481068E-001                  5.7442388105089623E+000                 -1.1983971567043292E+000                  1.2658454105330637E+001                  7.0000000000000007E-001                  2.8000000000000003E-001                  1.9999999999999907E-002                  8.9874032353970717E-014                  0.0000000000000000E+000                  0.0000000000000000E+000 
                                     485                  9.6276704300637661E-001                  1.9184607057563410E-001                  5.7502498714856358E+000                 -1.1891804771384262E+000                  1.2673836591897606E+001                  7.0000000000000007E-001                  2.8000000000000003E-001                  1.9999999999999907E-002                  1.0983109344524352E-013                  0.0000000000000000E+000                  0.0000000000000000E+000 
                                     486                  9.6163785206973718E-001                  1.9089623601123470E-001                  5.7562624830266902E+000                 -1.1799636346622149E+000                  1.2689219022266375E+001                  7.0000000000000007E-001                  2.8000000000000003E-001                  1.9999999999999907E-002                  1.3411006287664777E-013                  0.0000000000000000E+000                  0.0000000000000000E+000 
                                     487                  9.6047683526710914E-001                  1.8993380273729413E-001                  5.7622765532578812E+000                 -1.1707467488831800E+000                  1.2704601205906371E+001                  7.0000000000000007E-001                  2.8000000000000003E-001                  1.9999999999999907E-002                  1.6362231800064276E-013                  0.0000000000000000E+000                  0.0000000000000000E+000 
                                     488                  9.5928320869517969E-001                  1.8895861072945080E-001                  5.7682919947137190E+000                 -1.1615299469673974E+000                  1.2719982952622557E+001                  7.0000000000000007E-001                  2.8000000000000003E-001                  1.9999999999999907E-002                  1.9946607141948530E-013                  0.0000000000000000E+000                  0.0000000000000000E+000 
                                     489                  9.5805617382800834E-001                  1.8797049754811765E-001                  5.7743087233676498E+000                 -1.1523133623472290E+000                  1.2735364073497362E+001                  7.0000000000000007E-001                  2.8000000000000003E-001                  1.9999999999999907E-002                  2.4296353686758733E-013                  0.0000000000000000E+000                  0.0000000000000000E+000 
                                     490                  9.5679491734794930E-001                  1.8696929819272867E-001                  5.7803266583764339E+000                 -1.1430971284785778E+000                  1.2750744381891074E+001                  7.0000000000000007E-001                  2.8000000000000003E-001                  1.9999999999999907E-002                  2.9570526156415575E-013                  0.0000000000000000E+000                  0.0000000000000000E+000 
                                     491                  9.5549861096610678E-001                  1.8595484495676534E-001                  5.7863457217583694E+000                 -1.1338813789159345E+000                  1.2766123694495880E+001                  7.0000000000000007E-001                  2.8000000000000003E-001                  1.9999999999999907E-002                  3.5960295126424448E-013                  0.0000000000000000E+000                  0.0000000000000000E+000 
                                     492                  9.5416641123059287E-001                  1.8492696726884064E-001                  5.7939091793530837E+000                 -1.1223568734448328E+000                  1.2785391634716072E+001                  7.0000000000000007E-001                  2.8000000000000003E-001                  1.9999999999999907E-002                  4.5921002195678206E-013                  0.0000000000000000E+000                  0.0000000000000000E+000 
                                     493                  9.5209892866075596E-001                  1.8335956250684166E-001                  5.8021681765823443E+000                 -1.1096916249759399E+000                  1.2806508395966702E+001                  7.0000000000000007E-001                  2.8000000000000003E-001                  1.9999999999999907E-002                  5.9895334818785670E-013                  0.0000000000000000E+000                  0.0000000000000000E+000 
                                     494                  9.5031071956180113E-001                  1.8202960121837919E-001                  5.8089266893538172E+000                 -1.0993298395110409E+000                  1.2823784066995875E+001                  7.0000000000000007E-001                  2.8000000000000003E-001                  1.9999999999999907E-002                  7.4353812680688144E-013                  0.0000000000000000E+000                  0.0000000000000000E+000 
                                     495                  9.4883614270574790E-001                  1.8094980579349854E-001                  5.8149499921428101E+000                 -1.0901180096163821E+000                  1.2839156332232676E+001                  7.0000000000000007E-001                  2.8000000000000003E-001                  1.9999999999999907E-002                  9.0072435645723784E-013                  0.0000000000000000E+000                  0.0000000000000000E+000 
                                     496                  9.4732145219227448E-001                  1.7985573122389736E-001                  5.8209739250588566E+000                 -1.0809072601144933E+000                  1.2854526671192637E+001                  7.0000000000000007E-001                  2.8000000000000003E-001                  1.9999999999999907E-002                  1.0902565755732278E-012                  0.0000000000000000E+000                  0.0000000000000000E+000 
                                     497                  9.4576571283394728E-001                  1.7874718703886391E-001                  5.8269983885235375E+000                 -1.0716976393396842E+000                  1.2869894954644652E+001                  7.0000000000000007E-001                  2.8000000000000003E-001                  1.9999999999999907E-002                  1.3186026631016911E-012                  0.0000000000000000E+000                  0.0000000000000000E+000 
                                     498                  9.4416797252795814E-001                  1.7762397864520052E-001                  5.8330232821160415E+000                 -1.0624891701636205E+000                  1.2885261066401835E+001                  7.0000000000000007E-001                  2.8000000000000003E-001                  1.9999999999999907E-002                  1.5934847910884926E-012                  0.0000000000000000E+000                  0.0000000000000000E+000 
                                     499                  9.4252726192059200E-001                  1.7648590712200346E-001                  5.8390485065639588E+000                 -1.0532818623176925E+000                  1.2900624904588057E+001                  7.0000000000000007E-001                  2.8000000000000003E-001                  1.9999999999999907E-002                  1.9241148701013548E-012                  0.0000000000000000E+000                  0.0000000000000000E+000 
                                     500                  9.4084259405067283E-001                  1.7533276897146283E-001                  5.8450739647912320E+000                 -1.0440757117190778E+000                  1.2915986382887992E+001                  7.0000000000000007E-001                  2.8000000000000003E-001                  1.9999999999999907E-002                  2.3214727146512913E-012                  0.0000000000000000E+000                  0.0000000000000000E+000 
                                     501                  9.3911296396864274E-001                  1.7416435585612999E-001                  5.8510995665005199E+000                 -1.0348706916523145E+000                  1.2931345431727793E+001                  7.0000000000000007E-001                  2.8000000000000003E-001                  1.9999999999999907E-002                  2.7986347364555323E-012                  0.0000000000000000E+000                  0.0000000000000000E+000 
                                     502                  9.3733734834386206E-001                  1.7298045435383805E-001                  5.8571252332582544E+000                 -1.0256667667011707E+000                  1.2946701999314582E+001                  7.0000000000000007E-001                  2.8000000000000003E-001                  1.9999999999999907E-002                  3.3711618489854878E-012                  0.0000000000000000E+000                  0.0000000000000000E+000 
                                     503                  9.3551470506290857E-001                  1.7178084567092800E-001                  5.8631508994660830E+000                 -1.0164638989317105E+000                  1.2962056052561021E+001                  7.0000000000000007E-001                  2.8000000000000003E-001                  1.9999999999999907E-002                  4.0575566742844129E-012                  0.0000000000000000E+000                  0.0000000000000000E+000 
                                     504                  9.3364397281325473E-001                  1.7056530532806136E-001                  5.8691765164081193E+000                 -1.0072620534227943E+000                  1.2977407577914231E+001                  7.0000000000000007E-001                  2.8000000000000003E-001                  1.9999999999999907E-002                  4.8798026337740713E-012                  0.0000000000000000E+000                  0.0000000000000000E+000 
                                     505                  9.3172407065555740E-001                  1.6933360282073395E-001                  5.8752020605075259E+000                 -9.9806120326716441E-001                  1.2992756582018712E+001                  7.0000000000000007E-001                  2.8000000000000003E-001                  1.9999999999999907E-002                  5.8639997367440299E-012                  0.0000000000000000E+000                  0.0000000000000000E+000 
                                     506                  9.2975389760139526E-001                  1.6808550126477487E-001                  5.8812275368283844E+000                 -9.8886132930216708E-001                  1.3008103092170099E+001                  7.0000000000000007E-001                  2.8000000000000003E-001                  1.9999999999999907E-002                  7.0411131340000848E-012                  0.0000000000000000E+000                  0.0000000000000000E+000 
                                     507                  9.2773233219665163E-001                  1.6682075703965996E-001                  5.8872529757847101E+000                 -9.7966243238869488E-001                  1.3023447156606045E+001                  7.0000000000000007E-001                  2.8000000000000003E-001                  1.9999999999999907E-002                  8.4478527175315310E-012                  0.0000000000000000E+000                  0.0000000000000000E+000 
                                     508                  9.2565823210573206E-001                  1.6553911938804858E-001                  5.8932784258339197E+000                 -9.7046454206358357E-001                  1.3038788844661875E+001                  7.0000000000000007E-001                  2.8000000000000003E-001                  1.9999999999999907E-002                  1.0127705738979626E-011                  0.0000000000000000E+000                  0.0000000000000000E+000 
                                     509                  9.2353043370185350E-001                  1.6424032998113763E-001                  5.8993039495804167E+000                 -9.6126767910833100E-001                  1.3054128246749935E+001                  7.0000000000000007E-001                  2.8000000000000003E-001                  1.9999999999999907E-002                  1.2132150695311579E-011                  0.0000000000000000E+000                  0.0000000000000000E+000 
                                     510                  9.2134775167718874E-001                  1.6292412259440017E-001                  5.9053296236726647E+000                 -9.5207185373799341E-001                  1.3069465474118532E+001                  7.0000000000000007E-001                  2.8000000000000003E-001                  1.9999999999999907E-002                  1.4522082497652593E-011                  0.0000000000000000E+000                  0.0000000000000000E+000 
                                     511                  9.1910897867658181E-001                  1.6159022279396684E-001                  5.9113555280122156E+000                 -9.4287706867646082E-001                  1.3084800658434137E+001                  7.0000000000000007E-001                  2.8000000000000003E-001                  1.9999999999999907E-002                  1.7369479579533203E-011                  0.0000000000000000E+000                  0.0000000000000000E+000 
                                     512                  9.1681288494930013E-001                  1.6023834761364325E-001                  5.9173817323753690E+000                 -9.3368329944057959E-001                  1.3100133951252941E+001                  7.0000000000000007E-001                  2.8000000000000003E-001                  1.9999999999999907E-002                  2.0759353681959284E-011                  0.0000000000000000E+000                  0.0000000000000000E+000 
                                     513                  9.1445821801468852E-001                  1.5886820528979137E-001                  5.9234082941619439E+000                 -9.2449048638838416E-001                  1.3115465523360681E+001                  7.0000000000000007E-001                  2.8000000000000003E-001                  1.9999999999999907E-002                  2.4792033627712929E-011                  0.0000000000000000E+000                  0.0000000000000000E+000 
                                     514                  9.1204370235740673E-001                  1.5747949502944802E-001                  5.9294352634603253E+000                 -9.1529852061767025E-001                  1.3130795563928016E+001                  7.0000000000000007E-001                  2.8000000000000003E-001                  1.9999999999999907E-002                  2.9585840858211066E-011                  0.0000000000000000E+000                  0.0000000000000000E+000 
                                     515                  9.0956803916128237E-001                  1.5607190683744190E-001                  5.9354626895296292E+000                 -9.0610725897837807E-001                  1.3146124279506763E+001                  7.0000000000000007E-001                  2.8000000000000003E-001                  1.9999999999999907E-002                  3.5280218695905404E-011                  0.0000000000000000E+000                  0.0000000000000000E+000 
                                     516                  9.0702990607439227E-001                  1.5464512130446167E-001                  5.9414906221128279E+000                 -8.9691654572608481E-001                  1.3161451892976331E+001                  7.0000000000000007E-001                  2.8000000000000003E-001                  1.9999999999999907E-002                  4.2039385146454439E-011                  0.0000000000000000E+000                  0.0000000000000000E+000 
                                     517                  9.0442795698927037E-001                  1.5319880931898819E-001                  5.9475191126875169E+000                 -8.8772620610248054E-001                  1.3176778642457595E+001                  7.0000000000000007E-001                  2.8000000000000003E-001                  1.9999999999999907E-002                  5.0056599985207253E-011                  0.0000000000000000E+000                  0.0000000000000000E+000 
                                     518                  9.0176082185804496E-001                  1.5173263180145125E-001                  5.9535482225689007E+000                 -8.7853604639214899E-001                  1.3192104780115701E+001                  7.0000000000000007E-001                  2.8000000000000003E-001                  1.9999999999999907E-002                  5.9559154501607146E-011                  0.0000000000000000E+000                  0.0000000000000000E+000 
                                     519                  8.9902710655584761E-001                  1.5024623944571891E-001                  5.9595780287252955E+000                 -8.6934587643254946E-001                  1.3207430570857593E+001                  7.0000000000000007E-001                  2.8000000000000003E-001                  1.9999999999999907E-002                  7.0814193189923469E-011                  0.0000000000000000E+000                  0.0000000000000000E+000 
                                     520                  8.9622539278807845E-001                  1.4873927238492823E-001                  5.9656086227779426E+000                 -8.6015551266520895E-001                  1.3222756291042332E+001                  7.0000000000000007E-001                  2.8000000000000003E-001                  1.9999999999999907E-002                  8.4135497329865888E-011                  0.0000000000000000E+000                  0.0000000000000000E+000 
                                     521                  8.9335423801728719E-001                  1.4721135982805242E-001                  5.9716401088749063E+000                 -8.5096477934913317E-001                  1.3238082227237008E+001                  7.0000000000000007E-001                  2.8000000000000003E-001                  1.9999999999999907E-002                  9.9891387561315739E-011                  0.0000000000000000E+000                  0.0000000000000000E+000 
                                     522                  8.9041217542764595E-001                  1.4566211968055742E-001                  5.9776726021436275E+000                 -8.4177350430402220E-001                  1.3253408674941952E+001                  7.0000000000000007E-001                  2.8000000000000003E-001                  1.9999999999999907E-002                  1.1851392848185975E-010                  0.0000000000000000E+000                  0.0000000000000000E+000 
                                     523                  8.8739771394313516E-001                  1.4409115817469287E-001                  5.9852472971302468E+000                 -8.3028592806062929E-001                  1.3272598876800856E+001                  7.0000000000000007E-001                  2.8000000000000003E-001                  1.9999999999999907E-002                  1.4671891424484134E-010                  0.0000000000000000E+000                  0.0000000000000000E+000 
                                     524                  8.8273695256983575E-001                  1.4169301048949764E-001                  5.9927595162172196E+000                 -8.1879237535592309E-001                  1.3291728969576658E+001                  7.0000000000000007E-001                  2.8000000000000003E-001                  1.9999999999999907E-002                  1.8115503607865898E-010                  0.0000000000000000E+000                  0.0000000000000000E+000 
                                     525                  8.7953481196248851E-001                  1.4006593984526541E-001                  5.9972679669300302E+000                 -8.1189487723949549E-001                  1.3303208778596076E+001                  7.0000000000000007E-001                  2.8000000000000003E-001                  1.9999999999999907E-002                  2.0547947575902159E-010                  0.0000000000000000E+000                  0.0000000000000000E+000 
                                     526                  8.7790466329934080E-001                  1.3924375150000723E-001                  6.0010495913569875E+000                 -8.0614842625553151E-001                  1.3312798728455657E+001                  7.0000000000000007E-001                  2.8000000000000003E-001                  1.9999999999999907E-002                  2.2829175292069304E-010                  3.9773722520519127E-036                  0.0000000000000000E+000 
                                     527                  8.7542253287769467E-001                  1.3799946263934115E-001                  6.0063449187705942E+000                 -7.9810272331004206E-001                  1.3326225748383605E+001                  7.0000000000000007E-001                  2.8000000000000003E-001                  1.9999999999999907E-002                  2.6442752985082629E-010                  6.9785509516783138E-036                  0.0000000000000000E+000 
                                     528                  8.7204307494665501E-001                  1.3631956376518523E-001                  6.0123856752525802E+000                 -7.8890504401075134E-001                  1.3341561185067409E+001                  7.0000000000000007E-001                  2.8000000000000003E-001                  1.9999999999999907E-002                  3.1248880321324337E-010                  1.3217452155544386E-035                  0.0000000000000000E+000 
                                     529                  8.6858217992024200E-001                  1.3461543340001522E-001                  6.0184282752462552E+000                 -7.7970564895766292E-001                  1.3356899262566639E+001                  7.0000000000000007E-001                  2.8000000000000003E-001                  1.9999999999999907E-002                  3.6903978370777692E-010                  2.4966613633599750E-035                  0.0000000000000000E+000 
                                     530                  8.6503819723110031E-001                  1.3288658873389661E-001                  6.0244728267969458E+000                 -7.7050434753427088E-001                  1.3372240302158120E+001                  7.0000000000000007E-001                  2.8000000000000003E-001                  1.9999999999999907E-002                  4.3553725164223737E-010                  4.7033849471380166E-035                  0.0000000000000000E+000 
                                     531                  8.6140945393940838E-001                  1.3113253213375300E-001                  6.0305194330060488E+000                 -7.6130094265401460E-001                  1.3387584623118407E+001                  7.0000000000000007E-001                  2.8000000000000003E-001                  1.9999999999999907E-002                  5.1368065144612650E-010                  8.8370981506584606E-035                  0.0000000000000000E+000 
                                     532                  8.5769425523864407E-001                  1.2935275067935334E-001                  6.0365681925306323E+000                 -7.5209523416230661E-001                  1.3402932541557073E+001                  7.0000000000000007E-001                  2.8000000000000003E-001                  1.9999999999999907E-002                  6.0545129660945772E-010                  1.6560219579411599E-034                  0.0000000000000000E+000 
                                     533                  8.5389088504893473E-001                  1.2754671567293044E-001                  6.0426191993841627E+000                 -7.4288702136243923E-001                  1.3418284369246189E+001                  7.0000000000000007E-001                  2.8000000000000003E-001                  1.9999999999999907E-002                  7.1315770084059969E-010                  3.0951981572071205E-034                  0.0000000000000000E+000 
                                     534                  8.4999760668638336E-001                  1.2571388211565312E-001                  6.0486725432963011E+000                 -7.3367610281058804E-001                  1.3433640412505971E+001                  7.0000000000000007E-001                  2.8000000000000003E-001                  1.9999999999999907E-002                  8.3948798076779583E-010                  5.7701247504549332E-034                  0.0000000000000000E+000 
                                     535                  8.4601266359993843E-001                  1.2385368815431373E-001                  6.0547283111114147E+000                 -7.2446227871551694E-001                  1.3449000971162736E+001                  7.0000000000000007E-001                  2.8000000000000003E-001                  1.9999999999999907E-002                  9.8757040752061018E-010                  1.0729130693304254E-033                  0.0000000000000000E+000 
                                     536                  8.4193428018151195E-001                  1.2196555448608785E-001                  6.0607865873755218E+000                 -7.1524535468787742E-001                  1.3464366337528165E+001                  7.0000000000000007E-001                  2.8000000000000003E-001                  1.9999999999999907E-002                  1.1610433033618957E-009                  1.9899147884613316E-033                  0.0000000000000000E+000 
                                     537                  8.3776066267671689E-001                  1.2004888372332671E-001                  6.0668474540672026E+000                 -7.0602514178844933E-001                  1.3479736795365602E+001                  7.0000000000000007E-001                  2.8000000000000003E-001                  1.9999999999999907E-002                  1.3641356772151672E-009                  3.6813139933216568E-033                  0.0000000000000000E+000 
                                     538                  8.3349000019805952E-001                  1.1810305972984807E-001                  6.0729109908768049E+000                 -6.9680145631336621E-001                  1.3495112618902981E+001                  7.0000000000000007E-001                  2.8000000000000003E-001                  1.9999999999999907E-002                  1.6017602214870048E-009                  6.7932457775874767E-033                  0.0000000000000000E+000 
                                     539                  8.2912046581724275E-001                  1.1612744691474330E-001                  6.0789772754996205E+000                 -6.8757412275801355E-001                  1.3510494071949072E+001                  7.0000000000000007E-001                  2.8000000000000003E-001                  1.9999999999999907E-002                  1.8796204802233903E-009                  1.2504471857779951E-032                  0.0000000000000000E+000 
                                     540                  8.2465021773470615E-001                  1.1412138946383615E-001                  6.0850463835189093E+000                 -6.7834297469825910E-001                  1.3525881407074378E+001                  7.0000000000000007E-001                  2.8000000000000003E-001                  1.9999999999999907E-002                  2.2043342730726440E-009                  2.2960124733016492E-032                  0.0000000000000000E+000 
                                     541                  8.2007740055521006E-001                  1.1208421052552479E-001                  6.0911183887678355E+000                 -6.6910785484554758E-001                  1.3541274864795810E+001                  7.0000000000000007E-001                  2.8000000000000003E-001                  1.9999999999999907E-002                  2.5835757939985000E-009                  4.2054371513350015E-032                  0.0000000000000000E+000 
                                     542                  8.1540014668404037E-001                  1.1001521135572877E-001                  6.0971933638656308E+000                 -6.5986861703722510E-001                  1.3556674672810084E+001                  7.0000000000000007E-001                  2.8000000000000003E-001                  1.9999999999999907E-002                  3.0262391005245800E-009                  7.6839244603456885E-032                  0.0000000000000000E+000 
                                     543                  8.1061657781319152E-001                  1.0791367039322150E-001                  6.1032713802405434E+000                 -6.5062512739546963E-001                  1.3572081045352599E+001                  7.0000000000000007E-001                  2.8000000000000003E-001                  1.9999999999999907E-002                  3.5426260767541020E-009                  1.4005446301623112E-031                  0.0000000000000000E+000 
                                     544                  8.0572480648857370E-001                  1.0577884225882551E-001                  6.1093525083059390E+000                 -6.4137726465922418E-001                  1.3587494182657727E+001                  7.0000000000000007E-001                  2.8000000000000003E-001                  1.9999999999999907E-002                  4.1446624484624491E-009                  2.5465928336623710E-031                  0.0000000000000000E+000 
                                     545                  8.0072293778453263E-001                  1.0360995668753868E-001                  6.1154368179303118E+000                 -6.3212492106184370E-001                  1.3602914270454692E+001                  7.0000000000000007E-001                  2.8000000000000003E-001                  1.9999999999999907E-002                  4.8461459113531302E-009                  4.6193134227741565E-031                  0.0000000000000000E+000 
                                     546                  7.9560907110639656E-001                  1.0140621739284479E-001                  6.1215243785445645E+000                 -6.2286800316634117E-001                  1.3618341479529180E+001                  7.0000000000000007E-001                  2.8000000000000003E-001                  1.9999999999999907E-002                  5.6630309348695463E-009                  8.3590566916206853E-031                  0.0000000000000000E+000 
                                     547                  7.9038130208966384E-001                  9.9166800842083749E-002                  6.1276152584365278E+000                 -6.1360643214316490E-001                  1.3633775965425508E+001                  7.0000000000000007E-001                  2.8000000000000003E-001                  1.9999999999999907E-002                  6.6137553937889997E-009                  1.5090564043161703E-030                  0.0000000000000000E+000 
                                     548                  7.8503772458304322E-001                  9.6890854932232484E-002                  6.1337095230763294E+000                 -6.0434014268813852E-001                  1.3649217868271601E+001                  7.0000000000000007E-001                  2.8000000000000003E-001                  1.9999999999999907E-002                  7.7196148587231435E-009                  2.7178675748970975E-030                  0.0000000000000000E+000 
                                     549                  7.7957643274049715E-001                  9.4577497575861952E-002                  6.1398072339279919E+000                 -5.9506908054932361E-001                  1.3664667312664212E+001                  7.0000000000000007E-001                  2.8000000000000003E-001                  1.9999999999999907E-002                  9.0051914000777302E-009                  4.8835063208687441E-030                  0.0000000000000000E+000 
                                     550                  7.7399552324285303E-001                  9.2225815205262310E-002                  6.1459084479296289E+000                 -5.8579320236390564E-001                  1.3680124407632517E+001                  7.0000000000000007E-001                  2.8000000000000003E-001                  1.9999999999999907E-002                  1.0498844551335000E-008                  8.7543041985332301E-030                  0.0000000000000000E+000 
                                     551                  7.6829309762083475E-001                  8.9834861161817867E-002                  6.1520132152550175E+000                 -5.7651247482360890E-001                  1.3695589246742335E+001                  7.0000000000000007E-001                  2.8000000000000003E-001                  1.9999999999999907E-002                  1.2233272603324917E-008                  1.5656813322907173E-029                  0.0000000000000000E+000 
                                     552                  7.6246726466625647E-001                  8.7403653958644661E-002                  6.1581215770549358E+000                 -5.6722687056075116E-001                  1.3711061908315830E+001                  7.0000000000000007E-001                  2.8000000000000003E-001                  1.9999999999999907E-002                  1.4246154140073408E-008                  2.7937144125225099E-029                  0.0000000000000000E+000 
                                     553                  7.5651614296266567E-001                  8.4931175437835196E-002                  6.1642335651729585E+000                 -5.5793636702814997E-001                  1.3726542455707749E+001                  7.0000000000000007E-001                  2.8000000000000003E-001                  1.9999999999999907E-002                  1.6580881243908338E-008                  4.9735005768169665E-029                  0.0000000000000000E+000 
                                     554                  7.5043786354901409E-001                  8.2416368801016215E-002                  6.1703492022583522E+000                 -5.4864094633515714E-001                  1.3742030937656859E+001                  7.0000000000000007E-001                  2.8000000000000003E-001                  1.9999999999999907E-002                  1.9287396715900342E-008                  8.8338110712948360E-029                  0.0000000000000000E+000 
                                     555                  7.4423057269437720E-001                  7.9858136486053721E-002                  6.1764685017791523E+000                 -5.3934059500984632E-001                  1.3757527388754673E+001                  7.0000000000000007E-001                  2.8000000000000003E-001                  1.9999999999999907E-002                  2.2423149341488247E-008                  1.5654660779495691E-028                  0.0000000000000000E+000 
                                     556                  7.3789243477693778E-001                  7.7255337873231314E-002                  6.1825914681807657E+000                 -5.3003530364600260E-001                  1.3773031829993840E+001                  7.0000000000000007E-001                  2.8000000000000003E-001                  1.9999999999999907E-002                  2.6054183235905126E-008                  2.7679122163849563E-028                  0.0000000000000000E+000 
                                     557                  7.3142163530662097E-001                  7.4606786822448964E-002                  6.1887180978082519E+000                 -5.2072506609398461E-001                  1.3788544269352025E+001                  7.0000000000000007E-001                  2.8000000000000003E-001                  1.9999999999999907E-002                  3.0256379747302442E-008                  4.8828931170858053E-028                  0.0000000000000000E+000 
                                     558                  7.2481638409482874E-001                  7.1911249028572558E-002                  6.1948483806308161E+000                 -5.1140988054851588E-001                  1.3804064702436749E+001                  7.0000000000000007E-001                  2.8000000000000003E-001                  1.9999999999999907E-002                  3.5116872601170393E-008                  8.5945132963888193E-028                  0.0000000000000000E+000 
                                     559                  7.1807491855628758E-001                  6.9167439158368565E-002                  6.2009823013241911E+000                 -5.0208975148564605E-001                  1.3819593113206466E+001                  7.0000000000000007E-001                  2.8000000000000003E-001                  1.9999999999999907E-002                  4.0735658746162274E-008                  1.5093404698415740E-027                  0.0000000000000000E+000 
                                     560                  7.1119550715471180E-001                  6.6374017746535133E-002                  6.2071198398161744E+000                 -4.9276468869872925E-001                  1.3835129474728113E+001                  7.0000000000000007E-001                  2.8000000000000003E-001                  1.9999999999999907E-002                  4.7227431047802971E-008                  2.6447066817728444E-027                  0.0000000000000000E+000 
                                     561                  7.0417645302643095E-001                  6.3529587859115860E-002                  6.2132609725707129E+000                 -4.8343470666978006E-001                  1.3850673749948136E+001                  7.0000000000000007E-001                  2.8000000000000003E-001                  1.9999999999999907E-002                  5.4723663055891578E-008                  4.6237523345565053E-027                  0.0000000000000000E+000 
                                     562                  6.9701609778251516E-001                  6.0632691497508100E-002                  6.2194056737113721E+000                 -4.7409982681491497E-001                  1.3866225892502101E+001                  7.0000000000000007E-001                  2.8000000000000003E-001                  1.9999999999999907E-002                  6.3374978212563087E-008                  8.0656742053532523E-027                  0.0000000000000000E+000 
                                     563                  6.8971282548312918E-001                  5.7681805692956299E-002                  6.2255539154564268E+000                 -4.6476007708472356E-001                  1.3881785847556880E+001                  7.0000000000000007E-001                  2.8000000000000003E-001                  1.9999999999999907E-002                  7.3353840603482465E-008                  1.4038415005419362E-026                  0.0000000000000000E+000 
                                     564                  6.8226506681540755E-001                  5.4675338289351776E-002                  6.2317056688322578E+000                 -4.5541549045996860E-001                  1.3897353552647491E+001                  7.0000000000000007E-001                  2.8000000000000003E-001                  1.9999999999999907E-002                  8.4857610156196892E-008                  2.4379733742576707E-026                  0.0000000000000000E+000 
                                     565                  6.7467130349989601E-001                  5.1611623397886094E-002                  6.2378609044614004E+000                 -4.4606610612850262E-001                  1.3912928938509685E+001                  7.0000000000000007E-001                  2.8000000000000003E-001                  1.9999999999999907E-002                  9.8112008952622527E-008                  4.2245019475895877E-026                  0.0000000000000000E+000 
                                     566                  6.6693007292431195E-001                  4.8488916466392876E-002                  6.2440195929741318E+000                 -4.3671196955285357E-001                  1.3928511929923069E+001                  7.0000000000000007E-001                  2.8000000000000003E-001                  1.9999999999999907E-002                  1.1337505150760239E-007                  7.3039861024466757E-026                  0.0000000000000000E+000 
                                     567                  6.5903997302085537E-001                  4.5305388934112081E-002                  6.2486276116495789E+000                 -4.2968155877137171E-001                  1.3940202261380099E+001                  7.0000000000000007E-001                  2.8000000000000003E-001                  1.9999999999999907E-002                  1.2628667926479528E-007                  1.0984888108838263E-025                  0.0000000000000000E+000 
                                     568                  6.5503867674496608E-001                  4.3690283586679701E-002                  6.2517095711679467E+000                 -4.2500082861390875E-001                  1.3947999585560126E+001                  7.0000000000000007E-001                  2.8000000000000003E-001                  1.9999999999999907E-002                  1.3569990462640810E-007                  1.4420207741664810E-025                  0.0000000000000000E+000 
                                     569                  6.5099966743156157E-001                  4.2059248001698302E-002                  6.2547923782700083E+000                 -4.2031894289562055E-001                  1.3955798762408463E+001                  7.0000000000000007E-001                  2.8000000000000003E-001                  1.9999999999999907E-002                  1.4579506578506189E-007                  1.8919433223096740E-025                  0.0000000000000000E+000 
                                     570                  6.4692278920054680E-001                  4.0412027364934280E-002                  6.2578760295679379E+000                 -4.1563590918776044E-001                  1.3963599780865884E+001                  7.0000000000000007E-001                  2.8000000000000003E-001                  1.9999999999999907E-002                  1.5662008742867856E-007                  2.4808798951035962E-025                  0.0000000000000000E+000 
                                     571                  6.4280789097915836E-001                  3.8748360438658973E-002                  6.2609605217500546E+000                 -4.1095173535183405E-001                  1.3971402629682464E+001                  7.0000000000000007E-001                  2.8000000000000003E-001                  1.9999999999999907E-002                  1.6822615464733317E-007                  3.2513570122995569E-025                  0.0000000000000000E+000 
                                     572                  6.3865482669079898E-001                  3.7067979335419138E-002                  6.2640458515773840E+000                 -4.0626642949977576E-001                  1.3979207297438860E+001                  7.0000000000000007E-001                  2.8000000000000003E-001                  1.9999999999999907E-002                  1.8066792714705745E-007                  4.2587796743654597E-025                  0.0000000000000000E+000 
                                     573                  6.3446345545002780E-001                  3.5370609282425129E-002                  6.2671320158608275E+000                 -4.0157999993993271E-001                  1.3987013772565929E+001                  7.0000000000000007E-001                  2.8000000000000003E-001                  1.9999999999999907E-002                  1.9400376695466716E-007                  5.5752914337451977E-025                  0.0000000000000000E+000 
                                     574                  6.3023364176398555E-001                  3.3655968376111324E-002                  6.2702190114466116E+000                 -3.9689245516475896E-001                  1.3994822043362644E+001                  7.0000000000000007E-001                  2.8000000000000003E-001                  1.9999999999999907E-002                  2.0829598048854466E-007                  7.2947793873900913E-025                  0.0000000000000000E+000 
                                     575                  6.2596525574052442E-001                  3.1923767326222284E-002                  6.2733068352205255E+000                 -3.9220380384061193E-001                  1.4002632098012462E+001                  7.0000000000000007E-001                  2.8000000000000003E-001                  1.9999999999999907E-002                  2.2361107592555135E-007                  9.5393599819209948E-025                  0.0000000000000000E+000 
                                     576                  6.2165817330320228E-001                  3.0173709188836193E-002                  6.2763954841111627E+000                 -3.8751405479514639E-001                  1.4010443924598857E+001                  7.0000000000000007E-001                  2.8000000000000003E-001                  1.9999999999999907E-002                  2.4002003673833525E-007                  1.2467779173356566E-024                  0.0000000000000000E+000 
                                     577                  6.1731227641250996E-001                  2.8405489087370187E-002                  6.2794849550953193E+000                 -3.8282321700743127E-001                  1.4018257511120757E+001                  7.0000000000000007E-001                  2.8000000000000003E-001                  1.9999999999999907E-002                  2.5759861238805880E-007                  1.6286285926867431E-024                  0.0000000000000000E+000 
                                     578                  6.1292745329386777E-001                  2.6618793921032335E-002                  6.2825752451970853E+000                 -3.7813129960399139E-001                  1.4026072845506787E+001                  7.0000000000000007E-001                  2.8000000000000003E-001                  1.9999999999999907E-002                  2.7642762716169273E-007                  2.1262699497269937E-024                  0.0000000000000000E+000 
                                     579                  6.0850359867333048E-001                  2.4813302060308660E-002                  6.2856663514541777E+000                 -3.7343831187256815E-001                  1.4033889915627800E+001                  7.0000000000000007E-001                  2.8000000000000003E-001                  1.9999999999999907E-002                  2.9659330807415426E-007                  2.7744598636374697E-024                  0.0000000000000000E+000 
                                     580                  6.0404061402141562E-001                  2.2988683028735322E-002                  6.2887582708747205E+000                 -3.6874426316052017E-001                  1.4041708709307391E+001                  7.0000000000000007E-001                  2.8000000000000003E-001                  1.9999999999999907E-002                  3.1818763312083386E-007                  3.6182827174647981E-024                  0.0000000000000000E+000 
                                     581                  5.9953840780536516E-001                  2.1144597170699289E-002                  6.2918510004272923E+000                 -3.6404916282541522E-001                  1.4049529214330340E+001                  7.0000000000000007E-001                  2.8000000000000003E-001                  1.9999999999999907E-002                  3.4130870123634737E-007                  4.7161853003537496E-024                  0.0000000000000000E+000 
                                     582                  5.9499689575056680E-001                  1.9280695304439113E-002                  6.2949445370418404E+000                 -3.5935302023039445E-001                  1.4057351418447892E+001                  7.0000000000000007E-001                  2.8000000000000003E-001                  1.9999999999999907E-002                  3.6606112517066776E-007                  6.1438957355370917E-024                  0.0000000000000000E+000 
                                     583                  5.9041600111197878E-001                  1.7396618359424101E-002                  6.2980388776121394E+000                 -3.5465584474194706E-001                  1.4065175309382418E+001                  7.0000000000000007E-001                  2.8000000000000003E-001                  1.9999999999999907E-002                  3.9255644861928066E-007                  7.9994794726814573E-024                  0.0000000000000000E+000 
                                     584                  5.8579565495277319E-001                  1.5491996995911065E-002                  6.3011340189948077E+000                 -3.4995764572487054E-001                  1.4073000874832987E+001                  7.0000000000000007E-001                  2.8000000000000003E-001                  1.9999999999999907E-002                  4.2091358901411392E-007                  1.0409858709124264E-023                  0.0000000000000000E+000 
                                     585                  5.8113579643168556E-001                  1.3566451206135111E-002                  6.3042299579992669E+000                 -3.4525843260603400E-001                  1.4080828102480291E+001                  7.0000000000000007E-001                  2.8000000000000003E-001                  1.9999999999999907E-002                  4.5125930735590430E-007                  1.3539214220620888E-023                  0.0000000000000000E+000 
                                     586                  5.7643637310004092E-001                  1.1619589896083327E-002                  6.3073266913562698E+000                 -3.4055821486985954E-001                  1.4088656979990363E+001                  7.0000000000000007E-001                  2.8000000000000003E-001                  1.9999999999999907E-002                  4.8372870663225744E-007                  1.7599806890118852E-023                  0.0000000000000000E+000 
                                     587                  5.7169734120886484E-001                  9.6510104469589124E-003                  6.3104242156968144E+000                 -3.3585700192626772E-001                  1.4096487495017188E+001                  7.0000000000000007E-001                  2.8000000000000003E-001                  1.9999999999999907E-002                  5.1846576084128803E-007                  2.2865908372396090E-023                  0.0000000000000000E+000 
                                     588                  5.6691866602638874E-001                  7.6602982557292783E-003                  6.3135225275532090E+000                 -3.3115480310284406E-001                  1.4104319635202856E+001                  7.0000000000000007E-001                  2.8000000000000003E-001                  1.9999999999999907E-002                  5.5562387629079565E-007                  2.9691724315366906E-023                  0.0000000000000000E+000 
                                     589                  5.6210032216797279E-001                  5.6470262536190271E-003                  6.3166216233555881E+000                 -3.2645162764310925E-001                  1.4112153388175766E+001                  7.0000000000000007E-001                  2.8000000000000003E-001                  1.9999999999999907E-002                  5.9536648694517995E-007                  3.8534441824770298E-023                  0.0000000000000000E+000 
                                     590                  5.5724229393681290E-001                  3.6107544002664332E-003                  6.3197214994343422E+000                 -3.2174748470981784E-001                  1.4119988741549859E+001                  7.0000000000000007E-001                  2.8000000000000003E-001                  1.9999999999999907E-002                  6.3786768590775563E-007                  4.9983850314978919E-023                  0.0000000000000000E+000 
                                     591                  5.5234457567405792E-001                  1.5510291513182387E-003                  6.3228221520157755E+000                 -3.1704238341148611E-001                  1.4127825682925353E+001                  7.0000000000000007E-001                  2.8000000000000003E-001                  1.9999999999999907E-002                  6.8331289492593540E-007                  6.4800388525430676E-023                  0.0000000000000000E+000 
                                     592                  5.4740717212020185E-001                 -5.3261710172896096E-004                  6.3259235772123228E+000                 -3.1233633292443103E-001                  1.4135664199889440E+001                  7.0000000000000007E-001                  2.8000000000000003E-001                  1.9999999999999907E-002                  7.3189957398686217E-007                  8.3963988612507524E-023                  0.0000000000000000E+000 
                                     593                  5.4243009878829929E-001                 -2.6406666215421991E-003                  6.3290257710091238E+000                 -3.0762934236324813E-001                  1.4143504280017094E+001                  7.0000000000000007E-001                  2.8000000000000003E-001                  1.9999999999999907E-002                  7.8383797386538478E-007                  1.0873674709539431E-022                  0.0000000000000000E+000 
                                     594                  5.3741338234942138E-001                 -4.7736169455687471E-003                  6.3321287292617958E+000                 -3.0292142072324690E-001                  1.4151345910871848E+001                  7.0000000000000007E-001                  2.8000000000000003E-001                  1.9999999999999907E-002                  8.3935193383909930E-007                  1.4074329324183810E-022                  0.0000000000000000E+000 
                                     595                  5.3235706103103220E-001                 -6.9319815394342761E-003                  6.3352324476965913E+000                 -2.9821257688052127E-001                  1.4159189080006044E+001                  7.0000000000000007E-001                  2.8000000000000003E-001                  1.9999999999999907E-002                  8.9867972706429998E-007                  1.8207379733050714E-022                  0.0000000000000000E+000 
                                     596                  5.2726118502912689E-001                 -9.1162904854208780E-003                  6.3383369219121359E+000                 -2.9350281959332392E-001                  1.4167033774961414E+001                  7.0000000000000007E-001                  2.8000000000000003E-001                  1.9999999999999907E-002                  9.6207495635761399E-007                  2.3541592008686760E-022                  0.0000000000000000E+000 
                                     597                  5.2212581693335203E-001                 -1.1327091208906946E-002                  6.3414421473788840E+000                 -2.8879215750469645E-001                  1.4174879983270733E+001                  7.0000000000000007E-001                  2.8000000000000003E-001                  1.9999999999999907E-002                  1.0298075032343688E-006                  3.0422374544618450E-022                  0.0000000000000000E+000 
                                     598                  5.1695103216597760E-001                 -1.3564949245130846E-002                  6.3445481194403897E+000                 -2.8408059925926898E-001                  1.4182727692460233E+001                  7.0000000000000007E-001                  2.8000000000000003E-001                  1.9999999999999907E-002                  1.1021645329968188E-006                  3.9293394459092163E-022                  0.0000000000000000E+000 
                                     599                  5.1173691943544208E-001                 -1.5830449049576180E-002                  6.3476548333112222E+000                 -2.7936815350579070E-001                  1.4190576890052586E+001                  7.0000000000000007E-001                  2.8000000000000003E-001                  1.9999999999999907E-002                  1.1794515594573296E-006                  5.0724222866588043E-022                  0.0000000000000000E+000 
                                     600                  5.0648358120508408E-001                 -1.8124194854270123E-002                  6.3507622840775664E+000                 -2.7465482876448705E-001                  1.4198427563570688E+001                  7.0000000000000007E-001                  2.8000000000000003E-001                  1.9999999999999907E-002                  1.2619935729409489E-006                  6.5445671337657609E-022                  0.0000000000000000E+000 
                                     601                  5.0119113417769601E-001                 -2.0446811572496539E-002                  6.3538704667002355E+000                 -2.6994063341861885E-001                  1.4206279700542565E+001                  7.0000000000000007E-001                  2.8000000000000003E-001                  1.9999999999999907E-002                  1.3501362344264344E-006                  8.4394933398003000E-022                  0.0000000000000000E+000 
                                     602                  4.9585970979581862E-001                 -2.2798945756251698E-002                  6.3569793760181090E+000                 -2.6522557571225575E-001                  1.4214133288507448E+001                  7.0000000000000007E-001                  2.8000000000000003E-001                  1.9999999999999907E-002                  1.4442471398397922E-006                  1.0877322173106454E-021                  0.0000000000000000E+000 
                                     603                  4.9048945475940958E-001                 -2.5181266609795323E-002                  6.3600890067508482E+000                 -2.6050966374730500E-001                  1.4221988315021850E+001                  7.0000000000000007E-001                  2.8000000000000003E-001                  1.9999999999999907E-002                  1.5447171584035388E-006                  1.4011931994452968E-021                  0.0000000000000000E+000 
                                     604                  4.8508053156223424E-001                 -2.7594467062995100E-002                  6.3631993535030205E+000                 -2.5579290552911377E-001                  1.4229844767665565E+001                  7.0000000000000007E-001                  2.8000000000000003E-001                  1.9999999999999907E-002                  1.6519618490763291E-006                  1.8040339412027886E-021                  0.0000000000000000E+000 
                                     605                  4.7963311904736389E-001                 -3.0039264909271456E-002                  6.3663104107669053E+000                 -2.5107530908667813E-001                  1.4237702634048091E+001                  7.0000000000000007E-001                  2.8000000000000003E-001                  1.9999999999999907E-002                  1.7664229590959253E-006                  2.3214657675558441E-021                  0.0000000000000000E+000 
                                     606                  4.7414741298262347E-001                 -3.2516404013293677E-002                  6.3694221729278482E+000                 -2.4635688233462494E-001                  1.4245561901815352E+001                  7.0000000000000007E-001                  2.8000000000000003E-001                  1.9999999999999907E-002                  1.8885700106252959E-006                  2.9857332034847081E-021                  0.0000000000000000E+000 
                                     607                  4.6862362665699542E-001                 -3.5026655592024884E-002                  6.3725346342663487E+000                 -2.4163763302810420E-001                  1.4253422558657242E+001                  7.0000000000000007E-001                  2.8000000000000003E-001                  1.9999999999999907E-002                  2.0189019790636989E-006                  3.8380539839780643E-021                  0.0000000000000000E+000 
                                     608                  4.6306199149841037E-001                 -3.7570819575414152E-002                  6.3756477889632572E+000                 -2.3691756875975342E-001                  1.4261284592316359E+001                  7.0000000000000007E-001                  2.8000000000000003E-001                  1.9999999999999907E-002                  2.1579490683893385E-006                  4.9310880651212200E-021                  0.0000000000000000E+000 
                                     609                  4.5746275771361139E-001                 -4.0149726053114940E-002                  6.3787616311036963E+000                 -2.3219669695500494E-001                  1.4269147990597197E+001                  7.0000000000000007E-001                  2.8000000000000003E-001                  1.9999999999999907E-002                  2.3062745889214338E-006                  6.3320782216872045E-021                  0.0000000000000000E+000 
                                     610                  4.5182619495309173E-001                 -4.2764236812961813E-002                  6.3818761546815601E+000                 -2.2747502487759283E-001                  1.4277012741374438E+001                  7.0000000000000007E-001                  2.8000000000000003E-001                  1.9999999999999907E-002                  2.4644769429715263E-006                  8.1268425838743641E-021                  0.0000000000000000E+000 
                                     611                  4.4615259300188959E-001                 -4.5415246978566914E-002                  6.3849913535981546E+000                 -2.2275255974173144E-001                  1.4284878832601050E+001                  7.0000000000000007E-001                  2.8000000000000003E-001                  1.9999999999999907E-002                  2.6331917235360463E-006                  1.0424847608885082E-020                  0.0000000000000000E+000 
                                     612                  4.4044226249740609E-001                 -4.8103686754508941E-002                  6.3881072216583430E+000                 -2.1802930866642625E-001                  1.4292746252316226E+001                  7.0000000000000007E-001                  2.8000000000000003E-001                  1.9999999999999907E-002                  2.8130939337136999E-006                  1.3365650405519761E-020                  0.0000000000000000E+000 
                                     613                  4.3469553567568692E-001                 -5.0830523286688994E-002                  6.3912237525718947E+000                 -2.1330527857087006E-001                  1.4300614988653070E+001                  7.0000000000000007E-001                  2.8000000000000003E-001                  1.9999999999999907E-002                  3.0049003335200567E-006                  1.7127075832031722E-020                  0.0000000000000000E+000 
                                     614                  4.2891276714761467E-001                 -5.3596762646745080E-002                  6.3943409399567548E+000                 -2.0858047616778705E-001                  1.4308485029846526E+001                  7.0000000000000007E-001                  2.8000000000000003E-001                  1.9999999999999907E-002                  3.2093719197461145E-006                  2.1935589508376880E-020                  0.0000000000000000E+000 
                                     615                  4.2309433470604302E-001                 -5.6403451951529869E-002                  6.3974587773432967E+000                 -2.0385490796012523E-001                  1.4316356364241557E+001                  7.0000000000000007E-001                  2.8000000000000003E-001                  1.9999999999999907E-002                  3.4273165466127045E-006                  2.8079449456175478E-020                  0.0000000000000000E+000 
                                     616                  4.1724064016596712E-001                 -5.9251681628632147E-002                  6.4005772581775453E+000                 -1.9912858023710853E-001                  1.4324228980301081E+001                  7.0000000000000007E-001                  2.8000000000000003E-001                  1.9999999999999907E-002                  3.6595916948361115E-006                  3.5925371954490337E-020                  0.0000000000000000E+000 
                                     617                  4.1135211023990520E-001                 -6.2142587840038864E-002                  6.4036963758251657E+000                 -1.9440149912466942E-001                  1.4332102866613408E+001                  7.0000000000000007E-001                  2.8000000000000003E-001                  1.9999999999999907E-002                  3.9071073967345677E-006                  4.5939639681008686E-020                  0.0000000000000000E+000 
                                     618                  4.0542919745047795E-001                 -6.5077355077681698E-002                  6.4068161235717955E+000                 -1.8967367064901763E-001                  1.4339978011899143E+001                  7.0000000000000007E-001                  2.8000000000000003E-001                  1.9999999999999907E-002                  4.1708293255209629E-006                  5.8714821359551035E-020                  0.0000000000000000E+000 
                                     619                  3.9947238108229693E-001                 -6.8057218945838438E-002                  6.4099364946264892E+000                 -1.8494510062586439E-001                  1.4347854405017619E+001                  7.0000000000000007E-001                  2.8000000000000003E-001                  1.9999999999999907E-002                  4.4517820597556378E-006                  7.5003575914923344E-020                  0.0000000000000000E+000 
                                     620                  3.9348216817542830E-001                 -7.1083469145449885E-002                  6.4130574821229898E+000                 -1.8021579463871717E-001                  1.4355732034972633E+001                  7.0000000000000007E-001                  2.8000000000000003E-001                  1.9999999999999907E-002                  4.7510525299824364E-006                  9.5761397768208154E-020                  0.0000000000000000E+000 
                                     621                  3.8745909456307520E-001                 -7.4157452678845798E-002                  6.4161790791245235E+000                 -1.7548575803902913E-001                  1.4363610890917652E+001                  7.0000000000000007E-001                  2.8000000000000003E-001                  1.9999999999999907E-002                  5.0697936581433364E-006                  1.2220063998523286E-019                  0.0000000000000000E+000 
                                     622                  3.8140372595545030E-001                 -7.7280577295147854E-002                  6.4193012786265831E+000                 -1.7075499594401891E-001                  1.4371490962161404E+001                  7.0000000000000007E-001                  2.8000000000000003E-001                  1.9999999999999907E-002                  5.4092281997549225E-006                  1.5585875406323675E-019                  0.0000000000000000E+000 
                                     623                  3.7531665907219020E-001                 -8.0454315198639562E-002                  6.4224240735614453E+000                 -1.6602351324404102E-001                  1.4379372238173422E+001                  7.0000000000000007E-001                  2.8000000000000003E-001                  1.9999999999999907E-002                  5.7706527994571598E-006                  1.9868443812732128E-019                  0.0000000000000000E+000 
                                     624                  3.6919852282693316E-001                 -8.3680207044243532E-002                  6.4255474568178874E+000                 -1.6129131467259211E-001                  1.4387254708589339E+001                  7.0000000000000007E-001                  2.8000000000000003E-001                  1.9999999999999907E-002                  6.1554422722430464E-006                  2.5314633929271790E-019                  0.0000000000000000E+000 
                                     625                  3.6304997956741020E-001                 -8.6959866247642265E-002                  6.4286714212640534E+000                 -1.5655840479276806E-001                  1.4395138363215720E+001                  7.0000000000000007E-001                  2.8000000000000003E-001                  1.9999999999999907E-002                  6.5650541234098366E-006                  3.2237014358954923E-019                  0.0000000000000000E+000 
                                     626                  3.5687172637451708E-001                 -9.0294983639576193E-002                  6.4317959597572107E+000                 -1.5182478797340723E-001                  1.4403023192034498E+001                  7.0000000000000007E-001                  2.8000000000000003E-001                  1.9999999999999907E-002                  7.0010333173116777E-006                  4.1031137537923041E-019                  0.0000000000000000E+000 
                                     627                  3.5066449642442205E-001                 -9.3687332497666184E-002                  6.4349210651463578E+000                 -1.4709046838836554E-001                  1.4410909185206497E+001                  7.0000000000000007E-001                  2.8000000000000003E-001                  1.9999999999999907E-002                  7.4650173072782172E-006                  5.2197308125457806E-019                  0.0000000000000000E+000 
                                     628                  3.4442906041801719E-001                 -9.7138773993172070E-002                  6.4380467302743964E+000                 -1.4235545001533695E-001                  1.4418796333075228E+001                  7.0000000000000007E-001                  2.8000000000000003E-001                  1.9999999999999907E-002                  7.9587413417557250E-006                  6.6367992202122347E-019                  0.0000000000000000E+000 
                                     629                  3.3816622808041763E-001                 -1.0065126309550390E-001                  6.4411729479819204E+000                 -1.3761973663528407E-001                  1.4426684626171545E+001                  7.0000000000000007E-001                  2.8000000000000003E-001                  1.9999999999999907E-002                  8.4840440613527012E-006                  8.4342311110360584E-019                  0.0000000000000000E+000 
                                     630                  3.3187684973595977E-001                 -1.0422685498102320E-001                  6.4442997111250939E+000                 -1.3288333184292767E-001                  1.4434574055218642E+001                  7.0000000000000007E-001                  2.8000000000000003E-001                  1.9999999999999907E-002                  9.0428734036418795E-006                  1.0712942848129744E-018                  0.0000000000000000E+000 
                                     631                  3.2556181796426559E-001                 -1.0786771199859173E-001                  6.4474270126141402E+000                 -1.2814623908080228E-001                  1.4442464611137217E+001                  7.0000000000000007E-001                  2.8000000000000003E-001                  1.9999999999999907E-002                  9.6372928326141068E-006                  1.3600309169241731E-018                  0.0000000000000000E+000 
                                     632                  3.1922206934305458E-001                 -1.1157611125120193E-001                  6.4505548454406396E+000                 -1.2340846166655818E-001                  1.4450356285050825E+001                  7.0000000000000007E-001                  2.8000000000000003E-001                  1.9999999999999907E-002                  1.0269487906697069E-005                  1.7257016195510975E-018                  0.0000000000000000E+000 
                                     633                  3.1285858628396584E-001                 -1.1535445286008908E-001                  6.4536832026798567E+000                 -1.1867000279049481E-001                  1.4458249068291256E+001                  7.0000000000000007E-001                  2.8000000000000003E-001                  1.9999999999999907E-002                  1.0941773200559882E-005                  2.1885667657265304E-018                  0.0000000000000000E+000 
                                     634                  3.0647239896877515E-001                 -1.1920526898588643E-001                  6.4568120774954609E+000                 -1.1393086551479754E-001                  1.4466142952404191E+001                  7.0000000000000007E-001                  2.8000000000000003E-001                  1.9999999999999907E-002                  1.1656599602019409E-005                  2.7741587178996847E-018                  0.0000000000000000E+000 
                                     635                  3.0006458739226710E-001                 -1.2313123369230695E-001                  6.4599414631433358E+000                 -1.0919105277044432E-001                  1.4474037929156312E+001                  7.0000000000000007E-001                  2.8000000000000003E-001                  1.9999999999999907E-002                  1.2416562002268519E-005                  3.5146369176467936E-018                  0.0000000000000000E+000 
                                     636                  2.9363628351970344E-001                 -1.2713517374874275E-001                  6.4630713529811734E+000                 -1.0445056734270849E-001                  1.4481933990543636E+001                  7.0000000000000007E-001                  2.8000000000000003E-001                  1.9999999999999907E-002                  1.3224407402188386E-005                  4.4504869575683441E-018                  0.0000000000000000E+000 
                                     637                  2.8718867356831940E-001                 -1.3122008048069309E-001                  6.4662017405063859E+000                 -9.9709411849055574E-002                  1.4489831128801043E+001                  7.0000000000000007E-001                  2.8000000000000003E-001                  1.9999999999999907E-002                  1.4083043461919755E-005                  5.6326498924558653E-018                  0.0000000000000000E+000 
                                     638                  2.8072300042275428E-001                 -1.3538912279227952E-001                  6.4693326193939358E+000                 -9.4967588817458509E-002                  1.4497729336412993E+001                  7.0000000000000007E-001                  2.8000000000000003E-001                  1.9999999999999907E-002                  1.4995547507877324E-005                  7.1251892940325231E-018                  0.0000000000000000E+000 
                                     639                  2.7424056619526321E-001                 -1.3964566150391011E-001                  6.4724639835095061E+000                 -9.0225100705328673E-002                  1.4505628606125676E+001                  7.0000000000000007E-001                  2.8000000000000003E-001                  1.9999999999999907E-002                  1.5965176018542915E-005                  9.0086299734898339E-018                  0.0000000000000000E+000 
                                     640                  2.6774273494298401E-001                 -1.4399326516690122E-001                  6.4755958269166545E+000                 -8.5481949892951326E-002                  1.4513528930960730E+001                  7.0000000000000007E-001                  2.8000000000000003E-001                  1.9999999999999907E-002                  1.6995374617037063E-005                  1.1384135534781546E-017                  0.0000000000000000E+000 
                                     641                  2.6123093555545490E-001                 -1.4843572754135431E-001                  6.4787281438832309E+000                 -8.0738138674046903E-002                  1.4521430304231121E+001                  7.0000000000000007E-001                  2.8000000000000003E-001                  1.9999999999999907E-002                  1.8089788596890878E-005                  1.4378732930780632E-017                  0.0000000000000000E+000 
                                     642                  2.5470666482673415E-001                 -1.5297708695205800E-001                  6.4818609288927682E+000                 -7.5993669242456485E-002                  1.4529332719559699E+001                  7.0000000000000007E-001                  2.8000000000000003E-001                  1.9999999999999907E-002                  1.9252274009049464E-005                  1.8151842782788307E-017                  0.0000000000000000E+000 
                                     643                  2.4817149072883518E-001                 -1.5762164776970494E-001                  6.4849941766677910E+000                 -7.1248543605008999E-002                  1.4537236170900478E+001                  7.0000000000000007E-001                  2.8000000000000003E-001                  1.9999999999999907E-002                  2.0486909344817050E-005                  2.2903437498177439E-017                  0.0000000000000000E+000 
                                     644                  2.4162705590489081E-001                 -1.6237400430295323E-001                  6.4881278822070296E+000                 -6.6502763615117172E-002                  1.4545140652563150E+001                  7.0000000000000007E-001                  2.8000000000000003E-001                  1.9999999999999907E-002                  2.1798007839810412E-005                  2.8884228114789573E-017                  0.0000000000000000E+000 
                                     645                  2.3507508140263217E-001                 -1.6723906743498884E-001                  6.4912620408085191E+000                 -6.1756331040517518E-002                  1.4553046159241187E+001                  7.0000000000000007E-001                  2.8000000000000003E-001                  1.9999999999999907E-002                  2.3190130424699988E-005                  3.6408378153402165E-017                  0.0000000000000000E+000 
                                     646                  2.2851737067120453E-001                 -1.7222209439226357E-001                  6.4943966480834376E+000                 -5.7009247546632710E-002                  1.4560952686044246E+001                  7.0000000000000007E-001                  2.8000000000000003E-001                  1.9999999999999907E-002                  2.4668099360267208E-005                  4.5869362152560042E-017                  0.0000000000000000E+000 
                                     647                  2.2195581384725976E-001                 -1.7732872209695458E-001                  6.4975316999714172E+000                 -5.2261514674518686E-002                  1.4568860228535460E+001                  7.0000000000000007E-001                  2.8000000000000003E-001                  1.9999999999999907E-002                  2.6237012592553675E-005                  5.7759737019462383E-017                  0.0000000000000000E+000 
                                     648                  2.1539239235974933E-001                 -1.8256500463358913E-001                  6.5006671927583763E+000                 -4.7513133815547934E-002                  1.4576768782774229E+001                  7.0000000000000007E-001                  2.8000000000000003E-001                  1.9999999999999907E-002                  2.7902258866159592E-005                  7.2695779892830792E-017                  0.0000000000000000E+000 
                                     649                  2.0882918388643848E-001                 -1.8793745545432364E-001                  6.5038031230936824E+000                 -4.2764106119090976E-002                  1.4584678345365662E+001                  7.0000000000000007E-001                  2.8000000000000003E-001                  1.9999999999999907E-002                  2.9669533637505570E-005                  9.1448175240307500E-017                  0.0000000000000000E+000 
                                     650                  2.0226836769962125E-001                 -1.9345309506009195E-001                  6.5069394880045337E+000                 -3.8014432380180666E-002                  1.4592588913517480E+001                  7.0000000000000007E-001                  2.8000000000000003E-001                  1.9999999999999907E-002                  3.1544855823602993E-005                  1.1498021419023796E-016                  0.0000000000000000E+000 
                                     651                  1.9571223044376879E-001                 -1.9911950503291501E-001                  6.5100762849143088E+000                 -3.3264113104877951E-002                  1.4600500485105901E+001                  7.0000000000000007E-001                  2.8000000000000003E-001                  1.9999999999999907E-002                  3.3534585419262418E-005                  1.4449532350524672E-016                  0.0000000000000000E+000 
                                     652                  1.8916317239384911E-001                 -2.0494488946509987E-001                  6.5132135116704593E+000                 -2.8513148478329326E-002                  1.4608413058752351E+001                  7.0000000000000007E-001                  2.8000000000000003E-001                  1.9999999999999907E-002                  3.5645442049022199E-005                  1.8149617511439005E-016                  0.0000000000000000E+000 
                                     653                  1.8262371424958451E-001                 -2.1093814503404751E-001                  6.5163511665765954E+000                 -2.3761538307470569E-002                  1.4616326633912822E+001                  7.0000000000000007E-001                  2.8000000000000003E-001                  1.9999999999999907E-002                  3.7884524495107460E-005                  2.2785815927489977E-016                  0.0000000000000000E+000 
                                     654                  1.7609650453094686E-001                 -2.1710894122402466E-001                  6.5194892484307898E+000                 -1.9009281956059488E-002                  1.4624241210981271E+001                  7.0000000000000007E-001                  2.8000000000000003E-001                  1.9999999999999907E-002                  4.0259331251256143E-005                  2.8592066251074552E-016                  0.0000000000000000E+000 
                                     655                  1.6958432764961390E-001                 -2.2346781251056988E-001                  6.5226277565654467E+000                 -1.4256378251041301E-002                  1.4632156791409891E+001                  7.0000000000000007E-001                  2.8000000000000003E-001                  1.9999999999999907E-002                  4.2777782158218504E-005                  3.5860041513532443E-016                  0.0000000000000000E+000 
                                     656                  1.6309011274219437E-001                 -2.3002626471454207E-001                  6.5257666908596637E+000                 -9.5028252807158632E-003                  1.4640073377849669E+001                  7.0000000000000007E-001                  2.8000000000000003E-001                  1.9999999999999907E-002                  4.5448241166109017E-005                  4.4953217872464634E-016                  0.0000000000000000E+000 
                                     657                  1.5661694336559634E-001                 -2.3679689822135411E-001                  6.5289060517532196E+000                 -4.7486202979009880E-003                  1.4647990974315523E+001                  7.0000000000000007E-001                  2.8000000000000003E-001                  1.9999999999999907E-002                  4.8279540273946691E-005                  5.6324326960616756E-016                  0.0000000000000000E+000 
                                     658                  1.5016806817211908E-001                 -2.4379355138264103E-001                  6.5320458403027466E+000                  6.2403837231995744E-006                  1.4655909586381656E+001                  7.0000000000000007E-001                  2.8000000000000003E-001                  1.9999999999999907E-002                  5.1281004750300467E-005                  7.0536995640899991E-016                  0.0000000000000000E+000 
                                     659                  1.4374691270130863E-001                 -2.5103146820395544E-001                  6.5351860582672501E+000                  4.7617615366925695E-003                  1.4663829221414373E+001                  7.0000000000000007E-001                  2.8000000000000003E-001                  1.9999999999999907E-002                  5.4462479708668481E-005                  8.8292566185778353E-016                  0.0000000000000000E+000 
                                     660                  1.3735709245218847E-001                 -2.5852749542743325E-001                  6.5383267082085439E+000                  9.5179491956414470E-003                  1.4671749888848991E+001                  7.0000000000000007E-001                  2.8000000000000003E-001                  1.9999999999999907E-002                  5.7834358104073198E-005                  1.1046332127306974E-015                  0.0000000000000000E+000 
                                     661                  1.3100242743258889E-001                 -2.6630031541575849E-001                  6.5414677936125125E+000                  1.4274810865260884E-002                  1.4679671600520118E+001                  7.0000000000000007E-001                  2.8000000000000003E-001                  1.9999999999999907E-002                  6.1407610235735400E-005                  1.3813362079293288E-015                  0.0000000000000000E+000 
                                     662                  1.2468695841729832E-001                 -2.7437072293910297E-001                  6.5446093190073631E+000                  1.9032355791208579E-002                  1.4687594371059223E+001                  7.0000000000000007E-001                  2.8000000000000003E-001                  1.9999999999999907E-002                  6.5193814831639930E-005                  1.7265081374817322E-015                  0.0000000000000000E+000 
                                     663                  1.1841496519472866E-001                 -2.8276195618857147E-001                  6.5477512900854853E+000                  2.3790595315731376E-002                  1.4695518218376678E+001                  7.0000000000000007E-001                  2.8000000000000003E-001                  1.9999999999999907E-002                  6.9205191816929269E-005                  2.1568822129297648E-015                  0.0000000000000000E+000 
                                     664                  1.1219098714121251E-001                 -2.9150009528785747E-001                  6.5508937138925383E+000                  2.8549543282909689E-002                  1.4703443164251093E+001                  7.0000000000000007E-001                  2.8000000000000003E-001                  1.9999999999999907E-002                  7.3454636928992734E-005                  2.6932301361719272E-015                  0.0000000000000000E+000 
                                     665                  1.0601984653656044E-001                 -3.0061454552855804E-001                  6.5540365990995122E+000                  3.3309216492631570E-002                  1.4711369235056839E+001                  7.0000000000000007E-001                  2.8000000000000003E-001                  1.9999999999999907E-002                  7.7955758333569491E-005                  3.3613246047471688E-015                  0.0000000000000000E+000 
                                     666                  9.9906675129009914E-002                 -3.1013862791462410E-001                  6.5571799563448305E+000                  3.8069635261876345E-002                  1.4719296462669860E+001                  7.0000000000000007E-001                  2.8000000000000003E-001                  1.9999999999999907E-002                  8.2722915397912390E-005                  4.1931284689552127E-015                  0.0000000000000000E+000 
                                     667                  9.3856944583419810E-002                 -3.2011030694873094E-001                  6.5603237986647036E+000                  4.2830824128278731E-002                  1.4727224885604587E+001                  7.0000000000000007E-001                  2.8000000000000003E-001                  1.9999999999999907E-002                  8.7771259825256874E-005                  5.2282633353561436E-015                  0.0000000000000000E+000 
                                     668                  8.7876501605413770E-002                 -3.3057309581569427E-001                  6.5634681420351288E+000                  4.7592812716933344E-002                  1.4735154550456102E+001                  7.0000000000000007E-001                  2.8000000000000003E-001                  1.9999999999999907E-002                  9.3116779388062424E-005                  6.5158224319947324E-015                  0.0000000000000000E+000 
                                     669                  8.1971608744081534E-002                 -3.4157719353579419E-001                  6.5666130060559773E+000                  5.2355636842641572E-002                  1.4743085513750854E+001                  7.0000000000000007E-001                  2.8000000000000003E-001                  1.9999999999999907E-002                  9.8776344574786880E-005                  8.1166077916236599E-015                  0.0000000000000000E+000 
                                     670                  7.6148992156166051E-002                 -3.5318092931525658E-001                  6.5697584148518375E+000                  5.7119340077094148E-002                  1.4751017844352052E+001                  7.0000000000000007E-001                  2.8000000000000003E-001                  1.9999999999999907E-002                  1.0476775863043780E-004                  1.0105890334811852E-014                  0.0000000000000000E+000 
                                     671                  7.0415897993402810E-002                 -3.6545261942124818E-001                  6.5729043982818967E+000                  6.1883975715730816E-002                  1.4758951626628917E+001                  7.0000000000000007E-001                  2.8000000000000003E-001                  1.9999999999999907E-002                  1.1110981153993151E-004                  1.2576813959924210E-014                  0.0000000000000000E+000 
                                     672                  6.4780159594900411E-002                 -3.7847298662645201E-001                  6.5760509935653912E+000                  6.6649609383751335E-002                  1.4766886964699337E+001                  7.0000000000000007E-001                  2.8000000000000003E-001                  1.9999999999999907E-002                  1.1782233874600070E-004                  1.5644593111932152E-014                  0.0000000000000000E+000 
                                     673                  5.9250278386205731E-002                 -3.9233836010369416E-001                  6.5791982475016173E+000                  7.1416322580323252E-002                  1.4774823988209278E+001                  7.0000000000000007E-001                  2.8000000000000003E-001                  1.9999999999999907E-002                  1.2492628575577454E-004                  1.9451688709046355E-014                  0.0000000000000000E+000 
                                     674                  5.3835522419265203E-002                 -4.0716497896037201E-001                  6.5823462198898044E+000                  7.6184217245237620E-002                  1.4782762860353726E+001                  7.0000000000000007E-001                  2.8000000000000003E-001                  1.9999999999999907E-002                  1.3244378087985412E-004                  2.4174191342235438E-014                  0.0000000000000000E+000 
                                     675                  4.8546047982890694E-002                 -4.2309489047112531E-001                  6.5854950257229747E+000                  8.0953384244066617E-002                  1.4790703789247312E+001                  7.0000000000000007E-001                  2.8000000000000003E-001                  1.9999999999999907E-002                  1.4039828464450205E-004                  3.0029765175097318E-014                  0.0000000000000000E+000 
                                     676                  4.3393051930452231E-002                 -4.4030421125887786E-001                  6.5886483981848851E+000                  8.5720300830065446E-002                  1.4798647044556658E+001                  7.0000000000000007E-001                  2.8000000000000003E-001                  1.9999999999999907E-002                  1.4882135853716804E-004                  3.7295718802518420E-014                  0.0000000000000000E+000 
                                     677                  3.8388965755578541E-002                 -4.5901515155643019E-001                  6.5917462714795843E+000                  9.0546347640195757E-002                  1.4806592994517185E+001                  7.0000000000000007E-001                  2.8000000000000003E-001                  1.9999999999999907E-002                  1.5762146153198186E-004                  4.6137156323119131E-014                  0.0000000000000000E+000 
                                     678                  3.3547707771310831E-002                 -4.7951033521227476E-001                  6.5947959860570400E+000                  9.5424347089313563E-002                  1.4814541924549626E+001                  7.0000000000000007E-001                  2.8000000000000003E-001                  1.9999999999999907E-002                  1.6682267292059382E-004                  5.6877074910590123E-014                  0.0000000000000000E+000 
                                     679                  2.8885018417884326E-002                 -5.0216154298068338E-001                  6.5978035777703443E+000                  1.0034835438574094E-001                  1.4822494026602328E+001                  7.0000000000000007E-001                  2.8000000000000003E-001                  1.9999999999999907E-002                  1.7644923196743771E-004                  6.9902184152240697E-014                  0.0000000000000000E+000 
                                     680                  2.4418918454681856E-002                 -5.2747147434090846E-001                  6.6007735861944941E+000                  1.0531382563365331E-001                  1.4830449373030723E+001                  7.0000000000000007E-001                  2.8000000000000003E-001                  1.9999999999999907E-002                  1.8652461434127938E-004                  8.5672568816009542E-014                  0.0000000000000000E+000 
                                     681                  2.0170356095812580E-002                 -5.5614328026977911E-001                  6.6050303131398378E+000                  1.1253982683987215E-001                  1.4841960153383770E+001                  7.0000000000000007E-001                  2.8000000000000003E-001                  1.9999999999999907E-002                  2.0198921431446089E-004                  1.1461762015338323E-013                  0.0000000000000000E+000 
                                     682                  1.2430508852544209E-002                 -6.2828031445378996E-001                  6.6107359609105814E+000                  1.2264837517139246E-001                  1.4857810454445385E+001                  7.0000000000000007E-001                  2.8000000000000003E-001                  1.9999999999999907E-002                  2.2488970718736957E-004                  1.6924871646073474E-013                  0.0000000000000000E+000 
                                     683                  5.9450121676049572E-003                 -7.3721026159927039E-001                  6.6152333199879756E+000                  1.3094130029267270E-001                  1.4870628062814449E+001                  7.0000000000000007E-001                  2.8000000000000003E-001                  1.9999999999999907E-002                  2.4487215310558619E-004                  2.3004034348186549E-013                  0.0000000000000000E+000 
                                     684                  3.3151401066625068E-003                 -8.2282533401104185E-001                  6.6177152920355198E+000                  1.3557545188424167E-001                  1.4877759057091117E+001                  7.0000000000000007E-001                  2.8000000000000003E-001                  1.9999999999999907E-002                  2.5665746809788443E-004                  2.7241509326546554E-013                  0.0000000000000000E+000 
                                     685                  1.7156846276581983E-003                 -9.1897825235835862E-001                  6.6194892902909732E+000                  1.3892651859211230E-001                  1.4882894615966450E+001                  7.0000000000000007E-001                  2.8000000000000003E-001                  1.9999999999999907E-002                  2.6543875530318393E-004                  3.0737861185609483E-013                  0.0000000000000000E+000 
                                     686                  8.5311415020566939E-004                 -1.0206619185527452E+000                  6.6206108288317917E+000                  1.4106086390088612E-001                  1.4886157079479821E+001                  7.0000000000000007E-001                  2.8000000000000003E-001                  1.9999999999999907E-002                  2.7114929366800825E-004                  3.3174943700577095E-013                  0.0000000000000000E+000 
                                     687                  4.7075807496982364E-004                 -1.1070256699311143E+000                  6.6212801654752598E+000                  1.4233886985196542E-001                  1.4888108333938343E+001                  7.0000000000000007E-001                  2.8000000000000003E-001                  1.9999999999999907E-002                  2.7461640943294912E-004                  3.4719844653293995E-013                  0.0000000000000000E+000 
                                     688                  2.4037935970250279E-004                 -1.2045457516394620E+000                  6.6217506629071510E+000                  1.4323996546126677E-001                  1.4889482667310682E+001                  7.0000000000000007E-001                  2.8000000000000003E-001                  1.9999999999999907E-002                  2.7708091440036860E-004                  3.5848434148229317E-013                  0.0000000000000000E+000 
                                     689                  1.2519000206884234E-004                 -1.2991251109318875E+000                  6.6220423511012898E+000                  1.4379956092917895E-001                  1.4890335646551220E+001                  7.0000000000000007E-001                  2.8000000000000003E-001                  1.9999999999999907E-002                  2.7862013547820779E-004                  3.6566342685377990E-013                  0.0000000000000000E+000 
                                     690                  6.7595323252012118E-005                 -1.3884271006184181E+000                  6.6222211883258275E+000                  1.4414301499371188E-001                  1.4890858976171597E+001                  7.0000000000000007E-001                  2.8000000000000003E-001                  1.9999999999999907E-002                  2.7956816437258239E-004                  3.7013547172674366E-013                  0.0000000000000000E+000 
                                     691                  3.8797983843597006E-005                 -1.4688473087324041E+000                  6.6223286867465818E+000                  1.4434959500490560E-001                  1.4891173678287375E+001                  7.0000000000000007E-001                  2.8000000000000003E-001                  1.9999999999999907E-002                  2.8013960539097427E-004                  3.7284971481941823E-013                  0.0000000000000000E+000 
                                     692                  2.4399314139389450E-005                 -1.5360212167257172E+000                  6.6223913886400645E+000                  1.4447013452996071E-001                  1.4891357283333264E+001                  7.0000000000000007E-001                  2.8000000000000003E-001                  1.9999999999999907E-002                  2.8047346698470069E-004                  3.7444200822673918E-013                  0.0000000000000000E+000 
                                     693                  1.7199979287285672E-005                 -1.5866548660523458E+000                  6.6224383417468307E+000                  1.4456041393395383E-001                  1.4891494788083822E+001                  7.0000000000000007E-001                  2.8000000000000003E-001                  1.9999999999999907E-002                  2.8072373473898295E-004                  3.7563878421430993E-013                  0.0000000000000000E+000 
                                     694                  1.0000644435237405E-005                 -1.6651748611268427E+000                  6.6224859895346881E+000                  1.4465205752768867E-001                  1.4891634355636373E+001                  7.0000000000000007E-001                  2.8000000000000003E-001                  1.9999999999999907E-002                  2.8097794443919050E-004                  3.7685716164889951E-013                  0.0000000000000000E+000 
                                     695                  5.0003222177297246E-006                 -1.7655354628726387E+000                  6.6225228874377597E+000                  1.4472304307757483E-001                  1.4891742452892320E+001                  7.0000000000000007E-001                  2.8000000000000003E-001                  1.9999999999999907E-002                  2.8117496595684107E-004                  3.7780336090670109E-013                  0.0000000000000000E+000 
                                     696                  2.5001611090313958E-006                 -1.8658896713802169E+000                  6.6225461272276860E+000                  1.4476775866002528E-001                  1.4891810542905668E+001                  7.0000000000000007E-001                  2.8000000000000003E-001                  1.9999999999999907E-002                  2.8129913050465520E-004                  3.7840052686158308E-013                  0.0000000000000000E+000 
                                     697                  1.2500805546267202E-006                 -1.9662398508264054E+000                  6.6225607656182977E+000                  1.4479592671463618E-001                  1.4891853434150940E+001                  7.0000000000000007E-001                  2.8000000000000003E-001                  1.9999999999999907E-002                  2.8137736862093236E-004                  3.7877715405722553E-013                  0.0000000000000000E+000 
                                     698                  6.2504027742438240E-007                 -2.0665874882834210E+000                  6.6225699865267895E+000                  1.4481367108097568E-001                  1.4891880452839116E+001                  7.0000000000000007E-001                  2.8000000000000003E-001                  1.9999999999999907E-002                  2.8142666322004891E-004                  3.7901458754841358E-013                  0.0000000000000000E+000 
                                     699                  3.1252013882321345E-007                 -2.1669335164428438E+000                  6.6225757950554920E+000                  1.4482484917361246E-001                  1.4891897473105828E+001                  7.0000000000000007E-001                  2.8000000000000003E-001                  1.9999999999999907E-002                  2.8145771990889442E-004                  3.7916423000895498E-013                  0.0000000000000000E+000 
                                     700                  1.5626006949487345E-007                 -2.2672785148374999E+000                  6.6225794540857903E+000                  1.4483189086753342E-001                  1.4891908195024103E+001                  7.0000000000000007E-001                  2.8000000000000003E-001                  1.9999999999999907E-002                  2.8147728559161722E-004                  3.7925852607734494E-013                  0.0000000000000000E+000 
                                     701                  7.8130034830703479E-008                 -2.3676228324950395E+000                  6.6225825274116588E+000                  1.4483780546466657E-001                  1.4891917200748360E+001                  7.0000000000000007E-001                  2.8000000000000003E-001                  1.9999999999999907E-002                  2.8149372044075502E-004                  3.7933774607973646E-013                  0.0000000000000000E+000 
