                                       1                                        2                                        3                                        4                                        5                                        6                                        7                                        8                                        9                                       10                                       11                                       12                                       13                                       14                                       15                                       16                                       17                                       18                                       19                                       20                                       21                                       22                                       23                                       24                                       25                                       26                                       27                                       28                                       29                                       30                                       31                                       32                                       33                                       34                                       35                                       36                                       37                                       38                                       39                                       40                                       41                                       42                                       43                                       44                                       45                                       46                                       47                                       48                                       49 
                            model_number                                num_zones                             initial_mass                                initial_z                                 star_age                                time_step                                     Teff                            photosphere_L                            photosphere_r                               center_eta                                center_h1                               center_he3                               center_he4                               center_c12                               center_n14                               center_o16                              center_ne20                                star_mass                                star_mdot                             star_mass_h1                            star_mass_he3                            star_mass_he4                            star_mass_c12                            star_mass_n14                            star_mass_o16                           star_mass_ne20                             he_core_mass                             co_core_mass                             fe_core_mass                   neutron_rich_core_mass                             dynamic_time                             kh_timescale                            nuc_timescale                           power_nuc_burn                             power_h_burn                            power_he_burn                                power_neu                                burn_min1                                burn_min2                             time_seconds                           version_number                                 compiler                                    build                         MESA_SDK_version                             math_backend                                     date                                     msun                                     rsun                                     lsun 
                                     100                                      700                  1.0000000000000000E+000                  2.0000000000000000E-002                  4.1408986761007136E+003                  6.9014978768345213E+002                  4.3819023934533398E+003                  1.1306301367762144E+000                  1.8449646127843036E+000                 -4.0624167016468196E+000                  6.9999999998279727E-001                  2.9797652453919301E-005                  2.7997020236474879E-001                  3.4468833607861154E-003                  1.0103427409336064E-003                  9.3805276451495393E-003                  2.0850244238750358E-003                  1.0000000000000000E+000                  0.0000000000000000E+000                  6.9999999999860396E-001                  2.9797636647609962E-005                  2.7997020236474884E-001                  3.4468833607861266E-003                  1.0103427409336066E-003                  9.3805276451495462E-003                  2.0850244238750362E-003                  0.0000000000000000E+000                  0.0000000000000000E+000                  0.0000000000000000E+000                  0.0000000000000000E+000                  2.5080669038198415E+004                  1.1289437673507275E+007                  8.8446253772371368E+009                  1.1938660080219870E-005                  1.1938660080219873E-005                  0.0000000000000000E+000                  4.7775335929509538E-007                  5.0000000000000000E+001                  1.0000000000000000E+003                  1.3067682406091589E+011                               "r25.12.1"                               "gfortran"                                 "13.3.0"                  "aarch64-macos-25.12.1"                                 "CRMATH"                               "20260306"                  1.9884098706980504E+033                  6.9570000000000000E+010                  3.8280000000000003E+033 

                                       1                                        2                                        3                                        4                                        5                                        6                                        7                                        8                                        9                                       10                                       11                                       12 
                                    zone                                     mass                                     logR                                     logT                                   logRho                                     logP                        x_mass_fraction_H                       y_mass_fraction_He                   z_mass_fraction_metals                                       pp                                      cno                                tri_alpha 
                                       1                  1.0000000000000000E+000                  2.6598804061979842E-001                  3.6417121126522227E+000                 -6.8152625574716561E+000                  4.6286159699995899E+000                  7.0000000000000007E-001                  2.8000000000000003E-001                  1.9999999999999907E-002                  2.2453927154741344E-026                  0.0000000000000000E+000                  0.0000000000000000E+000 
                                       2                  9.9999999999899991E-001                  2.6598782824004963E-001                  3.6418233721850171E+000                 -6.8144878693463831E+000                  4.6295040357255122E+000                  7.0000000000000007E-001                  2.8000000000000003E-001                  1.9999999999999907E-002                  2.2494030962504105E-026                  0.0000000000000000E+000                  0.0000000000000000E+000 
                                       3                  9.9999999999775002E-001                  2.6598756323805556E-001                  3.6419472388962730E+000                 -6.8136294891621567E+000                  4.6304886526602749E+000                  7.0000000000000007E-001                  2.8000000000000003E-001                  1.9999999999999907E-002                  2.2538550987658032E-026                  0.0000000000000000E+000                  0.0000000000000000E+000 
                                       4                  9.9999999999650002E-001                  2.6598729875883348E-001                  3.6421333904516757E+000                 -6.8123464655486305E+000                  4.6319614087136776E+000                  7.0000000000000007E-001                  2.8000000000000003E-001                  1.9999999999999907E-002                  2.2605259577424444E-026                  0.0000000000000000E+000                  0.0000000000000000E+000 
                                       5                  9.9999999999400002E-001                  2.6598677135933041E-001                  3.6425071253692445E+000                 -6.8097968347014062E+000                  4.6348920361699317E+000                  7.0000000000000007E-001                  2.8000000000000003E-001                  1.9999999999999907E-002                  2.2738409920656051E-026                  0.0000000000000000E+000                  0.0000000000000000E+000 
                                       6                  9.9999999998900002E-001                  2.6598572272892801E-001                  3.6433857220857977E+000                 -6.8039305774237686E+000                  4.6416542918772992E+000                  7.0000000000000007E-001                  2.8000000000000003E-001                  1.9999999999999907E-002                  2.3047752071215020E-026                  0.0000000000000000E+000                  0.0000000000000000E+000 
                                       7                  9.9999999997650002E-001                  2.6598313629344522E-001                  3.6446655796818810E+000                 -6.7957552577665536E+000                  4.6511358076384441E+000                  7.0000000000000007E-001                  2.8000000000000003E-001                  1.9999999999999907E-002                  2.3485889789995255E-026                  0.0000000000000000E+000                  0.0000000000000000E+000 
                                       8                  9.9999999996400013E-001                  2.6598059804565294E-001                  3.6466198455789622E+000                 -6.7839056394971022E+000                  4.6649812218195699E+000                  7.0000000000000007E-001                  2.8000000000000003E-001                  1.9999999999999907E-002                  2.4135773365828148E-026                  0.0000000000000000E+000                  0.0000000000000000E+000 
                                       9                  9.9999999993899991E-001                  2.6597565806086620E-001                  3.6506659244841928E+000                 -6.7616070703557147E+000                  4.6914154857123247E+000                  7.0000000000000007E-001                  2.8000000000000003E-001                  1.9999999999999907E-002                  2.5407888898082632E-026                  0.0000000000000000E+000                  0.0000000000000000E+000 
                                      10                  9.9999999988900001E-001                  2.6596627210458612E-001                  3.6553452203539987E+000                 -6.7394615415260075E+000                  4.7183482424710323E+000                  7.0000000000000007E-001                  2.8000000000000003E-001                  1.9999999999999907E-002                  2.6737639813406652E-026                  0.0000000000000000E+000                  0.0000000000000000E+000 
                                      11                  9.9999999985774990E-001                  2.6596069722544374E-001                  3.6590625571670010E+000                 -6.7236251624651304E+000                  4.7379866719263966E+000                  7.0000000000000007E-001                  2.8000000000000003E-001                  1.9999999999999907E-002                  2.7731029588476540E-026                  0.0000000000000000E+000                  0.0000000000000000E+000 
                                      12                  9.9999999982650001E-001                  2.6595532176707065E-001                  3.6647919112428662E+000                 -6.7015926997328439E+000                  4.7658747537426365E+000                  7.0000000000000007E-001                  2.8000000000000003E-001                  1.9999999999999907E-002                  2.9174791741869288E-026                  0.0000000000000000E+000                  0.0000000000000000E+000 
                                      13                  9.9999999976400000E-001                  2.6594510210750910E-001                  3.6708276655627516E+000                 -6.6815479722825355E+000                  4.7920819526704905E+000                  7.0000000000000007E-001                  2.8000000000000003E-001                  1.9999999999999907E-002                  3.0553514005012086E-026                  0.0000000000000000E+000                  0.0000000000000000E+000 
                                      14                  9.9999999973275000E-001                  2.6594022250602611E-001                  3.6749194536870680E+000                 -6.6690869389496719E+000                  4.8087148597547902E+000                  7.0000000000000007E-001                  2.8000000000000003E-001                  1.9999999999999907E-002                  3.1443269151060735E-026                  0.0000000000000000E+000                  0.0000000000000000E+000 
                                      15                  9.9999999970150000E-001                  2.6593548076584844E-001                  3.6790796982260847E+000                 -6.6573039263816352E+000                  4.8247348627659088E+000                  7.0000000000000007E-001                  2.8000000000000003E-001                  1.9999999999999907E-002                  3.2308438827897754E-026                  0.0000000000000000E+000                  0.0000000000000000E+000 
                                      16                  9.9999999967024988E-001                  2.6593086579698039E-001                  3.6832997348196672E+000                 -6.6461463999574022E+000                  4.8401855369204005E+000                  7.0000000000000007E-001                  2.8000000000000003E-001                  1.9999999999999907E-002                  3.3149619892812265E-026                  0.0000000000000000E+000                  0.0000000000000000E+000 
                                      17                  9.9999999963900010E-001                  2.6592636774034933E-001                  3.6896888045901086E+000                 -6.6304441934186551E+000                  4.8623782621796732E+000                  7.0000000000000007E-001                  2.8000000000000003E-001                  1.9999999999999907E-002                  3.4370668694161050E-026                  0.0000000000000000E+000                  0.0000000000000000E+000 
                                      18                  9.9999999957649999E-001                  2.6591769068294363E-001                  3.6983559592790880E+000                 -6.6113009310455535E+000                  4.8903097692619140E+000                  7.0000000000000007E-001                  2.8000000000000003E-001                  1.9999999999999907E-002                  3.5920322402275282E-026                  0.0000000000000000E+000                  0.0000000000000000E+000 
                                      19                  9.9999999951399998E-001                  2.6590938730743335E-001                  3.7070468745994969E+000                 -6.5938506822700482E+000                  4.9165548582555969E+000                  7.0000000000000007E-001                  2.8000000000000003E-001                  1.9999999999999907E-002                  3.7393734109454615E-026                  0.0000000000000000E+000                  0.0000000000000000E+000 
                                      20                  9.9999999945149987E-001                  2.6590141050472926E-001                  3.7135307655147463E+000                 -6.5817078917420266E+000                  4.9352489422030965E+000                  7.0000000000000007E-001                  2.8000000000000003E-001                  1.9999999999999907E-002                  3.8454533155905378E-026                  0.0000000000000000E+000                  0.0000000000000000E+000 
                                      21                  9.9999999942025009E-001                  2.6589753191496096E-001                  3.7178137360289520E+000                 -6.5740005621616513E+000                  4.9472795000314145E+000                  7.0000000000000007E-001                  2.8000000000000003E-001                  1.9999999999999907E-002                  3.9143411329479056E-026                  0.0000000000000000E+000                  0.0000000000000000E+000 
                                      22                  9.9999999938899997E-001                  2.6589372144930873E-001                  3.7241733158874122E+000                 -6.5629707061807858E+000                  4.9647232481049173E+000                  7.0000000000000007E-001                  2.8000000000000003E-001                  1.9999999999999907E-002                  4.0150783292534776E-026                  0.0000000000000000E+000                  0.0000000000000000E+000 
                                      23                  9.9999999932649997E-001                  2.6588629134258424E-001                  3.7325428319857008E+000                 -6.5491824257315390E+000                  4.9869439543398109E+000                  6.9999999999903495E-001                  2.8000000000096509E-001                  2.0000000000000018E-002                  4.1446634361321216E-026                  0.0000000000000000E+000                  0.0000000000000000E+000 
                                      24                  9.9999999926399996E-001                  2.6587909306294916E-001                  3.7408168825787542E+000                 -6.5363705844145334E+000                  5.0080842304049309E+000                  6.9999999999903495E-001                  2.8000000000096509E-001                  2.0000000000000018E-002                  4.2688184411763843E-026                  0.0000000000000000E+000                  0.0000000000000000E+000 
                                      25                  9.9999999920149996E-001                  2.6587210369097647E-001                  3.7470205901089679E+000                 -6.5274040597040894E+000                  5.0232913467469871E+000                  6.9999999999903495E-001                  2.8000000000096509E-001                  2.0000000000000018E-002                  4.3579161170392248E-026                  0.0000000000000000E+000                  0.0000000000000000E+000 
                                      26                  9.9999999917024995E-001                  2.6586868029407540E-001                  3.7511635463592743E+000                 -6.5217197746522206E+000                  5.0331417367899514E+000                  6.9999999999903495E-001                  2.8000000000096509E-001                  2.0000000000000018E-002                  4.4153601039503617E-026                  0.0000000000000000E+000                  0.0000000000000000E+000 
                                      27                  9.9999999913899995E-001                  2.6586530133313702E-001                  3.7574269437266370E+000                 -6.5136470761202325E+000                  5.0475111098554573E+000                  6.9999999999903495E-001                  2.8000000000096509E-001                  2.0000000000000018E-002                  4.4982448332769745E-026                  0.0000000000000000E+000                  0.0000000000000000E+000 
                                      28                  9.9999999907649995E-001                  2.6585866763832544E-001                  3.7660724781803538E+000                 -6.5038871253561101E+000                  5.0659604521238704E+000                  6.9999999999903495E-001                  2.8000000000096509E-001                  2.0000000000000018E-002                  4.6005340169912279E-026                  0.0000000000000000E+000                  0.0000000000000000E+000 
                                      29                  9.9999999901400005E-001                  2.6585218106671232E-001                  3.7728073774462652E+000                 -6.4973144177501032E+000                  5.0793014558238507E+000                  6.9999999999903495E-001                  2.8000000000096509E-001                  2.0000000000000018E-002                  4.6707270925140429E-026                  0.0000000000000000E+000                  0.0000000000000000E+000 
                                      30                  9.9999999898274994E-001                  2.6584898638911852E-001                  3.7773570252445507E+000                 -6.4932147129381379E+000                  5.0879733394547202E+000                  6.9999999999903495E-001                  2.8000000000096509E-001                  2.0000000000000018E-002                  4.7150512538675473E-026                  0.0000000000000000E+000                  0.0000000000000000E+000 
                                      31                  9.9999999895149994E-001                  2.6584582165761561E-001                  3.7842569496347380E+000                 -6.4874574695854292E+000                  5.1006652563414621E+000                  6.9999999999903495E-001                  2.8000000000096509E-001                  2.0000000000000018E-002                  4.7780071741726888E-026                  0.0000000000000000E+000                  0.0000000000000000E+000 
                                      32                  9.9999999888899993E-001                  2.6583957534466984E-001                  3.7947664314380933E+000                 -6.4796537077928180E+000                  5.1190346942478095E+000                  6.9999999999903495E-001                  2.8000000000096509E-001                  2.0000000000000018E-002                  4.8646863378998807E-026                  0.0000000000000000E+000                  0.0000000000000000E+000 
                                      33                  9.9999999881087498E-001                  2.6583190613054619E-001                  3.8034712244970881E+000                 -6.4736733027917035E+000                  5.1337715118473835E+000                  6.9999999999903495E-001                  2.8000000000096509E-001                  2.0000000000000018E-002                  4.9321759069264698E-026                  0.0000000000000000E+000                  0.0000000000000000E+000 
                                      34                  9.9999999877181245E-001                  2.6582812381602422E-001                  3.8091707803330923E+000                 -6.4698560655741213E+000                  5.1433257079161727E+000                  6.9999999999903495E-001                  2.8000000000096509E-001                  2.0000000000000018E-002                  4.9757427467281838E-026                  0.0000000000000000E+000                  0.0000000000000000E+000 
                                      35                  9.9999999873274992E-001                  2.6582437450300089E-001                  3.8175271436553619E+000                 -6.4643253030978229E+000                  5.1572745759102503E+000                  6.9999999999903495E-001                  2.8000000000096509E-001                  2.0000000000000018E-002                  5.0395501922393296E-026                  0.0000000000000000E+000                  0.0000000000000000E+000 
                                      36                  9.9999999865462497E-001                  2.6581697048163372E-001                  3.8255161936644435E+000                 -6.4588672832193312E+000                  5.1707902420300913E+000                  6.9999999999903495E-001                  2.8000000000096509E-001                  2.0000000000000018E-002                  5.1033207757643394E-026                  0.0000000000000000E+000                  0.0000000000000000E+000 
                                      37                  9.9999999861556244E-001                  2.6581331456538720E-001                  3.8306723986598281E+000                 -6.4552913638181781E+000                  5.1795728161707100E+000                  6.9999999999903495E-001                  2.8000000000096509E-001                  2.0000000000000018E-002                  5.1455382404171991E-026                  0.0000000000000000E+000                  0.0000000000000000E+000 
                                      38                  9.9999999857649990E-001                  2.6580968853665132E-001                  3.8381499137516473E+000                 -6.4500024450561870E+000                  5.1924228083415196E+000                  6.9999999999903495E-001                  2.8000000000096509E-001                  2.0000000000000018E-002                  5.2086207502564184E-026                  0.0000000000000000E+000                  0.0000000000000000E+000 
                                      39                  9.9999999849837484E-001                  2.6580252399347731E-001                  3.8475218212354245E+000                 -6.4429361542930161E+000                  5.2089863427876999E+000                  6.9999999999903495E-001                  2.8000000000096509E-001                  2.0000000000000018E-002                  5.2941113891212630E-026                  0.0000000000000000E+000                  0.0000000000000000E+000 
                                      40                  9.9999999842025000E-001                  2.6579547473339610E-001                  3.8541127589119157E+000                 -6.4376101976536342E+000                  5.2210079452710829E+000                  6.9999999999903495E-001                  2.8000000000096509E-001                  2.0000000000000018E-002                  5.3594731981016229E-026                  0.0000000000000000E+000                  0.0000000000000000E+000 
                                      41                  9.9999999838118747E-001                  2.6579199293694394E-001                  3.8583495360059463E+000                 -6.4340890598372766E+000                  5.2288416170601728E+000                  6.9999999999903495E-001                  2.8000000000096509E-001                  2.0000000000000018E-002                  5.4031283294817696E-026                  0.0000000000000000E+000                  0.0000000000000000E+000 
                                      42                  9.9999999834212494E-001                  2.6578853917305928E-001                  3.8644767668614284E+000                 -6.4288468393269786E+000                  5.2403337531084802E+000                  6.9999999999903495E-001                  2.8000000000096509E-001                  2.0000000000000018E-002                  5.4687813180787218E-026                  0.0000000000000000E+000                  0.0000000000000000E+000 
                                      43                  9.9999999826399999E-001                  2.6578171428021535E-001                  3.8721229394644157E+000                 -6.4218051591145731E+000                  5.2551992505917093E+000                  6.9999999999903495E-001                  2.8000000000096509E-001                  2.0000000000000018E-002                  5.5582281497243181E-026                  0.0000000000000000E+000                  0.0000000000000000E+000 
                                      44                  9.9999999818587504E-001                  2.6577499884030559E-001                  3.8792645001114923E+000                 -6.4147667161668744E+000                  5.2695735858841353E+000                  6.9999999999903495E-001                  2.8000000000096509E-001                  2.0000000000000018E-002                  5.6490962649191841E-026                  0.0000000000000000E+000                  0.0000000000000000E+000 
                                      45                  9.9999999810775020E-001                  2.6576839105370043E-001                  3.8859393369050665E+000                 -6.4077368064680433E+000                  5.2834881939502596E+000                  6.9999999999903495E-001                  2.8000000000096509E-001                  2.0000000000000018E-002                  5.7413374950115160E-026                  0.0000000000000000E+000                  0.0000000000000000E+000 
                                      46                  9.9999999802962514E-001                  2.6576188907168236E-001                  3.8921846177246708E+000                 -6.4007230581157746E+000                  5.2969715846818302E+000                  6.9999999999903495E-001                  2.8000000000096509E-001                  2.0000000000000018E-002                  5.8348680723300690E-026                  0.0000000000000000E+000                  0.0000000000000000E+000 
                                      47                  9.9999999795150019E-001                  2.6575549096663936E-001                  3.8980358373449278E+000                 -6.3937337814475423E+000                  5.3100496949461249E+000                  6.9999999999903495E-001                  2.8000000000096509E-001                  2.0000000000000018E-002                  5.9295884602413367E-026                  0.0000000000000000E+000                  0.0000000000000000E+000 
                                      48                  9.9999999787337523E-001                  2.6574919472871716E-001                  3.9035262251197791E+000                 -6.3867770708261542E+000                  5.3227461892154828E+000                  6.9999999999903495E-001                  2.8000000000096509E-001                  2.0000000000000018E-002                  6.0253948487712004E-026                  0.0000000000000000E+000                  0.0000000000000000E+000 
                                      49                  9.9999999779525039E-001                  2.6574299827572745E-001                  3.9086864884739465E+000                 -6.3798607138329340E+000                  5.3350827175334947E+000                  6.9999999999903495E-001                  2.8000000000096509E-001                  2.0000000000000018E-002                  6.1221804551410267E-026                  0.0000000000000000E+000                  0.0000000000000000E+000 
                                      50                  9.9999999771712533E-001                  2.6573689946374202E-001                  3.9159531403240462E+000                 -6.3696675279872021E+000                  5.3529553284018858E+000                  6.9999999999903495E-001                  2.8000000000096509E-001                  2.0000000000000018E-002                  6.2676631695314113E-026                  0.0000000000000000E+000                  0.0000000000000000E+000 
                                      51                  9.9999999756087532E-001                  2.6572498405139688E-001                  3.9224622112174750E+000                 -6.3594270893415130E+000                  5.3701232516592148E+000                  6.9999999999903495E-001                  2.8000000000096509E-001                  2.0000000000000018E-002                  6.4173027473891542E-026                  0.0000000000000000E+000                  0.0000000000000000E+000 
                                      52                  9.9999999748275037E-001                  2.6571916482513031E-001                  3.9265590230898191E+000                 -6.3527337804515449E+000                  5.3812033160918427E+000                  6.9999999999903495E-001                  2.8000000000096509E-001                  2.0000000000000018E-002                  6.5170355179696271E-026                  0.0000000000000000E+000                  0.0000000000000000E+000 
                                      53                  9.9999999740462542E-001                  2.6571343436810929E-001                  3.9304429654972681E+000                 -6.3461075961694666E+000                  5.3920082787859851E+000                  6.9999999999903495E-001                  2.8000000000096509E-001                  2.0000000000000018E-002                  6.6172952494472375E-026                  0.0000000000000000E+000                  0.0000000000000000E+000 
                                      54                  9.9999999732650036E-001                  2.6570779045736759E-001                  3.9359635977971603E+000                 -6.3363631228533368E+000                  5.4077286191968419E+000                  6.9999999999903495E-001                  2.8000000000096509E-001                  2.0000000000000018E-002                  6.7675469885572563E-026                  0.0000000000000000E+000                  0.0000000000000000E+000 
                                      55                  9.9999999717025045E-001                  2.6569675244994140E-001                  3.9426474764468677E+000                 -6.3235414833400148E+000                  5.4278432579684184E+000                  6.9999999999903495E-001                  2.8000000000096509E-001                  2.0000000000000018E-002                  6.9704579017978259E-026                  0.0000000000000000E+000                  0.0000000000000000E+000 
                                      56                  9.9999999701400044E-001                  2.6568603474797814E-001                  3.9472255238789193E+000                 -6.3140766746253369E+000                  5.4423419345857154E+000                  6.9999999999903495E-001                  2.8000000000096509E-001                  2.0000000000000018E-002                  7.1241390825422133E-026                  0.0000000000000000E+000                  0.0000000000000000E+000 
                                      57                  9.9999999693587549E-001                  2.6568079113277715E-001                  3.9515910100779408E+000                 -6.3048790257342411E+000                  5.4563728441370793E+000                  6.9999999999903495E-001                  2.8000000000096509E-001                  2.0000000000000018E-002                  7.2767289591266804E-026                  0.0000000000000000E+000                  0.0000000000000000E+000 
                                      58                  9.9999999677962537E-001                  2.6567052311935396E-001                  3.9569502322475048E+000                 -6.2928243671856503E+000                  5.4744039482974705E+000                  6.9999999999903495E-001                  2.8000000000096509E-001                  2.0000000000000018E-002                  7.4816782932817867E-026                  0.0000000000000000E+000                  0.0000000000000000E+000 
                                      59                  9.9999999662337546E-001                  2.6566053549607765E-001                  3.9606682996148392E+000                 -6.2839496444430241E+000                  5.4874535731104768E+000                  6.9999999999903495E-001                  2.8000000000096509E-001                  2.0000000000000018E-002                  7.6362447873160551E-026                  0.0000000000000000E+000                  0.0000000000000000E+000 
                                      60                  9.9999999654525051E-001                  2.6565564244493284E-001                  3.9642379170991791E+000                 -6.2753133607943736E+000                  5.5001230586603924E+000                  6.9999999999903495E-001                  2.8000000000096509E-001                  2.0000000000000018E-002                  7.7897247167344064E-026                  0.0000000000000000E+000                  0.0000000000000000E+000 
                                      61                  9.9999999638900050E-001                  2.6564604854470064E-001                  3.9686696614615062E+000                 -6.2640136176887102E+000                  5.5164619170488329E+000                  6.9999999999903495E-001                  2.8000000000096509E-001                  2.0000000000000018E-002                  7.9952081314395208E-026                  0.0000000000000000E+000                  0.0000000000000000E+000 
                                      62                  9.9999999623275038E-001                  2.6563670043354626E-001                  3.9728067648042664E+000                 -6.2530036651817200E+000                  5.5322096351729746E+000                  6.9999999999903495E-001                  2.8000000000096509E-001                  2.0000000000000018E-002                  8.2006361341044361E-026                  0.0000000000000000E+000                  0.0000000000000000E+000 
                                      63                  9.9999999607650047E-001                  2.6562758574969542E-001                  3.9766827257896176E+000                 -6.2422746546876722E+000                  5.5474075121979993E+000                  6.9999999999903495E-001                  2.8000000000096509E-001                  2.0000000000000018E-002                  8.4059008837386853E-026                  0.0000000000000000E+000                  0.0000000000000000E+000 
                                      64                  9.9999999592025046E-001                  2.6561869292747681E-001                  3.9803260034728387E+000                 -6.2318171347714104E+000                  5.5620926644186417E+000                  6.9999999999903495E-001                  2.8000000000096509E-001                  2.0000000000000018E-002                  8.6109167968682929E-026                  0.0000000000000000E+000                  0.0000000000000000E+000 
                                      65                  9.9999999576400045E-001                  2.6561001115396055E-001                  3.9837609279000210E+000                 -6.2216214021059253E+000                  5.5762985717786968E+000                  6.9999999999903495E-001                  2.8000000000096509E-001                  2.0000000000000018E-002                  8.8156153243949724E-026                  0.0000000000000000E+000                  0.0000000000000000E+000 
                                      66                  9.9999999560775055E-001                  2.6560153032189776E-001                  3.9870084141190691E+000                 -6.2116777553532136E+000                  5.5900555379425079E+000                  6.9999999999903495E-001                  2.8000000000096509E-001                  2.0000000000000018E-002                  9.0199407051036949E-026                  0.0000000000000000E+000                  0.0000000000000000E+000 
                                      67                  9.9999999545150042E-001                  2.6559324098154119E-001                  3.9900865362725471E+000                 -6.2019765656052153E+000                  5.6033910798266087E+000                  6.9999999999903495E-001                  2.8000000000096509E-001                  2.0000000000000018E-002                  9.2238488564485390E-026                  0.0000000000000000E+000                  0.0000000000000000E+000 
                                      68                  9.9999999529525041E-001                  2.6558513429508268E-001                  3.9930109990564882E+000                 -6.1925083799629350E+000                  5.6163302591853705E+000                  6.9999999999903495E-001                  2.8000000000096509E-001                  2.0000000000000018E-002                  9.4273053065466700E-026                  0.0000000000000000E+000                  0.0000000000000000E+000 
                                      69                  9.9999999513900040E-001                  2.6557720199292506E-001                  3.9971811813275098E+000                 -6.1787764847571784E+000                  5.6350450592492720E+000                  6.9999999999903495E-001                  2.8000000000096509E-001                  2.0000000000000018E-002                  9.7303858308214783E-026                  0.0000000000000000E+000                  0.0000000000000000E+000 
                                      70                  9.9999999482650037E-001                  2.6556182992460620E-001                  4.0022599443147424E+000                 -6.1611261559139185E+000                  5.6588093731936402E+000                  6.9999999999903495E-001                  2.8000000000096509E-001                  2.0000000000000018E-002                  1.0134311597783626E-025                  0.0000000000000000E+000                  0.0000000000000000E+000 
                                      71                  9.9999999451400035E-001                  2.6554706853723192E-001                  4.0057624043731543E+000                 -6.1483619429423388E+000                  5.6758186257817211E+000                  6.9999999999903495E-001                  2.8000000000096509E-001                  2.0000000000000018E-002                  1.0436831384189344E-025                  0.0000000000000000E+000                  0.0000000000000000E+000 
                                      72                  9.9999999435775044E-001                  2.6553990106759096E-001                  4.0080021552963725E+000                 -6.1401103179617538E+000                  5.6867996710098794E+000                  6.9999999999903495E-001                  2.8000000000096509E-001                  2.0000000000000018E-002                  1.0637191211754642E-025                  0.0000000000000000E+000                  0.0000000000000000E+000 
                                      73                  9.9999999420150032E-001                  2.6553286814985311E-001                  4.0112297522666145E+000                 -6.1280951377726272E+000                  5.7027685782539326E+000                  6.9999999999903495E-001                  2.8000000000096509E-001                  2.0000000000000018E-002                  1.0935835712998372E-025                  0.0000000000000000E+000                  0.0000000000000000E+000 
                                      74                  9.9999999388900029E-001                  2.6551918514670531E-001                  4.0152318619044998E+000                 -6.1126042503819802E+000                  5.7231887131178381E+000                  6.9999999999903495E-001                  2.8000000000096509E-001                  2.0000000000000018E-002                  1.1333283169358330E-025                  0.0000000000000000E+000                  0.0000000000000000E+000 
                                      75                  9.9999999357650016E-001                  2.6550598037578793E-001                  4.0189664752264891E+000                 -6.0977280174709350E+000                  5.7426939945558892E+000                  6.9999999999903495E-001                  2.8000000000096509E-001                  2.0000000000000018E-002                  1.1728556205072373E-025                  0.0000000000000000E+000                  0.0000000000000000E+000 
                                      76                  9.9999999326400024E-001                  2.6549321911490126E-001                  4.0233365274210415E+000                 -6.0799699984540663E+000                  5.7659073938402408E+000                  6.9999999999903495E-001                  2.8000000000096509E-001                  2.0000000000000018E-002                  1.2218499406592771E-025                  0.0000000000000000E+000                  0.0000000000000000E+000 
                                      77                  9.9999999279525020E-001                  2.6547484216063483E-001                  4.0281307016977150E+000                 -6.0596787532403029E+000                  5.7922230513840161E+000                  6.9999999999903495E-001                  2.8000000000096509E-001                  2.0000000000000018E-002                  1.2803449208561727E-025                  0.0000000000000000E+000                  0.0000000000000000E+000 
                                      78                  9.9999999232650005E-001                  2.6545730189503958E-001                  4.0318085325749653E+000                 -6.0435505068641842E+000                  5.8130000044566881E+000                  6.9999999999903495E-001                  2.8000000000096509E-001                  2.0000000000000018E-002                  1.3288309275379635E-025                  0.0000000000000000E+000                  0.0000000000000000E+000 
                                      79                  9.9999999201400014E-001                  2.6544603355684698E-001                  4.0345986129467306E+000                 -6.0311602149364614E+000                  5.8289359386008925E+000                  6.9999999999903495E-001                  2.8000000000096509E-001                  2.0000000000000018E-002                  1.3673236944517228E-025                  0.0000000000000000E+000                  0.0000000000000000E+000 
                                      80                  9.9999999170150022E-001                  2.6543508131786275E-001                  4.0372532021007732E+000                 -6.0191736727517471E+000                  5.8443092840183866E+000                  6.9999999999903495E-001                  2.8000000000096509E-001                  2.0000000000000018E-002                  1.4056234268121924E-025                  0.0000000000000000E+000                  0.0000000000000000E+000 
                                      81                  9.9999999138900009E-001                  2.6542442643252856E-001                  4.0397845932522074E+000                 -6.0075660837260978E+000                  5.8591584233479574E+000                  6.9999999999903495E-001                  2.8000000000096509E-001                  2.0000000000000018E-002                  1.4437349664561756E-025                  0.0000000000000000E+000                  0.0000000000000000E+000 
                                      82                  9.9999999107650017E-001                  2.6541405179969707E-001                  4.0434079549707809E+000                 -5.9908662342246268E+000                  5.8805234922204637E+000                  6.9999999999903495E-001                  2.8000000000096509E-001                  2.0000000000000018E-002                  1.5003868885584694E-025                  0.0000000000000000E+000                  0.0000000000000000E+000 
                                      83                  9.9999999045150012E-001                  2.6539408316388707E-001                  4.0478500708422223E+000                 -5.9696610761025326E+000                  5.9074723320181777E+000                  6.9999999999903495E-001                  2.8000000000096509E-001                  2.0000000000000018E-002                  1.5755387733417369E-025                  0.0000000000000000E+000                  0.0000000000000000E+000 
                                      84                  9.9999998982649996E-001                  2.6537506354892959E-001                  4.0509327154497887E+000                 -5.9544904525138787E+000                  5.9266436403785532E+000                  6.9999999999903495E-001                  2.8000000000096509E-001                  2.0000000000000018E-002                  1.6316042254597634E-025                  0.0000000000000000E+000                  0.0000000000000000E+000 
                                      85                  9.9999998951399993E-001                  2.6536587930505273E-001                  4.0529103197321312E+000                 -5.9447407184561216E+000                  5.9389709583797439E+000                  6.9999999999903495E-001                  2.8000000000096509E-001                  2.0000000000000018E-002                  1.6686851456622766E-025                  0.0000000000000000E+000                  0.0000000000000000E+000 
                                      86                  9.9999998920149991E-001                  2.6535689838312349E-001                  4.0554746849999574E+000                 -5.9320445816120513E+000                  5.9550212918881282E+000                  6.9999999999903495E-001                  2.8000000000096509E-001                  2.0000000000000018E-002                  1.7182387985387798E-025                  0.0000000000000000E+000                  0.0000000000000000E+000 
                                      87                  9.9999998867326600E-001                  2.6534215366233810E-001                  4.0588590637176809E+000                 -5.9149926729414046E+000                  5.9765140472164369E+000                  6.9999999999903495E-001                  2.8000000000096509E-001                  2.0000000000000018E-002                  1.7871177461607915E-025                  0.0000000000000000E+000                  0.0000000000000000E+000 
                                      88                  9.9999998802606460E-001                  2.6532478181108365E-001                  4.0629247964488648E+000                 -5.8942100459307163E+000                  6.0026561464335915E+000                  6.9999999999903495E-001                  2.8000000000096509E-001                  2.0000000000000018E-002                  1.8748126855705462E-025                  0.0000000000000000E+000                  0.0000000000000000E+000 
                                      89                  9.9999998716312943E-001                  2.6530269864218664E-001                  4.0661388447055629E+000                 -5.8772306630287190E+000                  6.0238798632764494E+000                  6.9999999999903495E-001                  2.8000000000096509E-001                  2.0000000000000018E-002                  1.9496457397408251E-025                  0.0000000000000000E+000                  0.0000000000000000E+000 
                                      90                  9.9999998673166191E-001                  2.6529207921553288E-001                  4.0681970829043781E+000                 -5.8663648789587208E+000                  6.0374751583483341E+000                  6.9999999999903495E-001                  2.8000000000096509E-001                  2.0000000000000018E-002                  1.9990952040046721E-025                  0.0000000000000000E+000                  0.0000000000000000E+000 
                                      91                  9.9999998630019415E-001                  2.6528172143388407E-001                  4.0711673343360477E+000                 -5.8506908124867083E+000                  6.0571037947896134E+000                  6.9999999999903495E-001                  2.8000000000096509E-001                  2.0000000000000018E-002                  2.0726458448937924E-025                  0.0000000000000000E+000                  0.0000000000000000E+000 
                                      92                  9.9999998543725888E-001                  2.6526173808861792E-001                  4.0739398165564706E+000                 -5.8355989715758563E+000                  6.0758868965332971E+000                  6.9999999999903495E-001                  2.8000000000096509E-001                  2.0000000000000018E-002                  2.1460218713437501E-025                  0.0000000000000000E+000                  0.0000000000000000E+000 
                                      93                  9.9999998500579113E-001                  2.6525208667767003E-001                  4.0757249158830131E+000                 -5.8258975974466169E+000                  6.0879733727307030E+000                  6.9999999999903495E-001                  2.8000000000096509E-001                  2.0000000000000018E-002                  2.1945563324819507E-025                  0.0000000000000000E+000                  0.0000000000000000E+000 
                                      94                  9.9999998457432360E-001                  2.6524264784973595E-001                  4.0783140029600826E+000                 -5.8118455464196508E+000                  6.1054963756036935E+000                  6.9999999999903495E-001                  2.8000000000096509E-001                  2.0000000000000018E-002                  2.2668106819585504E-025                  0.0000000000000000E+000                  0.0000000000000000E+000 
                                      95                  9.9999998371138843E-001                  2.6522436947447270E-001                  4.0815610041317099E+000                 -5.7938846746380808E+000                  6.1278156920096789E+000                  6.9999999999903495E-001                  2.8000000000096509E-001                  2.0000000000000018E-002                  2.3626400185107921E-025                  0.0000000000000000E+000                  0.0000000000000000E+000 
                                      96                  9.9999998284845304E-001                  2.6520682943989171E-001                  4.0838597275424275E+000                 -5.7809535453380896E+000                  6.1438358119638234E+000                  6.9999999999903495E-001                  2.8000000000096509E-001                  2.0000000000000018E-002                  2.4341334797625454E-025                  0.0000000000000000E+000                  0.0000000000000000E+000 
                                      97                  9.9999998241698540E-001                  2.6519831593478810E-001                  4.0853485239967551E+000                 -5.7725981488536950E+000                  6.1541975345058093E+000                  6.9999999999903495E-001                  2.8000000000096509E-001                  2.0000000000000018E-002                  2.4814758753216682E-025                  0.0000000000000000E+000                  0.0000000000000000E+000 
                                      98                  9.9999998198551765E-001                  2.6518996416908647E-001                  4.0875198316369508E+000                 -5.7604377057699816E+000                  6.1692919738100365E+000                  6.9999999999903495E-001                  2.8000000000096509E-001                  2.0000000000000018E-002                  2.5520291135643291E-025                  0.0000000000000000E+000                  0.0000000000000000E+000 
                                      99                  9.9999998112258248E-001                  2.6517372047702575E-001                  4.0902694350569861E+000                 -5.7448096864147251E+000                  6.1886377666651811E+000                  6.9999999999903495E-001                  2.8000000000096509E-001                  2.0000000000000018E-002                  2.6456560952224893E-025                  0.0000000000000000E+000                  0.0000000000000000E+000 
                                     100                  9.9999998025964720E-001                  2.6515804919231112E-001                  4.0928856059771404E+000                 -5.7298307702606976E+000                  6.2071610374053501E+000                  6.9999999999903495E-001                  2.8000000000096509E-001                  2.0000000000000018E-002                  2.7386186718897872E-025                  0.0000000000000000E+000                  0.0000000000000000E+000 
                                     101                  9.9999997939671192E-001                  2.6514290758760428E-001                  4.0947583370761187E+000                 -5.7189754429480972E+000                  6.2205546207446298E+000                  6.9999999999903495E-001                  2.8000000000096509E-001                  2.0000000000000018E-002                  2.8080255514372070E-025                  0.0000000000000000E+000                  0.0000000000000000E+000 
                                     102                  9.9999997896524417E-001                  2.6513552309992278E-001                  4.0965861691037029E+000                 -5.7084680327425481E+000                  6.2335483460137517E+000                  6.9999999999903495E-001                  2.8000000000096509E-001                  2.0000000000000018E-002                  2.8768839425977315E-025                  0.0000000000000000E+000                  0.0000000000000000E+000 
                                     103                  9.9999997810230901E-001                  2.6512110607470918E-001                  4.0989196219061803E+000                 -5.6948992356571901E+000                  6.2502920172367551E+000                  6.9999999999903495E-001                  2.8000000000096509E-001                  2.0000000000000018E-002                  2.9683103474920496E-025                  0.0000000000000000E+000                  0.0000000000000000E+000 
                                     104                  9.9999997723937373E-001                  2.6510713115089690E-001                  4.1017139381459344E+000                 -5.6786484515640314E+000                  6.2703552732213739E+000                  6.9999999999903495E-001                  2.8000000000096509E-001                  2.0000000000000018E-002                  3.0816422489187372E-025                  0.0000000000000000E+000                  0.0000000000000000E+000 
                                     105                  9.9999997594497092E-001                  2.6508693627547902E-001                  4.1043484030142494E+000                 -5.6630604832585041E+000                  6.2895359337043377E+000                  6.9999999999903495E-001                  2.8000000000096509E-001                  2.0000000000000018E-002                  3.1944184261661406E-025                  0.0000000000000000E+000                  0.0000000000000000E+000 
                                     106                  9.9999997508203553E-001                  2.6507394619838476E-001                  4.1072051097781452E+000                 -5.6463005326342879E+000                  6.3102087330567311E+000                  6.9999999999903495E-001                  2.8000000000096509E-001                  2.0000000000000018E-002                  3.3202854593949012E-025                  0.0000000000000000E+000                  0.0000000000000000E+000 
                                     107                  9.9999997351089309E-001                  2.6505118774556757E-001                  4.1097998635442377E+000                 -5.6307237398343410E+000                  6.3293323659678160E+000                  6.9999999999903495E-001                  2.8000000000096509E-001                  2.0000000000000018E-002                  3.4417127733287053E-025                  0.0000000000000000E+000                  0.0000000000000000E+000 
                                     108                  9.9999997272532193E-001                  2.6504020814469420E-001                  4.1114747085532146E+000                 -5.6207219879295929E+000                  6.3416303193042767E+000                  6.9999999999903495E-001                  2.8000000000096509E-001                  2.0000000000000018E-002                  3.5220131535776328E-025                  0.0000000000000000E+000                  0.0000000000000000E+000 
                                     109                  9.9999997193975076E-001                  2.6502947770875274E-001                  4.1135047525859081E+000                 -5.6086104291054548E+000                  6.3565301081930716E+000                  6.9999999999903495E-001                  2.8000000000096509E-001                  2.0000000000000018E-002                  3.6217663823588186E-025                  0.0000000000000000E+000                  0.0000000000000000E+000 
                                     110                  9.9999997076139391E-001                  2.6501382330093060E-001                  4.1158374925942489E+000                 -5.5945824091842757E+000                  6.3737626998270249E+000                  6.9999999999903495E-001                  2.8000000000096509E-001                  2.0000000000000018E-002                  3.7408431292059268E-025                  0.0000000000000000E+000                  0.0000000000000000E+000 
                                     111                  9.9999996958303705E-001                  2.6499866484927487E-001                  4.1184462050940374E+000                 -5.5788938216489745E+000                  6.3930421580080505E+000                  6.9999999999903495E-001                  2.8000000000096509E-001                  2.0000000000000018E-002                  3.8786627481534991E-025                  0.0000000000000000E+000                  0.0000000000000000E+000 
                                     112                  9.9999996801189461E-001                  2.6497916833489399E-001                  4.1212743450273859E+000                 -5.5617505761434938E+000                  6.4140799109381472E+000                  6.9999999999903495E-001                  2.8000000000096509E-001                  2.0000000000000018E-002                  4.0350777829169584E-025                  0.0000000000000000E+000                  0.0000000000000000E+000 
                                     113                  9.9999996644075217E-001                  2.6496042395445246E-001                  4.1239634311373221E+000                 -5.5453891053367057E+000                  6.4341488675068579E+000                  6.9999999999903495E-001                  2.8000000000096509E-001                  2.0000000000000018E-002                  4.1902438856392809E-025                  0.0000000000000000E+000                  0.0000000000000000E+000 
                                     114                  9.9999996486960974E-001                  2.6494237031285406E-001                  4.1265267139429280E+000                 -5.5297413844788901E+000                  6.4533343668070584E+000                  6.9999999999903495E-001                  2.8000000000096509E-001                  2.0000000000000018E-002                  4.3442245430958110E-025                  0.0000000000000000E+000                  0.0000000000000000E+000 
                                     115                  9.9999996329846730E-001                  2.6492495343518763E-001                  4.1283647108707600E+000                 -5.5184217055980556E+000                  6.4671891832362993E+000                  6.9999999999903495E-001                  2.8000000000096509E-001                  2.0000000000000018E-002                  4.4591336172866805E-025                  0.0000000000000000E+000                  0.0000000000000000E+000 
                                     116                  9.9999996251289613E-001                  2.6491646828604831E-001                  4.1301601506040067E+000                 -5.5074795282366109E+000                  6.4806166684827753E+000                  6.9999999999903495E-001                  2.8000000000096509E-001                  2.0000000000000018E-002                  4.5731012326729107E-025                  0.0000000000000000E+000                  0.0000000000000000E+000 
                                     117                  9.9999996094175370E-001                  2.6489991878707553E-001                  4.1324557897183718E+000                 -5.4933712564706250E+000                  6.4979002102251187E+000                  6.9999999999903495E-001                  2.8000000000096509E-001                  2.0000000000000018E-002                  4.7243582837612036E-025                  0.0000000000000000E+000                  0.0000000000000000E+000 
                                     118                  9.9999995937061126E-001                  2.6488389646578425E-001                  4.1346596687243409E+000                 -5.4797974750525311E+000                  6.5145245736056525E+000                  6.9999999999903495E-001                  2.8000000000096509E-001                  2.0000000000000018E-002                  4.8746092520659239E-025                  0.0000000000000000E+000                  0.0000000000000000E+000 
                                     119                  9.9999995779946882E-001                  2.6486836548133652E-001                  4.1373071881523433E+000                 -5.4635432944716467E+000                  6.5344510343636362E+000                  6.9999999999903495E-001                  2.8000000000096509E-001                  2.0000000000000018E-002                  5.0608357858108247E-025                  0.0000000000000000E+000                  0.0000000000000000E+000 
                                     120                  9.9999995544275522E-001                  2.6484592185523681E-001                  4.1408124779243378E+000                 -5.4419591491476371E+000                  6.5609013325239776E+000                  6.9999999999903495E-001                  2.8000000000096509E-001                  2.0000000000000018E-002                  5.3191804905169088E-025                  0.0000000000000000E+000                  0.0000000000000000E+000 
                                     121                  9.9999995230047034E-001                  2.6481744290348375E-001                  4.1440853564809386E+000                 -5.4215578377921840E+000                  6.5858391189226451E+000                  6.9999999999903495E-001                  2.8000000000096509E-001                  2.0000000000000018E-002                  5.5754913489010723E-025                  0.0000000000000000E+000                  0.0000000000000000E+000 
                                     122                  9.9999994994375674E-001                  2.6479706041318130E-001                  4.1472137208337196E+000                 -5.4022045316515213E+000                  6.6095426507774944E+000                  6.9999999999903495E-001                  2.8000000000096509E-001                  2.0000000000000018E-002                  5.8300523708538598E-025                  0.0000000000000000E+000                  0.0000000000000000E+000 
                                     123                  9.9999994677369097E-001                  2.6477083421674291E-001                  4.1497464678481659E+000                 -5.3863046447011564E+000                  6.6289544352224059E+000                  6.9999999999903495E-001                  2.8000000000096509E-001                  2.0000000000000018E-002                  6.0478709910515293E-025                  0.0000000000000000E+000                  0.0000000000000000E+000 
                                     124                  9.9999994518865809E-001                  2.6475819082099072E-001                  4.1522004203992511E+000                 -5.3711410778285336E+000                  6.6475376796282726E+000                  6.9999999999903495E-001                  2.8000000000096509E-001                  2.0000000000000018E-002                  6.2631869381650796E-025                  0.0000000000000000E+000                  0.0000000000000000E+000 
                                     125                  9.9999994201859232E-001                  2.6473376856613706E-001                  4.1552947798509754E+000                 -5.3518386480252653E+000                  6.6711447699150934E+000                  6.9999999999903495E-001                  2.8000000000096509E-001                  2.0000000000000018E-002                  6.5484093899314336E-025                  0.0000000000000000E+000                  0.0000000000000000E+000 
                                     126                  9.9999993884852656E-001                  2.6471040414588759E-001                  4.1582278693749162E+000                 -5.3335266312953795E+000                  6.6935392248430086E+000                  6.9999999999903495E-001                  2.8000000000096509E-001                  2.0000000000000018E-002                  6.8310062593760988E-025                  0.0000000000000000E+000                  0.0000000000000000E+000 
                                     127                  9.9999993567846079E-001                  2.6468800086396727E-001                  4.1603207227811208E+000                 -5.3203626943099351E+000                  6.7096116445632505E+000                  6.9999999999903495E-001                  2.8000000000096509E-001                  2.0000000000000018E-002                  7.0416686003776226E-025                  0.0000000000000000E+000                  0.0000000000000000E+000 
                                     128                  9.9999993409342791E-001                  2.6467713241377661E-001                  4.1623600077280116E+000                 -5.3077083980268567E+000                  6.7251119448309717E+000                  6.9999999999903495E-001                  2.8000000000096509E-001                  2.0000000000000018E-002                  7.2503033552665574E-025                  0.0000000000000000E+000                  0.0000000000000000E+000 
                                     129                  9.9999993092336215E-001                  2.6465601740367162E-001                  4.1649565393461918E+000                 -5.2914800878475674E+000                  6.7449580535037290E+000                  6.9999999999903495E-001                  2.8000000000096509E-001                  2.0000000000000018E-002                  7.5269455013590338E-025                  0.0000000000000000E+000                  0.0000000000000000E+000 
                                     130                  9.9999992775329638E-001                  2.6463567392719006E-001                  4.1680636825950002E+000                 -5.2721769538786809E+000                  6.7685995150428218E+000                  6.9999999999903495E-001                  2.8000000000096509E-001                  2.0000000000000018E-002                  7.8697966914119869E-025                  0.0000000000000000E+000                  0.0000000000000000E+000 
                                     131                  9.9999992298418527E-001                  2.6460639429414717E-001                  4.1715799866874228E+000                 -5.2501961184573762E+000                  6.7954826271308626E+000                  6.9999999999903495E-001                  2.8000000000096509E-001                  2.0000000000000018E-002                  8.2792852744180428E-025                  0.0000000000000000E+000                  0.0000000000000000E+000 
                                     132                  9.9999991818704970E-001                  2.6457839060221389E-001                  4.1743501984817346E+000                 -5.2327893502851746E+000                  6.8167460617372218E+000                  6.9999999999903495E-001                  2.8000000000096509E-001                  2.0000000000000018E-002                  8.6186428908114512E-025                  0.0000000000000000E+000                  0.0000000000000000E+000 
                                     133                  9.9999991498895924E-001                  2.6456045210002821E-001                  4.1764827796137647E+000                 -5.2194694625562708E+000                  6.8330403059511013E+000                  6.9999999999903495E-001                  2.8000000000096509E-001                  2.0000000000000018E-002                  8.8876992700100705E-025                  0.0000000000000000E+000                  0.0000000000000000E+000 
                                     134                  9.9999991179086878E-001                  2.6454305330002093E-001                  4.1785392434791326E+000                 -5.2066305764771403E+000                  6.8487477233941441E+000                  6.9999999999903495E-001                  2.8000000000096509E-001                  2.0000000000000018E-002                  9.1549957926837142E-025                  0.0000000000000000E+000                  0.0000000000000000E+000 
                                     135                  9.9999990859277821E-001                  2.6452615932494095E-001                  4.1810200215914657E+000                 -5.1912259977825084E+000                  6.8676182027275710E+000                  6.9999999999903495E-001                  2.8000000000096509E-001                  2.0000000000000018E-002                  9.4863511075632406E-025                  0.0000000000000000E+000                  0.0000000000000000E+000 
                                     136                  9.9999990379564263E-001                  2.6450169796702205E-001                  4.1833821211024880E+000                 -5.1764282451227261E+000                  6.8857067640876064E+000                  6.9999999999903495E-001                  2.8000000000096509E-001                  2.0000000000000018E-002                  9.8159554928065580E-025                  0.0000000000000000E+000                  0.0000000000000000E+000 
                                     137                  9.9999990059755217E-001                  2.6448593449471686E-001                  4.1852173924709506E+000                 -5.1649940936962260E+000                  6.8997016518289422E+000                  6.9999999999903495E-001                  2.8000000000096509E-001                  2.0000000000000018E-002                  1.0078471603501242E-024                  0.0000000000000000E+000                  0.0000000000000000E+000 
                                     138                  9.9999989737819672E-001                  2.6447047687024688E-001                  4.1870082086887566E+000                 -5.1538445220316431E+000                  6.9133499732272243E+000                  6.9999999999903495E-001                  2.8000000000096509E-001                  2.0000000000000018E-002                  1.0341221655242282E-024                  0.0000000000000000E+000                  0.0000000000000000E+000 
                                     139                  9.9999989413757628E-001                  2.6445530991684874E-001                  4.1891859539671135E+000                 -5.1403531042771098E+000                  6.9298839633234275E+000                  6.9999999999903495E-001                  2.8000000000096509E-001                  2.0000000000000018E-002                  1.0668346881723432E-024                  0.0000000000000000E+000                  0.0000000000000000E+000 
                                     140                  9.9999988927664563E-001                  2.6443325253152544E-001                  4.1921044919245674E+000                 -5.1222872515080322E+000                  6.9520268722807703E+000                  6.9999999999903495E-001                  2.8000000000096509E-001                  2.0000000000000018E-002                  1.1122672300985610E-024                  0.0000000000000000E+000                  0.0000000000000000E+000 
                                     141                  9.9999988279540475E-001                  2.6440503608468130E-001                  4.1944749734197622E+000                 -5.1074609937627251E+000                  6.9701520480475887E+000                  6.9999999999903495E-001                  2.8000000000096509E-001                  2.0000000000000018E-002                  1.1509964731192339E-024                  0.0000000000000000E+000                  0.0000000000000000E+000 
                                     142                  9.9999987955478420E-001                  2.6439139939834683E-001                  4.1963962563857757E+000                 -5.0955955441788054E+000                  6.9847009328914602E+000                  6.9999999999903495E-001                  2.8000000000096509E-001                  2.0000000000000018E-002                  1.1829620079310541E-024                  0.0000000000000000E+000                  0.0000000000000000E+000 
                                     143                  9.9999987469385365E-001                  2.6437149335366605E-001                  4.1986161839978910E+000                 -5.0818503276815825E+000                  7.0015427260852920E+000                  6.9999999999903495E-001                  2.8000000000096509E-001                  2.0000000000000018E-002                  1.2211045912007116E-024                  0.0000000000000000E+000                  0.0000000000000000E+000 
                                     144                  9.9999986983292299E-001                  2.6435220484947192E-001                  4.2011115981790752E+000                 -5.0664741490021088E+000                  7.0204032689551497E+000                  6.9999999999903495E-001                  2.8000000000096509E-001                  2.0000000000000018E-002                  1.2652342764268858E-024                  0.0000000000000000E+000                  0.0000000000000000E+000 
                                     145                  9.9999986335168212E-001                  2.6432737767586340E-001                  4.2038341064137903E+000                 -5.0496689135341999E+000                  7.0410051853087792E+000                  6.9999999999903495E-001                  2.8000000000096509E-001                  2.0000000000000018E-002                  1.3152939546932143E-024                  0.0000000000000000E+000                  0.0000000000000000E+000 
                                     146                  9.9999985687044113E-001                  2.6430348883267185E-001                  4.2064379224711574E+000                 -5.0336264992581699E+000                  7.0606781282302542E+000                  6.9999999999903495E-001                  2.8000000000096509E-001                  2.0000000000000018E-002                  1.3649306720007413E-024                  0.0000000000000000E+000                  0.0000000000000000E+000 
                                     147                  9.9999985038920036E-001                  2.6428046258996069E-001                  4.2089443974508978E+000                 -5.0182147666278869E+000                  7.0795840714266491E+000                  6.9999999999903495E-001                  2.8000000000096509E-001                  2.0000000000000018E-002                  1.4143818571952283E-024                  0.0000000000000000E+000                  0.0000000000000000E+000 
                                     148                  9.9999984385042040E-001                  2.6425803833218525E-001                  4.2113714731258227E+000                 -5.0033198705235566E+000                  7.0978617130872790E+000                  6.9999999999903495E-001                  2.8000000000096509E-001                  2.0000000000000018E-002                  1.4638789809691343E-024                  0.0000000000000000E+000                  0.0000000000000000E+000 
                                     149                  9.9999983725410169E-001                  2.6423617609828653E-001                  4.2137146178748166E+000                 -4.9889665866174999E+000                  7.1154798619968647E+000                  6.9999999999903495E-001                  2.8000000000096509E-001                  2.0000000000000018E-002                  1.5132168674319442E-024                  0.0000000000000000E+000                  0.0000000000000000E+000 
                                     150                  9.9999983065778286E-001                  2.6421502145153153E-001                  4.2159705318837464E+000                 -4.9751746830500005E+000                  7.1324143029298197E+000                  6.9999999999903495E-001                  2.8000000000096509E-001                  2.0000000000000018E-002                  1.5621933222604678E-024                  0.0000000000000000E+000                  0.0000000000000000E+000 
                                     151                  9.9999982406146393E-001                  2.6419452510992175E-001                  4.2186878378136319E+000                 -4.9586818959785974E+000                  7.1526977588517369E+000                  6.9999999999903495E-001                  2.8000000000096509E-001                  2.0000000000000018E-002                  1.6228496569112323E-024                  0.0000000000000000E+000                  0.0000000000000000E+000 
                                     152                  9.9999981416698580E-001                  2.6416492113873730E-001                  4.2217851172084657E+000                 -4.9398351614534555E+000                  7.1758561666151595E+000                  6.9999999999903495E-001                  2.8000000000096509E-001                  2.0000000000000018E-002                  1.6950563919755145E-024                  0.0000000000000000E+000                  0.0000000000000000E+000 
                                     153                  9.9999980427250745E-001                  2.6413656871617358E-001                  4.2242435398295806E+000                 -4.9248483580983500E+000                  7.1942587719352984E+000                  6.9999999999903495E-001                  2.8000000000096509E-001                  2.0000000000000018E-002                  1.7547646491464966E-024                  0.0000000000000000E+000                  0.0000000000000000E+000 
                                     154                  9.9999979767618874E-001                  2.6411830529919861E-001                  4.2261611041288418E+000                 -4.9132399885430873E+000                  7.2085350325341997E+000                  6.9999999999903495E-001                  2.8000000000096509E-001                  2.0000000000000018E-002                  1.8024570502418034E-024                  0.0000000000000000E+000                  0.0000000000000000E+000 
                                     155                  9.9999979099152381E-001                  2.6410028316985451E-001                  4.2285181578582893E+000                 -4.8990638239247026E+000                  7.2259944083744196E+000                  6.9999999999903495E-001                  2.8000000000096509E-001                  2.0000000000000018E-002                  1.8624635214639736E-024                  0.0000000000000000E+000                  0.0000000000000000E+000 
                                     156                  9.9999978083200691E-001                  2.6407376826052914E-001                  4.2316899394852570E+000                 -4.8800338103399730E+000                  7.2494398693870723E+000                  6.9999999999903495E-001                  2.8000000000096509E-001                  2.0000000000000018E-002                  1.9461738893243078E-024                  0.0000000000000000E+000                  0.0000000000000000E+000 
                                     157                  9.9999976728598461E-001                  2.6403992365877355E-001                  4.2342630061854107E+000                 -4.8644576943006408E+000                  7.2685811751861982E+000                  6.9999999999903495E-001                  2.8000000000096509E-001                  2.0000000000000018E-002                  2.0174884063976517E-024                  0.0000000000000000E+000                  0.0000000000000000E+000 
                                     158                  9.9999976051297335E-001                  2.6402359469755476E-001                  4.2359310323878123E+000                 -4.8544650238608664E+000                  7.2808906867504062E+000                  6.9999999999903495E-001                  2.8000000000096509E-001                  2.0000000000000018E-002                  2.0646117773106434E-024                  0.0000000000000000E+000                  0.0000000000000000E+000 
                                     159                  9.9999975373996219E-001                  2.6400763537987948E-001                  4.2383660252527537E+000                 -4.8400182171084740E+000                  7.2987270775065731E+000                  6.9999999999903495E-001                  2.8000000000096509E-001                  2.0000000000000018E-002                  2.1346960296657396E-024                  0.0000000000000000E+000                  0.0000000000000000E+000 
                                     160                  9.9999974019393978E-001                  2.6397675605719523E-001                  4.2406858551208195E+000                 -4.8260921981357443E+000                  7.3158645164299783E+000                  6.9999999999903495E-001                  2.8000000000096509E-001                  2.0000000000000018E-002                  2.2045088737966262E-024                  0.0000000000000000E+000                  0.0000000000000000E+000 
                                     161                  9.9999973342092863E-001                  2.6396180126085589E-001                  4.2429464113117286E+000                 -4.8127466380450841E+000                  7.3323535272599720E+000                  6.9999999999903495E-001                  2.8000000000096509E-001                  2.0000000000000018E-002                  2.2735570826163788E-024                  0.0000000000000000E+000                  0.0000000000000000E+000 
                                     162                  9.9999971987490610E-001                  2.6393279238606115E-001                  4.2458263240638106E+000                 -4.7956795103955052E+000                  7.3534135287171090E+000                  6.9999999999903495E-001                  2.8000000000096509E-001                  2.0000000000000018E-002                  2.3650265483744185E-024                  0.0000000000000000E+000                  0.0000000000000000E+000 
                                     163                  9.9999970632888380E-001                  2.6390489592489041E-001                  4.2492680914534251E+000                 -4.7754869279455541E+000                  7.3783851591916711E+000                  6.9999999999903495E-001                  2.8000000000096509E-001                  2.0000000000000018E-002                  2.4780196839081061E-024                  0.0000000000000000E+000                  0.0000000000000000E+000 
                                     164                  9.9999968600985023E-001                  2.6386494290936247E-001                  4.2532031558687073E+000                 -4.7523748233642014E+000                  7.4069455128332358E+000                  6.9999999999903495E-001                  2.8000000000096509E-001                  2.0000000000000018E-002                  2.6140034715798512E-024                  0.0000000000000000E+000                  0.0000000000000000E+000 
                                     165                  9.9999966514824323E-001                  2.6382603835391660E-001                  4.2563351091649038E+000                 -4.7339578466955032E+000                  7.4296860540316736E+000                  6.9999999999903495E-001                  2.8000000000096509E-001                  2.0000000000000018E-002                  2.7276960515712822E-024                  0.0000000000000000E+000                  0.0000000000000000E+000 
                                     166                  9.9999965124050527E-001                  2.6380117338753395E-001                  4.2599625773422929E+000                 -4.7130687350846978E+000                  7.4556080963552578E+000                  6.9999999999903495E-001                  2.8000000000096509E-001                  2.0000000000000018E-002                  2.8626585100075842E-024                  0.0000000000000000E+000                  0.0000000000000000E+000 
                                     167                  9.9999962323882630E-001                  2.6375344956540497E-001                  4.2633788282245444E+000                 -4.6930861374039541E+000                  7.4802915236370922E+000                  6.9999999999903495E-001                  2.8000000000096509E-001                  2.0000000000000018E-002                  2.9980219281787872E-024                  0.0000000000000000E+000                  0.0000000000000000E+000 
                                     168                  9.9999960895868245E-001                  2.6373020038779910E-001                  4.2656055997983504E+000                 -4.6802428752846232E+000                  7.4962078055755015E+000                  6.9999999999903495E-001                  2.8000000000096509E-001                  2.0000000000000018E-002                  3.0883903198270938E-024                  0.0000000000000000E+000                  0.0000000000000000E+000 
                                     169                  9.9999959467853827E-001                  2.6370762511173984E-001                  4.2682967735662354E+000                 -4.6648481653441873E+000                  7.5153202754746324E+000                  6.9999999999903495E-001                  2.8000000000096509E-001                  2.0000000000000018E-002                  3.2003154840753267E-024                  0.0000000000000000E+000                  0.0000000000000000E+000 
                                     170                  9.9999957325832245E-001                  2.6367493529273184E-001                  4.2713784482762982E+000                 -4.6472111379905350E+000                  7.5372039299505031E+000                  6.9999999999903495E-001                  2.8000000000096509E-001                  2.0000000000000018E-002                  3.3335481215741167E-024                  0.0000000000000000E+000                  0.0000000000000000E+000 
                                     171                  9.9999955183810652E-001                  2.6364353948815400E-001                  4.2738348138182243E+000                 -4.6331533853339018E+000                  7.5546389173150166E+000                  6.9999999999903495E-001                  2.8000000000096509E-001                  2.0000000000000018E-002                  3.4437124368719793E-024                  0.0000000000000000E+000                  0.0000000000000000E+000 
                                     172                  9.9999953755796256E-001                  2.6362327199192231E-001                  4.2762187880091416E+000                 -4.6196737949673041E+000                  7.5714039683450078E+000                  6.9999999999903495E-001                  2.8000000000096509E-001                  2.0000000000000018E-002                  3.5527711194144473E-024                  0.0000000000000000E+000                  0.0000000000000000E+000 
                                     173                  9.9999951613774662E-001                  2.6359379478118372E-001                  4.2784211504279925E+000                 -4.6071563242971418E+000                  7.5869449596248755E+000                  6.9999999999903495E-001                  2.8000000000096509E-001                  2.0000000000000018E-002                  3.6571430692061208E-024                  0.0000000000000000E+000                  0.0000000000000000E+000 
                                     174                  9.9999950321974407E-001                  2.6357652007920057E-001                  4.2808437094445049E+000                 -4.5935948402586684E+000                  7.6038440146584438E+000                  6.9999999999903495E-001                  2.8000000000096509E-001                  2.0000000000000018E-002                  3.7736913015513682E-024                  0.0000000000000000E+000                  0.0000000000000000E+000 
                                     175                  9.9999947738373896E-001                  2.6354302698843052E-001                  4.2831607483090943E+000                 -4.5804982405562260E+000                  7.6201149818387597E+000                  6.9999999999903495E-001                  2.8000000000096509E-001                  2.0000000000000018E-002                  3.8897766228380215E-024                  0.0000000000000000E+000                  0.0000000000000000E+000 
                                     176                  9.9999946446573640E-001                  2.6352677512181677E-001                  4.2854227274931347E+000                 -4.5679240992730437E+000                  7.6358006083078784E+000                  6.9999999999903495E-001                  2.8000000000096509E-001                  2.0000000000000018E-002                  4.0045976627791660E-024                  0.0000000000000000E+000                  0.0000000000000000E+000 
                                     177                  9.9999943862973151E-001                  2.6349519376003017E-001                  4.2883143922245193E+000                 -4.5518135983942178E+000                  7.6558763307714415E+000                  6.9999999999903495E-001                  2.8000000000096509E-001                  2.0000000000000018E-002                  4.1566898384129019E-024                  0.0000000000000000E+000                  0.0000000000000000E+000 
                                     178                  9.9999941279372651E-001                  2.6346475595149954E-001                  4.2917301173690721E+000                 -4.5329826592160583E+000                  7.6793955460149279E+000                  6.9999999999903495E-001                  2.8000000000096509E-001                  2.0000000000000018E-002                  4.3418198598284875E-024                  0.0000000000000000E+000                  0.0000000000000000E+000 
                                     179                  9.9999937499457303E-001                  2.6342210302928704E-001                  4.2953889747525018E+000                 -4.5127928285184948E+000                  7.7045891272391893E+000                  6.9999999999903495E-001                  2.8000000000096509E-001                  2.0000000000000018E-002                  4.5495014121061254E-024                  0.0000000000000000E+000                  0.0000000000000000E+000 
                                     180                  9.9999934072317631E-001                  2.6338517738700529E-001                  4.2992860529944084E+000                 -4.4915612474954445E+000                  7.7311558509914562E+000                  6.9999999999903495E-001                  2.8000000000096509E-001                  2.0000000000000018E-002                  4.7786513177748159E-024                  0.0000000000000000E+000                  0.0000000000000000E+000 
                                     181                  9.9999929435555790E-001                  2.6333758842484439E-001                  4.3024529120451751E+000                 -4.4741842089271966E+000                  7.7528421406973669E+000                  6.9999999999903495E-001                  2.8000000000096509E-001                  2.0000000000000018E-002                  4.9747852125324420E-024                  0.0000000000000000E+000                  0.0000000000000000E+000 
                                     182                  9.9999927117174869E-001                  2.6331472165163322E-001                  4.3046039370655311E+000                 -4.4625495373924640E+000                  7.7674115055375905E+000                  6.9999999999903495E-001                  2.8000000000096509E-001                  2.0000000000000018E-002                  5.1105963048148829E-024                  0.0000000000000000E+000                  0.0000000000000000E+000 
                                     183                  9.9999924565061615E-001                  2.6329021091139349E-001                  4.3074838225235359E+000                 -4.4471153416666622E+000                  7.7867781313345414E+000                  6.9999999999903495E-001                  2.8000000000096509E-001                  2.0000000000000018E-002                  5.2965129514226877E-024                  0.0000000000000000E+000                  0.0000000000000000E+000 
                                     184                  9.9999920386293262E-001                  2.6325147038974689E-001                  4.3114586972634203E+000                 -4.4259183135101257E+000                  7.8133938909387703E+000                  6.9999999999903495E-001                  2.8000000000096509E-001                  2.0000000000000018E-002                  5.5629503538089784E-024                  0.0000000000000000E+000                  0.0000000000000000E+000 
                                     185                  9.9999914814602109E-001                  2.6320226200663055E-001                  4.3147029990444583E+000                 -4.4085119887097175E+000                  7.8351969128741636E+000                  6.9999999999903495E-001                  2.8000000000096509E-001                  2.0000000000000018E-002                  5.7917607098380960E-024                  0.0000000000000000E+000                  0.0000000000000000E+000 
                                     186                  9.9999911945308118E-001                  2.6317791020341086E-001                  4.3168415623373670E+000                 -4.3971918022567786E+000                  7.8494214585838318E+000                  6.9999999999903495E-001                  2.8000000000096509E-001                  2.0000000000000018E-002                  5.9456081854406172E-024                  0.0000000000000000E+000                  0.0000000000000000E+000 
                                     187                  9.9999909076014126E-001                  2.6315418100537818E-001                  4.3194375980331969E+000                 -4.3835663536868736E+000                  7.8665746772522480E+000                  6.9999999999903495E-001                  2.8000000000096509E-001                  2.0000000000000018E-002                  6.1362304573948496E-024                  0.0000000000000000E+000                  0.0000000000000000E+000 
                                     188                  9.9999904772073145E-001                  2.6311967964523536E-001                  4.3223114893483281E+000                 -4.3684847992552136E+000                  7.8855505131993517E+000                  6.9999999999903495E-001                  2.8000000000096509E-001                  2.0000000000000018E-002                  6.3543789374951861E-024                  0.0000000000000000E+000                  0.0000000000000000E+000 
                                     189                  9.9999900806057951E-001                  2.6308896535017706E-001                  4.3253352361087289E+000                 -4.3527657543540244E+000                  7.9053679947352684E+000                  6.9999999999903495E-001                  2.8000000000096509E-001                  2.0000000000000018E-002                  6.5900311453730344E-024                  0.0000000000000000E+000                  0.0000000000000000E+000 
                                     190                  9.9999895743321554E-001                  2.6305114241272720E-001                  4.3288738885904881E+000                 -4.3344747287845911E+000                  7.9284483725435884E+000                  6.9999999999903495E-001                  2.8000000000096509E-001                  2.0000000000000018E-002                  6.8752978519388476E-024                  0.0000000000000000E+000                  0.0000000000000000E+000 
                                     191                  9.9999889761883853E-001                  2.6300828701655815E-001                  4.3317532034613064E+000                 -4.3195648943997407E+000                  7.9472391106317204E+000                  6.9999999999903495E-001                  2.8000000000096509E-001                  2.0000000000000018E-002                  7.1169710348377959E-024                  0.0000000000000000E+000                  0.0000000000000000E+000 
                                     192                  9.9999886311814346E-001                  2.6298439691151093E-001                  4.3346108275566477E+000                 -4.3050288349843848E+000                  7.9656394763020826E+000                  6.9999999999903495E-001                  2.8000000000096509E-001                  2.0000000000000018E-002                  7.3607871624358445E-024                  0.0000000000000000E+000                  0.0000000000000000E+000 
                                     193                  9.9999880124429619E-001                  2.6294295313934890E-001                  4.3372417066706861E+000                 -4.2915478817575927E+000                  7.9826580622928169E+000                  6.9999999999903495E-001                  2.8000000000096509E-001                  2.0000000000000018E-002                  7.5943886272736916E-024                  0.0000000000000000E+000                  0.0000000000000000E+000 
                                     194                  9.9999877030737250E-001                  2.6292286033133561E-001                  4.3395807947803355E+000                 -4.2797574393031361E+000                  7.9976036216539175E+000                  6.9999999999903495E-001                  2.8000000000096509E-001                  2.0000000000000018E-002                  7.8047852977490480E-024                  0.0000000000000000E+000                  0.0000000000000000E+000 
                                     195                  9.9999871670036478E-001                  2.6288897001631378E-001                  4.3422197100784823E+000                 -4.2664376550694643E+000                  8.0144713334755266E+000                  6.9999999999903495E-001                  2.8000000000096509E-001                  2.0000000000000018E-002                  8.0495157710743239E-024                  0.0000000000000000E+000                  0.0000000000000000E+000 
                                     196                  9.9999867136019693E-001                  2.6286116584712932E-001                  4.3449343342892925E+000                 -4.2528705406193872E+000                  8.0316900303335821E+000                  6.9999999999903495E-001                  2.8000000000096509E-001                  2.0000000000000018E-002                  8.3067070755045545E-024                  0.0000000000000000E+000                  0.0000000000000000E+000 
                                     197                  9.9999861167827298E-001                  2.6282568471848800E-001                  4.3473414235779195E+000                 -4.2408209324777406E+000                  8.0469663427347289E+000                  6.9999999999903495E-001                  2.8000000000096509E-001                  2.0000000000000018E-002                  8.5420361630844481E-024                  0.0000000000000000E+000                  0.0000000000000000E+000 
                                     198                  9.9999857466643283E-001                  2.6280427894083197E-001                  4.3500856717924306E+000                 -4.2273077775227392E+000                  8.0641688858563132E+000                  6.9999999999903495E-001                  2.8000000000096509E-001                  2.0000000000000018E-002                  8.8139150077011107E-024                  0.0000000000000000E+000                  0.0000000000000000E+000 
                                     199                  9.9999849866422974E-001                  2.6276166031943421E-001                  4.3527360937134407E+000                 -4.2141548322584406E+000                  8.0808644357495201E+000                  6.9999999999903495E-001                  2.8000000000096509E-001                  2.0000000000000018E-002                  9.0868833650716508E-024                  0.0000000000000000E+000                  0.0000000000000000E+000 
                                     200                  9.9999846066312792E-001                  2.6274098218270397E-001                  4.3544629800685595E+000                 -4.2056802043498021E+000                  8.0916505965377450E+000                  6.9999999999903495E-001                  2.8000000000096509E-001                  2.0000000000000018E-002                  9.2672381245079490E-024                  0.0000000000000000E+000                  0.0000000000000000E+000 
                                     201                  9.9999842266202632E-001                  2.6272070076945725E-001                  4.3570524985901695E+000                 -4.1931112369025119E+000                  8.1076905501910090E+000                  6.9999999999903495E-001                  2.8000000000096509E-001                  2.0000000000000018E-002                  9.5413633051729150E-024                  0.0000000000000000E+000                  0.0000000000000000E+000 
                                     202                  9.9999834411431066E-001                  2.6267996666787996E-001                  4.3602171508675189E+000                 -4.1777231349639283E+000                  8.1273038409192093E+000                  6.9999999999903495E-001                  2.8000000000096509E-001                  2.0000000000000018E-002                  9.8880774802694496E-024                  0.0000000000000000E+000                  0.0000000000000000E+000 
                                     203                  9.9999827422878529E-001                  2.6264497720303698E-001                  4.3630908620038653E+000                 -4.1638587670817397E+000                  8.1450019795832489E+000                  6.9999999999903495E-001                  2.8000000000096509E-001                  2.0000000000000018E-002                  1.0211275624838867E-023                  0.0000000000000000E+000                  0.0000000000000000E+000 
                                     204                  9.9999820434325992E-001                  2.6261107903222713E-001                  4.3661188110739788E+000                 -4.1493686318632887E+000                  8.1635291970595283E+000                  6.9999999999903495E-001                  2.8000000000096509E-001                  2.0000000000000018E-002                  1.0560398390857228E-023                  0.0000000000000000E+000                  0.0000000000000000E+000 
                                     205                  9.9999812172527758E-001                  2.6257231022146654E-001                  4.3692744999343756E+000                 -4.1343410711327486E+000                  8.1827561458067368E+000                  6.9999999999903495E-001                  2.8000000000096509E-001                  2.0000000000000018E-002                  1.0935131169902005E-023                  0.0000000000000000E+000                  0.0000000000000000E+000 
                                     206                  9.9999803910729534E-001                  2.6253485009304284E-001                  4.3719656806660812E+000                 -4.1215766379482170E+000                  8.1990945449591326E+000                  6.9999999999903495E-001                  2.8000000000096509E-001                  2.0000000000000018E-002                  1.1263895187955682E-023                  0.0000000000000000E+000                  0.0000000000000000E+000 
                                     207                  9.9999797549856129E-001                  2.6250683802303254E-001                  4.3748379476912724E+000                 -4.1081248328019475E+000                  8.2163649614393339E+000                  6.9999999999903495E-001                  2.8000000000096509E-001                  2.0000000000000018E-002                  1.1621107281997924E-023                  0.0000000000000000E+000                  0.0000000000000000E+000 
                                     208                  9.9999787848144905E-001                  2.6246540666622864E-001                  4.3785705837078481E+000                 -4.0907442733469210E+000                  8.2386984670678185E+000                  6.9999999999903495E-001                  2.8000000000096509E-001                  2.0000000000000018E-002                  1.2099539242548535E-023                  0.0000000000000000E+000                  0.0000000000000000E+000 
                                     209                  9.9999775816588365E-001                  2.6241602584746870E-001                  4.3832352574375939E+000                 -4.0692686819186559E+000                  8.2663567494184793E+000                  6.9999999999903495E-001                  2.8000000000096509E-001                  2.0000000000000018E-002                  1.2718096688169626E-023                  0.0000000000000000E+000                  0.0000000000000000E+000 
                                     210                  9.9999759349953499E-001                  2.6235167765886630E-001                  4.3871213730569227E+000                 -4.0513174933332037E+000                  8.2894268154329911E+000                  6.9999999999903495E-001                  2.8000000000096509E-001                  2.0000000000000018E-002                  1.3259437815172720E-023                  0.0000000000000000E+000                  0.0000000000000000E+000 
                                     211                  9.9999750632545248E-001                  2.6231898025750255E-001                  4.3898321103575757E+000                 -4.0389987051122542E+000                  8.3053219778917722E+000                  6.9999999999903495E-001                  2.8000000000096509E-001                  2.0000000000000018E-002                  1.3644254819290865E-023                  0.0000000000000000E+000                  0.0000000000000000E+000 
                                     212                  9.9999741208727699E-001                  2.6228461381878554E-001                  4.3925721561707167E+000                 -4.0266150968556307E+000                  8.3213156177652383E+000                  6.9999999999903495E-001                  2.8000000000096509E-001                  2.0000000000000018E-002                  1.4042400939724226E-023                  0.0000000000000000E+000                  0.0000000000000000E+000 
                                     213                  9.9999731702299655E-001                  2.6225091276204904E-001                  4.3952756420927237E+000                 -4.0144735083961267E+000                  8.3370150529156817E+000                  6.9999999999903495E-001                  2.8000000000096509E-001                  2.0000000000000018E-002                  1.4444091330706390E-023                  0.0000000000000000E+000                  0.0000000000000000E+000 
                                     214                  9.9999721942182629E-001                  2.6221725845729049E-001                  4.3977928374013295E+000                 -4.0032224038864772E+000                  8.3515738163247626E+000                  6.9999999999903495E-001                  2.8000000000096509E-001                  2.0000000000000018E-002                  1.4826615319108471E-023                  0.0000000000000000E+000                  0.0000000000000000E+000 
                                     215                  9.9999713208101049E-001                  2.6218790587945529E-001                  4.4004474806720699E+000                 -3.9914631025613718E+000                  8.3668209781674481E+000                  6.9999999999903495E-001                  2.8000000000096509E-001                  2.0000000000000018E-002                  1.5237295840582853E-023                  0.0000000000000000E+000                  0.0000000000000000E+000 
                                     216                  9.9999701902649574E-001                  2.6215091819679259E-001                  4.4032159276212699E+000                 -3.9792373596051123E+000                  8.3826760334884920E+000                  6.9999999999903495E-001                  2.8000000000096509E-001                  2.0000000000000018E-002                  1.5676384983697625E-023                  0.0000000000000000E+000                  0.0000000000000000E+000 
                                     217                  9.9999691617170017E-001                  2.6211819372964529E-001                  4.4064612828494338E+000                 -3.9650772285918854E+000                  8.4010922207383647E+000                  6.9999999999903495E-001                  2.8000000000096509E-001                  2.0000000000000018E-002                  1.6200857231191737E-023                  0.0000000000000000E+000                  0.0000000000000000E+000 
                                     218                  9.9999675822113177E-001                  2.6206953831597862E-001                  4.4102752166010282E+000                 -3.9485003738501643E+000                  8.4226562156427676E+000                  6.9999999999903495E-001                  2.8000000000096509E-001                  2.0000000000000018E-002                  1.6837280377319937E-023                  0.0000000000000000E+000                  0.0000000000000000E+000 
                                     219                  9.9999659653721451E-001                  2.6202158210510201E-001                  4.4135483406943550E+000                 -3.9343474404540384E+000                  8.4410784298118831E+000                  6.9999999999903495E-001                  2.8000000000096509E-001                  2.0000000000000018E-002                  1.7400482196224393E-023                  0.0000000000000000E+000                  0.0000000000000000E+000 
                                     220                  9.9999647242553502E-001                  2.6198594001557340E-001                  4.4168107840732702E+000                 -3.9204284892804799E+000                  8.4592547044803599E+000                  6.9999999999903495E-001                  2.8000000000096509E-001                  2.0000000000000018E-002                  1.7972830113516427E-023                  0.0000000000000000E+000                  0.0000000000000000E+000 
                                     221                  9.9999630251885541E-001                  2.6193867210886762E-001                  4.4200173081334722E+000                 -3.9067699903590456E+000                  8.4770839012146837E+000                  6.9999999999903495E-001                  2.8000000000096509E-001                  2.0000000000000018E-002                  1.8552852502273393E-023                  0.0000000000000000E+000                  0.0000000000000000E+000 
                                     222                  9.9999617194669854E-001                  2.6190346164760409E-001                  4.4235001352150931E+000                 -3.8921565543912324E+000                  8.4962314175880351E+000                  6.9999999999903495E-001                  2.8000000000096509E-001                  2.0000000000000018E-002                  1.9194270473585258E-023                  0.0000000000000000E+000                  0.0000000000000000E+000 
                                     223                  9.9999596589351214E-001                  2.6184971882601077E-001                  4.4267575844166540E+000                 -3.8784589469164605E+000                  8.5141504119390561E+000                  6.9999999999903495E-001                  2.8000000000096509E-001                  2.0000000000000018E-002                  1.9815709169665334E-023                  0.0000000000000000E+000                  0.0000000000000000E+000 
                                     224                  9.9999584335090674E-001                  2.6181874051654391E-001                  4.4291238787952896E+000                 -3.8686236604343036E+000                  8.5270535799149361E+000                  6.9999999999903495E-001                  2.8000000000096509E-001                  2.0000000000000018E-002                  2.0274354067832944E-023                  0.0000000000000000E+000                  0.0000000000000000E+000 
                                     225                  9.9999572080830135E-001                  2.6178844946628715E-001                  4.4326639738383342E+000                 -3.8541160266532035E+000                  8.5461556547255046E+000                  6.9999999999903495E-001                  2.8000000000096509E-001                  2.0000000000000018E-002                  2.0970429099607972E-023                  0.0000000000000000E+000                  0.0000000000000000E+000 
                                     226                  9.9999546699231057E-001                  2.6172775137286020E-001                  4.4361239189422177E+000                 -3.8398502036117752E+000                  8.5648858479420849E+000                  6.9999999999903495E-001                  2.8000000000096509E-001                  2.0000000000000018E-002                  2.1678320647772875E-023                  0.0000000000000000E+000                  0.0000000000000000E+000 
                                     227                  9.9999533556450160E-001                  2.6169732752083891E-001                  4.4396120270521804E+000                 -3.8257765572789979E+000                  8.5834725783379877E+000                  6.9999999999903495E-001                  2.8000000000096509E-001                  2.0000000000000018E-002                  2.2400209198831889E-023                  0.0000000000000000E+000                  0.0000000000000000E+000 
                                     228                  9.9999506802922900E-001                  2.6163735256589438E-001                  4.4429869286145562E+000                 -3.8120804882110768E+000                  8.6015109198827933E+000                  6.9999999999903495E-001                  2.8000000000096509E-001                  2.0000000000000018E-002                  2.3125924941944027E-023                  0.0000000000000000E+000                  0.0000000000000000E+000 
                                     229                  9.9999493192176536E-001                  2.6160777863327128E-001                  4.4452476558812259E+000                 -3.8030270261794490E+000                  8.6134757754220495E+000                  6.9999999999903495E-001                  2.8000000000096509E-001                  2.0000000000000018E-002                  2.3618570905271014E-023                  0.0000000000000000E+000                  0.0000000000000000E+000 
                                     230                  9.9999479096920041E-001                  2.6157777761316831E-001                  4.4486543732066863E+000                 -3.7895592370891387E+000                  8.6313341122642289E+000                  6.9999999999903495E-001                  2.8000000000096509E-001                  2.0000000000000018E-002                  2.4371012699738279E-023                  0.0000000000000000E+000                  0.0000000000000000E+000 
                                     231                  9.9999450404772172E-001                  2.6151855437579580E-001                  4.4519565294820795E+000                 -3.7764333582919547E+000                  8.6486934296366140E+000                  6.9999999999903495E-001                  2.8000000000096509E-001                  2.0000000000000018E-002                  2.5127537631936129E-023                  0.0000000000000000E+000                  0.0000000000000000E+000 
                                     232                  9.9999435807880821E-001                  2.6148931310250373E-001                  4.4552925291366847E+000                 -3.7634420130210020E+000                  8.6659723113039266E+000                  6.9999999999903495E-001                  2.8000000000096509E-001                  2.0000000000000018E-002                  2.5899557899498486E-023                  0.0000000000000000E+000                  0.0000000000000000E+000 
                                     233                  9.9999405575378530E-001                  2.6143051670636974E-001                  4.4585679362652284E+000                 -3.7506194400165702E+000                  8.6829832522252008E+000                  6.9999999999903495E-001                  2.8000000000096509E-001                  2.0000000000000018E-002                  2.6684935020169452E-023                  0.0000000000000000E+000                  0.0000000000000000E+000 
                                     234                  9.9999389921421677E-001                  2.6140094947093001E-001                  4.4607514836274174E+000                 -3.7421750574918784E+000                  8.6942217188365394E+000                  6.9999999999903495E-001                  2.8000000000096509E-001                  2.0000000000000018E-002                  2.7215184576181699E-023                  0.0000000000000000E+000                  0.0000000000000000E+000 
                                     235                  9.9999374267464847E-001                  2.6137194571822470E-001                  4.4640290439389512E+000                 -3.7296574397259943E+000                  8.7109364435423302E+000                  6.9999999999903495E-001                  2.8000000000096509E-001                  2.0000000000000018E-002                  2.8020763821694606E-023                  0.0000000000000000E+000                  0.0000000000000000E+000 
                                     236                  9.9999341846162870E-001                  2.6131356439010678E-001                  4.4683454367201998E+000                 -3.7132098584116502E+000                  8.7328932299608777E+000                  6.9999999999903495E-001                  2.8000000000096509E-001                  2.0000000000000018E-002                  2.9115832056611180E-023                  0.0000000000000000E+000                  0.0000000000000000E+000 
                                     237                  9.9999308272166021E-001                  2.6125533075435969E-001                  4.4726311038639022E+000                 -3.6970346016063367E+000                  8.7545292410275923E+000                  6.9999999999903495E-001                  2.8000000000096509E-001                  2.0000000000000018E-002                  3.0234746567033288E-023                  0.0000000000000000E+000                  0.0000000000000000E+000 
                                     238                  9.9999273504792074E-001                  2.6119720855681611E-001                  4.4768888155065749E+000                 -3.6811157411392719E+000                  8.7758642192685201E+000                  6.9999999999903495E-001                  2.8000000000096509E-001                  2.0000000000000018E-002                  3.1378152073046039E-023                  0.0000000000000000E+000                  0.0000000000000000E+000 
                                     239                  9.9999237501935390E-001                  2.6113916386780706E-001                  4.4811211225200767E+000                 -3.6654386020451435E+000                  8.7969162983169316E+000                  6.9999999999903495E-001                  2.8000000000096509E-001                  2.0000000000000018E-002                  3.2546706950473877E-023                  0.0000000000000000E+000                  0.0000000000000000E+000 
                                     240                  9.9999200220017781E-001                  2.6108116484238364E-001                  4.4853303800414857E+000                 -3.6499896871342714E+000                  8.8177021708844983E+000                  6.9999999999903495E-001                  2.8000000000096509E-001                  2.0000000000000018E-002                  3.3741079713032922E-023                  0.0000000000000000E+000                  0.0000000000000000E+000 
                                     241                  9.9999161613937371E-001                  2.6102318150305948E-001                  4.4895187728312509E+000                 -3.6347566202764376E+000                  8.8382372353509577E+000                  6.9999999999903495E-001                  2.8000000000096509E-001                  2.0000000000000018E-002                  3.4961944356380708E-023                  0.0000000000000000E+000                  0.0000000000000000E+000 
                                     242                  9.9999121637015920E-001                  2.6096518554046350E-001                  4.4936883354087600E+000                 -3.6197279615998981E+000                  8.8585357241561091E+000                  6.9999999999903495E-001                  2.8000000000096509E-001                  2.0000000000000018E-002                  3.6209986649398642E-023                  0.0000000000000000E+000                  0.0000000000000000E+000 
                                     243                  9.9999080240944349E-001                  2.6090715014716548E-001                  4.4978409649977928E+000                 -3.6048931036670937E+000                  8.8786108166413147E+000                  6.9999999999903495E-001                  2.8000000000096509E-001                  2.0000000000000018E-002                  3.7485905802291617E-023                  0.0000000000000000E+000                  0.0000000000000000E+000 
                                     244                  9.9999037375726230E-001                  2.6084904987240803E-001                  4.5019784327272738E+000                 -3.5902421907909856E+000                  8.8984747385486997E+000                  6.9999999999903495E-001                  2.8000000000096509E-001                  2.0000000000000018E-002                  3.8790415235517296E-023                  0.0000000000000000E+000                  0.0000000000000000E+000 
                                     245                  9.9998992989619595E-001                  2.6079086049344546E-001                  4.5061023974992009E+000                 -3.5757660884296878E+000                  8.9181388500288410E+000                  6.9999999999903495E-001                  2.8000000000096509E-001                  2.0000000000000018E-002                  4.0124239535306007E-023                  0.0000000000000000E+000                  0.0000000000000000E+000 
                                     246                  9.9998947029076535E-001                  2.6073255889585456E-001                  4.5102144223641973E+000                 -3.5614563385456557E+000                  8.9376137237160052E+000                  6.9999999999903495E-001                  2.8000000000096509E-001                  2.0000000000000018E-002                  4.1488112776077515E-023                  0.0000000000000000E+000                  0.0000000000000000E+000 
                                     247                  9.9998899438680922E-001                  2.6067412296380321E-001                  4.5143159857029804E+000                 -3.5473050738825376E+000                  8.9569092141882116E+000                  6.9999999999903495E-001                  2.8000000000096509E-001                  2.0000000000000018E-002                  4.2882781260692743E-023                  0.0000000000000000E+000                  0.0000000000000000E+000 
                                     248                  9.9998850161083885E-001                  2.6061553148510980E-001                  4.5184084873370294E+000                 -3.5333049626157331E+000                  8.9760345199288469E+000                  6.9999999999903495E-001                  2.8000000000096509E-001                  2.0000000000000018E-002                  4.4309004284873280E-023                  0.0000000000000000E+000                  0.0000000000000000E+000 
                                     249                  9.9998799136937189E-001                  2.6055676406651468E-001                  4.5224932541453171E+000                 -3.5194491613456305E+000                  8.9949982387419603E+000                  6.9999999999903495E-001                  2.8000000000096509E-001                  2.0000000000000018E-002                  4.5767554663225142E-023                  0.0000000000000000E+000                  0.0000000000000000E+000 
                                     250                  9.9998746304824260E-001                  2.6049780105753478E-001                  4.5265715486395006E+000                 -3.5057312870372201E+000                  9.0138084174349480E+000                  6.9999999999903495E-001                  2.8000000000096509E-001                  2.0000000000000018E-002                  4.7259217706753346E-023                  0.0000000000000000E+000                  0.0000000000000000E+000 
                                     251                  9.9998691601188905E-001                  2.6043862348000163E-001                  4.5306445793358465E+000                 -3.4921453919193892E+000                  9.0324725964671266E+000                  6.9999999999903495E-001                  2.8000000000096509E-001                  2.0000000000000018E-002                  4.8784790056069372E-023                  0.0000000000000000E+000                  0.0000000000000000E+000 
                                     252                  9.9998634960261779E-001                  2.6037921296250199E-001                  4.5347135071083633E+000                 -3.4786859284301044E+000                  9.0509978501659596E+000                  6.9999999999903495E-001                  2.8000000000096509E-001                  2.0000000000000018E-002                  5.0345079842205504E-023                  0.0000000000000000E+000                  0.0000000000000000E+000 
                                     253                  9.9998576313983956E-001                  2.6031955168075871E-001                  4.5387794485312307E+000                 -3.4653477165468392E+000                  9.0693908230348441E+000                  6.9999999999903495E-001                  2.8000000000096509E-001                  2.0000000000000018E-002                  5.1940906960971416E-023                  0.0000000000000000E+000                  0.0000000000000000E+000 
                                     254                  9.9998515591928328E-001                  2.6025962230343269E-001                  4.5428434790734364E+000                 -3.4521259134537039E+000                  9.0876577626034667E+000                  6.9999999999903495E-001                  2.8000000000096509E-001                  2.0000000000000018E-002                  5.3573103445876735E-023                  0.0000000000000000E+000                  0.0000000000000000E+000 
                                     255                  9.9998452721218056E-001                  2.6019940794280011E-001                  4.5469066378221754E+000                 -3.4390159800317184E+000                  9.1058045492051054E+000                  6.9999999999903495E-001                  2.8000000000096509E-001                  2.0000000000000018E-002                  5.5242514629709785E-023                  0.0000000000000000E+000                  0.0000000000000000E+000 
                                     256                  9.9998387626442298E-001                  2.6013889211065105E-001                  4.5509699329829907E+000                 -3.4260136706243398E+000                  9.1238367230175950E+000                  6.9999999999903495E-001                  2.8000000000096509E-001                  2.0000000000000018E-002                  5.6949997696730334E-023                  0.0000000000000000E+000                  0.0000000000000000E+000 
                                     257                  9.9998320229569149E-001                  2.6007805867607209E-001                  4.5550343455369227E+000                 -3.4131150213062478E+000                  9.1417595086658903E+000                  6.9999999999903495E-001                  2.8000000000096509E-001                  2.0000000000000018E-002                  5.8696420407803185E-023                  0.0000000000000000E+000                  0.0000000000000000E+000 
                                     258                  9.9998250449855597E-001                  2.6001689182513271E-001                  4.5591008316872710E+000                 -3.4003163299556083E+000                  9.1595778376464558E+000                  6.9999999999903495E-001                  2.8000000000096509E-001                  2.0000000000000018E-002                  6.0482660996780806E-023                  0.0000000000000000E+000                  0.0000000000000000E+000 
                                     259                  9.9998178203754395E-001                  2.5995537602352031E-001                  4.5631703250581985E+000                 -3.3876141354747915E+000                  9.1772963688013736E+000                  6.9999999999903495E-001                  2.8000000000096509E-001                  2.0000000000000018E-002                  6.2309608421643950E-023                  0.0000000000000000E+000                  0.0000000000000000E+000 
                                     260                  9.9998103404817817E-001                  2.5989349598218398E-001                  4.5672437382520013E+000                 -3.3750051838009494E+000                  9.1949195070428971E+000                  6.9999999999903495E-001                  2.8000000000096509E-001                  2.0000000000000018E-002                  6.4178164881716120E-023                  0.0000000000000000E+000                  0.0000000000000000E+000 
                                     261                  9.9998025963598258E-001                  2.5983123662780433E-001                  4.5713219643090444E+000                 -3.3624864239783578E+000                  9.2124514205050136E+000                  6.9999999999903495E-001                  2.8000000000096509E-001                  2.0000000000000018E-002                  6.6089244344250318E-023                  0.0000000000000000E+000                  0.0000000000000000E+000 
                                     262                  9.9997945787545284E-001                  2.5976858307384243E-001                  4.5754058788187981E+000                 -3.3500550042989286E+000                  9.2298960562785748E+000                  6.9999999999903495E-001                  2.8000000000096509E-001                  2.0000000000000018E-002                  6.8043770954128273E-023                  0.0000000000000000E+000                  0.0000000000000000E+000 
                                     263                  9.9997862780899349E-001                  2.5970552059200430E-001                  4.5794963421975519E+000                 -3.3377082610062216E+000                  9.2472571548688460E+000                  6.9999999999903495E-001                  2.8000000000096509E-001                  2.0000000000000018E-002                  7.0042678554241707E-023                  0.0000000000000000E+000                  0.0000000000000000E+000 
                                     264                  9.9997776844581943E-001                  2.5964203458517887E-001                  4.5835942013525139E+000                 -3.3254437083336121E+000                  9.2645382634984248E+000                  6.9999999999903495E-001                  2.8000000000096509E-001                  2.0000000000000018E-002                  7.2086910081876907E-023                  0.0000000000000000E+000                  0.0000000000000000E+000 
                                     265                  9.9997687876081942E-001                  2.5957811056158397E-001                  4.5877002885924778E+000                 -3.3132590087757308E+000                  9.2817427483649002E+000                  6.9999999999903495E-001                  2.8000000000096509E-001                  2.0000000000000018E-002                  7.4177420481739205E-023                  0.0000000000000000E+000                  0.0000000000000000E+000 
                                     266                  9.9997595769338243E-001                  2.5951373411301171E-001                  4.5918154201158421E+000                 -3.3011519651888719E+000                  9.2988738059512013E+000                  6.9999999999903495E-001                  2.8000000000096509E-001                  2.0000000000000018E-002                  7.6315176397328090E-023                  0.0000000000000000E+000                  0.0000000000000000E+000 
                                     267                  9.9997500414618390E-001                  2.5944889089402945E-001                  4.5959403973238064E+000                 -3.2891205163769550E+000                  9.3159344734795706E+000                  6.9999999999903495E-001                  2.8000000000096509E-001                  2.0000000000000018E-002                  7.8501155291230009E-023                  0.0000000000000000E+000                  0.0000000000000000E+000 
                                     268                  9.9997401698393085E-001                  2.5938356660156248E-001                  4.6000760090228239E+000                 -3.2771627294548358E+000                  9.3329276385869999E+000                  6.9999999999903495E-001                  2.8000000000096509E-001                  2.0000000000000018E-002                  8.0736345147197014E-023                  0.0000000000000000E+000                  0.0000000000000000E+000 
                                     269                  9.9997299503206472E-001                  2.5931774695529120E-001                  4.6042230324312330E+000                 -3.2652767913707978E+000                  9.3498560482877995E+000                  6.9999999999903495E-001                  2.8000000000096509E-001                  2.0000000000000018E-002                  8.3021744413850720E-023                  0.0000000000000000E+000                  0.0000000000000000E+000 
                                     270                  9.9997193707542109E-001                  2.5925141767906945E-001                  4.6083822300590942E+000                 -3.2534609954169458E+000                  9.3667223172851894E+000                  6.9999999999903495E-001                  2.8000000000096509E-001                  2.0000000000000018E-002                  8.5358363069840711E-023                  0.0000000000000000E+000                  0.0000000000000000E+000 
                                     271                  9.9997084185684348E-001                  2.5918456448403754E-001                  4.6125543466430088E+000                 -3.2417137275615291E+000                  9.3835289356881439E+000                  6.9999999999903495E-001                  2.8000000000096509E-001                  2.0000000000000018E-002                  8.7747224026095817E-023                  0.0000000000000000E+000                  0.0000000000000000E+000 
                                     272                  9.9996970807575158E-001                  2.5911717305356774E-001                  4.6167401101937440E+000                 -3.2300334611313279E+000                  9.4002782761840464E+000                  6.9999999999903495E-001                  2.8000000000096509E-001                  2.0000000000000018E-002                  9.0189363092591117E-023                  0.0000000000000000E+000                  0.0000000000000000E+000 
                                     273                  9.9996853438666056E-001                  2.5904922902877153E-001                  4.6209402339074801E+000                 -3.2184187535507180E+000                  9.4169726007125991E+000                  6.9999999999903495E-001                  2.8000000000096509E-001                  2.0000000000000018E-002                  9.2685828565076721E-023                  0.0000000000000000E+000                  0.0000000000000000E+000 
                                     274                  9.9996731939765215E-001                  2.5898071799423250E-001                  4.6251554160376562E+000                 -3.2068682464497260E+000                  9.4336140666823702E+000                  6.9999999999903495E-001                  2.8000000000096509E-001                  2.0000000000000018E-002                  9.5237680059197993E-023                  0.0000000000000000E+000                  0.0000000000000000E+000 
                                     275                  9.9996606166879287E-001                  2.5891162546342683E-001                  4.6293863355757674E+000                 -3.1953806577058406E+000                  9.4502047327673022E+000                  6.9999999999903495E-001                  2.8000000000096509E-001                  2.0000000000000018E-002                  9.7845989081172479E-023                  0.0000000000000000E+000                  0.0000000000000000E+000 
                                     276                  9.9996475971050069E-001                  2.5884193686508561E-001                  4.6336336491398500E+000                 -3.1839547551975560E+000                  9.4667465643168072E+000                  6.9999999999903495E-001                  2.8000000000096509E-001                  2.0000000000000018E-002                  1.0051184410368781E-022                  0.0000000000000000E+000                  0.0000000000000000E+000 
                                     277                  9.9996341198185656E-001                  2.5877163753349780E-001                  4.6378979918362742E+000                 -3.1725893499662043E+000                  9.4832414384095713E+000                  6.9999999999903495E-001                  2.8000000000096509E-001                  2.0000000000000018E-002                  1.0323635183401516E-022                  0.0000000000000000E+000                  0.0000000000000000E+000 
                                     278                  9.9996201688885922E-001                  2.5870071269973050E-001                  4.6421799783754336E+000                 -3.1612832935731130E+000                  9.4996911485788527E+000                  6.9999999999903495E-001                  2.8000000000096509E-001                  2.0000000000000018E-002                  1.0602063764610687E-022                  0.0000000000000000E+000                  0.0000000000000000E+000 
                                     279                  9.9996057278262362E-001                  2.5862914748318799E-001                  4.6464802014116708E+000                 -3.1500354938864334E+000                  9.5160974092345487E+000                  6.9999999999903495E-001                  2.8000000000096509E-001                  2.0000000000000018E-002                  1.0886584134678813E-022                  0.0000000000000000E+000                  0.0000000000000000E+000 
                                     280                  9.9995907795751660E-001                  2.5855692688038362E-001                  4.6507992271834953E+000                 -3.1388449074529112E+000                  9.5324618598076079E+000                  6.9999999999903495E-001                  2.8000000000096509E-001                  2.0000000000000018E-002                  1.1177311840590659E-022                  0.0000000000000000E+000                  0.0000000000000000E+000 
                                     281                  9.9995753064923265E-001                  2.5848403575471357E-001                  4.6551375935066153E+000                 -3.1277105140646424E+000                  9.5487860686389148E+000                  6.9999999999903495E-001                  2.8000000000096509E-001                  2.0000000000000018E-002                  1.1474364623905615E-022                  0.0000000000000000E+000                  0.0000000000000000E+000 
                                     282                  9.9995592903280395E-001                  2.5841045883028024E-001                  4.6594958102877113E+000                 -3.1166313149349896E+000                  9.5650715366294659E+000                  6.9999999999903495E-001                  2.8000000000096509E-001                  2.0000000000000018E-002                  1.1777862496890606E-022                  0.0000000000000000E+000                  0.0000000000000000E+000 
                                     283                  9.9995427122054459E-001                  2.5833618068595232E-001                  4.6638743596318823E+000                 -3.1056063357248100E+000                  9.5813197006683488E+000                  6.9999999999903495E-001                  2.8000000000096509E-001                  2.0000000000000018E-002                  1.2087927687139194E-022                  0.0000000000000000E+000                  0.0000000000000000E+000 
                                     284                  9.9995255525992699E-001                  2.5826118574887957E-001                  4.6682736934559621E+000                 -3.0946346421755933E+000                  9.5975319368549386E+000                  6.9999999999903495E-001                  2.8000000000096509E-001                  2.0000000000000018E-002                  1.2404684198691071E-022                  0.0000000000000000E+000                  0.0000000000000000E+000 
                                     285                  9.9995077913138675E-001                  2.5818545828514911E-001                  4.6726942303478980E+000                 -3.0837153082266426E+000                  9.6137095635306427E+000                  6.9999999999903495E-001                  2.8000000000096509E-001                  2.0000000000000018E-002                  1.2728258725367904E-022                  0.0000000000000000E+000                  0.0000000000000000E+000 
                                     286                  9.9994894074605545E-001                  2.5810898239586311E-001                  4.6771363545170175E+000                 -3.0728474003664248E+000                  9.6298538441328052E+000                  6.9999999999903495E-001                  2.8000000000096509E-001                  2.0000000000000018E-002                  1.3058781208709714E-022                  0.0000000000000000E+000                  0.0000000000000000E+000 
                                     287                  9.9994703794341711E-001                  2.5803174201597856E-001                  4.6816004154102107E+000                 -3.0620299759522647E+000                  9.6459659898823578E+000                  6.9999999999903495E-001                  2.8000000000096509E-001                  2.0000000000000018E-002                  1.3396385031828679E-022                  0.0000000000000000E+000                  0.0000000000000000E+000 
                                     288                  9.9994506848888876E-001                  2.5795372091366098E-001                  4.6860867266847759E+000                 -3.0512620988598060E+000                  9.6620471623169841E+000                  6.9999999999903495E-001                  2.8000000000096509E-001                  2.0000000000000018E-002                  1.3741206665504793E-022                  0.0000000000000000E+000                  0.0000000000000000E+000 
                                     289                  9.9994303007131913E-001                  2.5787490268696228E-001                  4.6905955642737789E+000                 -3.0405428460122073E+000                  9.6780984756802209E+000                  6.9999999999903495E-001                  2.8000000000096509E-001                  2.0000000000000018E-002                  1.4093385545590086E-022                  0.0000000000000000E+000                  0.0000000000000000E+000 
                                     290                  9.9994092030040560E-001                  2.5779527075936021E-001                  4.6951271647207884E+000                 -3.0298712814884823E+000                  9.6941209991764445E+000                  6.9999999999903495E-001                  2.8000000000096509E-001                  2.0000000000000018E-002                  1.4453065026202548E-022                  0.0000000000000000E+000                  0.0000000000000000E+000 
                                     291                  9.9993873670402533E-001                  2.5771480838009014E-001                  4.6996817241607127E+000                 -3.0192464527683232E+000                  9.7101157590998532E+000                  6.9999999999903495E-001                  2.8000000000096509E-001                  2.0000000000000018E-002                  1.4820392695137532E-022                  0.0000000000000000E+000                  0.0000000000000000E+000 
                                     292                  9.9993647672547858E-001                  2.5763349862542723E-001                  4.7042593974529323E+000                 -3.0086673963929309E+000                  9.7260837408455405E+000                  6.9999999999903495E-001                  2.8000000000096509E-001                  2.0000000000000018E-002                  1.5195520379690655E-022                  0.0000000000000000E+000                  0.0000000000000000E+000 
                                     293                  9.9993413772064121E-001                  2.5755132439915696E-001                  4.7088602980624188E+000                 -2.9981331662974471E+000                  9.7420258908111563E+000                  6.9999999999903495E-001                  2.8000000000096509E-001                  2.0000000000000018E-002                  1.5578603296255464E-022                  0.0000000000000000E+000                  0.0000000000000000E+000 
                                     294                  9.9993171695502325E-001                  2.5746826842792175E-001                  4.7134844979643784E+000                 -2.9876428114421842E+000                  9.7579431181971970E+000                  6.9999999999903495E-001                  2.8000000000096509E-001                  2.0000000000000018E-002                  1.5969800963906283E-022                  0.0000000000000000E+000                  0.0000000000000000E+000 
                                     295                  9.9992921160072956E-001                  2.5738431326079192E-001                  4.7181320266275097E+000                 -2.9771953634201629E+000                  9.7738362967105630E+000                  6.9999999999903495E-001                  2.8000000000096509E-001                  2.0000000000000018E-002                  1.6369277860276098E-022                  0.0000000000000000E+000                  0.0000000000000000E+000 
                                     296                  9.9992661873332211E-001                  2.5729944127150167E-001                  4.7228028697598869E+000                 -2.9667898341719803E+000                  9.7897062661774399E+000                  6.9999999999903495E-001                  2.8000000000096509E-001                  2.0000000000000018E-002                  1.6777203755972722E-022                  0.0000000000000000E+000                  0.0000000000000000E+000 
                                     297                  9.9992393532857826E-001                  2.5721363466145264E-001                  4.7274969694844113E+000                 -2.9564252168111547E+000                  9.8055538340719508E+000                  6.9999999999903495E-001                  2.8000000000096509E-001                  2.0000000000000018E-002                  1.7193753947429747E-022                  0.0000000000000000E+000                  0.0000000000000000E+000 
                                     298                  9.9992115825914207E-001                  2.5712687546292057E-001                  4.7322142255715987E+000                 -2.9461004855053647E+000                  9.8213797769656921E+000                  6.9999999999903495E-001                  2.8000000000096509E-001                  2.0000000000000018E-002                  1.7619109536643987E-022                  0.0000000000000000E+000                  0.0000000000000000E+000 
                                     299                  9.9991828429106677E-001                  2.5703914554268403E-001                  4.7369544951885425E+000                 -2.9358145939138871E+000                  9.8371848419027224E+000                  6.9999999999903495E-001                  2.8000000000096509E-001                  2.0000000000000018E-002                  1.8053457786215344E-022                  0.0000000000000000E+000                  0.0000000000000000E+000 
                                     300                  9.9991531008024226E-001                  2.5695042660635098E-001                  4.7417175914964318E+000                 -2.9255664738904574E+000                  9.8529697477043570E+000                  6.9999999999903495E-001                  2.8000000000096509E-001                  2.0000000000000018E-002                  1.8496992486177050E-022                  0.0000000000000000E+000                  0.0000000000000000E+000 
                                     301                  9.9991223216870728E-001                  2.5686070020342233E-001                  4.7465032840878045E+000                 -2.9153550408937741E+000                  9.8687351862076866E+000                  6.9999999999903495E-001                  2.8000000000096509E-001                  2.0000000000000018E-002                  1.8949914042704685E-022                  0.0000000000000000E+000                  0.0000000000000000E+000 
                                     302                  9.9990904698083882E-001                  2.5676994773167094E-001                  4.7513113022320512E+000                 -2.9051792024168805E+000                  9.8844818234416376E+000                  6.9999999999903495E-001                  2.8000000000096509E-001                  2.0000000000000018E-002                  1.9412429407626691E-022                  0.0000000000000000E+000                  0.0000000000000000E+000 
                                     303                  9.9990575081941868E-001                  2.5667815044019365E-001                  4.7561413366638119E+000                 -2.8950378565612263E+000                  9.9002103007444209E+000                  6.9999999999903495E-001                  2.8000000000096509E-001                  2.0000000000000018E-002                  1.9884752429715640E-022                  0.0000000000000000E+000                  0.0000000000000000E+000 
                                     304                  9.9990233986157029E-001                  2.5658528943308179E-001                  4.7609930387002866E+000                 -2.8849298905615264E+000                  9.9159212358253619E+000                  6.9999999999903495E-001                  2.8000000000096509E-001                  2.0000000000000018E-002                  2.0367104230343171E-022                  0.0000000000000000E+000                  0.0000000000000000E+000 
                                     305                  9.9989881015456361E-001                  2.5649134567383830E-001                  4.7658660206039025E+000                 -2.8748541863956025E+000                  9.9316152237742923E+000                  6.9999999999903495E-001                  2.8000000000096509E-001                  2.0000000000000018E-002                  2.0859713252166833E-022                  0.0000000000000000E+000                  0.0000000000000000E+000 
                                     306                  9.9989515761148284E-001                  2.5639629998891000E-001                  4.7707598592312657E+000                 -2.8648096321356338E+000                  9.9472928380209904E+000                  6.9999999999903495E-001                  2.8000000000096509E-001                  2.0000000000000018E-002                  2.1362814990391683E-022                  0.0000000000000000E+000                  0.0000000000000000E+000 
                                     307                  9.9989137800675365E-001                  2.5630013306912819E-001                  4.7756740988877198E+000                 -2.8547951162879319E+000                  9.9629546312459301E+000                  6.9999999999903495E-001                  2.8000000000096509E-001                  2.0000000000000018E-002                  2.1876652536065633E-022                  0.0000000000000000E+000                  0.0000000000000000E+000 
                                     308                  9.9988746697152564E-001                  2.5620282547261441E-001                  4.7806082510482364E+000                 -2.8448095256469466E+000                  9.9786011362450626E+000                  6.9999999999903495E-001                  2.8000000000096509E-001                  2.0000000000000018E-002                  2.2401476984090740E-022                  0.0000000000000000E+000                  0.0000000000000000E+000 
                                     309                  9.9988341998890473E-001                  2.5610435762846762E-001                  4.7855617943207411E+000                 -2.8348517352500862E+000                  9.9942328667536504E+000                  6.9999999999903495E-001                  2.8000000000096509E-001                  2.0000000000000018E-002                  2.2937548299678114E-022                  0.0000000000000000E+000                  0.0000000000000000E+000 
                                     310                  9.9987923238903131E-001                  2.5600470984311680E-001                  4.7905341762409153E+000                 -2.8249205929121231E+000                  1.0009850318231551E+001                  6.9999999999903495E-001                  2.8000000000096509E-001                  2.0000000000000018E-002                  2.3485136579604220E-022                  0.0000000000000000E+000                  0.0000000000000000E+000 
                                     311                  9.9987489934399776E-001                  2.5590386231070134E-001                  4.7955248149041028E+000                 -2.8150149433894849E+000                  1.0025453968611560E+001                  6.9999999999903495E-001                  2.8000000000096509E-001                  2.0000000000000018E-002                  2.4044521191566109E-022                  0.0000000000000000E+000                  0.0000000000000000E+000 
                                     312                  9.9987041586260206E-001                  2.5580179511849782E-001                  4.8005330989282653E+000                 -2.8051336329855321E+000                  1.0041044279013223E+001                  6.9999999999903495E-001                  2.8000000000096509E-001                  2.0000000000000018E-002                  2.4615990884162520E-022                  0.0000000000000000E+000                  0.0000000000000000E+000 
                                     313                  9.9986577678493027E-001                  2.5569848825164437E-001                  4.8055583876629262E+000                 -2.7952755077965761E+000                  1.0056621694423951E+001                  6.9999999999903495E-001                  2.8000000000096509E-001                  2.0000000000000018E-002                  2.5199844254979508E-022                  0.0000000000000000E+000                  0.0000000000000000E+000 
                                     314                  9.9986097677676500E-001                  2.5559392159862421E-001                  4.8106000128977398E+000                 -2.7854394116666690E+000                  1.0072186644349037E+001                  6.9999999999903495E-001                  2.8000000000096509E-001                  2.0000000000000018E-002                  2.5796390266151240E-022                  0.0000000000000000E+000                  0.0000000000000000E+000 
                                     315                  9.9985601032381188E-001                  2.5548807495760090E-001                  4.8156572804830526E+000                 -2.7756241922621920E+000                  1.0087739543431816E+001                  6.9999999999903495E-001                  2.8000000000096509E-001                  2.0000000000000018E-002                  2.6405948283670719E-022                  0.0000000000000000E+000                  0.0000000000000000E+000 
                                     316                  9.9985087172574050E-001                  2.5538092804167944E-001                  4.8207294706071835E+000                 -2.7658287017942986E+000                  1.0103280792045656E+001                  6.9999999999903495E-001                  2.8000000000096509E-001                  2.0000000000000018E-002                  2.7028848423997873E-022                  0.0000000000000000E+000                  0.0000000000000000E+000 
                                     317                  9.9984555509003226E-001                  2.5527246048430402E-001                  4.8258158388400751E+000                 -2.7560517956040944E+000                  1.0118810776858920E+001                  6.9999999999903495E-001                  2.8000000000096509E-001                  2.0000000000000018E-002                  2.7665432050300041E-022                  0.0000000000000000E+000                  0.0000000000000000E+000 
                                     318                  9.9984005432563183E-001                  2.5516265184534886E-001                  4.8309156198222816E+000                 -2.7462923327142468E+000                  1.0134329871372612E+001                  6.9999999999903495E-001                  2.8000000000096509E-001                  2.0000000000000018E-002                  2.8316052165206424E-022                  0.0000000000000000E+000                  0.0000000000000000E+000 
                                     319                  9.9983436313639329E-001                  2.5505148161742602E-001                  4.8360280305982872E+000                 -2.7365491837870621E+000                  1.0149838436428299E+001                  6.9999999999903495E-001                  2.8000000000096509E-001                  2.0000000000000018E-002                  2.8981073304017736E-022                  0.0000000000000000E+000                  0.0000000000000000E+000 
                                     320                  9.9982847501431982E-001                  2.5493892923054828E-001                  4.8411522714870383E+000                 -2.7268212320245304E+000                  1.0165336820688692E+001                  6.9999999999903495E-001                  2.8000000000096509E-001                  2.0000000000000018E-002                  2.9660871866241346E-022                  0.0000000000000000E+000                  0.0000000000000000E+000 
                                     321                  9.9982238323258732E-001                  2.5482497405678511E-001                  4.8462875279902935E+000                 -2.7171073647956083E+000                  1.0180825361096632E+001                  6.9999999999903495E-001                  2.8000000000096509E-001                  2.0000000000000018E-002                  3.0355837123403176E-022                  0.0000000000000000E+000                  0.0000000000000000E+000 
                                     322                  9.9981608083834550E-001                  2.5470959541736365E-001                  4.8514329757305399E+000                 -2.7074064687705799E+000                  1.0196304383314621E+001                  6.9999999999903495E-001                  2.8000000000096509E-001                  2.0000000000000018E-002                  3.1066372067543315E-022                  0.0000000000000000E+000                  0.0000000000000000E+000 
                                     323                  9.9980956064528637E-001                  2.5459277259140484E-001                  4.8565877845349661E+000                 -2.6977174525549059E+000                  1.0211774202145550E+001                  6.9999999999903495E-001                  2.8000000000096509E-001                  2.0000000000000018E-002                  3.1792892244482636E-022                  0.0000000000000000E+000                  0.0000000000000000E+000 
                                     324                  9.9980281522597669E-001                  2.5447448481894408E-001                  4.8617511196502292E+000                 -2.6880392495085368E+000                  1.0227235121936431E+001                  6.9999999999903495E-001                  2.8000000000096509E-001                  2.0000000000000018E-002                  3.2535825905157947E-022                  0.0000000000000000E+000                  0.0000000000000000E+000 
                                     325                  9.9979583690394513E-001                  2.5435471130321341E-001                  4.8669221444021504E+000                 -2.6783708087030136E+000                  1.0242687436965658E+001                  6.9999999999903495E-001                  2.8000000000096509E-001                  2.0000000000000018E-002                  3.3295615079517942E-022                  0.0000000000000000E+000                  0.0000000000000000E+000 
                                     326                  9.9978861774551619E-001                  2.5423343121544623E-001                  4.8721000256655946E+000                 -2.6687110948459374E+000                  1.0258131431814460E+001                  6.9999999999903495E-001                  2.8000000000096509E-001                  2.0000000000000018E-002                  3.4072716031828288E-022                  0.0000000000000000E+000                  0.0000000000000000E+000 
                                     327                  9.9978114955138453E-001                  2.5411062369983767E-001                  4.8772839379034547E+000                 -2.6590591084249771E+000                  1.0273567381723021E+001                  6.9999999999903495E-001                  2.8000000000096509E-001                  2.0000000000000018E-002                  3.4867598047300766E-022                  0.0000000000000000E+000                  0.0000000000000000E+000 
                                     328                  9.9977342384792056E-001                  2.5398626787288442E-001                  4.8824730645356382E+000                 -2.6494138873580884E+000                  1.0288995552932660E+001                  6.9999999999903495E-001                  2.8000000000096509E-001                  2.0000000000000018E-002                  3.5680743573387399E-022                  0.0000000000000000E+000                  0.0000000000000000E+000 
                                     329                  9.9976543187819966E-001                  2.5386034282200515E-001                  4.8876666013797330E+000                 -2.6397745033491438E+000                  1.0304416203014053E+001                  6.9999999999903495E-001                  2.8000000000096509E-001                  2.0000000000000018E-002                  3.6512648805691211E-022                  0.0000000000000000E+000                  0.0000000000000000E+000 
                                     330                  9.9975716459274733E-001                  2.5373282760496813E-001                  4.8928637625443221E+000                 -2.6301400649705591E+000                  1.0319829581177107E+001                  6.9999999999903495E-001                  2.8000000000096509E-001                  2.0000000000000018E-002                  3.7363823718621423E-022                  0.0000000000000000E+000                  0.0000000000000000E+000 
                                     331                  9.9974861263999515E-001                  2.5360370124824189E-001                  4.8980637841582233E+000                 -2.6205097261820511E+000                  1.0335235928559545E+001                  6.9999999999903495E-001                  2.8000000000096509E-001                  2.0000000000000018E-002                  3.8234791562530549E-022                  0.0000000000000000E+000                  0.0000000000000000E+000 
                                     332                  9.9973976635644257E-001                  2.5347294274255161E-001                  4.9032659257752060E+000                 -2.6108826853503646E+000                  1.0350635478500307E+001                  6.9999999999903495E-001                  2.8000000000096509E-001                  2.0000000000000018E-002                  3.9126089140254146E-022                  0.0000000000000000E+000                  0.0000000000000000E+000 
                                     333                  9.9973061575650679E-001                  2.5334053103824417E-001                  4.9084694746972923E+000                 -2.6012581694955141E+000                  1.0366028456803665E+001                  6.9999999999903495E-001                  2.8000000000096509E-001                  2.0000000000000018E-002                  4.0038268506666747E-022                  0.0000000000000000E+000                  0.0000000000000000E+000 
                                     334                  9.9972115052205313E-001                  2.5320644504502421E-001                  4.9136737523515253E+000                 -2.5916354494988258E+000                  1.0381415081994446E+001                  6.9999999999903495E-001                  2.8000000000096509E-001                  2.0000000000000018E-002                  4.0971895836911990E-022                  0.0000000000000000E+000                  0.0000000000000000E+000 
                                     335                  9.9971135999159677E-001                  2.5307066362668512E-001                  4.9188781175918370E+000                 -2.5820138590121391E+000                  1.0396795565565629E+001                  6.9999999999903495E-001                  2.8000000000096509E-001                  2.0000000000000018E-002                  4.1927549715362276E-022                  0.0000000000000000E+000                  0.0000000000000000E+000 
                                     336                  9.9970123314916337E-001                  2.5293316558931356E-001                  4.9240819683407926E+000                 -2.5723927907439941E+000                  1.0412170112219416E+001                  6.9999999999903495E-001                  2.8000000000096509E-001                  2.0000000000000018E-002                  4.2905821473470003E-022                  0.0000000000000000E+000                  0.0000000000000000E+000 
                                     337                  9.9969075861280032E-001                  2.5279392966972958E-001                  4.9292847483669568E+000                 -2.5627716727225551E+000                  1.0427538920101997E+001                  6.9999999999903495E-001                  2.8000000000096509E-001                  2.0000000000000018E-002                  4.3907317665424019E-022                  0.0000000000000000E+000                  0.0000000000000000E+000 
                                     338                  9.9967992462272703E-001                  2.5265293453068660E-001                  4.9344859558815033E+000                 -2.5531499964701103E+000                  1.0442902181031412E+001                  6.9999999999903495E-001                  2.8000000000096509E-001                  2.0000000000000018E-002                  4.4932657278591685E-022                  0.0000000000000000E+000                  0.0000000000000000E+000 
                                     339                  9.9966871902911336E-001                  2.5251015874634664E-001                  4.9396851466775811E+000                 -2.5435273360382591E+000                  1.0458260080720063E+001                  6.9999999999903495E-001                  2.8000000000096509E-001                  2.0000000000000018E-002                  4.5982469514801385E-022                  0.0000000000000000E+000                  0.0000000000000000E+000 
                                     340                  9.9965712927947592E-001                  2.5236558078031190E-001                  4.9448819360085601E+000                 -2.5339033413682879E+000                  1.0473612798992106E+001                  6.9999999999903495E-001                  2.8000000000096509E-001                  2.0000000000000018E-002                  4.7057394141129635E-022                  0.0000000000000000E+000                  0.0000000000000000E+000 
                                     341                  9.9964514240568003E-001                  2.5221917896436635E-001                  4.9500760070235525E+000                 -2.5242777174015418E+000                  1.0488960509989083E+001                  6.9999999999903495E-001                  2.8000000000096509E-001                  2.0000000000000018E-002                  4.8158083543461175E-022                  0.0000000000000000E+000                  0.0000000000000000E+000 
                                     342                  9.9963274501054855E-001                  2.5207093148301868E-001                  4.9552671198247165E+000                 -2.5146502595121278E+000                  1.0504303382357895E+001                  6.9999999999903495E-001                  2.8000000000096509E-001                  2.0000000000000018E-002                  4.9285198403320683E-022                  0.0000000000000000E+000                  0.0000000000000000E+000 
                                     343                  9.9961992325406313E-001                  2.5192081634487234E-001                  4.9604551135736816E+000                 -2.5050208664967086E+000                  1.0519641579429537E+001                  6.9999999999903495E-001                  2.8000000000096509E-001                  2.0000000000000018E-002                  5.0439405463359587E-022                  0.0000000000000000E+000                  0.0000000000000000E+000 
                                     344                  9.9960666283914223E-001                  2.5176881134756934E-001                  4.9656399066487049E+000                 -2.4953895266784554E+000                  1.0534975259397065E+001                  6.9999999999903495E-001                  2.8000000000096509E-001                  2.0000000000000018E-002                  5.1621378333449700E-022                  0.0000000000000000E+000                  0.0000000000000000E+000 
                                     345                  9.9959294899697704E-001                  2.5161489404541748E-001                  4.9708214973359386E+000                 -2.4857562903864960E+000                  1.0550304575493678E+001                  6.9999999999903495E-001                  2.8000000000096509E-001                  2.0000000000000018E-002                  5.2831800184982990E-022                  0.0000000000000000E+000                  0.0000000000000000E+000 
                                     346                  9.9957876647191524E-001                  2.5145904172488526E-001                  4.9759999643035222E+000                 -2.4761213039140402E+000                  1.0565629676169735E+001                  6.9999999999903495E-001                  2.8000000000096509E-001                  2.0000000000000018E-002                  5.4071358861823227E-022                  0.0000000000000000E+000                  0.0000000000000000E+000 
                                     347                  9.9956409950587610E-001                  2.5130123136627414E-001                  4.9811754662973788E+000                 -2.4664848162150994E+000                  1.0580950705270840E+001                  6.9999999999903495E-001                  2.8000000000096509E-001                  2.0000000000000018E-002                  5.5340744934478055E-022                  0.0000000000000000E+000                  0.0000000000000000E+000 
                                     348                  9.9954893182228743E-001                  2.5114143960062141E-001                  4.9863482368580545E+000                 -2.4568471453195762E+000                  1.0596267802217664E+001                  6.9999999999903495E-001                  2.8000000000096509E-001                  2.0000000000000018E-002                  5.6640655024756043E-022                  0.0000000000000000E+000                  0.0000000000000000E+000 
                                     349                  9.9953324660952469E-001                  2.5097964267655715E-001                  4.9915185689124524E+000                 -2.4472086311521353E+000                  1.0611581102185969E+001                  6.9999999999903495E-001                  2.8000000000096509E-001                  2.0000000000000018E-002                  5.7971797576126709E-022                  0.0000000000000000E+000                  0.0000000000000000E+000 
                                     350                  9.9951702650384244E-001                  2.5081581644312634E-001                  4.9966868028460176E+000                 -2.4375696690933086E+000                  1.0626890736284661E+001                  6.9999999999903495E-001                  2.8000000000096509E-001                  2.0000000000000018E-002                  5.9334887939091474E-022                  0.0000000000000000E+000                  0.0000000000000000E+000 
                                     351                  9.9950025357177896E-001                  2.5064993631899390E-001                  5.0018533248117452E+000                 -2.4279307138837831E+000                  1.0642196831729107E+001                  6.9999999999903495E-001                  2.8000000000096509E-001                  2.0000000000000018E-002                  6.0730647085810005E-022                  0.0000000000000000E+000                  0.0000000000000000E+000 
                                     352                  9.9948290929203254E-001                  2.5048197725860977E-001                  5.0070185585933418E+000                 -2.4182922431165834E+000                  1.0657499511999653E+001                  6.9999999999903495E-001                  2.8000000000096509E-001                  2.0000000000000018E-002                  6.2159806236428156E-022                  0.0000000000000000E+000                  0.0000000000000000E+000 
                                     353                  9.9946497453680705E-001                  2.5031191373113909E-001                  5.0121829461953737E+000                 -2.4086547204265560E+000                  1.0672798896984908E+001                  6.9999999999903495E-001                  2.8000000000096509E-001                  2.0000000000000018E-002                  6.3623112242231644E-022                  0.0000000000000000E+000                  0.0000000000000000E+000 
                                     354                  9.9944642955260277E-001                  2.5013971971316495E-001                  5.0173469354065849E+000                 -2.3990186150511787E+000                  1.0688095103119046E+001                  6.9999999999903495E-001                  2.8000000000096509E-001                  2.0000000000000018E-002                  6.5121324880016427E-022                  0.0000000000000000E+000                  0.0000000000000000E+000 
                                     355                  9.9942725394042298E-001                  2.4996536867349625E-001                  5.0225109789900531E+000                 -2.3893844032585161E+000                  1.0703388243518843E+001                  6.9999999999903495E-001                  2.8000000000096509E-001                  2.0000000000000018E-002                  6.6655216637502696E-022                  0.0000000000000000E+000                  0.0000000000000000E+000 
                                     356                  9.9940742663538340E-001                  2.4978883355689821E-001                  5.0276755320167998E+000                 -2.3797525493170819E+000                  1.0718678428120919E+001                  6.9999999999903495E-001                  2.8000000000096509E-001                  2.0000000000000018E-002                  6.8225575827546538E-022                  0.0000000000000000E+000                  0.0000000000000000E+000 
                                     357                  9.9938692588570477E-001                  2.4961008677502666E-001                  5.0328410464700886E+000                 -2.3701234960022322E+000                  1.0733965763818253E+001                  6.9999999999903495E-001                  2.8000000000096509E-001                  2.0000000000000018E-002                  6.9833208527921751E-022                  0.0000000000000000E+000                  0.0000000000000000E+000 
                                     358                  9.9936572923107048E-001                  2.4942910020125289E-001                  5.0380079687231296E+000                 -2.3604976760236478E+000                  1.0749250354595615E+001                  6.9999999999903495E-001                  2.8000000000096509E-001                  2.0000000000000018E-002                  7.1478937143468461E-022                  0.0000000000000000E+000                  0.0000000000000000E+000 
                                     359                  9.9934381348033174E-001                  2.4924584516078432E-001                  5.0431767399870031E+000                 -2.3508755112635593E+000                  1.0764532301664579E+001                  6.9999999999903495E-001                  2.8000000000096509E-001                  2.0000000000000018E-002                  7.3163600867591580E-022                  0.0000000000000000E+000                  0.0000000000000000E+000 
                                     360                  9.9932115468854088E-001                  2.4906029242093033E-001                  5.0483477948635471E+000                 -2.3412573876111442E+000                  1.0779811703598119E+001                  6.9999999999903495E-001                  2.8000000000096509E-001                  2.0000000000000018E-002                  7.4888060599898447E-022                  0.0000000000000000E+000                  0.0000000000000000E+000 
                                     361                  9.9929772813329287E-001                  2.4887241219215267E-001                  5.0535215581038999E+000                 -2.3316436591983845E+000                  1.0795088656456358E+001                  6.9999999999903495E-001                  2.8000000000096509E-001                  2.0000000000000018E-002                  7.6653199070812566E-022                  0.0000000000000000E+000                  0.0000000000000000E+000 
                                     362                  9.9927350829037842E-001                  2.4868217412793625E-001                  5.0586984428677999E+000                 -2.3220346650326289E+000                  1.0810363253891865E+001                  6.9999999999903495E-001                  2.8000000000096509E-001                  2.0000000000000018E-002                  7.8459918544797597E-022                  0.0000000000000000E+000                  0.0000000000000000E+000 
                                     363                  9.9924846880874962E-001                  2.4848954731809716E-001                  5.0638788505288597E+000                 -2.3124307261599926E+000                  1.0825635587238811E+001                  6.9999999999903495E-001                  2.8000000000096509E-001                  2.0000000000000018E-002                  8.0309141906837824E-022                  0.0000000000000000E+000                  0.0000000000000000E+000 
                                     364                  9.9922258248475659E-001                  2.4829450028346295E-001                  5.0690631721704680E+000                 -2.3028321257438735E+000                  1.0840905745598819E+001                  6.9999999999903495E-001                  2.8000000000096509E-001                  2.0000000000000018E-002                  8.2201817259285757E-022                  0.0000000000000000E+000                  0.0000000000000000E+000 
                                     365                  9.9919582123562511E-001                  2.4809700097976814E-001                  5.0742517909180203E+000                 -2.2932391232297897E+000                  1.0856173815926329E+001                  6.9999999999903495E-001                  2.8000000000096509E-001                  2.0000000000000018E-002                  8.4138916154907160E-022                  0.0000000000000000E+000                  0.0000000000000000E+000 
                                     366                  9.9916815607215181E-001                  2.4789701679571982E-001                  5.0794450827119420E+000                 -2.2836519674686815E+000                  1.0871439883114737E+001                  6.9999999999903495E-001                  2.8000000000096509E-001                  2.0000000000000018E-002                  8.6121431693089921E-022                  0.0000000000000000E+000                  0.0000000000000000E+000 
                                     367                  9.9913955707059376E-001                  2.4769451454525654E-001                  5.0846434159788512E+000                 -2.2740708943731862E+000                  1.0886704030084207E+001                  6.9999999999903495E-001                  2.8000000000096509E-001                  2.0000000000000018E-002                  8.8150379575252207E-022                  0.0000000000000000E+000                  0.0000000000000000E+000 
                                     368                  9.9910999334373396E-001                  2.4748946046084733E-001                  5.0898471500838891E+000                 -2.2644961164130377E+000                  1.0901966337870981E+001                  6.9999999999903495E-001                  2.8000000000096509E-001                  2.0000000000000018E-002                  9.0226801043196959E-022                  0.0000000000000000E+000                  0.0000000000000000E+000 
                                     369                  9.9907943301109281E-001                  2.4728182019182560E-001                  5.0950566335240479E+000                 -2.2549278267888120E+000                  1.0917226885717676E+001                  6.9999999999903495E-001                  2.8000000000096509E-001                  2.0000000000000018E-002                  9.2351762876329343E-022                  0.0000000000000000E+000                  0.0000000000000000E+000 
                                     370                  9.9904784316826845E-001                  2.4707155880103301E-001                  5.1002722032792818E+000                 -2.2453662020283041E+000                  1.0932485751160751E+001                  6.9999999999903495E-001                  2.8000000000096509E-001                  2.0000000000000018E-002                  9.4526357662227041E-022                  0.0000000000000000E+000                  0.0000000000000000E+000 
                                     371                  9.9901518985539395E-001                  2.4685864076050423E-001                  5.1054941850181521E+000                 -2.2358114073551985E+000                  1.0947743010101203E+001                  6.9999999999903495E-001                  2.8000000000096509E-001                  2.0000000000000018E-002                  9.6751703367437862E-022                  0.0000000000000000E+000                  0.0000000000000000E+000 
                                     372                  9.9898143802473705E-001                  2.4664302994504803E-001                  5.1107228949972816E+000                 -2.2262636110753538E+000                  1.0962998736855965E+001                  6.9999999999903495E-001                  2.8000000000096509E-001                  2.0000000000000018E-002                  9.9028940585732952E-022                  0.0000000000000000E+000                  0.0000000000000000E+000 
                                     373                  9.9894655150739886E-001                  2.4642468961881783E-001                  5.1159586421093390E+000                 -2.2167229723937245E+000                  1.0978253004205206E+001                  6.9999999999903495E-001                  2.8000000000096509E-001                  2.0000000000000018E-002                  1.0135923587939846E-021                  0.0000000000000000E+000                  0.0000000000000000E+000 
                                     374                  9.9891049297906032E-001                  2.4620358242767890E-001                  5.1212017284624025E+000                 -2.2071896379397047E+000                  1.0993505883442419E+001                  6.9999999999903495E-001                  2.8000000000096509E-001                  2.0000000000000018E-002                  1.0374378334960936E-021                  0.0000000000000000E+000                  0.0000000000000000E+000 
                                     375                  9.9887322392474753E-001                  2.4597967039328811E-001                  5.1264524506680189E+000                 -2.1976637547164497E+000                  1.1008757444427539E+001                  6.9999999999903495E-001                  2.8000000000096509E-001                  2.0000000000000018E-002                  1.0618380210079242E-021                  0.0000000000000000E+000                  0.0000000000000000E+000 
                                     376                  9.9883470460259027E-001                  2.4575291490048201E-001                  5.1317111032222256E+000                 -2.1881454871801900E+000                  1.1024007755644046E+001                  6.9999999999903495E-001                  2.8000000000096509E-001                  2.0000000000000018E-002                  1.0868053215696962E-021                  0.0000000000000000E+000                  0.0000000000000000E+000 
                                     377                  9.9879489400654564E-001                  2.4552327667525339E-001                  5.1369779809793581E+000                 -2.1786349992358653E+000                  1.1039256884261587E+001                  6.9999999999903495E-001                  2.8000000000096509E-001                  2.0000000000000018E-002                  1.1123523926561250E-021                  0.0000000000000000E+000                  0.0000000000000000E+000 
                                     378                  9.9875374982805998E-001                  2.4529071577135669E-001                  5.1422533792374550E+000                 -2.1691324515054515E+000                  1.1054504896202387E+001                  6.9999999999903495E-001                  2.8000000000096509E-001                  2.0000000000000018E-002                  1.1384921612248668E-021                  0.0000000000000000E+000                  0.0000000000000000E+000 
                                     379                  9.9871122841664051E-001                  2.4505519155803759E-001                  5.1475375906384189E+000                 -2.1596380170688021E+000                  1.1069751856203666E+001                  6.9999999999903495E-001                  2.8000000000096509E-001                  2.0000000000000018E-002                  1.1652377844653703E-021                  0.0000000000000000E+000                  0.0000000000000000E+000 
                                     380                  9.9866728473935129E-001                  2.4481666269900110E-001                  5.1528308985197997E+000                 -2.1501518780368354E+000                  1.1084997827862850E+001                  6.9999999999903495E-001                  2.8000000000096509E-001                  2.0000000000000018E-002                  1.1926026601530827E-021                  0.0000000000000000E+000                  0.0000000000000000E+000 
                                     381                  9.9862187233925470E-001                  2.4457508713290149E-001                  5.1581335728618916E+000                 -2.1406741974896977E+000                  1.1100242873669661E+001                  6.9999999999903495E-001                  2.8000000000096509E-001                  2.0000000000000018E-002                  1.2206005118319476E-021                  0.0000000000000000E+000                  0.0000000000000000E+000 
                                     382                  9.9857494329272289E-001                  2.4433042206900049E-001                  5.1634458693908289E+000                 -2.1312051173825854E+000                  1.1115487055037924E+001                  6.9999999999903495E-001                  2.8000000000096509E-001                  2.0000000000000018E-002                  1.2492454064160577E-021                  0.0000000000000000E+000                  0.0000000000000000E+000 
                                     383                  9.9852644816556502E-001                  2.4408262398430028E-001                  5.1687680239763232E+000                 -2.1217447581679121E+000                  1.1130730432341402E+001                  6.9999999999903495E-001                  2.8000000000096509E-001                  2.0000000000000018E-002                  1.2785517678550392E-021                  0.0000000000000000E+000                  0.0000000000000000E+000 
                                     384                  9.9847633596794005E-001                  2.4383164862122014E-001                  5.1741002441125117E+000                 -2.1122932082565007E+000                  1.1145973064953809E+001                  6.9999999999903495E-001                  2.8000000000096509E-001                  2.0000000000000018E-002                  1.3085344241870867E-021                  0.0000000000000000E+000                  0.0000000000000000E+000 
                                     385                  9.9842455410802333E-001                  2.4357745099180553E-001                  5.1794427054858563E+000                 -2.1028505163410918E+000                  1.1161215011291974E+001                  6.9999999999903495E-001                  2.8000000000096509E-001                  2.0000000000000018E-002                  1.3392086506979375E-021                  0.0000000000000000E+000                  0.0000000000000000E+000 
                                     386                  9.9837104834439505E-001                  2.4331998538729543E-001                  5.1847955521980928E+000                 -2.0934166858435161E+000                  1.1176456328861301E+001                  6.9999999999903495E-001                  2.8000000000096509E-001                  2.0000000000000018E-002                  1.3705902105276298E-021                  0.0000000000000000E+000                  0.0000000000000000E+000 
                                     387                  9.9831576273711864E-001                  2.4305920539214346E-001                  5.1901588979791420E+000                 -2.0839916505499536E+000                  1.1191697074297275E+001                  6.9999999999903495E-001                  2.8000000000096509E-001                  2.0000000000000018E-002                  1.4026954640390984E-021                  0.0000000000000000E+000                  0.0000000000000000E+000 
                                     388                  9.9825863959751648E-001                  2.4279506391449154E-001                  5.1955328274711414E+000                 -2.0745752996040085E+000                  1.1206937303386219E+001                  6.9999999999903495E-001                  2.8000000000096509E-001                  2.0000000000000018E-002                  1.4355413175142227E-021                  0.0000000000000000E+000                  0.0000000000000000E+000 
                                     389                  9.9819961943668978E-001                  2.4252751320419941E-001                  5.2009173964565116E+000                 -2.0651674896540793E+000                  1.1222177071068661E+001                  6.9999999999903495E-001                  2.8000000000096509E-001                  2.0000000000000018E-002                  1.4691452078189157E-021                  0.0000000000000000E+000                  0.0000000000000000E+000 
                                     390                  9.9813864091268978E-001                  2.4225650486506600E-001                  5.2063126335636607E+000                 -2.0557680236312086E+000                  1.1237416431441916E+001                  6.9999999999903495E-001                  2.8000000000096509E-001                  2.0000000000000018E-002                  1.5035252058612514E-021                  0.0000000000000000E+000                  0.0000000000000000E+000 
                                     391                  9.9807564077627176E-001                  2.4198198988163294E-001                  5.2117185463657068E+000                 -2.0463766252035045E+000                  1.1252655437765391E+001                  6.9999999999903495E-001                  2.8000000000096509E-001                  2.0000000000000018E-002                  1.5387001490621166E-021                  0.0000000000000000E+000                  0.0000000000000000E+000 
                                     392                  9.9801055381519010E-001                  2.4170391866442190E-001                  5.2171351261130123E+000                 -2.0369929954293813E+000                  1.1267894142466414E+001                  6.9999999999903495E-001                  2.8000000000096509E-001                  2.0000000000000018E-002                  1.5746894708137465E-021                  0.0000000000000000E+000                  0.0000000000000000E+000 
                                     393                  9.9794331279700255E-001                  2.4142224106167587E-001                  5.2225623479166234E+000                 -2.0276168207885843E+000                  1.1283132597151194E+001                  6.9999999999903495E-001                  2.8000000000096509E-001                  2.0000000000000018E-002                  1.6115131945178272E-021                  0.0000000000000000E+000                  0.0000000000000000E+000 
                                     394                  9.9787384841034255E-001                  2.4113690636677010E-001                  5.2280001766189983E+000                 -2.0182477384355013E+000                  1.1298370852620746E+001                  6.9999999999903495E-001                  2.8000000000096509E-001                  2.0000000000000018E-002                  1.6491920983873253E-021                  0.0000000000000000E+000                  0.0000000000000000E+000 
                                     395                  9.9780208920462821E-001                  2.4084786334940675E-001                  5.2334485791025571E+000                 -2.0088853490178806E+000                  1.1313608958879401E+001                  6.9999999999903495E-001                  2.8000000000096509E-001                  2.0000000000000018E-002                  1.6877477034602730E-021                  0.0000000000000000E+000                  0.0000000000000000E+000 
                                     396                  9.9772796152825205E-001                  2.4055506028074294E-001                  5.2389075297808976E+000                 -1.9995292697859568E+000                  1.1328846965126871E+001                  6.9999999999903495E-001                  2.8000000000096509E-001                  2.0000000000000018E-002                  1.7272020843354068E-021                  0.0000000000000000E+000                  0.0000000000000000E+000 
                                     397                  9.9765138946524512E-001                  2.4025844492434961E-001                  5.2443770104144445E+000                 -1.9901791362549044E+000                  1.1344084919747225E+001                  6.9999999999903495E-001                  2.8000000000096509E-001                  2.0000000000000018E-002                  1.7675778740741705E-021                  0.0000000000000000E+000                  0.0000000000000000E+000 
                                     398                  9.9757229477029730E-001                  2.3995796452547510E-001                  5.2498570227909118E+000                 -1.9808346092461671E+000                  1.1359322870306706E+001                  6.9999999999903495E-001                  2.8000000000096509E-001                  2.0000000000000018E-002                  1.8088982441262818E-021                  0.0000000000000000E+000                  0.0000000000000000E+000 
                                     399                  9.9749059680207064E-001                  2.3965356579461841E-001                  5.2553476052424486E+000                 -1.9714953982744059E+000                  1.1374560863563167E+001                  6.9999999999903495E-001                  2.8000000000096509E-001                  2.0000000000000018E-002                  1.8511868048862611E-021                  0.0000000000000000E+000                  0.0000000000000000E+000 
                                     400                  9.9740621245476246E-001                  2.3934519487330685E-001                  5.2608488348948415E+000                 -1.9621612681973843E+000                  1.1389798945489702E+001                  6.9999999999903495E-001                  2.8000000000096509E-001                  2.0000000000000018E-002                  1.8944675691148390E-021                  0.0000000000000000E+000                  0.0000000000000000E+000 
                                     401                  9.9731905608786797E-001                  2.3903279729278240E-001                  5.2663608232058268E+000                 -1.9528320902142062E+000                  1.1405037161313103E+001                  6.9999999999903495E-001                  2.8000000000096509E-001                  2.0000000000000018E-002                  1.9387646965841935E-021                  0.0000000000000000E+000                  0.0000000000000000E+000 
                                     402                  9.9722903945409669E-001                  2.3871631789267164E-001                  5.2718837112529027E+000                 -1.9435079162209878E+000                  1.1420275555569097E+001                  6.9999999999903495E-001                  2.8000000000096509E-001                  2.0000000000000018E-002                  1.9841020869040836E-021                  0.0000000000000000E+000                  0.0000000000000000E+000 
                                     403                  9.9713607162543261E-001                  2.3839570067943744E-001                  5.2774176670658441E+000                 -1.9341888458537826E+000                  1.1435514172173470E+001                  6.9999999999903495E-001                  2.8000000000096509E-001                  2.0000000000000018E-002                  2.0305039603296880E-021                  0.0000000000000000E+000                  0.0000000000000000E+000 
                                     404                  9.9704005891736347E-001                  2.3807088877533170E-001                  5.2829628839678806E+000                 -1.9248750111230268E+000                  1.1450753054495182E+001                  6.9999999999903506E-001                  2.8000000000096509E-001                  1.9999999999999796E-002                  2.0779949212292243E-021                  0.0000000000000000E+000                  0.0000000000000000E+000 
                                     405                  9.9694090481119191E-001                  2.3774182437614985E-001                  5.2885195574846229E+000                 -1.9155667345268532E+000                  1.1465992245437860E+001                  6.9999999999903506E-001                  2.8000000000096509E-001                  1.9999999999999796E-002                  2.1265991145379526E-021                  0.0000000000000000E+000                  0.0000000000000000E+000 
                                     406                  9.9683850987434064E-001                  2.3740844858512125E-001                  5.2940878452061453E+000                 -1.9062644571707925E+000                  1.1481231787550577E+001                  6.9999999999903506E-001                  2.8000000000096509E-001                  1.9999999999999796E-002                  2.1763405048890599E-021                  0.0000000000000000E+000                  0.0000000000000000E+000 
                                     407                  9.9673277167859031E-001                  2.3707070129201663E-001                  5.2996678513080573E+000                 -1.8969685431928225E+000                  1.1496471723162056E+001                  6.9999999999903506E-001                  2.8000000000096509E-001                  1.9999999999999796E-002                  2.2272438887161780E-021                  0.0000000000000000E+000                  0.0000000000000000E+000 
                                     408                  9.9662358471618528E-001                  2.3672852119905646E-001                  5.3052596293647412E+000                 -1.8876792980317134E+000                  1.1511712094519110E+001                  6.9999999999903506E-001                  2.8000000000096509E-001                  1.9999999999999796E-002                  2.7248729018370784E-021                  0.0000000000000000E+000                  0.0000000000000000E+000 
                                     409                  9.9651084031373016E-001                  2.3638184583486727E-001                  5.3108631683231060E+000                 -1.8783970407122197E+000                  1.1526952943935942E+001                  6.9999999999903506E-001                  2.8000000000096509E-001                  1.9999999999999796E-002                  3.5294121995688139E-021                  0.0000000000000000E+000                  0.0000000000000000E+000 
                                     410                  9.9639442654375343E-001                  2.3603061151147978E-001                  5.3164783750600062E+000                 -1.8691220194551050E+000                  1.1542194313954978E+001                  6.9999999999903506E-001                  2.8000000000096509E-001                  1.9999999999999796E-002                  4.5688383097282286E-021                  0.0000000000000000E+000                  0.0000000000000000E+000 
                                     411                  9.9627422813402289E-001                  2.3567475334873078E-001                  5.3221050736101292E+000                 -1.8598543788805668E+000                  1.1557436247495072E+001                  6.9999999999903506E-001                  2.8000000000096509E-001                  1.9999999999999796E-002                  5.9108820311166015E-021                  0.0000000000000000E+000                  0.0000000000000000E+000 
                                     412                  9.9615012637463429E-001                  2.3531420532889916E-001                  5.3277430188881887E+000                 -1.8505941055391630E+000                  1.1572678787983049E+001                  6.9999999999903506E-001                  2.8000000000096509E-001                  1.9999999999999796E-002                  7.6425222097352629E-021                  0.0000000000000000E+000                  0.0000000000000000E+000 
                                     413                  9.9602199902276745E-001                  2.3494890040207403E-001                  5.3333919213557772E+000                 -1.8413410403199872E+000                  1.1587921979467101E+001                  6.9999999999903506E-001                  2.8000000000096509E-001                  1.9999999999999796E-002                  9.8753684675238566E-021                  0.0000000000000000E+000                  0.0000000000000000E+000 
                                     414                  9.9588972020503586E-001                  2.3457877058910001E-001                  5.3390514601138443E+000                 -1.8320949943846223E+000                  1.1603165866715871E+001                  6.9999999999903506E-001                  2.8000000000096509E-001                  1.9999999999999796E-002                  1.2752517590601395E-020                  0.0000000000000000E+000                  0.0000000000000000E+000 
                                     415                  9.9575316031734751E-001                  2.3420374699203667E-001                  5.3447212839029534E+000                 -1.8228557358201702E+000                  1.1618410495327879E+001                  6.9999999999903506E-001                  2.8000000000096509E-001                  1.9999999999999796E-002                  1.6457279162886990E-020                  0.0000000000000000E+000                  0.0000000000000000E+000 
                                     416                  9.9561218592202383E-001                  2.3382375981701251E-001                  5.3504010281308299E+000                 -1.8136228856782204E+000                  1.1633655911862245E+001                  6.9999999999903506E-001                  2.8000000000096509E-001                  1.9999999999999796E-002                  2.1224287796595855E-020                  0.0000000000000000E+000                  0.0000000000000000E+000 
                                     417                  9.9546665964201719E-001                  2.3343873849073860E-001                  5.3560903366432102E+000                 -1.8043960298614077E+000                  1.1648902163953462E+001                  6.9999999999903506E-001                  2.8000000000096509E-001                  1.9999999999999796E-002                  2.7353632737213167E-020                  0.0000000000000000E+000                  0.0000000000000000E+000 
                                     418                  9.9531644005263098E-001                  2.3304861168551352E-001                  5.3617888661350968E+000                 -1.7951747833523923E+000                  1.1664149300396748E+001                  6.9999999999903506E-001                  2.8000000000096509E-001                  1.9999999999999796E-002                  3.5228797286980208E-020                  0.0000000000000000E+000                  0.0000000000000000E+000 
                                     419                  9.9516138157073131E-001                  2.3265330728836764E-001                  5.3674962860575803E+000                 -1.7859587518581201E+000                  1.1679397371213936E+001                  6.9999999999903506E-001                  2.8000000000096509E-001                  1.9999999999999796E-002                  4.5339425410758796E-020                  0.0000000000000000E+000                  0.0000000000000000E+000 
                                     420                  9.9500133434139026E-001                  2.3225275240426949E-001                  5.3732122835917639E+000                 -1.7767475087779532E+000                  1.1694646427699359E+001                  6.9999999999903506E-001                  2.8000000000096509E-001                  1.9999999999999796E-002                  5.8310198451213468E-020                  0.0000000000000000E+000                  0.0000000000000000E+000 
                                     421                  9.9483614412190124E-001                  2.3184687338188500E-001                  5.3789365674073748E+000                 -1.7675406540435263E+000                  1.1709896522454251E+001                  6.9999999999903506E-001                  2.8000000000096509E-001                  1.9999999999999796E-002                  7.4937415000980976E-020                  0.0000000000000000E+000                  0.0000000000000000E+000 
                                     422                  9.9466565216291847E-001                  2.3143559578551895E-001                  5.3846688670943195E+000                 -1.7583378170440120E+000                  1.1725147709446592E+001                  6.9999999999903506E-001                  2.8000000000096509E-001                  1.9999999999999796E-002                  9.6235292081681310E-020                  0.0000000000000000E+000                  0.0000000000000000E+000 
                                     423                  9.9448969508620400E-001                  2.3101884436139064E-001                  5.3904089311538206E+000                 -1.7491386388142807E+000                  1.1740400044087767E+001                  6.9999999999903506E-001                  2.8000000000096509E-001                  1.9999999999999796E-002                  1.2349452228245161E-019                  0.0000000000000000E+000                  0.0000000000000000E+000 
                                     424                  9.9430810475947040E-001                  2.3059654301955115E-001                  5.3961565250917376E+000                 -1.7399427765095488E+000                  1.1755653583282530E+001                  6.9999999999903506E-001                  2.8000000000096509E-001                  1.9999999999999796E-002                  1.5835625827480660E-019                  0.0000000000000000E+000                  0.0000000000000000E+000 
                                     425                  9.9412070816863585E-001                  2.3016861481158918E-001                  5.4019114309972736E+000                 -1.7307499095125234E+000                  1.1770908385439638E+001                  6.9999999999903506E-001                  2.8000000000096509E-001                  1.9999999999999796E-002                  2.0290551913385973E-019                  0.0000000000000000E+000                  0.0000000000000000E+000 
                                     426                  9.9392732728751221E-001                  2.2973498190220820E-001                  5.4076734465900813E+000                 -1.7215597373654452E+000                  1.1786164510445692E+001                  6.9999999999903506E-001                  2.8000000000096509E-001                  1.9999999999999796E-002                  2.5978900954605664E-019                  0.0000000000000000E+000                  0.0000000000000000E+000 
                                     427                  9.9372777894495157E-001                  2.2929556554245858E-001                  5.4134423826460560E+000                 -1.7123719754685440E+000                  1.1801422019612051E+001                  6.9999999999903506E-001                  2.8000000000096509E-001                  1.9999999999999796E-002                  3.3236358497638109E-019                  0.0000000000000000E+000                  0.0000000000000000E+000 
                                     428                  9.9352187468926523E-001                  2.2885028604660893E-001                  5.4192180614077072E+000                 -1.7031863541391825E+000                  1.1816680975629286E+001                  6.9999999999903506E-001                  2.8000000000096509E-001                  1.9999999999999796E-002                  4.2488318107556265E-019                  0.0000000000000000E+000                  0.0000000000000000E+000 
                                     429                  9.9330942064919292E-001                  2.2839906276798402E-001                  5.4250003164933975E+000                 -1.6940026188133503E+000                  1.1831941442540812E+001                  6.9999999999903506E-001                  2.8000000000096509E-001                  1.9999999999999796E-002                  5.4273398680415123E-019                  0.0000000000000000E+000                  0.0000000000000000E+000 
                                     430                  9.9309021739169079E-001                  2.2794181407331851E-001                  5.4307889915384449E+000                 -1.6848205290511371E+000                  1.1847203485699216E+001                  6.9999999999903506E-001                  2.8000000000096509E-001                  1.9999999999999796E-002                  6.9273001075654876E-019                  0.0000000000000000E+000                  0.0000000000000000E+000 
                                     431                  9.9286405977714909E-001                  2.2747845731822247E-001                  5.4365839385037313E+000                 -1.6756398552915792E+000                  1.1862467171680549E+001                  6.9999999999903506E-001                  2.8000000000096509E-001                  1.9999999999999796E-002                  8.8348422808452071E-019                  0.0000000000000000E+000                  0.0000000000000000E+000 
                                     432                  9.9263073681221103E-001                  2.2700890882652047E-001                  5.4423850173886992E+000                 -1.6664603782042571E+000                  1.1877732568153110E+001                  6.9999999999903506E-001                  2.8000000000096509E-001                  1.9999999999999796E-002                  1.1258742554850429E-018                  0.0000000000000000E+000                  0.0000000000000000E+000 
                                     433                  9.9239003150032401E-001                  2.2653308387106047E-001                  5.4481920958019945E+000                 -1.6572818897011337E+000                  1.1892999743707019E+001                  6.9999999999903506E-001                  2.8000000000096509E-001                  1.9999999999999796E-002                  1.4336260975902476E-018                  0.0000000000000000E+000                  0.0000000000000000E+000 
                                     434                  9.9214172068994866E-001                  2.2605089665391351E-001                  5.4540050476760396E+000                 -1.6481041914704027E+000                  1.1908268767679104E+001                  6.9999999999903506E-001                  2.8000000000096509E-001                  1.9999999999999796E-002                  1.8240452008861748E-018                  0.0000000000000000E+000                  0.0000000000000000E+000 
                                     435                  9.9188557491961149E-001                  2.2556226028699489E-001                  5.4598237525749100E+000                 -1.6389270923665895E+000                  1.1923539709993868E+001                  6.9999999999903506E-001                  2.8000000000096509E-001                  1.9999999999999796E-002                  2.3189312383097010E-018                  0.0000000000000000E+000                  0.0000000000000000E+000 
                                     436                  9.9162135825993825E-001                  2.2506708677480280E-001                  5.4656480957951157E+000                 -1.6297504089347532E+000                  1.1938812640993760E+001                  6.9999999999903506E-001                  2.8000000000096509E-001                  1.9999999999999796E-002                  2.9457218307595098E-018                  0.0000000000000000E+000                  0.0000000000000000E+000 
                                     437                  9.9134882815338021E-001                  2.2456528699726494E-001                  5.4714779682133230E+000                 -1.6205739665169621E+000                  1.1954087631235225E+001                  6.9999999999903506E-001                  2.8000000000096509E-001                  1.9999999999999796E-002                  3.7389211691862472E-018                  0.0000000000000000E+000                  0.0000000000000000E+000 
                                     438                  9.9106773525189329E-001                  2.2405677069224569E-001                  5.4773132660264734E+000                 -1.6113975978981359E+000                  1.1969364751245354E+001                  6.9999999999903506E-001                  2.8000000000096509E-001                  1.9999999999999796E-002                  4.7418829854032514E-018                  0.0000000000000000E+000                  0.0000000000000000E+000 
                                     439                  9.9077782325282893E-001                  2.2354144644083926E-001                  5.4831538907239956E+000                 -1.6022211431045774E+000                  1.1984644071240119E+001                  6.9999999999903506E-001                  2.8000000000096509E-001                  1.9999999999999796E-002                  6.0090338388913269E-018                  0.0000000000000000E+000                  0.0000000000000000E+000 
                                     440                  9.9047882873313642E-001                  2.2301922165411300E-001                  5.4889997495798175E+000                 -1.5930444507369874E+000                  1.1999925660832565E+001                  6.9999999999903506E-001                  2.8000000000096509E-001                  1.9999999999999796E-002                  7.6086431336229227E-018                  0.0000000000000000E+000                  0.0000000000000000E+000 
                                     441                  9.9017048098106664E-001                  2.2249000255785370E-001                  5.4948507564942979E+000                 -1.5838673791133155E+000                  1.2015209588750595E+001                  6.9999999999903506E-001                  2.8000000000096509E-001                  1.9999999999999796E-002                  9.6262714879506491E-018                  0.0000000000000000E+000                  0.0000000000000000E+000 
                                     442                  9.8985250182563878E-001                  2.2195369417575164E-001                  5.5007068323222237E+000                 -1.5746897963742661E+000                  1.2030495922548228E+001                  6.9999999999903506E-001                  2.8000000000096509E-001                  1.9999999999999796E-002                  1.2169059763258231E-017                  0.0000000000000000E+000                  0.0000000000000000E+000 
                                     443                  9.8952460546440590E-001                  2.2141020031294517E-001                  5.5065679050966700E+000                 -1.5655115817080314E+000                  1.2045784728297612E+001                  6.9999999999903506E-001                  2.8000000000096509E-001                  1.9999999999999796E-002                  1.5371059167094711E-017                  0.0000000000000000E+000                  0.0000000000000000E+000 
                                     444                  9.8918649828982042E-001                  2.2085942353879992E-001                  5.5124339111610503E+000                 -1.5563326281594132E+000                  1.2061076070251223E+001                  6.9999999999903506E-001                  2.8000000000096509E-001                  1.9999999999999796E-002                  1.9399850218301347E-017                  0.0000000000000000E+000                  0.0000000000000000E+000 
                                     445                  9.8883787871479745E-001                  2.2030126516738655E-001                  5.5183047960449176E+000                 -1.5471528419812435E+000                  1.2076370010469919E+001                  6.9999999999903506E-001                  2.8000000000096509E-001                  1.9999999999999796E-002                  2.4464755425200294E-017                  0.0000000000000000E+000                  0.0000000000000000E+000 
                                     446                  9.8847843699768667E-001                  2.1973562523985563E-001                  5.5241805143023450E+000                 -1.5379721432389861E+000                  1.2091666608441612E+001                  6.9999999999903506E-001                  2.8000000000096509E-001                  1.9999999999999796E-002                  3.0827020110251188E-017                  0.0000000000000000E+000                  0.0000000000000000E+000 
                                     447                  9.8810785506590204E-001                  2.1916240250561578E-001                  5.5300610291512564E+000                 -1.5287904729951574E+000                  1.2106965920709708E+001                  6.9999999999903506E-001                  2.8000000000096509E-001                  1.9999999999999796E-002                  3.8812422335809811E-017                  0.0000000000000000E+000                  0.0000000000000000E+000 
                                     448                  9.8772580633850549E-001                  2.1858149439353156E-001                  5.5359463121521149E+000                 -1.5196077885154857E+000                  1.2122268000506955E+001                  6.9999999999903506E-001                  2.8000000000096509E-001                  1.9999999999999796E-002                  4.8826880306871296E-017                  0.0000000000000000E+000                  0.0000000000000000E+000 
                                     449                  9.8733195554807129E-001                  2.1799279698888632E-001                  5.5418363429678950E+000                 -1.5104240584842179E+000                  1.2137572897383196E+001                  6.9999999999903506E-001                  2.8000000000096509E-001                  1.9999999999999796E-002                  6.1375753896366422E-017                  0.0000000000000000E+000                  0.0000000000000000E+000 
                                     450                  9.8692595856248977E-001                  2.1739620501719858E-001                  5.5477311075801872E+000                 -1.5012392719165994E+000                  1.2152880656801882E+001                  6.9999999999903506E-001                  2.8000000000096509E-001                  1.9999999999999796E-002                  7.7087688911418945E-017                  0.0000000000000000E+000                  0.0000000000000000E+000 
                                     451                  9.8650746220794472E-001                  2.1679161181772513E-001                  5.5536305940949218E+000                 -1.4920534393753018E+000                  1.2168191319713555E+001                  6.9999999999903506E-001                  2.8000000000096509E-001                  1.9999999999999796E-002                  9.6744043695203411E-017                  0.0000000000000000E+000                  0.0000000000000000E+000 
                                     452                  9.8607610409236635E-001                  2.1617890931492317E-001                  5.5595347902159178E+000                 -1.4828665736187918E+000                  1.2183504922141450E+001                  6.9999999999903506E-001                  2.8000000000096509E-001                  1.9999999999999796E-002                  1.2131518547263691E-016                  0.0000000000000000E+000                  0.0000000000000000E+000 
                                     453                  9.8563151242893732E-001                  2.1555798801613293E-001                  5.5654436827288665E+000                 -1.4736786915151736E+000                  1.2198821494787982E+001                  6.9999999999903506E-001                  2.8000000000096509E-001                  1.9999999999999796E-002                  1.5200521859459753E-016                  0.0000000000000000E+000                  0.0000000000000000E+000 
                                     454                  9.8517330585987695E-001                  2.1492873700686563E-001                  5.5713572532136579E+000                 -1.4644898242603481E+000                  1.2214141062654463E+001                  6.9999999999903506E-001                  2.8000000000096509E-001                  1.9999999999999796E-002                  1.9030702642666458E-016                  0.0000000000000000E+000                  0.0000000000000000E+000 
                                     455                  9.8470109328120514E-001                  2.1429104393187764E-001                  5.5772754732736143E+000                 -1.4553000001888650E+000                  1.2229463644648252E+001                  6.9999999999903506E-001                  2.8000000000096509E-001                  1.9999999999999796E-002                  2.3806995764355735E-016                  0.0000000000000000E+000                  0.0000000000000000E+000 
                                     456                  9.8421447367009929E-001                  2.1364479500334851E-001                  5.5831983038934005E+000                 -1.4461092388280479E+000                  1.2244789253172140E+001                  6.9999999999903506E-001                  2.8000000000096509E-001                  1.9999999999999796E-002                  2.9758300542758509E-016                  0.0000000000000000E+000                  0.0000000000000000E+000 
                                     457                  9.8371303591428738E-001                  2.1298987502000502E-001                  5.5891256954081472E+000                 -1.4369175516300767E+000                  1.2260117893729747E+001                  6.9999999999903506E-001                  2.8000000000096509E-001                  1.9999999999999796E-002                  3.7167691931598879E-016                  0.0000000000000000E+000                  0.0000000000000000E+000 
                                     458                  9.8319635864271393E-001                  2.1232616738631380E-001                  5.5950575865906673E+000                 -1.4277249433997108E+000                  1.2275449564566522E+001                  6.9999999999903506E-001                  2.8000000000096509E-001                  1.9999999999999796E-002                  4.6384942727892187E-016                  0.0000000000000000E+000                  0.0000000000000000E+000 
                                     459                  9.8266401005750781E-001                  2.1165355413027306E-001                  5.6009939040144294E+000                 -1.4185314127547377E+000                  1.2290784256341372E+001                  6.9999999999903506E-001                  2.8000000000096509E-001                  1.9999999999999796E-002                  5.7841866113449606E-016                  0.0000000000000000E+000                  0.0000000000000000E+000 
                                     460                  9.8211554776795074E-001                  2.1097191592178979E-001                  5.6069345627853480E+000                 -1.4093369470589001E+000                  1.2306121951807715E+001                  6.9999999999903506E-001                  2.8000000000096509E-001                  1.9999999999999796E-002                  7.2071099334948748E-016                  0.0000000000000000E+000                  0.0000000000000000E+000 
                                     461                  9.8155051862775111E-001                  2.1028113210162080E-001                  5.6128794692525110E+000                 -1.4001415182369128E+000                  1.2321462625503653E+001                  6.9999999999903506E-001                  2.8000000000096509E-001                  1.9999999999999796E-002                  8.9729083144304775E-016                  0.0000000000000000E+000                  0.0000000000000000E+000 
                                     462                  9.8096845857499415E-001                  2.0958108071890577E-001                  5.6188285229299462E+000                 -1.3909450992542385E+000                  1.2336806243476838E+001                  6.9999999999903506E-001                  2.8000000000096509E-001                  1.9999999999999796E-002                  1.1162413982476568E-015                  0.0000000000000000E+000                  0.0000000000000000E+000 
                                     463                  9.8036889247408687E-001                  2.0887163854296295E-001                  5.6247816164566089E+000                 -1.3817476642633564E+000                  1.2352152763065044E+001                  6.9999999999903506E-001                  2.8000000000096509E-001                  1.9999999999999796E-002                  1.3875074947676700E-015                  0.0000000000000000E+000                  0.0000000000000000E+000 
                                     464                  9.7975133395935243E-001                  2.0815268107346011E-001                  5.6307386373579149E+000                 -1.3725491769975349E+000                  1.2367502132731691E+001                  6.9999999999903506E-001                  2.8000000000096509E-001                  1.9999999999999796E-002                  1.7233136952183034E-015                  0.0000000000000000E+000                  0.0000000000000000E+000 
                                     465                  9.7911528528073555E-001                  2.0742408256904485E-001                  5.6366994705405773E+000                 -1.3633496030022318E+000                  1.2382854291935267E+001                  6.9999999999903506E-001                  2.8000000000096509E-001                  1.9999999999999796E-002                  2.1386740112128955E-015                  0.0000000000000000E+000                  0.0000000000000000E+000 
                                     466                  9.7846023715275132E-001                  2.0668571605649905E-001                  5.6426639987434779E+000                 -1.3541489170869898E+000                  1.2398209171033869E+001                  6.9999999999903506E-001                  2.8000000000096509E-001                  1.9999999999999796E-002                  2.6520123740639119E-015                  0.0000000000000000E+000                  0.0000000000000000E+000 
                                     467                  9.7778566860595373E-001                  2.0593745332576427E-001                  5.6486321028134041E+000                 -1.3449470968992112E+000                  1.2413566691248182E+001                  6.9999999999903506E-001                  2.8000000000096509E-001                  1.9999999999999796E-002                  3.2859174764343093E-015                  0.0000000000000000E+000                  0.0000000000000000E+000 
                                     468                  9.7709104683998571E-001                  2.0517916493272545E-001                  5.6546036629436811E+000                 -1.3357441228262663E+000                  1.2428926764700588E+001                  6.9999999999903506E-001                  2.8000000000096509E-001                  1.9999999999999796E-002                  4.0680602679420118E-015                  0.0000000000000000E+000                  0.0000000000000000E+000 
                                     469                  9.7637582707721082E-001                  2.0441072019823991E-001                  5.6605785593821150E+000                 -1.3265399859330613E+000                  1.2444289294513869E+001                  6.9999999999903506E-001                  2.8000000000096509E-001                  1.9999999999999796E-002                  5.0323079686159809E-015                  0.0000000000000000E+000                  0.0000000000000000E+000 
                                     470                  9.7563945241892935E-001                  2.0363198719103925E-001                  5.6665566724240808E+000                 -1.3173346869850222E+000                  1.2459654174946129E+001                  6.9999999999903506E-001                  2.8000000000096509E-001                  1.9999999999999796E-002                  6.2200755198408764E-015                  0.0000000000000000E+000                  0.0000000000000000E+000 
                                     471                  9.7488135370427609E-001                  2.0284283270935277E-001                  5.6725378827198902E+000                 -1.3081282337409947E+000                  1.2475021291573283E+001                  6.9999999999903506E-001                  2.8000000000096509E-001                  1.9999999999999796E-002                  7.6819636865213490E-015                  0.0000000000000000E+000                  0.0000000000000000E+000 
                                     472                  9.7410094937054836E-001                  2.0204312226304674E-001                  5.6785220716783984E+000                 -1.2989206436977052E+000                  1.2490390521543869E+001                  6.9999999999903506E-001                  2.8000000000096509E-001                  1.9999999999999796E-002                  9.4797426857972173E-015                  0.0000000000000000E+000                  0.0000000000000000E+000 
                                     473                  9.7329764531328922E-001                  2.0123272004466652E-001                  5.6845091216321002E+000                 -1.2897119445895107E+000                  1.2505761733894532E+001                  6.9999999999903506E-001                  2.8000000000096509E-001                  1.9999999999999796E-002                  1.1688752053370706E-014                  0.0000000000000000E+000                  0.0000000000000000E+000 
                                     474                  9.7247083474824536E-001                  2.0041148889529220E-001                  5.6904989158392008E+000                 -1.2805021737241784E+000                  1.2521134789894983E+001                  6.9999999999903506E-001                  2.8000000000096509E-001                  1.9999999999999796E-002                  1.4400801419528562E-014                  0.0000000000000000E+000                  0.0000000000000000E+000 
                                     475                  9.7161989807578442E-001                  1.9957929026776400E-001                  5.6964913384981690E+000                 -1.2712913773491892E+000                  1.2536509543427323E+001                  6.9999999999903506E-001                  2.8000000000096509E-001                  1.9999999999999796E-002                  1.7727673560040897E-014                  0.0000000000000000E+000                  0.0000000000000000E+000 
                                     476                  9.7074420274640039E-001                  1.9873598418573946E-001                  5.7024862749552296E+000                 -1.2620796104607821E+000                  1.2551885841421502E+001                  6.9999999999903506E-001                  2.8000000000096509E-001                  1.9999999999999796E-002                  2.1805351007264022E-014                  0.0000000000000000E+000                  0.0000000000000000E+000 
                                     477                  9.6984310312573874E-001                  1.9788142919620541E-001                  5.7084836117693660E+000                 -1.2528669365103826E+000                  1.2567263524338289E+001                  6.9999999999903506E-001                  2.8000000000096509E-001                  1.9999999999999796E-002                  2.6799110896576220E-014                  0.0000000000000000E+000                  0.0000000000000000E+000 
                                     478                  9.6891594036077111E-001                  1.9701548231724064E-001                  5.7144832365001923E+000                 -1.2436534265927417E+000                  1.2582642426675623E+001                  6.9999999999903506E-001                  2.8000000000096509E-001                  1.9999999999999796E-002                  3.2909660620312808E-014                  0.0000000000000000E+000                  0.0000000000000000E+000 
                                     479                  9.6796204224757443E-001                  1.9613799898236256E-001                  5.7204850377297083E+000                 -1.2344391586951504E+000                  1.2598022377502957E+001                  6.9999999999903506E-001                  2.8000000000096509E-001                  1.9999999999999796E-002                  4.0380520491095242E-014                  0.0000000000000000E+000                  0.0000000000000000E+000 
                                     480                  9.6698072309917604E-001                  1.9524883297997536E-001                  5.7264889054101582E+000                 -1.2252242172361547E+000                  1.2613403201042010E+001                  6.9999999999903506E-001                  2.8000000000096509E-001                  1.9999999999999796E-002                  4.9506899096036771E-014                  0.0000000000000000E+000                  0.0000000000000000E+000 
                                     481                  9.6597128361193385E-001                  1.9434783638594569E-001                  5.7324947312281989E+000                 -1.2160086923301565E+000                  1.2628784717289308E+001                  6.9999999999903506E-001                  2.8000000000096509E-001                  1.9999999999999796E-002                  6.0646353466614639E-014                  0.0000000000000000E+000                  0.0000000000000000E+000 
                                     482                  9.6493301073136528E-001                  1.9343485949092451E-001                  5.7385024088893948E+000                 -1.2067926799755500E+000                  1.2644166742665478E+001                  6.9999999999903495E-001                  2.8000000000096509E-001                  2.0000000000000018E-002                  7.4231581227756174E-014                  0.0000000000000000E+000                  0.0000000000000000E+000 
                                     483                  9.6386517751732892E-001                  1.9250975072036694E-001                  5.7445118344160155E+000                 -1.1975762819011191E+000                  1.2659549090700239E+001                  6.9999999999903495E-001                  2.8000000000096509E-001                  2.0000000000000018E-002                  9.0785757670914396E-014                  0.0000000000000000E+000                  0.0000000000000000E+000 
                                     484                  9.6276704300637628E-001                  1.9157235654613639E-001                  5.7505229070507049E+000                 -1.1883596064110855E+000                  1.2674931572769307E+001                  6.9999999999903495E-001                  2.8000000000096514E-001                  1.9999999999999907E-002                  1.1094090942497483E-013                  0.0000000000000000E+000                  0.0000000000000000E+000 
                                     485                  9.6163785206973706E-001                  1.9062252138629790E-001                  5.7565355303719894E+000                 -1.1791427679844284E+000                  1.2690313998879599E+001                  6.9999999999903495E-001                  2.8000000000096514E-001                  1.9999999999999907E-002                  1.3545990759477281E-013                  0.0000000000000000E+000                  0.0000000000000000E+000 
                                     486                  9.6047683526710903E-001                  1.8966008749602098E-001                  5.7625496127423554E+000                 -1.1699258865192947E+000                  1.2705696178495170E+001                  6.9999999999903495E-001                  2.8000000000096514E-001                  1.9999999999999907E-002                  1.6526276788959931E-013                  0.0000000000000000E+000                  0.0000000000000000E+000 
                                     487                  9.5928320869517947E-001                  1.8868489484975431E-001                  5.7685650668782227E+000                 -1.1607090896847267E+000                  1.2721077921415944E+001                  6.9999999999903495E-001                  2.8000000000096514E-001                  1.9999999999999907E-002                  2.0145806922282011E-013                  0.0000000000000000E+000                  0.0000000000000000E+000 
                                     488                  9.5805617382800823E-001                  1.8769678100553944E-001                  5.7745818088765528E+000                 -1.1514925111097927E+000                  1.2736459038719827E+001                  6.9999999999903495E-001                  2.8000000000096514E-001                  1.9999999999999907E-002                  2.4538045472239892E-013                  0.0000000000000000E+000                  0.0000000000000000E+000 
                                     489                  9.5679491734794897E-001                  1.8669558095987090E-001                  5.7805997580054855E+000                 -1.1422762843581371E+000                  1.2751839343763118E+001                  6.9999999999903495E-001                  2.8000000000096514E-001                  1.9999999999999907E-002                  2.9863536221271137E-013                  0.0000000000000000E+000                  0.0000000000000000E+000 
                                     490                  9.5549861096610644E-001                  1.8568112700292391E-001                  5.7866188362777864E+000                 -1.1330605432005374E+000                  1.2767218653234623E+001                  6.9999999999903495E-001                  2.8000000000096514E-001                  1.9999999999999907E-002                  3.6315232027695516E-013                  0.0000000000000000E+000                  0.0000000000000000E+000 
                                     491                  9.5416641123059265E-001                  1.8465324855933679E-001                  5.7941823132153534E+000                 -1.1215360497685116E+000                  1.2786486589813839E+001                  6.9999999999903495E-001                  2.8000000000096514E-001                  1.9999999999999907E-002                  4.6372037949233923E-013                  0.0000000000000000E+000                  0.0000000000000000E+000 
                                     492                  9.5209892866075585E-001                  1.8308584259097194E-001                  5.8024413319491233E+000                 -1.1088708160738348E+000                  1.2807603347484358E+001                  6.9999999999903495E-001                  2.8000000000096514E-001                  1.9999999999999907E-002                  6.0480490034572990E-013                  0.0000000000000000E+000                  0.0000000000000000E+000 
                                     493                  9.5031071956180102E-001                  1.8175588022314770E-001                  5.8091998618925915E+000                 -1.0985090428471946E+000                  1.2824879015879734E+001                  6.9999999999903495E-001                  2.8000000000096514E-001                  1.9999999999999907E-002                  7.5077053107496633E-013                  0.0000000000000000E+000                  0.0000000000000000E+000 
                                     494                  9.4883614270574768E-001                  1.8067608388406758E-001                  5.8152231791490951E+000                 -1.0892972233260574E+000                  1.2840251278986591E+001                  6.9999999999903495E-001                  2.8000000000096514E-001                  1.9999999999999907E-002                  9.0945164919108852E-013                  0.0000000000000000E+000                  0.0000000000000000E+000 
                                     495                  9.4732145219227437E-001                  1.7958200835496674E-001                  5.8212471252235538E+000                 -1.0800864831623731E+000                  1.2855621616024385E+001                  6.9999999999903495E-001                  2.8000000000096514E-001                  1.9999999999999907E-002                  1.1007791989193907E-012                  0.0000000000000000E+000                  0.0000000000000000E+000 
                                     496                  9.4576571283394695E-001                  1.7847346316638785E-001                  5.8272716001359424E+000                 -1.0708768696926689E+000                  1.2870989897760882E+001                  6.9999999999903495E-001                  2.8000000000096514E-001                  1.9999999999999907E-002                  1.3312796504860138E-012                  0.0000000000000000E+000                  0.0000000000000000E+000 
                                     497                  9.4416797252795792E-001                  1.7735025372907215E-001                  5.8332965031645356E+000                 -1.0616684052013159E+000                  1.2886356008007541E+001                  6.9999999999903495E-001                  2.8000000000096514E-001                  1.9999999999999907E-002                  1.6087448313941472E-012                  0.0000000000000000E+000                  0.0000000000000000E+000 
                                     498                  9.4252726192059189E-001                  1.7621218112779255E-001                  5.8393217347674291E+000                 -1.0524610991706818E+000                  1.2901719844885852E+001                  6.9999999999903495E-001                  2.8000000000096514E-001                  1.9999999999999907E-002                  1.9424693879386105E-012                  0.0000000000000000E+000                  0.0000000000000000E+000 
                                     499                  9.4084259405067261E-001                  1.7505904187138269E-001                  5.8453471977017033E+000                 -1.0432549469840819E+000                  1.2917081322077260E+001                  6.9999999999903495E-001                  2.8000000000096514E-001                  1.9999999999999907E-002                  2.3435313307944238E-012                  0.0000000000000000E+000                  0.0000000000000000E+000 
                                     500                  9.3911296396864263E-001                  1.7389062763080004E-001                  5.8513728017737581E+000                 -1.0340499214299685E+000                  1.2932440370003620E+001                  6.9999999999903495E-001                  2.8000000000096514E-001                  1.9999999999999907E-002                  2.8251235369873023E-012                  0.0000000000000000E+000                  0.0000000000000000E+000 
                                     501                  9.3733734834386184E-001                  1.7270672499405940E-001                  5.8573984688205885E+000                 -1.0248459874224225E+000                  1.2947796936866496E+001                  6.9999999999903495E-001                  2.8000000000096514E-001                  1.9999999999999907E-002                  3.4029449385197845E-012                  0.0000000000000000E+000                  0.0000000000000000E+000 
                                     502                  9.3551470506290835E-001                  1.7150711517726847E-001                  5.8634241335609678E+000                 -1.0156431074635746E+000                  1.2963150989571844E+001                  6.9999999999903495E-001                  2.8000000000096514E-001                  1.9999999999999907E-002                  4.0956615865439271E-012                  0.0000000000000000E+000                  0.0000000000000000E+000 
                                     503                  9.3364397281325462E-001                  1.7029157371009784E-001                  5.8694497479667422E+000                 -1.0064412476214468E+000                  1.2978502514559016E+001                  6.9999999999903495E-001                  2.8000000000096514E-001                  1.9999999999999907E-002                  4.9254503132552631E-012                  0.0000000000000000E+000                  0.0000000000000000E+000 
                                     504                  9.3172407065555718E-001                  1.6905987009467172E-001                  5.8754752895029645E+000                 -9.9724038211594102E-001                  1.2993851518464158E+001                  6.9999999999903495E-001                  2.8000000000096514E-001                  1.9999999999999907E-002                  5.9186398867146585E-012                  0.0000000000000000E+000                  0.0000000000000000E+000 
                                     505                  9.2975389760139504E-001                  1.6781176745050536E-001                  5.8815007642931318E+000                 -9.8804049295595364E-001                  1.3009198028574286E+001                  6.9999999999903495E-001                  2.8000000000096514E-001                  1.9999999999999907E-002                  7.1064658103263383E-012                  0.0000000000000000E+000                  0.0000000000000000E+000 
                                     506                  9.2773233219665141E-001                  1.6654702215750505E-001                  5.8875262035368223E+000                 -9.7884158355728235E-001                  1.3024542093118692E+001                  6.9999999999903495E-001                  2.8000000000096514E-001                  1.9999999999999907E-002                  8.5259571742242695E-012                  0.0000000000000000E+000                  0.0000000000000000E+000 
                                     507                  9.2565823210573184E-001                  1.6526538345119410E-001                  5.8935516561216632E+000                 -9.6964368460884554E-001                  1.3039883781425628E+001                  6.9999999999903495E-001                  2.8000000000096514E-001                  1.9999999999999907E-002                  1.0220977824248380E-011                  0.0000000000000000E+000                  0.0000000000000000E+000 
                                     508                  9.2353043370185317E-001                  1.6396659299180213E-001                  5.8995771849988783E+000                 -9.6044681716352409E-001                  1.3055223183902147E+001                  6.9999999999903495E-001                  2.8000000000096514E-001                  1.9999999999999907E-002                  1.2243450299185591E-011                  0.0000000000000000E+000                  0.0000000000000000E+000 
                                     509                  9.2134775167718841E-001                  1.6265038454246389E-001                  5.9056028668860057E+000                 -9.5125099180871664E-001                  1.3070560411793151E+001                  6.9999999999903495E-001                  2.8000000000096514E-001                  1.9999999999999907E-002                  1.4654792612692298E-011                  0.0000000000000000E+000                  0.0000000000000000E+000 
                                     510                  9.1910897867658159E-001                  1.6131648365519333E-001                  5.9116287810309656E+000                 -9.4205621108397519E-001                  1.3085895596763809E+001                  6.9999999999903495E-001                  2.8000000000096514E-001                  1.9999999999999907E-002                  1.7527598739297496E-011                  0.0000000000000000E+000                  0.0000000000000000E+000 
                                     511                  9.1681288494929991E-001                  1.5996460734956283E-001                  5.9176549961292464E+000                 -9.3286244934257645E-001                  1.3101228890370995E+001                  6.9999999999903495E-001                  2.8000000000096514E-001                  1.9999999999999907E-002                  2.0947604165540964E-011                  0.0000000000000000E+000                  0.0000000000000000E+000 
                                     512                  9.1445821801468830E-001                  1.5859446385066639E-001                  5.9236815685799860E+000                 -9.2366964552363640E-001                  1.3116560463402728E+001                  6.9999999999903495E-001                  2.8000000000096514E-001                  1.9999999999999907E-002                  2.5015988190583294E-011                  0.0000000000000000E+000                  0.0000000000000000E+000 
                                     513                  9.1204370235740662E-001                  1.5720575235828754E-001                  5.9297085477875200E+000                 -9.1447768854817080E-001                  1.3131890505032835E+001                  6.9999999999903495E-001                  2.8000000000096514E-001                  1.9999999999999907E-002                  2.9852071149133380E-011                  0.0000000000000000E+000                  0.0000000000000000E+000 
                                     514                  9.0956803916128215E-001                  1.5579816287672862E-001                  5.9357359825974010E+000                 -9.0528643471053605E-001                  1.3147219221816306E+001                  6.9999999999903495E-001                  2.8000000000096514E-001                  1.9999999999999907E-002                  3.5596468630865458E-011                  0.0000000000000000E+000                  0.0000000000000000E+000 
                                     515                  9.0702990607439216E-001                  1.5437137599799472E-001                  5.9417639223644798E+000                 -8.9609572786326486E-001                  1.3162546836635396E+001                  6.9999999999903495E-001                  2.8000000000096514E-001                  1.9999999999999907E-002                  4.2414773295303357E-011                  0.0000000000000000E+000                  0.0000000000000000E+000 
                                     516                  9.0442795698927014E-001                  1.5292506261330524E-001                  5.9477924185146875E+000                 -8.8690539233555055E-001                  1.3177873587613387E+001                  6.9999999999903495E-001                  2.8000000000096514E-001                  1.9999999999999907E-002                  5.0501856226063432E-011                  0.0000000000000000E+000                  0.0000000000000000E+000 
                                     517                  9.0176082185804474E-001                  1.5145888364909807E-001                  5.9538215327715518E+000                 -8.7771523453186462E-001                  1.3193199726916911E+001                  6.9999999999903495E-001                  2.8000000000096514E-001                  1.9999999999999907E-002                  6.0086896415627769E-011                  0.0000000000000000E+000                  0.0000000000000000E+000 
                                     518                  8.9902710655584750E-001                  1.4997248980515540E-001                  5.9598513426278430E+000                 -8.6852506487538839E-001                  1.3208525519453543E+001                  6.9999999999903495E-001                  2.8000000000096514E-001                  1.9999999999999907E-002                  7.1439248249045968E-011                  0.0000000000000000E+000                  0.0000000000000000E+000 
                                     519                  8.9622539278807822E-001                  1.4846552121881570E-001                  5.9658819401918102E+000                 -8.5933470047539229E-001                  1.3223851241582365E+001                  6.9999999999903495E-001                  2.8000000000096514E-001                  1.9999999999999907E-002                  8.4875278275250278E-011                  0.0000000000000000E+000                  0.0000000000000000E+000 
                                     520                  8.9335423801728697E-001                  1.4693760710112883E-001                  5.9719134300437506E+000                 -8.5014396620817390E-001                  1.3239177179870222E+001                  6.9999999999903495E-001                  2.8000000000096514E-001                  1.9999999999999907E-002                  1.0076632960154363E-010                  0.0000000000000000E+000                  0.0000000000000000E+000 
                                     521                  8.9041217542764572E-001                  1.4538836535753757E-001                  5.9779459277161582E+000                 -8.4095269032404274E-001                  1.3254503629817208E+001                  6.9999999999903495E-001                  2.8000000000096514E-001                  1.9999999999999907E-002                  1.1954799832254686E-010                  0.0000000000000000E+000                  0.0000000000000000E+000 
                                     522                  8.8739771394313494E-001                  1.4381740221871178E-001                  5.9855206294473868E+000                 -8.2946511369888587E-001                  1.3273693834656420E+001                  6.9999999999903495E-001                  2.8000000000096514E-001                  1.9999999999999907E-002                  1.4799292194198082E-010                  0.0000000000000000E+000                  0.0000000000000000E+000 
                                     523                  8.8273695256983542E-001                  1.4141925200842437E-001                  5.9930328570838904E+000                 -8.1797156254705994E-001                  1.3292823930710222E+001                  6.9999999999903495E-001                  2.8000000000096514E-001                  1.9999999999999907E-002                  1.8272057295943641E-010                  0.0000000000000000E+000                  0.0000000000000000E+000 
                                     524                  8.7953481196248839E-001                  1.3979217962116944E-001                  5.9975413134851205E+000                 -8.1107406591565678E-001                  1.3304303741810406E+001                  6.9999999999903495E-001                  2.8000000000096514E-001                  1.9999999999999907E-002                  2.0725015069125957E-010                  0.0000000000000000E+000                  0.0000000000000000E+000 
                                     525                  8.7790466329934058E-001                  1.3896999038482946E-001                  6.0013229428446859E+000                 -8.0532761631631389E-001                  1.3313893693444379E+001                  6.9999999999903495E-001                  2.8000000000096514E-001                  1.9999999999999907E-002                  2.3025429595282773E-010                  4.0992273071120550E-036                  0.0000000000000000E+000 
                                     526                  8.7542253287769456E-001                  1.3772570016196989E-001                  6.0066182774194861E+000                 -7.9728191578293883E-001                  1.3327320715957633E+001                  6.9999999999903495E-001                  2.8000000000096514E-001                  1.9999999999999907E-002                  2.6669310525723757E-010                  7.1915220015124837E-036                  0.0000000000000000E+000 
                                     527                  8.7204307494665478E-001                  1.3604579942067691E-001                  6.0126590422498696E+000                 -7.8808423980484299E-001                  1.3342656155757190E+001                  6.9999999999903495E-001                  2.8000000000096514E-001                  1.9999999999999907E-002                  3.1515594144312130E-010                  1.3619033184266033E-035                  0.0000000000000000E+000 
                                     528                  8.6858217992024167E-001                  1.3434166712605883E-001                  6.0187016505211286E+000                 -7.7888484838903504E-001                  1.3357994236532390E+001                  6.9999999999903495E-001                  2.8000000000096514E-001                  1.9999999999999907E-002                  3.7217757612649561E-010                  2.5721801641029778E-035                  0.0000000000000000E+000 
                                     529                  8.6503819723110009E-001                  1.3261282046459402E-001                  6.0247462100418980E+000                 -7.6968355059796023E-001                  1.3373335279563772E+001                  6.9999999999903495E-001                  2.8000000000096514E-001                  1.9999999999999907E-002                  4.3922632049016230E-010                  4.8450215521182325E-035                  0.0000000000000000E+000 
                                     530                  8.6140945393940804E-001                  1.3085876180074649E-001                  6.0307928237229849E+000                 -7.6048014898700733E-001                  1.3388679604131839E+001                  6.9999999999903495E-001                  2.8000000000096514E-001                  1.9999999999999907E-002                  5.1801501520217158E-010                  9.1020356730096555E-035                  0.0000000000000000E+000 
                                     531                  8.5769425523864384E-001                  1.2907897821318493E-001                  6.0368415900638563E+000                 -7.5127444322807324E-001                  1.3404027526350117E+001                  6.9999999999903495E-001                  2.8000000000096514E-001                  1.9999999999999907E-002                  6.1054052719814987E-010                  1.7054493543023181E-034                  0.0000000000000000E+000 
                                     532                  8.5389088504893440E-001                  1.2727294100371814E-001                  6.0428926029307481E+000                 -7.4206623244975312E-001                  1.3419379357994575E+001                  6.9999999999903484E-001                  2.8000000000096514E-001                  2.0000000000000018E-002                  7.1912941697731524E-010                  3.1871703899387339E-034                  0.0000000000000000E+000 
                                     533                  8.4999760668638302E-001                  1.2544010517384505E-001                  6.0489459519808468E+000                 -7.3285531499302392E-001                  1.3434735405389162E+001                  6.9999999999903484E-001                  2.8000000000096520E-001                  2.0000000000000018E-002                  8.4649072955162539E-010                  5.9408189272357881E-034                  0.0000000000000000E+000 
                                     534                  8.4601266359993810E-001                  1.2357990887165546E-001                  6.0550017240660212E+000                 -7.2364149104981723E-001                  1.3450095968363627E+001                  6.9999999999903484E-001                  2.8000000000096520E-001                  2.0000000000000018E-002                  9.9577699183134136E-010                  1.1045112297866684E-033                  0.0000000000000000E+000 
                                     535                  8.4193428018151173E-001                  1.2169177279579552E-001                  6.0610600037523588E+000                 -7.1442456625361905E-001                  1.3465461339232768E+001                  6.9999999999903484E-001                  2.8000000000096520E-001                  2.0000000000000018E-002                  1.1706546207053615E-009                  2.0482584895991059E-033                  0.0000000000000000E+000 
                                     536                  8.3776066267671667E-001                  1.1977509956009449E-001                  6.0671208730603450E+000                 -7.0520435161624095E-001                  1.3480831801762738E+001                  6.9999999999903484E-001                  2.8000000000096520E-001                  2.0000000000000018E-002                  1.3753851474577860E-009                  3.7887681218310107E-033                  0.0000000000000000E+000 
                                     537                  8.3349000019805941E-001                  1.1782927303018773E-001                  6.0731844117589402E+000                 -6.9598066346318432E-001                  1.3496207630183946E+001                  6.9999999999903484E-001                  2.8000000000096520E-001                  2.0000000000000018E-002                  1.6149188906501651E-009                  6.9906502538391351E-033                  0.0000000000000000E+000 
                                     538                  8.2912046581724241E-001                  1.1585365761696731E-001                  6.0792506976354002E+000                 -6.8675332638792563E-001                  1.3511589088307309E+001                  6.9999999999903484E-001                  2.8000000000096520E-001                  2.0000000000000018E-002                  1.8950028992485654E-009                  1.2866217503965245E-032                  0.0000000000000000E+000 
                                     539                  8.2465021773470581E-001                  1.1384759750775034E-001                  6.0853198063794993E+000                 -6.7752217404682613E-001                  1.3526976428705204E+001                  6.9999999999903484E-001                  2.8000000000096520E-001                  2.0000000000000018E-002                  2.2223052663820540E-009                  2.3621380672068450E-032                  0.0000000000000000E+000 
                                     540                  8.2007740055520983E-001                  1.1181041585214621E-001                  6.0913918119712465E+000                 -6.6828704924920679E-001                  1.3542369891896175E+001                  6.9999999999903484E-001                  2.8000000000096520E-001                  2.0000000000000018E-002                  2.6045582493300555E-009                  4.3260137916029573E-032                  0.0000000000000000E+000 
                                     541                  8.1540014668404004E-001                  1.0974141390692474E-001                  6.0974667872029977E+000                 -6.5904780601149360E-001                  1.3557769705578421E+001                  6.9999999999903484E-001                  2.8000000000096520E-001                  2.0000000000000018E-002                  3.0507229271673498E-009                  7.9032510192483672E-032                  0.0000000000000000E+000 
                                     542                  8.1061657781319141E-001                  1.0763987011090075E-001                  6.1035448036815847E+000                 -6.4980431063631461E-001                  1.3573176083988757E+001                  6.9999999999903484E-001                  2.8000000000096520E-001                  2.0000000000000018E-002                  3.5711785015845914E-009                  1.4403425804376268E-031                  0.0000000000000000E+000 
                                     543                  8.0572480648857348E-001                  1.0550503908407319E-001                  6.1096259320281785E+000                 -6.4055644205264073E-001                  1.3588589227363055E+001                  6.9999999999903484E-001                  2.8000000000096520E-001                  2.0000000000000018E-002                  4.1779398459119486E-009                  2.6186336464575990E-031                  0.0000000000000000E+000 
                                     544                  8.0072293778453241E-001                  1.0333615055962539E-001                  6.1157102423465908E+000                 -6.3130409273115240E-001                  1.3604009321432224E+001                  6.9999999999903484E-001                  2.8000000000096520E-001                  2.0000000000000018E-002                  4.8849073870377289E-009                  4.7494058548141735E-031                  0.0000000000000000E+000 
                                     545                  7.9560907110639634E-001                  1.0113240824791811E-001                  6.1217978043030694E+000                 -6.2204716947827521E-001                  1.3619436536984034E+001                  6.9999999999903484E-001                  2.8000000000096520E-001                  2.0000000000000018E-002                  5.7081539117529593E-009                  8.5934191480437499E-031                  0.0000000000000000E+000 
                                     546                  7.9038130208966362E-001                  9.8892988611728752E-002                  6.1278886863633888E+000                 -6.1278559371534658E-001                  1.3634871029565442E+001                  6.9999999999903484E-001                  2.8000000000096520E-001                  2.0000000000000018E-002                  6.6662534789584878E-009                  1.5511768944418537E-030                  0.0000000000000000E+000 
                                     547                  7.8503772458304288E-001                  9.6617039541864402E-002                  6.1339829541021702E+000                 -6.0351930026415379E-001                  1.3650312939307780E+001                  6.9999999999903495E-001                  2.8000000000096520E-001                  1.9999999999999796E-002                  7.7806583153633882E-009                  2.7933897288515166E-030                  0.0000000000000000E+000 
                                     548                  7.7957643274049693E-001                  9.4303678943676292E-002                  6.1400806690675358E+000                 -5.9424823494844270E-001                  1.3665762390812123E+001                  6.9999999999903495E-001                  2.8000000000096520E-001                  1.9999999999999796E-002                  9.0761305994634393E-009                  5.0186005423080168E-030                  0.0000000000000000E+000 
                                     549                  7.7399552324285292E-001                  9.1951993241367019E-002                  6.1461818882197825E+000                 -5.8497235448502860E-001                  1.3681219493112931E+001                  6.9999999999903495E-001                  2.8000000000096520E-001                  1.9999999999999796E-002                  1.0581236807105725E-008                  8.9953982159541049E-030                  0.0000000000000000E+000 
                                     550                  7.6829309762083453E-001                  8.9561035767275934E-002                  6.1522866616270520E+000                 -5.7569162551382080E-001                  1.3696684339782401E+001                  6.9999999999903495E-001                  2.8000000000096520E-001                  1.9999999999999796E-002                  1.2328912845677914E-008                  1.6086081687470491E-029                  0.0000000000000000E+000 
                                     551                  7.6246726466625614E-001                  8.7129825025190705E-002                  6.1583950302692836E+000                 -5.6640602047459598E-001                  1.3712157009150163E+001                  6.9999999999903495E-001                  2.8000000000096520E-001                  1.9999999999999796E-002                  1.4357109980635526E-008                  2.8699695502550708E-029                  0.0000000000000000E+000 
                                     552                  7.5651614296266545E-001                  8.4657342848370509E-002                  6.1645070258192689E+000                 -5.5711551662579450E-001                  1.3727637564579418E+001                  6.9999999999903495E-001                  2.8000000000096520E-001                  1.9999999999999796E-002                  1.6709533040310538E-008                  5.1086490845885177E-029                  0.0000000000000000E+000 
                                     553                  7.5043786354901387E-001                  8.2142532430193635E-002                  6.1706226707467238E+000                 -5.4782009587283076E-001                  1.3743126054818241E+001                  6.9999999999903495E-001                  2.8000000000096520E-001                  1.9999999999999796E-002                  1.9436483308029157E-008                  9.0727896454635302E-029                  0.0000000000000000E+000 
                                     554                  7.4423057269437698E-001                  7.9584296200930202E-002                  6.1767419783340891E+000                 -5.3851974453733731E-001                  1.3758622514468207E+001                  6.9999999999903495E-001                  2.8000000000096520E-001                  1.9999999999999796E-002                  2.2595820233484878E-008                  1.6076275734685445E-028                  0.0000000000000000E+000 
                                     555                  7.3789243477693756E-001                  7.6981493534055104E-002                  6.1828649528477140E+000                 -5.2921445300017333E-001                  1.3774126964532643E+001                  6.9999999999903495E-001                  2.8000000000096520E-001                  1.9999999999999796E-002                  2.6254058099447789E-008                  2.8421262403474398E-028                  0.0000000000000000E+000 
                                     556                  7.3142163530662074E-001                  7.4332938283515573E-002                  6.1889915905136146E+000                 -5.1990421487599237E-001                  1.3789639413000350E+001                  6.9999999999903495E-001                  2.8000000000096520E-001                  1.9999999999999796E-002                  3.0487616263214666E-008                  5.0132313359340649E-028                  0.0000000000000000E+000 
                                     557                  7.2481638409482851E-001                  7.1637396139329498E-002                  6.1951218812475020E+000                 -5.1058902827251573E-001                  1.3805159855490308E+001                  6.9999999999903484E-001                  2.8000000000096520E-001                  2.0000000000000018E-002                  3.5384243738891122E-008                  8.8229026107041091E-028                  0.0000000000000000E+000 
                                     558                  7.1807491855628736E-001                  6.8893581763679615E-002                  6.2012558096817791E+000                 -5.0126889760741722E-001                  1.3820688275972646E+001                  6.9999999999903484E-001                  2.8000000000096525E-001                  1.9999999999999907E-002                  4.1044640720323230E-008                  1.5492706060238508E-027                  0.0000000000000000E+000 
                                     559                  7.1119550715471158E-001                  6.6100155686767734E-002                  6.2073933557360981E+000                 -4.9194383255792035E-001                  1.3836224647526231E+001                  6.9999999999903484E-001                  2.8000000000096525E-001                  1.9999999999999907E-002                  4.7584303418744910E-008                  2.7143612793443496E-027                  0.0000000000000000E+000 
                                     560                  7.0417645302643073E-001                  6.3255720970646190E-002                  6.2135344959179459E+000                 -4.8261384759176246E-001                  1.3851768933109595E+001                  6.9999999999903484E-001                  2.8000000000096525E-001                  1.9999999999999907E-002                  5.5135622564212600E-008                  4.7449864832010631E-027                  0.0000000000000000E+000 
                                     561                  6.9701609778251494E-001                  6.0358819612560045E-002                  6.2196792044126008E+000                 -4.7327896417919146E-001                  1.3867321086370536E+001                  6.9999999999903484E-001                  2.8000000000096525E-001                  1.9999999999999907E-002                  6.3850268132111489E-008                  8.2762111428983262E-027                  0.0000000000000000E+000 
                                     562                  6.8971282548312907E-001                  5.7407928638986111E-002                  6.2258274535101839E+000                 -4.6393921028447921E-001                  1.3882881052488427E+001                  6.9999999999903484E-001                  2.8000000000096525E-001                  1.9999999999999907E-002                  7.3901897683634792E-008                  1.4403221542808669E-026                  0.0000000000000000E+000 
                                     563                  6.8226506681540733E-001                  5.4401455888642682E-002                  6.2319792143349080E+000                 -4.5459461891333874E-001                  1.3898448769011070E+001                  6.9999999999903484E-001                  2.8000000000096525E-001                  1.9999999999999907E-002                  8.5489231451001498E-008                  2.5010444844370616E-026                  0.0000000000000000E+000 
                                     564                  6.7467130349989568E-001                  5.1337735467025830E-002                  6.2381344576228157E+000                 -4.4524522936153832E-001                  1.3914024166687389E+001                  6.9999999999903484E-001                  2.8000000000096525E-001                  1.9999999999999907E-002                  9.8839541075738939E-008                  4.3333031291425596E-026                  0.0000000000000000E+000 
                                     565                  6.6693007292431172E-001                  4.8215022815103474E-002                  6.2442931541180551E+000                 -4.3589108718296271E-001                  1.3929607170310629E+001                  6.9999999999903484E-001                  2.8000000000096525E-001                  1.9999999999999907E-002                  1.1421260525438160E-007                  7.4912588590906426E-026                  0.0000000000000000E+000 
                                     566                  6.5903997302085526E-001                  4.5031489364083153E-002                  6.2489011791004714E+000                 -4.2886067198814204E-001                  1.3941297511272904E+001                  6.9999999999903484E-001                  2.8000000000096525E-001                  1.9999999999999907E-002                  1.2721699643676580E-007                  1.1265597811038852E-025                  0.0000000000000000E+000 
                                     567                  6.5503867674496585E-001                  4.3416380980250427E-002                  6.2519831429616151E+000                 -4.2417993880478572E-001                  1.3949094841868183E+001                  6.9999999999903484E-001                  2.8000000000096525E-001                  1.9999999999999907E-002                  1.3669768878875711E-007                  1.4787880982932487E-025                  0.0000000000000000E+000 
                                     568                  6.5099966743156135E-001                  4.1785342305776768E-002                  6.2550659545568825E+000                 -4.1949805001658458E-001                  1.3956894025239055E+001                  6.9999999999903484E-001                  2.8000000000096525E-001                  1.9999999999999907E-002                  1.4686506590900011E-007                  1.9400745970375895E-025                  0.0000000000000000E+000 
                                     569                  6.4692278920054658E-001                  4.0138118525044508E-002                  6.2581496105138958E+000                 -4.1481501320929820E-001                  1.3964695050328285E+001                  6.9999999999903484E-001                  2.8000000000096525E-001                  1.9999999999999907E-002                  1.5776737631740799E-007                  2.5438528032140836E-025                  0.0000000000000000E+000 
                                     570                  6.4280789097915814E-001                  3.8474448398831254E-002                  6.2612341075368914E+000                 -4.1013083625908531E-001                  1.3972497905888051E+001                  6.9999999999903484E-001                  2.8000000000096525E-001                  1.9999999999999907E-002                  1.6945615028638120E-007                  3.3337028411326607E-025                  0.0000000000000000E+000 
                                     571                  6.3865482669079876E-001                  3.6794064038076349E-002                  6.2643194424002804E+000                 -4.0544552728748184E-001                  1.3980302580501165E+001                  6.9999999999903484E-001                  2.8000000000096525E-001                  1.9999999999999907E-002                  1.8198641540168623E-007                  4.3663992702774873E-025                  0.0000000000000000E+000 
                                     572                  6.3446345545002758E-001                  3.5096690668288057E-002                  6.2674056119256418E+000                 -4.0075909461140269E-001                  1.3988109062600723E+001                  6.9999999999903484E-001                  2.8000000000096525E-001                  1.9999999999999907E-002                  1.9541692569984999E-007                  5.7158648973988520E-025                  0.0000000000000000E+000 
                                     573                  6.3023364176398533E-001                  3.3382046384086206E-002                  6.2704926129696821E+000                 -3.9607154673231659E-001                  1.3995917340488038E+001                  6.9999999999903484E-001                  2.8000000000096525E-001                  1.9999999999999907E-002                  2.0981040526860350E-007                  7.4782970018520091E-025                  0.0000000000000000E+000 
                                     574                  6.2596525574052420E-001                  3.1649841893300938E-002                  6.2735804424280159E+000                 -3.9138289232485041E-001                  1.4003727402348982E+001                  6.9999999999903484E-001                  2.8000000000096525E-001                  1.9999999999999907E-002                  2.2523380723466731E-007                  9.7788099398082927E-025                  0.0000000000000000E+000 
                                     575                  6.2165817330320206E-001                  2.9899780249981276E-002                  6.2766690972397781E+000                 -3.8669314022551643E-001                  1.4011539236269581E+001                  6.9999999999903484E-001                  2.8000000000096525E-001                  1.9999999999999907E-002                  2.4175858902857146E-007                  1.2780037993693127E-024                  0.0000000000000000E+000 
                                     576                  6.1731227641250974E-001                  2.8131556575402696E-002                  6.2797585743921003E+000                 -3.8200229942179820E-001                  1.4019352830251385E+001                  6.9999999999903484E-001                  2.8000000000096525E-001                  1.9999999999999907E-002                  2.5946100489669429E-007                  1.6693270596679035E-024                  0.0000000000000000E+000 
                                     577                  6.1292745329386755E-001                  2.6344857766497559E-002                  6.2828488709175803E+000                 -3.7731037905065823E-001                  1.4027168172225787E+001                  6.9999999999903484E-001                  2.8000000000096525E-001                  1.9999999999999907E-002                  2.7842241665657982E-007                  2.1792857363684582E-024                  0.0000000000000000E+000 
                                     578                  6.0850359867333026E-001                  2.4539362191348116E-002                  6.2859399838578138E+000                 -3.7261738840774894E-001                  1.4034985250066505E+001                  6.9999999999903484E-001                  2.8000000000096525E-001                  1.9999999999999907E-002                  2.9872962362331507E-007                  2.8434832829307025E-024                  0.0000000000000000E+000 
                                     579                  6.0404061402141540E-001                  2.2714739370944523E-002                  6.2890319102224703E+000                 -3.6792333683961437E-001                  1.4042804051600172E+001                  6.9999999999903484E-001                  2.8000000000096525E-001                  1.9999999999999907E-002                  3.2047521303904819E-007                  3.7080983593782585E-024                  0.0000000000000000E+000 
                                     580                  5.9953840780536494E-001                  2.0870649647029154E-002                  6.2921246469813834E+000                 -3.6322823370248797E-001                  1.4050624564614688E+001                  6.9999999999903484E-001                  2.8000000000096525E-001                  1.9999999999999907E-002                  3.4375793234034823E-007                  4.8329931274125875E-024                  0.0000000000000000E+000 
                                     581                  5.9499689575056658E-001                  1.9006743835088151E-002                  6.2952181910660894E+000                 -3.5853208835837880E-001                  1.4058446776864606E+001                  6.9999999999903484E-001                  2.8000000000096525E-001                  1.9999999999999907E-002                  3.6868308448047648E-007                  6.2957254530430135E-024                  0.0000000000000000E+000 
                                     582                  5.9041600111197856E-001                  1.7122662861724071E-002                  6.2983125393710546E+000                 -3.5383491017159102E-001                  1.4066270676075733E+001                  6.9999999999903473E-001                  2.8000000000096531E-001                  2.0000000000000018E-002                  3.9536294762700260E-007                  8.1967248993504200E-024                  0.0000000000000000E+000 
                                     583                  5.8579565495277297E-001                  1.5218037384204830E-002                  6.3014076887547370E+000                 -3.4913670850729034E-001                  1.4074096249950719E+001                  6.9999999999903473E-001                  2.8000000000096531E-001                  2.0000000000000018E-002                  4.2391722069076905E-007                  1.0665966496040946E-023                  0.0000000000000000E+000 
                                     584                  5.8113579643168534E-001                  1.3292487391655212E-002                  6.3045036360251920E+000                 -3.4443749280130376E-001                  1.4081923486174016E+001                  6.9999999999903473E-001                  2.8000000000096531E-001                  2.0000000000000018E-002                  4.5447349600049514E-007                  1.3871570933897320E-023                  0.0000000000000000E+000 
                                     585                  5.7643637310004070E-001                  1.1345621786765079E-002                  6.3076003779087086E+000                 -3.3973727253319941E-001                  1.4089752372415566E+001                  6.9999999999903473E-001                  2.8000000000096531E-001                  2.0000000000000018E-002                  4.8716776080598659E-007                  1.8030881158198988E-023                  0.0000000000000000E+000 
                                     586                  5.7169734120886462E-001                  9.3770379473169709E-003                  6.3106979110325341E+000                 -3.3503605710543155E-001                  1.4097582896333462E+001                  6.9999999999903473E-001                  2.8000000000096531E-001                  2.0000000000000018E-002                  5.2214492957843327E-007                  2.3424720816691044E-023                  0.0000000000000000E+000 
                                     587                  5.6691866602638852E-001                  7.3863212667402683E-003                  6.3137962319239449E+000                 -3.3033385583658498E-001                  1.4105415045574063E+001                  6.9999999999903473E-001                  2.8000000000096531E-001                  2.0000000000000018E-002                  5.5955940872117120E-007                  3.0415738054311310E-023                  0.0000000000000000E+000 
                                     588                  5.6210032216797257E-001                  5.3730446725967921E-003                  6.3168953370094432E+000                 -3.2563067796246009E-001                  1.4113248807770237E+001                  6.9999999999903473E-001                  2.8000000000096531E-001                  2.0000000000000018E-002                  5.9957569556332527E-007                  3.9471992387800172E-023                  0.0000000000000000E+000 
                                     589                  5.5724229393681268E-001                  3.3367681207337259E-003                  6.3199952226143985E+000                 -3.2092653263643550E-001                  1.4121084170540595E+001                  6.9999999999903473E-001                  2.8000000000096531E-001                  2.0000000000000018E-002                  6.4236901364729466E-007                  5.1197266788674944E-023                  0.0000000000000000E+000 
                                     590                  5.5234457567405770E-001                  1.2770380628726059E-003                  6.3230958849607184E+000                 -3.1622142896831146E-001                  1.4128921121490203E+001                  6.9999999999903473E-001                  2.8000000000096531E-001                  2.0000000000000018E-002                  6.8812598631389850E-007                  6.6370001123298458E-023                  0.0000000000000000E+000 
                                     591                  5.4740717212020162E-001                 -8.0661311360631475E-004                  6.3261973201545834E+000                 -3.1151537613543306E-001                  1.4136759648211308E+001                  6.9999999999903473E-001                  2.8000000000096531E-001                  2.0000000000000018E-002                  7.3704535060524238E-007                  8.5993272406798899E-023                  0.0000000000000000E+000 
                                     592                  5.4243009878829906E-001                 -2.9146676756826393E-003                  6.3292995241744086E+000                 -3.0680838324059934E-001                  1.4144599738284196E+001                  6.9999999999903473E-001                  2.8000000000096531E-001                  2.0000000000000018E-002                  7.8933871439972082E-007                  1.1135891960162169E-022                  0.0000000000000000E+000 
                                     593                  5.3741338234942115E-001                 -5.0476231652673790E-003                  6.3324024928690648E+000                 -3.0210045926703938E-001                  1.4152441379277898E+001                  6.9999999999903473E-001                  2.8000000000096531E-001                  2.0000000000000018E-002                  8.4523135891469363E-007                  1.4412977123833539E-022                  0.0000000000000000E+000 
                                     594                  5.3235706103103198E-001                 -7.2059930526102841E-003                  6.3355062219584708E+000                 -2.9739161307893353E-001                  1.4160284558750510E+001                  6.9999999999903484E-001                  2.8000000000096531E-001                  1.9999999999999796E-002                  9.0496308915749483E-007                  1.8644502967849714E-022                  0.0000000000000000E+000 
                                     595                  5.2726118502912667E-001                 -9.3903074247764610E-003                  6.3386107070342863E+000                 -2.9268185342174891E-001                  1.4168129264249762E+001                  6.9999999999903484E-001                  2.8000000000096531E-001                  1.9999999999999796E-002                  9.6878913509502039E-007                  2.4105525964041530E-022                  0.0000000000000000E+000 
                                     596                  5.2212581693335181E-001                 -1.1601113712097261E-002                  6.3417159435609358E+000                 -2.8797118892946422E-001                  1.4175975483314671E+001                  6.9999999999903484E-001                  2.8000000000096531E-001                  1.9999999999999796E-002                  1.0369811064356238E-006                  3.1149520608142094E-022                  0.0000000000000000E+000 
                                     597                  5.1695103216597738E-001                 -1.3838977454978056E-002                  6.3448219268752064E+000                 -2.8325962825133383E-001                  1.4183823203477953E+001                  6.9999999999903484E-001                  2.8000000000096531E-001                  1.9999999999999796E-002                  1.1098280036677823E-006                  4.0230491488720713E-022                  0.0000000000000000E+000 
                                     598                  5.1173691943544186E-001                 -1.6104483114339922E-002                  6.3479286521848648E+000                 -2.7854718002545348E-001                  1.4191672412269078E+001                  6.9999999999903484E-001                  2.8000000000096531E-001                  1.9999999999999796E-002                  1.1876372891933598E-006                  5.1931250630812013E-022                  0.0000000000000000E+000 
                                     599                  5.0648358120508385E-001                 -1.8398234927874020E-002                  6.3510361145694842E+000                 -2.7383385275842254E-001                  1.4199523097217993E+001                  6.9999999999903484E-001                  2.8000000000096531E-001                  1.9999999999999796E-002                  1.2707360220064268E-006                  6.6999559657926654E-022                  0.0000000000000000E+000 
                                     600                  5.0119113417769579E-001                 -2.0720857814745940E-002                  6.3541443089833098E+000                 -2.6911965481960548E-001                  1.4207375245860099E+001                  6.9999999999903484E-001                  2.8000000000096531E-001                  1.9999999999999796E-002                  1.3594720589668902E-006                  8.6394299404855367E-022                  0.0000000000000000E+000 
                                     601                  4.9585970979581845E-001                 -2.3072998333070995E-002                  6.3572532302586069E+000                 -2.6440459443883019E-001                  1.4215228845742281E+001                  6.9999999999903484E-001                  2.8000000000096531E-001                  1.9999999999999796E-002                  1.4542153266386159E-006                  1.1134441755459051E-021                  0.0000000000000000E+000 
                                     602                  4.9048945475940936E-001                 -2.5455325693468995E-002                  6.3603628731089747E+000                 -2.5968867970405768E-001                  1.4223083884429073E+001                  6.9999999999903484E-001                  2.8000000000096531E-001                  1.9999999999999796E-002                  1.5553591675500939E-006                  1.4342414722531484E-021                  0.0000000000000000E+000 
                                     603                  4.8508053156223402E-001                 -2.7868532832425137E-002                  6.3634732321327157E+000                 -2.5497191861909296E-001                  1.4230940349508590E+001                  6.9999999999903484E-001                  2.8000000000096531E-001                  1.9999999999999796E-002                  1.6633217648887542E-006                  1.8464893786561715E-021                  0.0000000000000000E+000 
                                     604                  4.7963311904736367E-001                 -3.0313337550332380E-002                  6.3665843018165758E+000                 -2.5025431920857710E-001                  1.4238798228598984E+001                  6.9999999999903484E-001                  2.8000000000096531E-001                  1.9999999999999796E-002                  1.7785476499495366E-006                  2.3759773542490001E-021                  0.0000000000000000E+000 
                                     605                  4.7414741298262325E-001                 -3.2790483719188850E-002                  6.3696960765395687E+000                 -2.4553588937161491E-001                  1.4246657509355281E+001                  6.9999999999903473E-001                  2.8000000000096537E-001                  1.9999999999999907E-002                  1.9015092981895469E-006                  3.0556876796074113E-021                  0.0000000000000000E+000 
                                     606                  4.6862362665699508E-001                 -3.5300742563602910E-002                  6.3728085505767931E+000                 -2.4081663684840637E-001                  1.4254518179476783E+001                  6.9999999999903473E-001                  2.8000000000096537E-001                  1.9999999999999907E-002                  2.0327088174235251E-006                  3.9277790535628907E-021                  0.0000000000000000E+000 
                                     607                  4.6306199149841015E-001                 -3.7844914021503716E-002                  6.3759217181036929E+000                 -2.3609656921622696E-001                  1.4262380226715955E+001                  6.9999999999903473E-001                  2.8000000000096537E-001                  1.9999999999999907E-002                  2.1726797334880409E-006                  5.0461108920434447E-021                  0.0000000000000000E+000 
                                     608                  4.5746275771361117E-001                 -4.0423828190890167E-002                  6.3790355732004125E+000                 -2.3137569388512849E-001                  1.4270243638887569E+001                  6.9999999999903473E-001                  2.8000000000096537E-001                  1.9999999999999907E-002                  2.3219888789327587E-006                  6.4794540423765410E-021                  0.0000000000000000E+000 
                                     609                  4.5182619495309156E-001                 -4.3038346868334555E-002                  6.3821501098553828E+000                 -2.2665401810701283E-001                  1.4278108403877035E+001                  6.9999999999903473E-001                  2.8000000000096537E-001                  1.9999999999999907E-002                  2.4812383902753528E-006                  8.3155723845261379E-021                  0.0000000000000000E+000 
                                     610                  4.4615259300188942E-001                 -4.5689365186614053E-002                  6.3852653219641908E+000                 -2.2193154909454890E-001                  1.4285974509648508E+001                  6.9999999999903473E-001                  2.8000000000096537E-001                  1.9999999999999907E-002                  2.6510678189585392E-006                  1.0666408795836010E-020                  0.0000000000000000E+000 
                                     611                  4.4044226249740587E-001                 -4.8377813360004511E-002                  6.3883812033260581E+000                 -2.1720829395051222E-001                  1.4293841944252893E+001                  6.9999999999903473E-001                  2.8000000000096537E-001                  1.9999999999999907E-002                  2.8321563637568366E-006                  1.3674670456603402E-020                  0.0000000000000000E+000 
                                     612                  4.3469553567568670E-001                 -5.1104658544588823E-002                  6.3914977476448636E+000                 -2.1248425957571895E-001                  1.4301710695835476E+001                  6.9999999999903473E-001                  2.8000000000096537E-001                  1.9999999999999907E-002                  3.0252252310145783E-006                  1.7522186821835303E-020                  0.0000000000000000E+000 
                                     613                  4.2891276714761445E-001                 -5.3870906822680538E-002                  6.3946149485330155E+000                 -2.0775945266428075E-001                  1.4309580752644024E+001                  6.9999999999903473E-001                  2.8000000000096537E-001                  1.9999999999999907E-002                  3.2310401288941749E-006                  2.2440511747135490E-020                  0.0000000000000000E+000 
                                     614                  4.2309433470604280E-001                 -5.6677605322344671E-002                  6.3977327995154454E+000                 -2.0303387970008838E-001                  1.4317452103036814E+001                  6.9999999999903473E-001                  2.8000000000096537E-001                  1.9999999999999907E-002                  3.4504139033100642E-006                  2.8724365421778248E-020                  0.0000000000000000E+000 
                                     615                  4.1724064016596690E-001                 -5.9525844482954948E-002                  6.4008512940334557E+000                 -1.9830754695385536E-001                  1.4325324735490746E+001                  6.9999999999903473E-001                  2.8000000000096537E-001                  1.9999999999999907E-002                  3.6842093229556949E-006                  3.6748666859642471E-020                  0.0000000000000000E+000 
                                     616                  4.1135211023990498E-001                 -6.2416760478904910E-002                  6.4039704254476018E+000                 -1.9358046054311104E-001                  1.4333198638608744E+001                  6.9999999999903473E-001                  2.8000000000096537E-001                  1.9999999999999907E-002                  3.9333420209322797E-006                  4.6990104712618654E-020                  0.0000000000000000E+000 
                                     617                  4.0542919745047773E-001                 -6.5351537815265856E-002                  6.4070901870391292E+000                 -1.8885262647917572E-001                  1.4341073801126701E+001                  6.9999999999903473E-001                  2.8000000000096537E-001                  1.9999999999999907E-002                  4.1987836019189940E-006                  6.0054441333228246E-020                  0.0000000000000000E+000 
                                     618                  3.9947238108229671E-001                 -6.8331412110207837E-002                  6.4102105720120566E+000                 -1.8412405055632083E-001                  1.4348950211919991E+001                  6.9999999999903473E-001                  2.8000000000096537E-001                  1.9999999999999907E-002                  4.4815649254554387E-006                  7.6711056162657978E-020                  0.0000000000000000E+000 
                                     619                  3.9348216817542814E-001                 -7.1357673079343598E-002                  6.4133315734964409E+000                 -1.7939473833722727E-001                  1.4356827860009190E+001                  6.9999999999903473E-001                  2.8000000000096537E-001                  1.9999999999999907E-002                  4.7827795723958280E-006                  9.7936623136905008E-020                  0.0000000000000000E+000 
                                     620                  3.8745909456307498E-001                 -7.4431667740484431E-002                  6.4164531845516111E+000                 -1.7466469515146138E-001                  1.4364706734565415E+001                  6.9999999999903473E-001                  2.8000000000096537E-001                  1.9999999999999907E-002                  5.1035875048026045E-006                  1.2497030722595266E-019                  0.0000000000000000E+000 
                                     621                  3.8140372595545008E-001                 -7.7554803859148730E-002                  6.4195753981694743E+000                 -1.6993392609382188E-001                  1.4372586824915855E+001                  6.9999999999903473E-001                  2.8000000000096537E-001                  1.9999999999999907E-002                  5.4452189299003718E-006                  1.5938348249321836E-019                  0.0000000000000000E+000 
                                     622                  3.7531665907218997E-001                 -8.0728553656971749E-002                  6.4226982072802468E+000                 -1.6520243603580337E-001                  1.4380468120549468E+001                  6.9999999999903462E-001                  2.8000000000096537E-001                  2.0000000000000018E-002                  5.8089783789893844E-006                  2.0316774668154086E-019                  0.0000000000000000E+000 
                                     623                  3.6919852282693300E-001                 -8.3954457807312394E-002                  6.4258216047725414E+000                 -1.6047022969575789E-001                  1.4388350611122267E+001                  6.9999999999903462E-001                  2.8000000000096542E-001                  2.0000000000000018E-002                  6.1962490131132846E-006                  2.5884597289733377E-019                  0.0000000000000000E+000 
                                     624                  3.6304997956740998E-001                 -8.7234129745477673E-002                  6.4289455835163798E+000                 -1.5573731161706234E-001                  1.4396234286462281E+001                  6.9999999999903462E-001                  2.8000000000096542E-001                  2.0000000000000018E-002                  6.6084971685264431E-006                  3.2961234997527350E-019                  0.0000000000000000E+000 
                                     625                  3.5687172637451686E-001                 -9.0569260323111633E-002                  6.4320701363714123E+000                 -1.5100368614809345E-001                  1.4404119136574007E+001                  6.9999999999903462E-001                  2.8000000000096542E-001                  2.0000000000000018E-002                  7.0472771520165675E-006                  4.1950889004838633E-019                  0.0000000000000000E+000 
                                     626                  3.5066449642442182E-001                 -9.3961622840107104E-002                  6.4351952561894050E+000                 -1.4626935744142644E-001                  1.4412005151642054E+001                  6.9999999999903462E-001                  2.8000000000096542E-001                  2.0000000000000018E-002                  7.5142362995047042E-006                  5.3364778509480224E-019                  0.0000000000000000E+000 
                                     627                  3.4442906041801696E-001                 -9.7413078491495858E-002                  6.4383209358168072E+000                 -1.4153432945295394E-001                  1.4419892322034997E+001                  6.9999999999903462E-001                  2.8000000000096542E-001                  2.0000000000000018E-002                  8.0111203122750285E-006                  6.7849136937813323E-019                  0.0000000000000000E+000 
                                     628                  3.3816622808041730E-001                 -1.0092558227209980E-001                  6.4414471680982981E+000                 -1.3679860594092874E-001                  1.4427780638310148E+001                  6.9999999999903462E-001                  2.8000000000096542E-001                  2.0000000000000018E-002                  8.5397788851353731E-006                  8.6220441297459947E-019                  0.0000000000000000E+000 
                                     629                  3.3187684973595943E-001                 -1.0450118938546382E-001                  6.4445739458976607E+000                 -1.3206219047899723E-001                  1.4435670091218656E+001                  6.9999999999903462E-001                  2.8000000000096542E-001                  2.0000000000000018E-002                  9.1021716444750312E-006                  1.0950972164303330E-018                  0.0000000000000000E+000 
                                     630                  3.2556181796426537E-001                 -1.0814206220960160E-001                  6.4477012621370084E+000                 -1.2732508649178612E-001                  1.4443560671710761E+001                  6.9999999999903473E-001                  2.8000000000096542E-001                  1.9999999999999796E-002                  9.7003744132373324E-006                  1.3901826273440185E-018                  0.0000000000000000E+000 
                                     631                  3.1922206934305436E-001                 -1.1185047787883615E-001                  6.4508291098198995E+000                 -1.2258729727753406E-001                  1.4451452370941322E+001                  6.9999999999903473E-001                  2.8000000000096542E-001                  1.9999999999999796E-002                  1.0336585815414685E-005                  1.7638758849415621E-018                  0.0000000000000000E+000 
                                     632                  3.1285858628396562E-001                 -1.1562883654813581E-001                  6.4539574820354426E+000                 -1.1784882600710213E-001                  1.4459345180275307E+001                  6.9999999999903473E-001                  2.8000000000096542E-001                  1.9999999999999796E-002                  1.1013134236329273E-005                  2.2368734227652001E-018                  0.0000000000000000E+000 
                                     633                  3.0647239896877493E-001                 -1.1947967041449739E-001                  6.4570863719616236E+000                 -1.1310967572172405E-001                  1.4467239091293575E+001                  6.9999999999903473E-001                  2.8000000000096542E-001                  1.9999999999999796E-002                  1.1732485159728647E-005                  2.8352558537044822E-018                  0.0000000000000000E+000 
                                     634                  3.0006458739226688E-001                 -1.2340565358089198E-001                  6.4602157728692173E+000                 -1.0836984932975065E-001                  1.4475134095800227E+001                  6.9999999999903473E-001                  2.8000000000096542E-001                  1.9999999999999796E-002                  1.2497248901427832E-005                  3.5918716300854191E-018                  0.0000000000000000E+000 
                                     635                  2.9363628351970322E-001                 -1.2740961285915611E-001                  6.4633456781341625E+000                 -1.0362934959016928E-001                  1.4483030185831105E+001                  6.9999999999903473E-001                  2.8000000000096542E-001                  1.9999999999999796E-002                  1.3310188761504145E-005                  4.5480718409806663E-018                  0.0000000000000000E+000 
                                     636                  2.8718867356831917E-001                 -1.3149453962073257E-001                  6.4664760812762436E+000                 -9.8888179096097234E-002                  1.4490927353663487E+001                  6.9999999999903462E-001                  2.8000000000096548E-001                  1.9999999999999907E-002                  1.4174229620878967E-005                  5.7558840799216265E-018                  0.0000000000000000E+000 
                                     637                  2.8072300042275405E-001                 -1.3566360281958401E-001                  6.4696069759957666E+000                 -9.4146340355635627E-002                  1.4498825591827103E+001                  6.9999999999903462E-001                  2.8000000000096548E-001                  1.9999999999999907E-002                  1.5092466997799998E-005                  7.2807351877269953E-018                  0.0000000000000000E+000 
                                     638                  2.7424056619526299E-001                 -1.3992016333034463E-001                  6.4727383561850154E+000                 -8.9403835804482246E-002                  1.4506724893116505E+001                  6.9999999999903462E-001                  2.8000000000096548E-001                  1.9999999999999907E-002                  1.6068176586857766E-005                  9.2048597586755134E-018                  0.0000000000000000E+000 
                                     639                  2.6774273494298378E-001                 -1.4426778976342158E-001                  6.4758702159351378E+000                 -8.4660667798829012E-002                  1.4514625250605121E+001                  6.9999999999903462E-001                  2.8000000000096548E-001                  1.9999999999999907E-002                  1.7104824306787187E-005                  1.1631564702301962E-017                  0.0000000000000000E+000 
                                     640                  2.6123093555545468E-001                 -1.4871027594342609E-001                  6.4790025495439227E+000                 -7.9916838606909110E-002                  1.4522526657661430E+001                  6.9999999999903462E-001                  2.8000000000096548E-001                  1.9999999999999907E-002                  1.8206076883875150E-005                  1.4690562090318322E-017                  0.0000000000000000E+000 
                                     641                  2.5470666482673393E-001                 -1.5325166026570763E-001                  6.4821353515260496E+000                 -7.5172350391020465E-002                  1.4530429107967894E+001                  6.9999999999903462E-001                  2.8000000000096548E-001                  1.9999999999999907E-002                  1.9375813000005086E-005                  1.8544634673720799E-017                  0.0000000000000000E+000 
                                     642                  2.4817149072883499E-001                 -1.5789624717823947E-001                  6.4852686166399138E+000                 -7.0427205118451061E-002                  1.4538332595542695E+001                  6.9999999999903462E-001                  2.8000000000096548E-001                  1.9999999999999907E-002                  2.0618135042383866E-005                  2.3397963046661701E-017                  0.0000000000000000E+000 
                                     643                  2.4162705590489059E-001                 -1.6264863107444461E-001                  6.4884023399236703E+000                 -6.5681404612074321E-002                  1.4546237114764638E+001                  6.9999999999903462E-001                  2.8000000000096548E-001                  1.9999999999999907E-002                  2.1937381474014148E-005                  2.9506522615384523E-017                  0.0000000000000000E+000 
                                     644                  2.3507508140263197E-001                 -1.6751372293081773E-001                  6.4915365167171624E+000                 -6.0934950607018465E-002                  1.4554142660401842E+001                  6.9999999999903462E-001                  2.8000000000096548E-001                  1.9999999999999907E-002                  2.3338139854804545E-005                  3.7191058514182716E-017                  0.0000000000000000E+000 
                                     645                  2.2851737067120434E-001                 -1.7249678007675104E-001                  6.4946711426758394E+000                 -5.6187844732474117E-002                  1.4562049227644700E+001                  6.9999999999903462E-001                  2.8000000000096548E-001                  1.9999999999999907E-002                  2.4825260552250260E-005                  4.6853269864137564E-017                  0.0000000000000000E+000 
                                     646                  2.2195581384725954E-001                 -1.7760343954826655E-001                  6.4978062137864345E+000                 -5.1440088489305077E-002                  1.4569956812143886E+001                  6.9999999999903462E-001                  2.8000000000096548E-001                  1.9999999999999907E-002                  2.6403871176862699E-005                  5.8995987151627541E-017                  0.0000000000000000E+000 
                                     647                  2.1539239235974911E-001                 -1.8283975555607951E-001                  6.5009417263847613E+000                 -4.6691683223356664E-002                  1.4577865410053926E+001                  6.9999999999903451E-001                  2.8000000000096553E-001                  2.0000000000000018E-002                  2.8079391777731096E-005                  7.4248313334032049E-017                  0.0000000000000000E+000 
                                     648                  2.0882918388643829E-001                 -1.8821224169256723E-001                  6.5040776771730142E+000                 -4.1942630021052425E-002                  1.4585775018083432E+001                  6.9999999999903451E-001                  2.8000000000096553E-001                  2.0000000000000018E-002                  2.9857550843029704E-005                  9.3396935480470818E-017                  0.0000000000000000E+000 
                                     649                  2.0226836769962103E-001                 -1.9372791861473196E-001                  6.5072140632343043E+000                 -3.7192929615618257E-002                  1.4593685633553140E+001                  6.9999999999903451E-001                  2.8000000000096553E-001                  2.0000000000000018E-002                  3.1744402141118622E-005                  1.1742510282470428E-016                  0.0000000000000000E+000 
                                     650                  1.9571223044376856E-001                 -1.9939436807888469E-001                  6.5103508820520064E+000                 -3.2442582449893634E-002                  1.4601597254462831E+001                  6.9999999999903451E-001                  2.8000000000096553E-001                  2.0000000000000018E-002                  3.3746342435837680E-005                  1.4756112259195423E-016                  0.0000000000000000E+000 
                                     651                  1.8916317239384889E-001                 -2.0521979437261756E-001                  6.5134881315378683E+000                 -2.7691588638173642E-002                  1.4609509879569432E+001                  6.9999999999903462E-001                  2.8000000000096553E-001                  1.9999999999999796E-002                  3.5870130139391621E-005                  1.8533866513936812E-016                  0.0000000000000000E+000 
                                     652                  1.8262371424958429E-001                 -2.1121309439283989E-001                  6.5166258100654249E+000                 -2.2939947908774856E-002                  1.4617423508477881E+001                  6.9999999999903462E-001                  2.8000000000096553E-001                  1.9999999999999796E-002                  3.8122904947992503E-005                  2.3267172068178031E-016                  0.0000000000000000E+000 
                                     653                  1.7609650453094666E-001                 -2.1738393787134064E-001                  6.5197639165088033E+000                 -1.8187659537745638E-002                  1.4625338141746374E+001                  6.9999999999903462E-001                  2.8000000000096553E-001                  1.9999999999999796E-002                  4.0512208511653813E-005                  2.9194772389985370E-016                  0.0000000000000000E+000 
                                     654                  1.6958432764961368E-001                 -2.2374285956378398E-001                  6.5229024502811397E+000                 -1.3434722247027365E-002                  1.4633253781008637E+001                  6.9999999999903462E-001                  2.8000000000096553E-001                  1.9999999999999796E-002                  4.3046006188651738E-005                  3.6614318447996508E-016                  0.0000000000000000E+000 
                                     655                  1.6309011274219415E-001                 -2.3030136560909800E-001                  6.5260414113460561E+000                 -8.6811340013626861E-003                  1.4641170429116990E+001                  6.9999999999903462E-001                  2.8000000000096553E-001                  1.9999999999999796E-002                  4.5732709930938494E-005                  4.5896719385213082E-016                  0.0000000000000000E+000 
                                     656                  1.5661694336559612E-001                 -2.3707205675518983E-001                  6.5291808002335854E+000                 -3.9268919201075198E-003                  1.4649088090310357E+001                  6.9999999999903451E-001                  2.8000000000096559E-001                  1.9999999999999907E-002                  4.8581202357254388E-005                  5.7503944902844026E-016                  0.0000000000000000E+000 
                                     657                  1.5016806817211886E-001                 -2.4406877176863637E-001                  6.5323206181012656E+000                  8.2800783160119097E-004                  1.4657006770412934E+001                  6.9999999999903451E-001                  2.8000000000096559E-001                  1.9999999999999907E-002                  5.1600862120045499E-005                  7.2011099159472512E-016                  0.0000000000000000E+000 
                                     658                  1.4374691270130840E-001                 -2.5130675513213341E-001                  6.5354608668203440E+000                  5.5835701935214839E-003                  1.4664926477071175E+001                  6.9999999999903451E-001                  2.8000000000096559E-001                  1.9999999999999907E-002                  5.4801590628419659E-005                  9.0133775797369163E-016                  0.0000000000000000E+000 
                                     659                  1.3735709245218825E-001                 -2.5880285413911391E-001                  6.5386015490790825E+000                  1.0339801388082501E-002                  1.4672847220035404E+001                  6.9999999999903451E-001                  2.8000000000096559E-001                  1.9999999999999907E-002                  5.8193840202799259E-005                  1.1276194348994753E-015                  0.0000000000000000E+000 
                                     660                  1.3100242743258866E-001                 -2.6657575179254506E-001                  6.5417426685050151E+000                  1.5096709133099422E-002                  1.4680769011496070E+001                  6.9999999999903451E-001                  2.8000000000096559E-001                  1.9999999999999907E-002                  6.1788643749008417E-005                  1.4100190287545458E-015                  0.0000000000000000E+000 
                                     661                  1.2468695841729810E-001                 -2.7464624361031625E-001                  6.5448842297822898E+000                  1.9854302919908737E-002                  1.4688691866488247E+001                  6.9999999999903451E-001                  2.8000000000096559E-001                  1.9999999999999907E-002                  6.5597646020284240E-005                  1.7622821025309487E-015                  0.0000000000000000E+000 
                                     662                  1.1841496519472844E-001                 -2.8303756866185092E-001                  6.5480262387769050E+000                  2.4612594375929747E-002                  1.4696615803382391E+001                  6.9999999999903451E-001                  2.8000000000096559E-001                  1.9999999999999907E-002                  6.9633136574136836E-005                  2.2014790508147858E-015                  0.0000000000000000E+000 
                                     663                  1.1219098714121228E-001                 -2.9177580810908232E-001                  6.5511687027340137E+000                  2.9371597671549010E-002                  1.4704540844484226E+001                  6.9999999999903439E-001                  2.8000000000096559E-001                  2.0000000000000018E-002                  7.3908084597310681E-005                  2.7487992639222414E-015                  0.0000000000000000E+000 
                                     664                  1.0601984653656021E-001                 -3.0089036847942496E-001                  6.5543116305559153E+000                  3.4131329981095325E-002                  1.4712467016775429E+001                  6.9999999999903439E-001                  2.8000000000096564E-001                  2.0000000000000018E-002                  7.8436175749355748E-005                  3.4305326941439231E-015                  0.0000000000000000E+000 
                                     665                  9.9906675129009692E-002                 -3.1041457225891145E-001                  6.5574550331504744E+000                  3.8891812054234261E-002                  1.4720394352835877E+001                  6.9999999999903439E-001                  2.8000000000096564E-001                  2.0000000000000018E-002                  8.3231851175136548E-005                  4.2792824241762177E-015                  0.0000000000000000E+000 
                                     666                  9.3856944583419588E-002                 -3.2038638574222750E-001                  6.5605989238697626E+000                  4.3653068931853334E-002                  1.4728322892001382E+001                  6.9999999999903439E-001                  2.8000000000096564E-001                  2.0000000000000018E-002                  8.8310348900594369E-005                  5.3354620892617032E-015                  0.0000000000000000E+000 
                                     667                  8.7876501605413548E-002                 -3.3084932430037189E-001                  6.5637433190613850E+000                  4.8415130822999496E-002                  1.4736252681832356E+001                  6.9999999999903451E-001                  2.8000000000096564E-001                  1.9999999999999796E-002                  9.3687747858808788E-005                  6.6491444505126166E-015                  0.0000000000000000E+000 
                                     668                  8.1971608744081326E-002                 -3.4185358964703583E-001                  6.5668882387653991E+000                  5.3178034238607237E-002                  1.4744183779998853E+001                  6.9999999999903451E-001                  2.8000000000096564E-001                  1.9999999999999796E-002                  9.9381014863116532E-005                  8.2823425413800316E-015                  0.0000000000000000E+000 
                                     669                  7.6148992156165829E-002                 -3.5345751434252587E-001                  6.5700337076341357E+000                  5.7941823585630770E-002                  1.4752116256730794E+001                  6.9999999999903451E-001                  2.8000000000096564E-001                  1.9999999999999796E-002                  1.0540805501110761E-004                  1.0311823690027418E-014                  0.0000000000000000E+000 
                                     670                  7.0415897993402587E-002                 -3.6572941888070704E-001                  6.5731797561666356E+000                  6.2706553164471143E-002                  1.4760050198046752E+001                  6.9999999999903451E-001                  2.8000000000096564E-001                  1.9999999999999796E-002                  1.1178776609111792E-004                  1.2832580260627343E-014                  0.0000000000000000E+000 
                                     671                  6.4780159594900188E-002                 -3.7875003143163855E-001                  6.5763264223656535E+000                  6.7472289823389806E-002                  1.4767985710076733E+001                  6.9999999999903439E-001                  2.8000000000096570E-001                  1.9999999999999907E-002                  1.1854009780036577E-004                  1.5962109659922491E-014                  0.0000000000000000E+000 
                                     672                  5.9250278386205502E-002                 -3.9261568816347836E-001                  6.5794737539971431E+000                  7.2239116572915985E-002                  1.4775922924951487E+001                  6.9999999999903439E-001                  2.8000000000096570E-001                  1.9999999999999907E-002                  1.2568611693561553E-004                  1.9845691400945483E-014                  0.0000000000000000E+000 
                                     673                  5.3835522419264981E-002                 -4.0744263740260195E-001                  6.5826218117315127E+000                  7.7007137586497992E-002                  1.4783862008977090E+001                  6.9999999999903439E-001                  2.8000000000096570E-001                  1.9999999999999907E-002                  1.3324808029258658E-004                  2.4662894427721761E-014                  0.0000000000000000E+000 
                                     674                  4.8546047982890472E-002                 -4.2337293879256077E-001                  6.5857706736164010E+000                  8.1776485222951195E-002                  1.4791803174224071E+001                  6.9999999999903439E-001                  2.8000000000096570E-001                  1.9999999999999907E-002                  1.4124951793314204E-004                  3.0635604258703765E-014                  0.0000000000000000E+000 
                                     675                  4.3393051930452016E-002                 -4.4058272428937234E-001                  6.5889204415747740E+000                  8.6547330360828081E-002                  1.4799746695361840E+001                  6.9999999999903439E-001                  2.8000000000096570E-001                  1.9999999999999907E-002                  1.4971533104436507E-004                  3.8037930266275134E-014                  0.0000000000000000E+000 
                                     676                  3.8388965755578319E-002                 -4.5929405596090872E-001                  6.5920198485191417E+000                  9.1372109866422718E-002                  1.4807692934803780E+001                  6.9999999999036522E-001                  2.8000000000963482E-001                  2.0000000000000018E-002                  1.5856976858908819E-004                  4.7057813142988258E-014                  0.0000000000000000E+000 
                                     677                  3.3547707771310609E-002                 -4.7978979479507616E-001                  6.5950689301462724E+000                  9.6251077827005788E-002                  1.4815642189452522E+001                  6.9999999998980278E-001                  2.8000000001019720E-001                  2.0000000000000018E-002                  1.6782338056554186E-004                  5.8007346640878938E-014                  0.0000000000000000E+000 
                                     678                  2.8885018417884104E-002                 -5.0244166019917236E-001                  6.5980745110372307E+000                  1.0117749498228962E-001                  1.4823594658089897E+001                  6.9999999998921458E-001                  2.8000000001078540E-001                  2.0000000000000018E-002                  1.7750156800769092E-004                  7.1279512834742418E-014                  0.0000000000000000E+000 
                                     679                  2.4418918454681637E-002                 -5.2775230552593300E-001                  6.6010417422874017E+000                  1.0614619959419160E-001                  1.4831550416436576E+001                  6.9999999998859896E-001                  2.8000000001140118E-001                  1.9999999999999796E-002                  1.8762886325968841E-004                  8.7342179944040727E-014                  0.0000000000000000E+000 
                                     680                  2.0170356095812358E-002                 -5.5642485030658861E-001                  6.6052936603362582E+000                  1.1337774586190297E-001                  1.4843061856910314E+001                  6.9999999998765416E-001                  2.8000000001234582E-001                  2.0000000000000018E-002                  2.0317035780640521E-004                  1.1681020064935079E-013                  0.0000000000000000E+000 
                                     681                  1.2430508852543987E-002                 -6.2856334669644109E-001                  6.6109931590857212E+000                  1.2349363026010192E-001                  1.4858913248416886E+001                  6.9999999998625506E-001                  2.8000000001374498E-001                  2.0000000000000018E-002                  2.2618401806550500E-004                  1.7240883252668098E-013                  0.0000000000000000E+000 
                                     682                  5.9450121676047352E-003                 -7.3749473090669537E-001                  6.6154860699711060E+000                  1.3179209335215844E-001                  1.4871731877129911E+001                  6.9999999998503448E-001                  2.8000000001496567E-001                  1.9999999999999796E-002                  2.4626512325371796E-004                  2.3425891394592088E-013                  0.0000000000000000E+000 
                                     683                  3.3151401066622839E-003                 -8.2311050631086635E-001                  6.6179656286699604E+000                  1.3642929634866552E-001                  1.4878863471963196E+001                  6.9999999998431450E-001                  2.8000000001568537E-001                  2.0000000000000129E-002                  2.5810823781064797E-004                  2.7736167710274906E-013                  0.0000000000000000E+000 
                                     684                  1.7156846276579765E-003                 -9.1926395032719666E-001                  6.6197379020013587E+000                  1.3978256586496349E-001                  1.4883999481996016E+001                  6.9999999998377793E-001                  2.8000000001622216E-001                  1.9999999999999907E-002                  2.6693237020550958E-004                  3.1292064363965642E-013                  0.0000000000000000E+000 
                                     685                  8.5311415020544734E-004                 -1.0209479718906518E+000                  6.6208583487195876E+000                  1.4191831436901889E-001                  1.4887262239996195E+001                  6.9999999998342943E-001                  2.8000000001657077E-001                  1.9999999999999796E-002                  2.7267066871832987E-004                  3.3770401352230442E-013                  0.0000000000000000E+000 
                                     686                  4.7075807496960165E-004                 -1.1073119162413863E+000                  6.6215270349165731E+000                  1.4319715935236682E-001                  1.4889213672991191E+001                  6.9999999998321738E-001                  2.8000000001678260E-001                  2.0000000000000018E-002                  2.7615460483068806E-004                  3.5341359209278737E-013                  0.0000000000000000E+000 
                                     687                  2.4037935970228078E-004                 -1.2048321419733388E+000                  6.6219970761744440E+000                  1.4409884526785507E-001                  1.4890588133452406E+001                  6.9999999998306695E-001                  2.8000000001693326E-001                  1.9999999999999796E-002                  2.7863105315167441E-004                  3.6488940943186451E-013                  0.0000000000000000E+000 
                                     688                  1.2519000206862030E-004                 -1.2994115907531916E+000                  6.6222884821196981E+000                  1.4465880671868570E-001                  1.4891441192070946E+001                  6.9999999998297280E-001                  2.8000000001702718E-001                  2.0000000000000018E-002                  2.8017772843279748E-004                  3.7218912540014226E-013                  0.0000000000000000E+000 
                                     689                  6.7595323251790074E-005                 -1.3887136355162499E+000                  6.6224671465373763E+000                  1.4500248514546926E-001                  1.4891964570580448E+001                  6.9999999998291507E-001                  2.8000000001708497E-001                  2.0000000000000018E-002                  2.8113034666179339E-004                  3.7673624881695918E-013                  0.0000000000000000E+000 
                                     690                  3.8797983843374961E-005                 -1.4691338769451332E+000                  6.6225745411803150E+000                  1.4520920000289070E-001                  1.4892279302163686E+001                  6.9999999998288009E-001                  2.8000000001712005E-001                  1.9999999999999796E-002                  2.8170455333621964E-004                  3.7949603378068672E-013                  0.0000000000000000E+000 
                                     691                  2.4399314139167405E-005                 -1.5363078045495111E+000                  6.6226371825767698E+000                  1.4532981817349400E-001                  1.4892462924424912E+001                  6.9999999998285967E-001                  2.8000000001714048E-001                  1.9999999999999796E-002                  2.8204003053107631E-004                  3.8111503471823412E-013                  0.0000000000000000E+000 
                                     692                  1.7199979287063627E-005                 -1.5869414650183464E+000                  6.6226840903974438E+000                  1.4542015646427436E-001                  1.4892600442077660E+001                  6.9999999998284446E-001                  2.8000000001715580E-001                  1.9999999999999796E-002                  2.8229150925166124E-004                  3.8233187993875846E-013                  0.0000000000000000E+000 
                                     693                  1.0000644435015360E-005                 -1.6654614731433539E+000                  6.6227316922464246E+000                  1.4551185981375897E-001                  1.4892740022738552E+001                  6.9999999998282902E-001                  2.8000000001717118E-001                  1.9999999999999796E-002                  2.8254694891554846E-004                  3.8357068535849669E-013                  0.0000000000000000E+000 
                                     694                  5.0003222175076800E-006                 -1.7658220861463232E+000                  6.6227685545865826E+000                  1.4558289163596524E-001                  1.4892848130155430E+001                  6.9999999998281692E-001                  2.8000000001718323E-001                  1.9999999999999796E-002                  2.8274492364349283E-004                  3.8453274678217341E-013                  0.0000000000000000E+000 
                                     695                  2.5001611088093512E-006                 -1.8661763017425197E+000                  6.6227917719823965E+000                  1.4562763636135434E-001                  1.4892916226572241E+001                  6.9999999998280926E-001                  2.8000000001719072E-001                  2.0000000000000018E-002                  2.8286968888476433E-004                  3.8513992265448976E-013                  0.0000000000000000E+000 
                                     696                  1.2500805544046756E-006                 -1.9665264856509925E+000                  6.6228063962692403E+000                  1.4565582277216155E-001                  1.4892959121852435E+001                  6.9999999998280471E-001                  2.8000000001719555E-001                  1.9999999999999796E-002                  2.8294830549706058E-004                  3.8552286260565702E-013                  0.0000000000000000E+000 
                                     697                  6.2504027720233779E-007                 -2.0668741259135865E+000                  6.6228156082943643E+000                  1.4567357870108311E-001                  1.4892986143082837E+001                  6.9999999998280149E-001                  2.8000000001719860E-001                  1.9999999999999907E-002                  2.8299783856657935E-004                  3.8576427562205831E-013                  0.0000000000000000E+000 
                                     698                  3.1252013860116890E-007                 -2.1672201558298725E+000                  6.6228214112274761E+000                  1.4568476407725939E-001                  1.4893003164951194E+001                  6.9999999998279971E-001                  2.8000000001720049E-001                  1.9999999999999796E-002                  2.8302904549538157E-004                  3.8591642611234789E-013                  0.0000000000000000E+000 
                                     699                  1.5626006927282887E-007                 -2.2675651553103671E+000                  6.6228250667330144E+000                  1.4569181035931697E-001                  1.4893013887878492E+001                  6.9999999998279827E-001                  2.8000000001720171E-001                  2.0000000000000018E-002                  2.8304870582847590E-004                  3.8601230257057543E-013                  0.0000000000000000E+000 
                                     700                  7.8130034608658860E-008                 -2.3679094736101889E+000                  6.6228281370984101E+000                  1.4569772881011434E-001                  1.4893022894450281E+001                  6.9999999998279727E-001                  2.8000000001720271E-001                  2.0000000000000018E-002                  2.8306522018194217E-004                  3.8609285027408300E-013                  0.0000000000000000E+000 
